job_id=69124
node_list=blade4
cpus_per_task=4
cuda_visible_devices=<unset>
Tue Jul  7 08:37:49 PM CEST 2026
=== CPU info ===
CPU(s):                                  64
On-line CPU(s) list:                     0-63
Model name:                              AMD EPYC 7742 64-Core Processor
Thread(s) per core:                      1
Core(s) per socket:                      64
Socket(s):                               1
NUMA node0 CPU(s):                       0-63
=== gantry_interconnect_dynamic CPU ===
Gym has been unmaintained since 2022 and does not support NumPy 2.0 amongst other critical functionality.
Please upgrade to Gymnasium, the maintained drop-in replacement of Gym, or contact the authors of your software and request that they upgrade.
Users of this version of Gym should be able to simply replace 'import gym' with 'import gymnasium as gym' in the vast majority of cases.
See the migration guide at https://gymnasium.farama.org/introduction/migration_guide/ for additional information.
Data dir (augmentation): /dataB1/dirk_van_den_berg/repos/LPV-LFR-Baseline-Augmentation/scripts/gantry/../../data/gantry/matlab/trajectory/augmentation
Loaded val augmented GT: x_logical=(48000, 6)  delta_a std=2.186e-05 m  vdelta_a std=2.160e-02 m/s
Loaded 14 train, 4 val, 4 test trajectories
  T1: 48000 samples  (T1_standstill_Ym30.mat)
  T2: 48000 samples  (T2_standstill_Ym15.mat)
  T3: 48000 samples  (T3_standstill_Y000.mat)
  T4: 48000 samples  (T4_standstill_Yp15.mat)
  T5: 48000 samples  (T5_standstill_Yp30.mat)
  T6: 48000 samples  (T6_ysweep_slow.mat)
  T7: 48000 samples  (T7_ysweep_fast.mat)
  T8: 48000 samples  (T8_ysweep_xmix.mat)
  T9: 48000 samples  (T9_aprbs_30.mat)
  T10: 48000 samples  (T10_aprbs_60.mat)
  T11: 48000 samples  (T11_aprbs_100.mat)
  T12: 48000 samples  (T12_aprbs_yaw.mat)
  T13: 48000 samples  (T13_lissajous.mat)
  T14: 48000 samples  (T14_lissajous_yaw.mat)

Configuration:
  MODE:           augmentation
  ENCODER_INIT:   linear_map
  ANN_ACTIVATION: tanh
  JOINT_ESTIM:    False
  SNR (noise):    None (noiseless)
  save_dir:       /dataB1/dirk_van_den_berg/repos/LPV-LFR-Baseline-Augmentation/scripts/gantry/../../simulations/gantry_subnet/augmentation_linear_map
  NF_SECONDS:     0.1
  na_nb (samples): 17  (4.25 ms)
  Sampling rate:  4000 Hz (D=5)
  Dtype:          float32

Default hyperparameters (may be overridden by checkpoint):
  NX_ANN: 2
  n_nodes_per_layer: 16
  n_hidden_layers: 2
  up_sample: 2
  nf: 400
  na_nb: 17
  batch_size: 256
  lr: 0.0001
  epochs: 10
WARNING: baseline_states.npz not found, using finite-diff states for normalization

Training: nf=400  epochs=10  val=sim-RMS  NX_ANN=2
Model already initilized (init_model_done=True), skipping initilizing of the model, the norm and the creation of the optimizer
Size of the training array =  637.4 MB
N_training_samples = 66626, batch_size = 256, N_batch_updates_per_epoch = 260
(0,)
Initial Validation sim-RMS= 0.00016667714589857496

  0%|          | 0/2600 [00:00<?, ?it/s]
  0%|          | 1/2600 [00:05<4:01:48,  5.58s/it]
  0%|          | 2/2600 [00:11<3:58:20,  5.50s/it]
  0%|          | 3/2600 [00:16<3:54:32,  5.42s/it]
  0%|          | 4/2600 [00:21<3:55:49,  5.45s/it]
  0%|          | 5/2600 [00:27<3:53:07,  5.39s/it]
  0%|          | 6/2600 [00:32<3:53:55,  5.41s/it]
  0%|          | 7/2600 [00:37<3:52:28,  5.38s/it]
  0%|          | 8/2600 [00:43<3:53:13,  5.40s/it]
  0%|          | 9/2600 [00:48<3:53:54,  5.42s/it]
  0%|          | 10/2600 [00:54<3:52:23,  5.38s/it]
  0%|          | 11/2600 [00:59<3:53:12,  5.40s/it]
  0%|          | 12/2600 [01:04<3:51:56,  5.38s/it]
  0%|          | 13/2600 [01:10<3:53:25,  5.41s/it]
  1%|          | 14/2600 [01:15<3:51:19,  5.37s/it]
  1%|          | 15/2600 [01:21<3:52:10,  5.39s/it]
  1%|          | 16/2600 [01:26<3:53:02,  5.41s/it]
  1%|          | 17/2600 [01:31<3:52:15,  5.39s/it]
  1%|          | 18/2600 [01:37<3:52:47,  5.41s/it]
  1%|          | 19/2600 [01:42<3:51:26,  5.38s/it]
  1%|          | 20/2600 [01:48<3:51:40,  5.39s/it]
  1%|          | 21/2600 [01:53<3:51:16,  5.38s/it]
  1%|          | 22/2600 [01:58<3:51:26,  5.39s/it]
  1%|          | 23/2600 [02:04<3:50:27,  5.37s/it]
  1%|          | 24/2600 [02:09<3:52:05,  5.41s/it]
  1%|          | 25/2600 [02:14<3:50:07,  5.36s/it]
  1%|          | 26/2600 [02:20<3:51:43,  5.40s/it]
  1%|          | 27/2600 [02:25<3:51:47,  5.41s/it]
  1%|          | 28/2600 [02:31<3:51:13,  5.39s/it]
  1%|          | 29/2600 [02:36<3:51:46,  5.41s/it]
  1%|          | 30/2600 [02:41<3:50:26,  5.38s/it]
  1%|          | 31/2600 [02:47<3:50:40,  5.39s/it]
  1%|          | 32/2600 [02:52<3:49:39,  5.37s/it]
  1%|▏         | 33/2600 [02:58<3:50:38,  5.39s/it]
  1%|▏         | 34/2600 [03:03<3:49:34,  5.37s/it]
  1%|▏         | 35/2600 [03:08<3:50:32,  5.39s/it]
  1%|▏         | 36/2600 [03:14<3:50:09,  5.39s/it]
  1%|▏         | 37/2600 [03:19<3:50:07,  5.39s/it]
  1%|▏         | 38/2600 [03:25<3:50:58,  5.41s/it]
  2%|▏         | 39/2600 [03:30<3:50:26,  5.40s/it]
  2%|▏         | 40/2600 [03:35<3:50:21,  5.40s/it]
  2%|▏         | 41/2600 [03:41<3:49:14,  5.37s/it]
  2%|▏         | 42/2600 [03:46<3:50:45,  5.41s/it]
  2%|▏         | 43/2600 [03:51<3:48:45,  5.37s/it]
  2%|▏         | 44/2600 [03:57<3:50:22,  5.41s/it]
  2%|▏         | 45/2600 [04:02<3:48:26,  5.36s/it]
  2%|▏         | 46/2600 [04:08<3:50:03,  5.40s/it]
  2%|▏         | 47/2600 [04:13<3:48:56,  5.38s/it]
  2%|▏         | 48/2600 [04:18<3:49:38,  5.40s/it]
  2%|▏         | 49/2600 [04:24<3:50:14,  5.42s/it]
  2%|▏         | 50/2600 [04:29<3:48:25,  5.37s/it]
  2%|▏         | 51/2600 [04:35<3:49:20,  5.40s/it]
  2%|▏         | 52/2600 [04:40<3:48:46,  5.39s/it]
  2%|▏         | 53/2600 [04:45<3:48:49,  5.39s/it]
  2%|▏         | 54/2600 [04:51<3:47:54,  5.37s/it]
  2%|▏         | 55/2600 [04:56<3:48:52,  5.40s/it]
  2%|▏         | 56/2600 [05:02<3:47:47,  5.37s/it]
  2%|▏         | 57/2600 [05:07<3:48:40,  5.40s/it]
  2%|▏         | 58/2600 [05:12<3:47:42,  5.37s/it]
  2%|▏         | 59/2600 [05:18<3:48:31,  5.40s/it]
  2%|▏         | 60/2600 [05:23<3:49:49,  5.43s/it]
  2%|▏         | 61/2600 [05:29<3:47:52,  5.38s/it]
  2%|▏         | 62/2600 [05:34<3:49:16,  5.42s/it]
  2%|▏         | 63/2600 [05:39<3:47:16,  5.37s/it]
  2%|▏         | 64/2600 [05:45<3:48:07,  5.40s/it]
  2%|▎         | 65/2600 [05:50<3:47:04,  5.37s/it]
  3%|▎         | 66/2600 [05:56<3:48:00,  5.40s/it]
  3%|▎         | 67/2600 [06:01<3:47:31,  5.39s/it]
  3%|▎         | 68/2600 [06:06<3:48:15,  5.41s/it]
  3%|▎         | 69/2600 [06:12<3:47:02,  5.38s/it]
  3%|▎         | 70/2600 [06:17<3:47:45,  5.40s/it]
  3%|▎         | 71/2600 [06:23<3:47:42,  5.40s/it]
  3%|▎         | 72/2600 [06:28<3:46:39,  5.38s/it]
  3%|▎         | 73/2600 [06:33<3:47:30,  5.40s/it]
  3%|▎         | 74/2600 [06:39<3:47:02,  5.39s/it]
  3%|▎         | 75/2600 [06:44<3:46:58,  5.39s/it]
  3%|▎         | 76/2600 [06:49<3:45:54,  5.37s/it]
  3%|▎         | 77/2600 [06:55<3:46:50,  5.39s/it]
  3%|▎         | 78/2600 [07:00<3:45:49,  5.37s/it]
  3%|▎         | 79/2600 [07:06<3:46:41,  5.40s/it]
  3%|▎         | 80/2600 [07:11<3:45:39,  5.37s/it]
  3%|▎         | 81/2600 [07:16<3:46:27,  5.39s/it]
  3%|▎         | 82/2600 [07:22<3:47:48,  5.43s/it]
  3%|▎         | 83/2600 [07:27<3:45:59,  5.39s/it]
  3%|▎         | 84/2600 [07:33<3:47:24,  5.42s/it]
  3%|▎         | 85/2600 [07:38<3:45:20,  5.38s/it]
  3%|▎         | 86/2600 [07:43<3:46:15,  5.40s/it]
  3%|▎         | 87/2600 [07:49<3:45:07,  5.37s/it]
  3%|▎         | 88/2600 [07:54<3:45:57,  5.40s/it]
  3%|▎         | 89/2600 [08:00<3:45:30,  5.39s/it]
  3%|▎         | 90/2600 [08:05<3:45:33,  5.39s/it]
  4%|▎         | 91/2600 [08:10<3:44:33,  5.37s/it]
  4%|▎         | 92/2600 [08:16<3:46:00,  5.41s/it]
  4%|▎         | 93/2600 [08:21<3:45:55,  5.41s/it]
  4%|▎         | 94/2600 [08:26<3:44:55,  5.39s/it]
  4%|▎         | 95/2600 [08:32<3:46:15,  5.42s/it]
  4%|▎         | 96/2600 [08:37<3:44:53,  5.39s/it]
  4%|▎         | 97/2600 [08:43<3:45:34,  5.41s/it]
  4%|▍         | 98/2600 [08:48<3:44:24,  5.38s/it]
  4%|▍         | 99/2600 [08:54<3:45:11,  5.40s/it]
  4%|▍         | 100/2600 [08:59<3:43:28,  5.36s/it]
  4%|▍         | 101/2600 [09:04<3:45:11,  5.41s/it]
  4%|▍         | 102/2600 [09:10<3:44:00,  5.38s/it]
  4%|▍         | 103/2600 [09:15<3:44:10,  5.39s/it]
  4%|▍         | 104/2600 [09:21<3:45:33,  5.42s/it]
  4%|▍         | 105/2600 [09:26<3:43:47,  5.38s/it]
  4%|▍         | 106/2600 [09:31<3:44:33,  5.40s/it]
  4%|▍         | 107/2600 [09:37<3:43:20,  5.38s/it]
  4%|▍         | 108/2600 [09:42<3:44:48,  5.41s/it]
  4%|▍         | 109/2600 [09:47<3:43:30,  5.38s/it]
  4%|▍         | 110/2600 [09:53<3:44:14,  5.40s/it]
  4%|▍         | 111/2600 [09:58<3:42:25,  5.36s/it]
  4%|▍         | 112/2600 [10:04<3:44:00,  5.40s/it]
  4%|▍         | 113/2600 [10:09<3:42:50,  5.38s/it]
  4%|▍         | 114/2600 [10:14<3:43:37,  5.40s/it]
  4%|▍         | 115/2600 [10:20<3:44:15,  5.41s/it]
  4%|▍         | 116/2600 [10:25<3:43:10,  5.39s/it]
  4%|▍         | 117/2600 [10:31<3:43:59,  5.41s/it]
  5%|▍         | 118/2600 [10:36<3:42:04,  5.37s/it]
  5%|▍         | 119/2600 [10:41<3:43:03,  5.39s/it]
  5%|▍         | 120/2600 [10:47<3:42:03,  5.37s/it]
  5%|▍         | 121/2600 [10:52<3:42:56,  5.40s/it]
  5%|▍         | 122/2600 [10:57<3:41:50,  5.37s/it]
  5%|▍         | 123/2600 [11:03<3:42:43,  5.40s/it]
  5%|▍         | 124/2600 [11:08<3:41:38,  5.37s/it]
  5%|▍         | 125/2600 [11:14<3:42:32,  5.39s/it]
  5%|▍         | 126/2600 [11:19<3:43:47,  5.43s/it]
  5%|▍         | 127/2600 [11:24<3:41:57,  5.39s/it]
  5%|▍         | 128/2600 [11:30<3:42:58,  5.41s/it]
  5%|▍         | 129/2600 [11:35<3:41:44,  5.38s/it]
  5%|▌         | 130/2600 [11:41<3:42:31,  5.41s/it]
  5%|▌         | 131/2600 [11:46<3:41:56,  5.39s/it]
  5%|▌         | 132/2600 [11:51<3:42:33,  5.41s/it]
  5%|▌         | 133/2600 [11:57<3:40:41,  5.37s/it]
  5%|▌         | 134/2600 [12:02<3:41:36,  5.39s/it]
  5%|▌         | 135/2600 [12:08<3:40:37,  5.37s/it]
  5%|▌         | 136/2600 [12:13<3:42:04,  5.41s/it]
  5%|▌         | 137/2600 [12:18<3:41:56,  5.41s/it]
  5%|▌         | 138/2600 [12:24<3:40:47,  5.38s/it]
  5%|▌         | 139/2600 [12:29<3:42:26,  5.42s/it]
  5%|▌         | 140/2600 [12:35<3:40:25,  5.38s/it]
  5%|▌         | 141/2600 [12:40<3:41:18,  5.40s/it]
  5%|▌         | 142/2600 [12:45<3:40:11,  5.38s/it]
  6%|▌         | 143/2600 [12:51<3:41:06,  5.40s/it]
  6%|▌         | 144/2600 [12:56<3:40:02,  5.38s/it]
  6%|▌         | 145/2600 [13:02<3:41:38,  5.42s/it]
  6%|▌         | 146/2600 [13:07<3:39:40,  5.37s/it]
  6%|▌         | 147/2600 [13:12<3:41:13,  5.41s/it]
  6%|▌         | 148/2600 [13:18<3:41:38,  5.42s/it]
  6%|▌         | 149/2600 [13:23<3:39:39,  5.38s/it]
  6%|▌         | 150/2600 [13:29<3:40:44,  5.41s/it]
  6%|▌         | 151/2600 [13:34<3:39:43,  5.38s/it]
  6%|▌         | 152/2600 [13:39<3:40:29,  5.40s/it]
  6%|▌         | 153/2600 [13:45<3:39:20,  5.38s/it]
  6%|▌         | 154/2600 [13:50<3:40:09,  5.40s/it]
  6%|▌         | 155/2600 [13:55<3:39:07,  5.38s/it]
  6%|▌         | 156/2600 [14:01<3:39:53,  5.40s/it]
  6%|▌         | 157/2600 [14:06<3:38:47,  5.37s/it]
  6%|▌         | 158/2600 [14:12<3:39:40,  5.40s/it]
  6%|▌         | 159/2600 [14:17<3:40:51,  5.43s/it]
  6%|▌         | 160/2600 [14:22<3:38:55,  5.38s/it]
  6%|▌         | 161/2600 [14:28<3:40:28,  5.42s/it]
  6%|▌         | 162/2600 [14:33<3:38:30,  5.38s/it]
  6%|▋         | 163/2600 [14:39<3:39:21,  5.40s/it]
  6%|▋         | 164/2600 [14:44<3:38:20,  5.38s/it]
  6%|▋         | 165/2600 [14:49<3:39:15,  5.40s/it]
  6%|▋         | 166/2600 [14:55<3:38:07,  5.38s/it]
  6%|▋         | 167/2600 [15:00<3:38:52,  5.40s/it]
  6%|▋         | 168/2600 [15:06<3:37:47,  5.37s/it]
  6%|▋         | 169/2600 [15:11<3:39:14,  5.41s/it]
  7%|▋         | 170/2600 [15:16<3:39:02,  5.41s/it]
  7%|▋         | 171/2600 [15:22<3:37:52,  5.38s/it]
  7%|▋         | 172/2600 [15:27<3:38:53,  5.41s/it]
  7%|▋         | 173/2600 [15:33<3:37:43,  5.38s/it]
  7%|▋         | 174/2600 [15:38<3:39:10,  5.42s/it]
  7%|▋         | 175/2600 [15:43<3:37:17,  5.38s/it]
  7%|▋         | 176/2600 [15:49<3:38:42,  5.41s/it]
  7%|▋         | 177/2600 [15:54<3:36:52,  5.37s/it]
  7%|▋         | 178/2600 [16:00<3:37:49,  5.40s/it]
  7%|▋         | 179/2600 [16:05<3:36:52,  5.37s/it]
  7%|▋         | 180/2600 [16:10<3:37:39,  5.40s/it]
  7%|▋         | 181/2600 [16:16<3:38:20,  5.42s/it]
  7%|▋         | 182/2600 [16:21<3:37:41,  5.40s/it]
  7%|▋         | 183/2600 [16:27<3:37:45,  5.41s/it]
  7%|▋         | 184/2600 [16:32<3:36:37,  5.38s/it]
  7%|▋         | 185/2600 [16:37<3:38:01,  5.42s/it]
  7%|▋         | 186/2600 [16:43<3:36:07,  5.37s/it]
  7%|▋         | 187/2600 [16:48<3:36:57,  5.39s/it]
  7%|▋         | 188/2600 [16:53<3:36:35,  5.39s/it]
  7%|▋         | 189/2600 [16:59<3:37:16,  5.41s/it]
  7%|▋         | 190/2600 [17:04<3:35:27,  5.36s/it]
  7%|▋         | 191/2600 [17:10<3:36:57,  5.40s/it]
  7%|▋         | 192/2600 [17:15<3:36:54,  5.40s/it]
  7%|▋         | 193/2600 [17:20<3:36:23,  5.39s/it]
  7%|▋         | 194/2600 [17:26<3:37:15,  5.42s/it]
  8%|▊         | 195/2600 [17:31<3:35:20,  5.37s/it]
  8%|▊         | 196/2600 [17:37<3:36:48,  5.41s/it]
  8%|▊         | 197/2600 [17:42<3:35:08,  5.37s/it]
  8%|▊         | 198/2600 [17:47<3:35:58,  5.39s/it]
  8%|▊         | 199/2600 [17:53<3:34:55,  5.37s/it]
  8%|▊         | 200/2600 [17:58<3:35:44,  5.39s/it]
  8%|▊         | 201/2600 [18:04<3:34:46,  5.37s/it]
  8%|▊         | 202/2600 [18:09<3:36:08,  5.41s/it]
  8%|▊         | 203/2600 [18:14<3:36:01,  5.41s/it]
  8%|▊         | 204/2600 [18:20<3:35:28,  5.40s/it]
  8%|▊         | 205/2600 [18:25<3:35:40,  5.40s/it]
  8%|▊         | 206/2600 [18:31<3:35:13,  5.39s/it]
  8%|▊         | 207/2600 [18:36<3:35:52,  5.41s/it]
  8%|▊         | 208/2600 [18:41<3:34:03,  5.37s/it]
  8%|▊         | 209/2600 [18:47<3:35:36,  5.41s/it]
  8%|▊         | 210/2600 [18:52<3:33:49,  5.37s/it]
  8%|▊         | 211/2600 [18:58<3:34:44,  5.39s/it]
  8%|▊         | 212/2600 [19:03<3:34:30,  5.39s/it]
  8%|▊         | 213/2600 [19:08<3:34:27,  5.39s/it]
  8%|▊         | 214/2600 [19:14<3:35:10,  5.41s/it]
  8%|▊         | 215/2600 [19:19<3:34:31,  5.40s/it]
  8%|▊         | 216/2600 [19:25<3:34:33,  5.40s/it]
  8%|▊         | 217/2600 [19:30<3:34:07,  5.39s/it]
  8%|▊         | 218/2600 [19:35<3:34:09,  5.39s/it]
  8%|▊         | 219/2600 [19:41<3:33:38,  5.38s/it]
  8%|▊         | 220/2600 [19:46<3:33:48,  5.39s/it]
  8%|▊         | 221/2600 [19:51<3:32:49,  5.37s/it]
  9%|▊         | 222/2600 [19:57<3:34:20,  5.41s/it]
  9%|▊         | 223/2600 [20:02<3:33:10,  5.38s/it]
  9%|▊         | 224/2600 [20:08<3:33:46,  5.40s/it]
  9%|▊         | 225/2600 [20:13<3:33:44,  5.40s/it]
  9%|▊         | 226/2600 [20:18<3:33:14,  5.39s/it]
  9%|▊         | 227/2600 [20:24<3:33:24,  5.40s/it]
  9%|▉         | 228/2600 [20:29<3:32:31,  5.38s/it]
  9%|▉         | 229/2600 [20:35<3:33:56,  5.41s/it]
  9%|▉         | 230/2600 [20:40<3:32:14,  5.37s/it]
  9%|▉         | 231/2600 [20:45<3:33:38,  5.41s/it]
  9%|▉         | 232/2600 [20:51<3:31:46,  5.37s/it]
  9%|▉         | 233/2600 [20:56<3:32:44,  5.39s/it]
  9%|▉         | 234/2600 [21:01<3:31:44,  5.37s/it]
  9%|▉         | 235/2600 [21:07<3:32:34,  5.39s/it]
  9%|▉         | 236/2600 [21:12<3:33:50,  5.43s/it]
  9%|▉         | 237/2600 [21:18<3:32:28,  5.39s/it]
  9%|▉         | 238/2600 [21:23<3:32:27,  5.40s/it]
  9%|▉         | 239/2600 [21:28<3:31:35,  5.38s/it]
  9%|▉         | 240/2600 [21:34<3:32:48,  5.41s/it]
  9%|▉         | 241/2600 [21:39<3:30:57,  5.37s/it]
  9%|▉         | 242/2600 [21:45<3:32:32,  5.41s/it]
  9%|▉         | 243/2600 [21:50<3:30:48,  5.37s/it]
  9%|▉         | 244/2600 [21:56<3:32:21,  5.41s/it]
  9%|▉         | 245(0,)
It  260, sqrt loss 0.01052, Val sim-RMS 0.001946, Time Loss: 70.8%, data: 0.4%, val: 28.8%,  7.6 sec/batch
/2600 [22:01<3:30:33,  5.36s/it]
  9%|▉         | 246/2600 [22:06<3:31:27,  5.39s/it]
 10%|▉         | 247/2600 [22:12<3:32:43,  5.42s/it]
 10%|▉         | 248/2600 [22:17<3:31:16,  5.39s/it]
 10%|▉         | 249/2600 [22:22<3:31:52,  5.41s/it]
 10%|▉         | 250/2600 [22:28<3:30:20,  5.37s/it]
 10%|▉         | 251/2600 [22:33<3:31:45,  5.41s/it]
 10%|▉         | 252/2600 [22:39<3:30:35,  5.38s/it]
 10%|▉         | 253/2600 [22:44<3:30:41,  5.39s/it]
 10%|▉         | 254/2600 [22:49<3:30:23,  5.38s/it]
 10%|▉         | 255/2600 [22:55<3:30:35,  5.39s/it]
 10%|▉         | 256/2600 [23:00<3:30:12,  5.38s/it]
 10%|▉         | 257/2600 [23:06<3:30:21,  5.39s/it]
 10%|▉         | 258/2600 [23:11<3:31:05,  5.41s/it]
 10%|▉         | 259/2600 [23:16<3:29:54,  5.38s/it]
 10%|█         | 260/2600 [32:49<114:06:17, 175.55s/it]
 10%|█         | 261/2600 [32:54<80:53:25, 124.50s/it] 
 10%|█         | 262/2600 [33:00<57:38:43, 88.76s/it] 
 10%|█         | 263/2600 [33:05<41:23:02, 63.75s/it]
 10%|█         | 264/2600 [33:10<30:01:01, 46.26s/it]
 10%|█         | 265/2600 [33:16<22:02:13, 33.98s/it]
 10%|█         | 266/2600 [33:21<16:28:46, 25.42s/it]
 10%|█         | 267/2600 [33:27<12:33:56, 19.39s/it]
 10%|█         | 268/2600 [33:32<9:51:39, 15.22s/it] 
 10%|█         | 269/2600 [33:37<7:55:19, 12.23s/it]
 10%|█         | 270/2600 [33:43<6:36:01, 10.20s/it]
 10%|█         | 271/2600 [33:48<5:40:36,  8.77s/it]
 10%|█         | 272/2600 [33:54<5:00:13,  7.74s/it]
 10%|█         | 273/2600 [33:59<4:34:00,  7.07s/it]
 11%|█         | 274/2600 [34:04<4:13:30,  6.54s/it]
 11%|█         | 275/2600 [34:10<4:00:09,  6.20s/it]
 11%|█         | 276/2600 [34:15<3:49:50,  5.93s/it]
 11%|█         | 277/2600 [34:21<3:44:04,  5.79s/it]
 11%|█         | 278/2600 [34:26<3:38:39,  5.65s/it]
 11%|█         | 279/2600 [34:31<3:36:51,  5.61s/it]
 11%|█         | 280/2600 [34:37<3:33:23,  5.52s/it]
 11%|█         | 281/2600 [34:42<3:32:30,  5.50s/it]
 11%|█         | 282/2600 [34:48<3:31:56,  5.49s/it]
 11%|█         | 283/2600 [34:53<3:29:21,  5.42s/it]
 11%|█         | 284/2600 [34:58<3:30:17,  5.45s/it]
 11%|█         | 285/2600 [35:04<3:28:39,  5.41s/it]
 11%|█         | 286/2600 [35:09<3:29:03,  5.42s/it]
 11%|█         | 287/2600 [35:14<3:27:15,  5.38s/it]
 11%|█         | 288/2600 [35:20<3:28:33,  5.41s/it]
 11%|█         | 289/2600 [35:25<3:26:50,  5.37s/it]
 11%|█         | 290/2600 [35:31<3:28:14,  5.41s/it]
 11%|█         | 291/2600 [35:36<3:27:01,  5.38s/it]
 11%|█         | 292/2600 [35:41<3:27:05,  5.38s/it]
 11%|█▏        | 293/2600 [35:47<3:27:51,  5.41s/it]
 11%|█▏        | 294/2600 [35:52<3:27:18,  5.39s/it]
 11%|█▏        | 295/2600 [35:58<3:27:56,  5.41s/it]
 11%|█▏        | 296/2600 [36:03<3:26:10,  5.37s/it]
 11%|█▏        | 297/2600 [36:08<3:27:36,  5.41s/it]
 11%|█▏        | 298/2600 [36:14<3:25:51,  5.37s/it]
 12%|█▏        | 299/2600 [36:19<3:26:47,  5.39s/it]
 12%|█▏        | 300/2600 [36:25<3:26:34,  5.39s/it]
 12%|█▏        | 301/2600 [36:30<3:26:44,  5.40s/it]
 12%|█▏        | 302/2600 [36:35<3:26:17,  5.39s/it]
 12%|█▏        | 303/2600 [36:41<3:26:25,  5.39s/it]
 12%|█▏        | 304/2600 [36:46<3:27:04,  5.41s/it]
 12%|█▏        | 305/2600 [36:51<3:25:56,  5.38s/it]
 12%|█▏        | 306/2600 [36:57<3:26:39,  5.41s/it]
 12%|█▏        | 307/2600 [37:02<3:26:07,  5.39s/it]
 12%|█▏        | 308/2600 [37:08<3:26:44,  5.41s/it]
 12%|█▏        | 309/2600 [37:13<3:25:03,  5.37s/it]
 12%|█▏        | 310/2600 [37:19<3:26:30,  5.41s/it]
 12%|█▏        | 311/2600 [37:24<3:25:22,  5.38s/it]
 12%|█▏        | 312/2600 [37:29<3:25:40,  5.39s/it]
 12%|█▏        | 313/2600 [37:35<3:24:45,  5.37s/it]
 12%|█▏        | 314/2600 [37:40<3:26:12,  5.41s/it]
 12%|█▏        | 315/2600 [37:46<3:26:35,  5.42s/it]
 12%|█▏        | 316/2600 [37:51<3:24:45,  5.38s/it]
 12%|█▏        | 317/2600 [37:56<3:25:30,  5.40s/it]
 12%|█▏        | 318/2600 [38:02<3:24:32,  5.38s/it]
 12%|█▏        | 319/2600 [38:07<3:25:21,  5.40s/it]
 12%|█▏        | 320/2600 [38:12<3:24:55,  5.39s/it]
 12%|█▏        | 321/2600 [38:18<3:24:55,  5.40s/it]
 12%|█▏        | 322/2600 [38:23<3:24:35,  5.39s/it]
 12%|█▏        | 323/2600 [38:29<3:24:47,  5.40s/it]
 12%|█▏        | 324/2600 [38:34<3:23:52,  5.37s/it]
 12%|█▎        | 325/2600 [38:39<3:24:38,  5.40s/it]
 13%|█▎        | 326/2600 [38:45<3:25:51,  5.43s/it]
 13%|█▎        | 327/2600 [38:50<3:24:00,  5.39s/it]
 13%|█▎        | 328/2600 [38:56<3:24:42,  5.41s/it]
 13%|█▎        | 329/2600 [39:01<3:23:37,  5.38s/it]
 13%|█▎        | 330/2600 [39:06<3:24:23,  5.40s/it]
 13%|█▎        | 331/2600 [39:12<3:23:19,  5.38s/it]
 13%|█▎        | 332/2600 [39:17<3:24:37,  5.41s/it]
 13%|█▎        | 333/2600 [39:23<3:23:28,  5.39s/it]
 13%|█▎        | 334/2600 [39:28<3:23:42,  5.39s/it]
 13%|█▎        | 335/2600 [39:33<3:22:48,  5.37s/it]
 13%|█▎        | 336/2600 [39:39<3:23:38,  5.40s/it]
 13%|█▎        | 337/2600 [39:44<3:24:13,  5.41s/it]
 13%|█▎        | 338/2600 [39:50<3:23:37,  5.40s/it]
 13%|█▎        | 339/2600 [39:55<3:24:08,  5.42s/it]
 13%|█▎        | 340/2600 [40:00<3:22:24,  5.37s/it]
 13%|█▎        | 341/2600 [40:06<3:23:15,  5.40s/it]
 13%|█▎        | 342/2600 [40:11<3:22:50,  5.39s/it]
 13%|█▎        | 343/2600 [40:17<3:23:27,  5.41s/it]
 13%|█▎        | 344/2600 [40:22<3:22:16,  5.38s/it]
 13%|█▎        | 345/2600 [40:27<3:22:31,  5.39s/it]
 13%|█▎        | 346/2600 [40:33<3:21:40,  5.37s/it]
 13%|█▎        | 347/2600 [40:38<3:22:22,  5.39s/it]
 13%|█▎        | 348/2600 [40:44<3:23:02,  5.41s/it]
 13%|█▎        | 349/2600 [40:49<3:22:27,  5.40s/it]
 13%|█▎        | 350/2600 [40:54<3:22:59,  5.41s/it]
 14%|█▎        | 351/2600 [41:00<3:21:50,  5.38s/it]
 14%|█▎        | 352/2600 [41:05<3:22:26,  5.40s/it]
 14%|█▎        | 353/2600 [41:10<3:21:19,  5.38s/it]
 14%|█▎        | 354/2600 [41:16<3:21:26,  5.38s/it]
 14%|█▎        | 355/2600 [41:21<3:20:38,  5.36s/it]
 14%|█▎        | 356/2600 [41:27<3:21:42,  5.39s/it]
 14%|█▎        | 357/2600 [41:32<3:21:18,  5.38s/it]
 14%|█▍        | 358/2600 [41:37<3:21:19,  5.39s/it]
 14%|█▍        | 359/2600 [41:43<3:21:58,  5.41s/it]
 14%|█▍        | 360/2600 [41:48<3:20:49,  5.38s/it]
 14%|█▍        | 361/2600 [41:54<3:21:33,  5.40s/it]
 14%|█▍        | 362/2600 [41:59<3:20:25,  5.37s/it]
 14%|█▍        | 363/2600 [42:04<3:21:12,  5.40s/it]
 14%|█▍        | 364/2600 [42:10<3:20:16,  5.37s/it]
 14%|█▍        | 365/2600 [42:15<3:21:05,  5.40s/it]
 14%|█▍        | 366/2600 [42:20<3:20:42,  5.39s/it]
 14%|█▍        | 367/2600 [42:26<3:21:31,  5.41s/it]
 14%|█▍        | 368/2600 [42:31<3:19:46,  5.37s/it]
 14%|█▍        | 369/2600 [42:37<3:20:32,  5.39s/it]
 14%|█▍        | 370/2600 [42:42<3:21:40,  5.43s/it]
 14%|█▍        | 371/2600 [42:47<3:19:50,  5.38s/it]
 14%|█▍        | 372/2600 [42:53<3:21:09,  5.42s/it]
 14%|█▍        | 373/2600 [42:58<3:19:28,  5.37s/it]
 14%|█▍        | 374/2600 [43:04<3:20:14,  5.40s/it]
 14%|█▍        | 375/2600 [43:09<3:19:18,  5.37s/it]
 14%|█▍        | 376/2600 [43:14<3:20:08,  5.40s/it]
 14%|█▍        | 377/2600 [43:20<3:19:07,  5.37s/it]
 15%|█▍        | 378/2600 [43:25<3:20:00,  5.40s/it]
 15%|█▍        | 379/2600 [43:31<3:19:35,  5.39s/it]
 15%|█▍        | 380/2600 [43:36<3:19:35,  5.39s/it]
 15%|█▍        | 381/2600 [43:41<3:20:18,  5.42s/it]
 15%|█▍        | 382/2600 [43:47<3:19:14,  5.39s/it]
 15%|█▍        | 383/2600 [43:52<3:19:53,  5.41s/it]
 15%|█▍        | 384/2600 [43:58<3:18:47,  5.38s/it]
 15%|█▍        | 385/2600 [44:03<3:19:27,  5.40s/it]
 15%|█▍        | 386/2600 [44:08<3:18:58,  5.39s/it]
 15%|█▍        | 387/2600 [44:14<3:19:00,  5.40s/it]
 15%|█▍        | 388/2600 [44:19<3:17:56,  5.37s/it]
 15%|█▍        | 389/2600 [44:25<3:18:48,  5.40s/it]
 15%|█▌        | 390/2600 [44:30<3:17:58,  5.37s/it]
 15%|█▌        | 391/2600 [44:35<3:18:42,  5.40s/it]
 15%|█▌        | 392/2600 [44:41<3:19:17,  5.42s/it]
 15%|█▌        | 393/2600 [44:46<3:18:05,  5.39s/it]
 15%|█▌        | 394/2600 [44:52<3:19:23,  5.42s/it]
 15%|█▌        | 395/2600 [44:57<3:17:32,  5.38s/it]
 15%|█▌        | 396/2600 [45:02<3:18:17,  5.40s/it]
 15%|█▌        | 397/2600 [45:08<3:17:48,  5.39s/it]
 15%|█▌        | 398/2600 [45:13<3:17:50,  5.39s/it]
 15%|█▌        | 399/2600 [45:18<3:17:30,  5.38s/it]
 15%|█▌        | 400/2600 [45:24<3:18:12,  5.41s/it]
 15%|█▌        | 401/2600 [45:29<3:16:41,  5.37s/it]
 15%|█▌        | 402/2600 [45:35<3:17:33,  5.39s/it]
 16%|█▌        | 403/2600 [45:40<3:18:43,  5.43s/it]
 16%|█▌        | 404/2600 [45:45<3:16:50,  5.38s/it]
 16%|█▌        | 405/2600 [45:51<3:18:05,  5.42s/it]
 16%|█▌        | 406/2600 [45:56<3:16:19,  5.37s/it]
 16%|█▌        | 407/2600 [46:02<3:17:10,  5.39s/it]
 16%|█▌        | 408/2600 [46:07<3:16:10,  5.37s/it]
 16%|█▌        | 409/2600 [46:12<3:16:59,  5.39s/it]
 16%|█▌        | 410/2600 [46:18<3:16:42,  5.39s/it]
 16%|█▌        | 411/2600 [46:23<3:16:45,  5.39s/it]
 16%|█▌        | 412/2600 [46:29<3:16:28,  5.39s/it]
 16%|█▌        | 413/2600 [46:34<3:16:29,  5.39s/it]
 16%|█▌        | 414/2600 [46:39<3:17:39,  5.43s/it]
 16%|█▌        | 415/2600 [46:45<3:16:26,  5.39s/it]
 16%|█▌        | 416/2600 [46:50<3:17:01,  5.41s/it]
 16%|█▌        | 417/2600 [46:55<3:15:24,  5.37s/it]
 16%|█▌        | 418/2600 [47:01<3:16:14,  5.40s/it]
 16%|█▌        | 419/2600 [47:06<3:15:50,  5.39s/it]
 16%|█▌        | 420/2600 [47:12<3:16:26,  5.41s/it]
 16%|█▌        | 421/2600 [47:17<3:14:51,  5.37s/it]
 16%|█▌        | 422/2600 [47:22<3:15:42,  5.39s/it]
 16%|█▋        | 423/2600 [47:28<3:15:00,  5.37s/it]
 16%|█▋        | 424/2600 [47:33<3:15:43,  5.40s/it]
 16%|█▋        | 425/2600 [47:39<3:16:45,  5.43s/it]
 16%|█▋        | 426/2600 [47:44<3:14:51,  5.38s/it]
 16%|█▋        | 427/2600 [47:50<3:16:05,  5.41s/it]
 16%|█▋        | 428/2600 [47:55<3:14:19,  5.37s/it]
 16%|█▋        | 429/2600 [48:00<3:15:41,  5.41s/it]
 17%|█▋        | 430/2600 [48:06<3:14:01,  5.36s/it]
 17%|█▋        | 431/2600 [48:11<3:14:48,  5.39s/it]
 17%|█▋        | 432/2600 [48:16<3:13:55,  5.37s/it]
 17%|█▋        | 433/2600 [48:22<3:15:14,  5.41s/it]
 17%|█▋        | 434/2600 [48:27<3:13:49,  5.37s/it]
 17%|█▋        | 435/2600 [48:33<3:14:29,  5.39s/it]
 17%|█▋        | 436/2600 [48:38<3:15:33,  5.42s/it]
 17%|█▋        | 437/2600 [48:43<3:13:47,  5.38s/it]
 17%|█▋        | 438/2600 [48:49<3:14:34,  5.40s/it]
 17%|█▋        | 439/2600 [48:54<3:13:36,  5.38s/it]
 17%|█▋        | 440/2600 [49:00<3:14:22,  5.40s/it]
 17%|█▋        | 441/2600 [49:05<3:14:01,  5.39s/it]
 17%|█▋        | 442/2600 [49:10<3:13:57,  5.39s/it]
 17%|█▋        | 443/2600 [49:16<3:13:07,  5.37s/it]
 17%|█▋        | 444/2600 [49:21<3:14:25,  5.41s/it]
 17%|█▋        | 445/2600 [49:26<3:13:28,  5.39s/it]
 17%|█▋        | 446/2600 [49:32<3:13:26,  5.39s/it]
 17%|█▋        | 447/2600 [49:37<3:14:05,  5.41s/it]
 17%|█▋        | 448/2600 [49:43<3:13:35,  5.40s/it]
 17%|█▋        | 449/2600 [49:48<3:14:04,  5.41s/it]
 17%|█▋        | 450/2600 [49:53<3:12:55,  5.38s/it]
 17%|█▋        | 451/2600 [49:59<3:13:34,  5.40s/it]
 17%|█▋        | 452/2600 [50:04<3:12:30,  5.38s/it]
 17%|█▋        | 453/2600 [50:10<3:13:09,  5.40s/it]
 17%|█▋        | 454/2600 [50:15<3:12:13,  5.37s/it]
 18%|█▊        | 455/2600 [50:20<3:12:58,  5.40s/it]
 18%|█▊        | 456/2600 [50:26<3:11:38,  5.36s/it]
 18%|█▊        | 457/2600 [50:31<3:12:26,  5.39s/it]
 18%|█▊        | 458/2600 [50:37<3:13:02,  5.41s/it]
 18%|█▊        | 459/2600 [50:42<3:12:28,  5.39s/it]
 18%|█▊        | 460/2600 [50:47<3:12:26,  5.40s/it]
 18%|█▊        | 461/2600 [50:53<3:12:01,  5.39s/it]
 18%|█▊        | 462/2600 [50:58<3:12:03,  5.39s/it]
 18%|█▊        | 463/2600 [51:03<3:11:12,  5.37s/it]
 18%|█▊        | 464/2600 [51:09<3:11:58,  5.39s/it]
 18%|█▊        | 465/2600 [51:14<3:11:03,  5.37s/it]
 18%|█▊        | 466/2600 [51:20<3:12:14,  5.41s/it]
 18%|█▊        | 467/2600 [51:25<3:10:45,  5.37s/it]
 18%|█▊        | 468/2600 [51:30<3:12:05,  5.41s/it]
 18%|█▊        | 469/2600 [51:36<3:12:32,  5.42s/it]
 18%|█▊        | 470/2600 [51:41<3:11:23,  5.39s/it]
 18%|█▊        | 471/2600 [51:47<3:12:00,  5.41s/it]
 18%|█▊        | 472/2600 [51:52<3:10:55,  5.38s/it]
 18%|█▊        | 473/2600 [51:57<3:11:04,  5.39s/it]
 18%|█▊        | 474/2600 [52:03<3:10:09,  5.37s/it]
 18%|█▊        | 475/2600 [52:08<3:10:55,  5.39s/it]
 18%|█▊        | 476/2600 [52:14<3:10:05,  5.37s/it]
 18%|█▊        | 477/2600 [52:19<3:10:50,  5.39s/it]
 18%|█▊        | 478/2600 [52:24<3:10:00,  5.37s/it]
 18%|█▊        | 479/2600 [52:30<3:11:22,  5.41s/it]
 18%|█▊        | 480/2600 [52:35<3:11:08,  5.41s/it]
 18%|█▊        | 481/2600 [52:41<3:10:07,  5.38s/it]
 19%|█▊        | 482/2600 [52:46<3:10:44,  5.40s/it]
 19%|█▊        | 483/2600 [52:51<3:10:14,  5.39s/it]
 19%|█▊        | 484/2600 [52:57<3:10:14,  5.39s/it]
 19%|█▊        | 485/2600 [53:02<3:09:14,  5.37s/it]
 19%|█▊        | 486/2600 [53:08<3:10:01,  5.39s/it]
 19%|█▊        | 487/2600 [53:13<3:09:37,  5.38s/it]
 19%|█▉        | 488/2600 [53:18<3:09:41,  5.39s/it]
 19%|█▉        | 489/2600 [53:24<3:08:50,  5.37s/it]
 19%|█▉        | 490/2600 [53:29<3:10:15,  5.41s/it]
 19%|█▉        | 491/2600 [53:35<3:10:41,  5.42s/it]
 19%|█▉        | 492/2600 [53:40<3:08:55,  5.38s/it]
 19%|█▉        | 493/2600 [53:45<3:10:13,  5.42s/it]
 19%|█▉        | 494/2600 [53:51<3:08:34,  5.37s/it]
 19%|█▉        | 495/2600 [53:56<3:09:19,  5.40s/it]
 19%|█▉        | 496/2600 [54:01<3:08:59,  5.39s/it]
 19%|█▉        | 497/2600 [54:07<3:09:29,  5.41s/it]
 19%|█▉        | 498/2600 [54:12<3:08:30,  5.38s/it]
 19%|█▉        | 499/2600 [54:18<3:09:13,  5.40s/it]
 19%|█▉        | 500/2600 [54:23<3:07:47,  5.37s/it]
 19%|█▉        | 501/2600 [54:28<3:09:12,  5.41s/it]
 19%|█▉        | 502/2600 [54:34<3:09:38,  5.42s/it]
 19%|█▉        | 503/2600 [54:39<3:08:22,  5.39s/it]
 19%|█▉        | 504/2600 [54:45<3:08:59,  5.41s/it]
 19%|█▉        | 505/2600 [54:50<3:07:58,  5.38s/it]
 19%|█▉        | 506/2600 [54:55<3:08:33,  5.40s/it]
 20%|█▉        | 507/2600 [55:01<3:06:57,  5.36s/it]
 20%|█▉        | 508/2600 [55:06<3:07:49,  5.39s/it]
 20%|█▉        | 509/2600 [55:11<3:06:56,  5.36s/it]
 20%|█▉        | 510/2600 [55:17<3:07:46,  5.39s/it]
 20%|█▉        | 511/2600 [55:22<3:07:29,  5.39s/it]
 20%|█▉        | 512/2600 [55:28<3:07:36,  5.39s/it]
 20%|█▉        | 513/2600 [55:33<3:08:11,  5.41s/it]
 20%|█▉        | 514/2600 [55:38<3:07:06,  5.38s/it]
 20%|█▉        | 515/2600 [55:44<3:07:50,  5.41s/it]
 20%|█▉      (0,)
It  520, sqrt loss 0.0007119, Val sim-RMS 0.002173, Time Loss: 70.8%, data: 0.4%, val: 28.8%,  7.6 sec/batch
  | 516/2600 [55:49<3:06:51,  5.38s/it]
 20%|█▉        | 517/2600 [55:55<3:08:01,  5.42s/it]
 20%|█▉        | 518/2600 [56:00<3:06:55,  5.39s/it]
 20%|█▉        | 519/2600 [56:05<3:06:58,  5.39s/it]
 20%|██        | 520/2600 [1:05:36<101:08:03, 175.04s/it]
 20%|██        | 521/2600 [1:05:42<71:40:53, 124.12s/it] 
 20%|██        | 522/2600 [1:05:47<51:05:28, 88.51s/it] 
 20%|██        | 523/2600 [1:05:53<36:41:58, 63.61s/it]
 20%|██        | 524/2600 [1:05:58<26:35:17, 46.11s/it]
 20%|██        | 525/2600 [1:06:03<19:32:46, 33.91s/it]
 20%|██        | 526/2600 [1:06:09<14:35:45, 25.34s/it]
 20%|██        | 527/2600 [1:06:14<11:09:13, 19.37s/it]
 20%|██        | 528/2600 [1:06:20<8:44:47, 15.20s/it] 
 20%|██        | 529/2600 [1:06:25<7:02:52, 12.25s/it]
 20%|██        | 530/2600 [1:06:30<5:52:00, 10.20s/it]
 20%|██        | 531/2600 [1:06:36<5:01:23,  8.74s/it]
 20%|██        | 532/2600 [1:06:41<4:27:22,  7.76s/it]
 20%|██        | 533/2600 [1:06:47<4:02:38,  7.04s/it]
 21%|██        | 534/2600 [1:06:52<3:45:45,  6.56s/it]
 21%|██        | 535/2600 [1:06:57<3:32:50,  6.18s/it]
 21%|██        | 536/2600 [1:07:03<3:25:44,  5.98s/it]
 21%|██        | 537/2600 [1:07:08<3:18:52,  5.78s/it]
 21%|██        | 538/2600 [1:07:13<3:14:54,  5.67s/it]
 21%|██        | 539/2600 [1:07:19<3:13:09,  5.62s/it]
 21%|██        | 540/2600 [1:07:24<3:09:30,  5.52s/it]
 21%|██        | 541/2600 [1:07:30<3:08:56,  5.51s/it]
 21%|██        | 542/2600 [1:07:35<3:07:27,  5.47s/it]
 21%|██        | 543/2600 [1:07:41<3:06:48,  5.45s/it]
 21%|██        | 544/2600 [1:07:46<3:05:26,  5.41s/it]
 21%|██        | 545/2600 [1:07:51<3:06:25,  5.44s/it]
 21%|██        | 546/2600 [1:07:57<3:04:32,  5.39s/it]
 21%|██        | 547/2600 [1:08:02<3:05:07,  5.41s/it]
 21%|██        | 548/2600 [1:08:07<3:04:37,  5.40s/it]
 21%|██        | 549/2600 [1:08:13<3:04:37,  5.40s/it]
 21%|██        | 550/2600 [1:08:18<3:05:38,  5.43s/it]
 21%|██        | 551/2600 [1:08:24<3:03:52,  5.38s/it]
 21%|██        | 552/2600 [1:08:29<3:04:39,  5.41s/it]
 21%|██▏       | 553/2600 [1:08:34<3:04:16,  5.40s/it]
 21%|██▏       | 554/2600 [1:08:40<3:04:47,  5.42s/it]
 21%|██▏       | 555/2600 [1:08:45<3:03:42,  5.39s/it]
 21%|██▏       | 556/2600 [1:08:51<3:03:48,  5.40s/it]
 21%|██▏       | 557/2600 [1:08:56<3:03:03,  5.38s/it]
 21%|██▏       | 558/2600 [1:09:01<3:03:55,  5.40s/it]
 22%|██▏       | 559/2600 [1:09:07<3:02:58,  5.38s/it]
 22%|██▏       | 560/2600 [1:09:12<3:03:42,  5.40s/it]
 22%|██▏       | 561/2600 [1:09:18<3:04:13,  5.42s/it]
 22%|██▏       | 562/2600 [1:09:23<3:03:38,  5.41s/it]
 22%|██▏       | 563/2600 [1:09:29<3:04:11,  5.43s/it]
 22%|██▏       | 564/2600 [1:09:34<3:02:37,  5.38s/it]
 22%|██▏       | 565/2600 [1:09:39<3:03:17,  5.40s/it]
 22%|██▏       | 566/2600 [1:09:45<3:02:26,  5.38s/it]
 22%|██▏       | 567/2600 [1:09:50<3:03:37,  5.42s/it]
 22%|██▏       | 568/2600 [1:09:55<3:02:35,  5.39s/it]
 22%|██▏       | 569/2600 [1:10:01<3:02:36,  5.39s/it]
 22%|██▏       | 570/2600 [1:10:06<3:01:45,  5.37s/it]
 22%|██▏       | 571/2600 [1:10:12<3:02:29,  5.40s/it]
 22%|██▏       | 572/2600 [1:10:17<3:03:05,  5.42s/it]
 22%|██▏       | 573/2600 [1:10:22<3:02:03,  5.39s/it]
 22%|██▏       | 574/2600 [1:10:28<3:02:48,  5.41s/it]
 22%|██▏       | 575/2600 [1:10:33<3:01:48,  5.39s/it]
 22%|██▏       | 576/2600 [1:10:39<3:02:54,  5.42s/it]
 22%|██▏       | 577/2600 [1:10:44<3:01:48,  5.39s/it]
 22%|██▏       | 578/2600 [1:10:50<3:02:23,  5.41s/it]
 22%|██▏       | 579/2600 [1:10:55<3:01:25,  5.39s/it]
 22%|██▏       | 580/2600 [1:11:00<3:01:32,  5.39s/it]
 22%|██▏       | 581/2600 [1:11:06<3:00:49,  5.37s/it]
 22%|██▏       | 582/2600 [1:11:11<3:01:34,  5.40s/it]
 22%|██▏       | 583/2600 [1:11:17<3:02:34,  5.43s/it]
 22%|██▏       | 584/2600 [1:11:22<3:01:22,  5.40s/it]
 22%|██▎       | 585/2600 [1:11:27<3:01:26,  5.40s/it]
 23%|██▎       | 586/2600 [1:11:33<3:01:02,  5.39s/it]
 23%|██▎       | 587/2600 [1:11:38<3:01:05,  5.40s/it]
 23%|██▎       | 588/2600 [1:11:43<3:00:14,  5.38s/it]
 23%|██▎       | 589/2600 [1:11:49<3:01:26,  5.41s/it]
 23%|██▎       | 590/2600 [1:11:54<2:59:57,  5.37s/it]
 23%|██▎       | 591/2600 [1:12:00<3:00:44,  5.40s/it]
 23%|██▎       | 592/2600 [1:12:05<2:59:55,  5.38s/it]
 23%|██▎       | 593/2600 [1:12:10<3:00:36,  5.40s/it]
 23%|██▎       | 594/2600 [1:12:16<3:01:38,  5.43s/it]
 23%|██▎       | 595/2600 [1:12:21<2:59:59,  5.39s/it]
 23%|██▎       | 596/2600 [1:12:27<3:01:08,  5.42s/it]
 23%|██▎       | 597/2600 [1:12:32<3:00:06,  5.39s/it]
 23%|██▎       | 598/2600 [1:12:37<3:00:41,  5.42s/it]
 23%|██▎       | 599/2600 [1:12:43<2:59:10,  5.37s/it]
 23%|██▎       | 600/2600 [1:12:48<2:59:55,  5.40s/it]
 23%|██▎       | 601/2600 [1:12:54<2:59:02,  5.37s/it]
 23%|██▎       | 602/2600 [1:12:59<3:00:13,  5.41s/it]
 23%|██▎       | 603/2600 [1:13:04<2:59:14,  5.39s/it]
 23%|██▎       | 604/2600 [1:13:10<2:59:17,  5.39s/it]
 23%|██▎       | 605/2600 [1:13:15<2:59:59,  5.41s/it]
 23%|██▎       | 606/2600 [1:13:21<2:58:58,  5.39s/it]
 23%|██▎       | 607/2600 [1:13:26<3:00:00,  5.42s/it]
 23%|██▎       | 608/2600 [1:13:31<2:58:57,  5.39s/it]
 23%|██▎       | 609/2600 [1:13:37<2:59:31,  5.41s/it]
 23%|██▎       | 610/2600 [1:13:42<2:58:05,  5.37s/it]
 24%|██▎       | 611/2600 [1:13:48<2:58:53,  5.40s/it]
 24%|██▎       | 612/2600 [1:13:53<2:58:34,  5.39s/it]
 24%|██▎       | 613/2600 [1:13:58<2:59:10,  5.41s/it]
 24%|██▎       | 614/2600 [1:14:04<2:57:44,  5.37s/it]
 24%|██▎       | 615/2600 [1:14:09<2:58:31,  5.40s/it]
 24%|██▎       | 616/2600 [1:14:15<2:59:36,  5.43s/it]
 24%|██▎       | 617/2600 [1:14:20<2:58:26,  5.40s/it]
 24%|██▍       | 618/2600 [1:14:25<2:58:50,  5.41s/it]
 24%|██▍       | 619/2600 [1:14:31<2:57:21,  5.37s/it]
 24%|██▍       | 620/2600 [1:14:36<2:58:19,  5.40s/it]
 24%|██▍       | 621/2600 [1:14:41<2:57:25,  5.38s/it]
 24%|██▍       | 622/2600 [1:14:47<2:58:37,  5.42s/it]
 24%|██▍       | 623/2600 [1:14:52<2:57:34,  5.39s/it]
 24%|██▍       | 624/2600 [1:14:58<2:57:33,  5.39s/it]
 24%|██▍       | 625/2600 [1:15:03<2:57:14,  5.38s/it]
 24%|██▍       | 626/2600 [1:15:08<2:57:17,  5.39s/it]
 24%|██▍       | 627/2600 [1:15:14<2:57:58,  5.41s/it]
 24%|██▍       | 628/2600 [1:15:19<2:57:33,  5.40s/it]
 24%|██▍       | 629/2600 [1:15:25<2:57:58,  5.42s/it]
 24%|██▍       | 630/2600 [1:15:30<2:56:26,  5.37s/it]
 24%|██▍       | 631/2600 [1:15:36<2:57:14,  5.40s/it]
 24%|██▍       | 632/2600 [1:15:41<2:56:55,  5.39s/it]
 24%|██▍       | 633/2600 [1:15:46<2:57:29,  5.41s/it]
 24%|██▍       | 634/2600 [1:15:52<2:55:59,  5.37s/it]
 24%|██▍       | 635/2600 [1:15:57<2:56:44,  5.40s/it]
 24%|██▍       | 636/2600 [1:16:02<2:55:58,  5.38s/it]
 24%|██▍       | 637/2600 [1:16:08<2:56:41,  5.40s/it]
 25%|██▍       | 638/2600 [1:16:13<2:57:15,  5.42s/it]
 25%|██▍       | 639/2600 [1:16:19<2:56:13,  5.39s/it]
 25%|██▍       | 640/2600 [1:16:24<2:56:46,  5.41s/it]
 25%|██▍       | 641/2600 [1:16:29<2:56:19,  5.40s/it]
 25%|██▍       | 642/2600 [1:16:35<2:56:16,  5.40s/it]
 25%|██▍       | 643/2600 [1:16:40<2:55:27,  5.38s/it]
 25%|██▍       | 644/2600 [1:16:46<2:56:10,  5.40s/it]
 25%|██▍       | 645/2600 [1:16:51<2:55:17,  5.38s/it]
 25%|██▍       | 646/2600 [1:16:57<2:56:33,  5.42s/it]
 25%|██▍       | 647/2600 [1:17:02<2:55:08,  5.38s/it]
 25%|██▍       | 648/2600 [1:17:07<2:56:13,  5.42s/it]
 25%|██▍       | 649/2600 [1:17:13<2:56:05,  5.42s/it]
 25%|██▌       | 650/2600 [1:17:18<2:55:05,  5.39s/it]
 25%|██▌       | 651/2600 [1:17:24<2:56:13,  5.42s/it]
 25%|██▌       | 652/2600 [1:17:29<2:54:38,  5.38s/it]
 25%|██▌       | 653/2600 [1:17:34<2:55:16,  5.40s/it]
 25%|██▌       | 654/2600 [1:17:40<2:54:51,  5.39s/it]
 25%|██▌       | 655/2600 [1:17:45<2:54:58,  5.40s/it]
 25%|██▌       | 656/2600 [1:17:50<2:54:10,  5.38s/it]
 25%|██▌       | 657/2600 [1:17:56<2:54:47,  5.40s/it]
 25%|██▌       | 658/2600 [1:18:01<2:53:59,  5.38s/it]
 25%|██▌       | 659/2600 [1:18:07<2:54:38,  5.40s/it]
 25%|██▌       | 660/2600 [1:18:12<2:55:11,  5.42s/it]
 25%|██▌       | 661/2600 [1:18:17<2:54:05,  5.39s/it]
 25%|██▌       | 662/2600 [1:18:23<2:54:40,  5.41s/it]
 26%|██▌       | 663/2600 [1:18:28<2:54:08,  5.39s/it]
 26%|██▌       | 664/2600 [1:18:34<2:54:13,  5.40s/it]
 26%|██▌       | 665/2600 [1:18:39<2:53:27,  5.38s/it]
 26%|██▌       | 666/2600 [1:18:44<2:54:16,  5.41s/it]
 26%|██▌       | 667/2600 [1:18:50<2:53:49,  5.40s/it]
 26%|██▌       | 668/2600 [1:18:55<2:54:21,  5.42s/it]
 26%|██▌       | 669/2600 [1:19:01<2:53:25,  5.39s/it]
 26%|██▌       | 670/2600 [1:19:06<2:53:29,  5.39s/it]
 26%|██▌       | 671/2600 [1:19:11<2:54:04,  5.41s/it]
 26%|██▌       | 672/2600 [1:19:17<2:53:32,  5.40s/it]
 26%|██▌       | 673/2600 [1:19:22<2:53:26,  5.40s/it]
 26%|██▌       | 674/2600 [1:19:28<2:52:25,  5.37s/it]
 26%|██▌       | 675/2600 [1:19:33<2:53:09,  5.40s/it]
 26%|██▌       | 676/2600 [1:19:38<2:52:19,  5.37s/it]
 26%|██▌       | 677/2600 [1:19:44<2:53:04,  5.40s/it]
 26%|██▌       | 678/2600 [1:19:49<2:52:41,  5.39s/it]
 26%|██▌       | 679/2600 [1:19:55<2:53:10,  5.41s/it]
 26%|██▌       | 680/2600 [1:20:00<2:52:10,  5.38s/it]
 26%|██▌       | 681/2600 [1:20:05<2:52:17,  5.39s/it]
 26%|██▌       | 682/2600 [1:20:11<2:52:50,  5.41s/it]
 26%|██▋       | 683/2600 [1:20:16<2:51:54,  5.38s/it]
 26%|██▋       | 684/2600 [1:20:22<2:52:31,  5.40s/it]
 26%|██▋       | 685/2600 [1:20:27<2:52:02,  5.39s/it]
 26%|██▋       | 686/2600 [1:20:32<2:52:41,  5.41s/it]
 26%|██▋       | 687/2600 [1:20:38<2:51:13,  5.37s/it]
 26%|██▋       | 688/2600 [1:20:43<2:51:56,  5.40s/it]
 26%|██▋       | 689/2600 [1:20:48<2:51:10,  5.37s/it]
 27%|██▋       | 690/2600 [1:20:54<2:51:55,  5.40s/it]
 27%|██▋       | 691/2600 [1:20:59<2:51:09,  5.38s/it]
 27%|██▋       | 692/2600 [1:21:05<2:51:41,  5.40s/it]
 27%|██▋       | 693/2600 [1:21:10<2:52:13,  5.42s/it]
 27%|██▋       | 694/2600 [1:21:15<2:51:09,  5.39s/it]
 27%|██▋       | 695/2600 [1:21:21<2:51:43,  5.41s/it]
 27%|██▋       | 696/2600 [1:21:26<2:50:44,  5.38s/it]
 27%|██▋       | 697/2600 [1:21:32<2:51:51,  5.42s/it]
 27%|██▋       | 698/2600 [1:21:37<2:50:50,  5.39s/it]
 27%|██▋       | 699/2600 [1:21:42<2:50:54,  5.39s/it]
 27%|██▋       | 700/2600 [1:21:48<2:50:06,  5.37s/it]
 27%|██▋       | 701/2600 [1:21:53<2:50:45,  5.39s/it]
 27%|██▋       | 702/2600 [1:21:59<2:50:28,  5.39s/it]
 27%|██▋       | 703/2600 [1:22:04<2:50:32,  5.39s/it]
 27%|██▋       | 704/2600 [1:22:09<2:51:36,  5.43s/it]
 27%|██▋       | 705/2600 [1:22:15<2:50:05,  5.39s/it]
 27%|██▋       | 706/2600 [1:22:20<2:51:14,  5.42s/it]
 27%|██▋       | 707/2600 [1:22:26<2:49:42,  5.38s/it]
 27%|██▋       | 708/2600 [1:22:31<2:50:26,  5.41s/it]
 27%|██▋       | 709/2600 [1:22:36<2:49:36,  5.38s/it]
 27%|██▋       | 710/2600 [1:22:42<2:50:14,  5.40s/it]
 27%|██▋       | 711/2600 [1:22:47<2:49:21,  5.38s/it]
 27%|██▋       | 712/2600 [1:22:53<2:50:01,  5.40s/it]
 27%|██▋       | 713/2600 [1:22:58<2:49:13,  5.38s/it]
 27%|██▋       | 714/2600 [1:23:03<2:49:49,  5.40s/it]
 28%|██▊       | 715/2600 [1:23:09<2:50:20,  5.42s/it]
 28%|██▊       | 716/2600 [1:23:14<2:49:21,  5.39s/it]
 28%|██▊       | 717/2600 [1:23:20<2:49:54,  5.41s/it]
 28%|██▊       | 718/2600 [1:23:25<2:48:55,  5.39s/it]
 28%|██▊       | 719/2600 [1:23:30<2:49:30,  5.41s/it]
 28%|██▊       | 720/2600 [1:23:36<2:49:06,  5.40s/it]
 28%|██▊       | 721/2600 [1:23:41<2:49:04,  5.40s/it]
 28%|██▊       | 722/2600 [1:23:47<2:48:47,  5.39s/it]
 28%|██▊       | 723/2600 [1:23:52<2:49:16,  5.41s/it]
 28%|██▊       | 724/2600 [1:23:57<2:47:57,  5.37s/it]
 28%|██▊       | 725/2600 [1:24:03<2:48:39,  5.40s/it]
 28%|██▊       | 726/2600 [1:24:08<2:49:11,  5.42s/it]
 28%|██▊       | 727/2600 [1:24:14<2:48:15,  5.39s/it]
 28%|██▊       | 728/2600 [1:24:19<2:49:22,  5.43s/it]
 28%|██▊       | 729/2600 [1:24:24<2:47:48,  5.38s/it]
 28%|██▊       | 730/2600 [1:24:30<2:48:54,  5.42s/it]
 28%|██▊       | 731/2600 [1:24:35<2:47:24,  5.37s/it]
 28%|██▊       | 732/2600 [1:24:41<2:48:08,  5.40s/it]
 28%|██▊       | 733/2600 [1:24:46<2:47:20,  5.38s/it]
 28%|██▊       | 734/2600 [1:24:51<2:48:00,  5.40s/it]
 28%|██▊       | 735/2600 [1:24:57<2:47:07,  5.38s/it]
 28%|██▊       | 736/2600 [1:25:02<2:48:09,  5.41s/it]
 28%|██▊       | 737/2600 [1:25:08<2:48:00,  5.41s/it]
 28%|██▊       | 738/2600 [1:25:13<2:47:06,  5.38s/it]
 28%|██▊       | 739/2600 [1:25:18<2:48:12,  5.42s/it]
 28%|██▊       | 740/2600 [1:25:24<2:47:10,  5.39s/it]
 28%|██▊       | 741/2600 [1:25:29<2:47:08,  5.39s/it]
 29%|██▊       | 742/2600 [1:25:34<2:46:25,  5.37s/it]
 29%|██▊       | 743/2600 [1:25:40<2:47:31,  5.41s/it]
 29%|██▊       | 744/2600 [1:25:45<2:46:08,  5.37s/it]
 29%|██▊       | 745/2600 [1:25:51<2:47:16,  5.41s/it]
 29%|██▊       | 746/2600 [1:25:56<2:46:22,  5.38s/it]
 29%|██▊       | 747/2600 [1:26:01<2:46:28,  5.39s/it]
 29%|██▉       | 748/2600 [1:26:07<2:47:00,  5.41s/it]
 29%|██▉       | 749/2600 [1:26:12<2:46:34,  5.40s/it]
 29%|██▉       | 750/2600 [1:26:18<2:46:31,  5.40s/it]
 29%|██▉       | 751/2600 [1:26:23<2:45:40,  5.38s/it]
 29%|██▉       | 752/2600 [1:26:28<2:46:18,  5.40s/it]
 29%|██▉       | 753/2600 [1:26:34<2:45:32,  5.38s/it]
 29%|██▉       | 754/2600 [1:26:39<2:46:13,  5.40s/it]
 29%|██▉       | 755/2600 [1:26:45<2:45:24,  5.38s/it]
 29%|██▉       | 756/2600 [1:26:50<2:46:02,  5.40s/it]
 29%|██▉       | 757/2600 [1:26:55<2:45:40,  5.39s/it]
 29%|██▉       | 758/2600 [1:27:01<2:46:06,  5.41s/it]
 29%|██▉       | 759/2600 [1:27:06<2:46:02,  5.41s/it]
 29%|██▉       | 760/2600 [1:27:12<2:45:05,  5.38s/it]
 29%|██▉       | 761/2600 [1:27:17<2:45:43,  5.41s/it]
 29%|██▉       | 762/2600 [1:27:22<2:44:52,  5.38s/it]
 29%|██▉       | 763/2600 [1:27:28<2:45:27,  5.40s/it]
 29%|██▉       | 764/2600 [1:27:33<2:44:39,  5.38s/it]
 29%|██▉       | 765/2600 [1:27:39<2:45:40,  5.42s/it]
 29%|██▉       | 766/2600 [1:27:44<2:44:41,  5.39s/it]
 30%|██▉       | 767/2600 [1:27:49<2:44:42,  5.39s/it]
 30%|██▉       | 768/2600 [1:27:55<2:44:26,  5.39s/it]
 30%|██�(0,)
It  780, sqrt loss 0.0006715, Val sim-RMS 0.001279, Time Loss: 70.8%, data: 0.4%, val: 28.7%,  7.6 sec/batch
��       | 769/2600 [1:28:00<2:44:33,  5.39s/it]
 30%|██▉       | 770/2600 [1:28:06<2:45:33,  5.43s/it]
 30%|██▉       | 771/2600 [1:28:11<2:44:04,  5.38s/it]
 30%|██▉       | 772/2600 [1:28:16<2:44:42,  5.41s/it]
 30%|██▉       | 773/2600 [1:28:22<2:43:51,  5.38s/it]
 30%|██▉       | 774/2600 [1:28:27<2:44:21,  5.40s/it]
 30%|██▉       | 775/2600 [1:28:33<2:44:00,  5.39s/it]
 30%|██▉       | 776/2600 [1:28:38<2:44:29,  5.41s/it]
 30%|██▉       | 777/2600 [1:28:43<2:43:42,  5.39s/it]
 30%|██▉       | 778/2600 [1:28:49<2:43:49,  5.40s/it]
 30%|██▉       | 779/2600 [1:28:54<2:43:05,  5.37s/it]
 30%|███       | 780/2600 [1:38:22<88:03:05, 174.17s/it]
 30%|███       | 781/2600 [1:38:27<62:24:11, 123.50s/it]
 30%|███       | 782/2600 [1:38:33<44:29:05, 88.09s/it] 
 30%|███       | 783/2600 [1:38:38<31:56:09, 63.27s/it]
 30%|███       | 784/2600 [1:38:44<23:09:39, 45.91s/it]
 30%|███       | 785/2600 [1:38:49<17:01:01, 33.75s/it]
 30%|███       | 786/2600 [1:38:54<12:43:17, 25.25s/it]
 30%|███       | 787/2600 [1:39:00<9:43:31, 19.31s/it] 
 30%|███       | 788/2600 [1:39:05<7:36:28, 15.12s/it]
 30%|███       | 789/2600 [1:39:11<6:08:48, 12.22s/it]
 30%|███       | 790/2600 [1:39:16<5:06:13, 10.15s/it]
 30%|███       | 791/2600 [1:39:21<4:23:41,  8.75s/it]
 30%|███       | 792/2600 [1:39:27<3:53:09,  7.74s/it]
 30%|███       | 793/2600 [1:39:32<3:31:59,  7.04s/it]
 31%|███       | 794/2600 [1:39:38<3:16:50,  6.54s/it]
 31%|███       | 795/2600 [1:39:43<3:06:31,  6.20s/it]
 31%|███       | 796/2600 [1:39:48<2:58:32,  5.94s/it]
 31%|███       | 797/2600 [1:39:54<2:54:02,  5.79s/it]
 31%|███       | 798/2600 [1:39:59<2:51:00,  5.69s/it]
 31%|███       | 799/2600 [1:40:05<2:48:06,  5.60s/it]
 31%|███       | 800/2600 [1:40:10<2:46:22,  5.55s/it]
 31%|███       | 801/2600 [1:40:15<2:44:43,  5.49s/it]
 31%|███       | 802/2600 [1:40:21<2:43:52,  5.47s/it]
 31%|███       | 803/2600 [1:40:26<2:42:35,  5.43s/it]
 31%|███       | 804/2600 [1:40:32<2:42:46,  5.44s/it]
 31%|███       | 805/2600 [1:40:37<2:41:41,  5.40s/it]
 31%|███       | 806/2600 [1:40:42<2:42:04,  5.42s/it]
 31%|███       | 807/2600 [1:40:48<2:41:33,  5.41s/it]
 31%|███       | 808/2600 [1:40:53<2:41:53,  5.42s/it]
 31%|███       | 809/2600 [1:40:59<2:41:43,  5.42s/it]
 31%|███       | 810/2600 [1:41:04<2:40:49,  5.39s/it]
 31%|███       | 811/2600 [1:41:09<2:41:26,  5.41s/it]
 31%|███       | 812/2600 [1:41:15<2:40:33,  5.39s/it]
 31%|███▏      | 813/2600 [1:41:20<2:41:04,  5.41s/it]
 31%|███▏      | 814/2600 [1:41:26<2:40:41,  5.40s/it]
 31%|███▏      | 815/2600 [1:41:31<2:41:08,  5.42s/it]
 31%|███▏      | 816/2600 [1:41:36<2:39:44,  5.37s/it]
 31%|███▏      | 817/2600 [1:41:42<2:40:23,  5.40s/it]
 31%|███▏      | 818/2600 [1:41:47<2:39:37,  5.37s/it]
 32%|███▏      | 819/2600 [1:41:53<2:40:40,  5.41s/it]
 32%|███▏      | 820/2600 [1:41:58<2:40:34,  5.41s/it]
 32%|███▏      | 821/2600 [1:42:03<2:39:39,  5.38s/it]
 32%|███▏      | 822/2600 [1:42:09<2:40:12,  5.41s/it]
 32%|███▏      | 823/2600 [1:42:14<2:39:51,  5.40s/it]
 32%|███▏      | 824/2600 [1:42:20<2:40:18,  5.42s/it]
 32%|███▏      | 825/2600 [1:42:25<2:39:07,  5.38s/it]
 32%|███▏      | 826/2600 [1:42:30<2:40:09,  5.42s/it]
 32%|███▏      | 827/2600 [1:42:36<2:38:42,  5.37s/it]
 32%|███▏      | 828/2600 [1:42:41<2:39:21,  5.40s/it]
 32%|███▏      | 829/2600 [1:42:46<2:38:33,  5.37s/it]
 32%|███▏      | 830/2600 [1:42:52<2:39:07,  5.39s/it]
 32%|███▏      | 831/2600 [1:42:57<2:40:02,  5.43s/it]
 32%|███▏      | 832/2600 [1:43:03<2:39:02,  5.40s/it]
 32%|███▏      | 833/2600 [1:43:08<2:39:03,  5.40s/it]
 32%|███▏      | 834/2600 [1:43:13<2:38:16,  5.38s/it]
 32%|███▏      | 835/2600 [1:43:19<2:38:56,  5.40s/it]
 32%|███▏      | 836/2600 [1:43:24<2:38:14,  5.38s/it]
 32%|███▏      | 837/2600 [1:43:30<2:38:54,  5.41s/it]
 32%|███▏      | 838/2600 [1:43:35<2:38:06,  5.38s/it]
 32%|███▏      | 839/2600 [1:43:41<2:39:04,  5.42s/it]
 32%|███▏      | 840/2600 [1:43:46<2:37:41,  5.38s/it]
 32%|███▏      | 841/2600 [1:43:51<2:38:45,  5.42s/it]
 32%|███▏      | 842/2600 [1:43:57<2:38:39,  5.41s/it]
 32%|███▏      | 843/2600 [1:44:02<2:37:44,  5.39s/it]
 32%|███▏      | 844/2600 [1:44:08<2:38:45,  5.42s/it]
 32%|███▎      | 845/2600 [1:44:13<2:37:27,  5.38s/it]
 33%|███▎      | 846/2600 [1:44:18<2:38:02,  5.41s/it]
 33%|███▎      | 847/2600 [1:44:24<2:37:10,  5.38s/it]
 33%|███▎      | 848/2600 [1:44:29<2:37:48,  5.40s/it]
 33%|███▎      | 849/2600 [1:44:34<2:37:01,  5.38s/it]
 33%|███▎      | 850/2600 [1:44:40<2:37:36,  5.40s/it]
 33%|███▎      | 851/2600 [1:44:45<2:37:17,  5.40s/it]
 33%|███▎      | 852/2600 [1:44:51<2:37:43,  5.41s/it]
 33%|███▎      | 853/2600 [1:44:56<2:38:04,  5.43s/it]
 33%|███▎      | 854/2600 [1:45:01<2:36:34,  5.38s/it]
 33%|███▎      | 855/2600 [1:45:07<2:37:09,  5.40s/it]
 33%|███▎      | 856/2600 [1:45:12<2:36:22,  5.38s/it]
 33%|███▎      | 857/2600 [1:45:18<2:36:54,  5.40s/it]
 33%|███▎      | 858/2600 [1:45:23<2:36:05,  5.38s/it]
 33%|███▎      | 859/2600 [1:45:29<2:36:42,  5.40s/it]
 33%|███▎      | 860/2600 [1:45:34<2:35:57,  5.38s/it]
 33%|███▎      | 861/2600 [1:45:39<2:36:52,  5.41s/it]
 33%|███▎      | 862/2600 [1:45:45<2:35:59,  5.39s/it]
 33%|███▎      | 863/2600 [1:45:50<2:36:00,  5.39s/it]
 33%|███▎      | 864/2600 [1:45:56<2:36:53,  5.42s/it]
 33%|███▎      | 865/2600 [1:46:01<2:35:28,  5.38s/it]
 33%|███▎      | 866/2600 [1:46:06<2:36:31,  5.42s/it]
 33%|███▎      | 867/2600 [1:46:12<2:35:14,  5.37s/it]
 33%|███▎      | 868/2600 [1:46:17<2:35:54,  5.40s/it]
 33%|███▎      | 869/2600 [1:46:22<2:35:12,  5.38s/it]
 33%|███▎      | 870/2600 [1:46:28<2:35:43,  5.40s/it]
 34%|███▎      | 871/2600 [1:46:33<2:34:56,  5.38s/it]
 34%|███▎      | 872/2600 [1:46:39<2:35:55,  5.41s/it]
 34%|███▎      | 873/2600 [1:46:44<2:34:39,  5.37s/it]
 34%|███▎      | 874/2600 [1:46:49<2:35:13,  5.40s/it]
 34%|███▎      | 875/2600 [1:46:55<2:36:06,  5.43s/it]
 34%|███▎      | 876/2600 [1:47:00<2:34:37,  5.38s/it]
 34%|███▎      | 877/2600 [1:47:06<2:35:14,  5.41s/it]
 34%|███▍      | 878/2600 [1:47:11<2:34:27,  5.38s/it]
 34%|███▍      | 879/2600 [1:47:16<2:35:01,  5.40s/it]
 34%|███▍      | 880/2600 [1:47:22<2:34:12,  5.38s/it]
 34%|███▍      | 881/2600 [1:47:27<2:34:41,  5.40s/it]
 34%|███▍      | 882/2600 [1:47:33<2:34:21,  5.39s/it]
 34%|███▍      | 883/2600 [1:47:38<2:34:19,  5.39s/it]
 34%|███▍      | 884/2600 [1:47:43<2:33:38,  5.37s/it]
 34%|███▍      | 885/2600 [1:47:49<2:34:16,  5.40s/it]
 34%|███▍      | 886/2600 [1:47:54<2:35:03,  5.43s/it]
 34%|███▍      | 887/2600 [1:48:00<2:33:59,  5.39s/it]
 34%|███▍      | 888/2600 [1:48:05<2:34:29,  5.41s/it]
 34%|███▍      | 889/2600 [1:48:10<2:33:40,  5.39s/it]
 34%|███▍      | 890/2600 [1:48:16<2:33:47,  5.40s/it]
 34%|███▍      | 891/2600 [1:48:21<2:33:08,  5.38s/it]
 34%|███▍      | 892/2600 [1:48:27<2:33:36,  5.40s/it]
 34%|███▍      | 893/2600 [1:48:32<2:32:54,  5.37s/it]
 34%|███▍      | 894/2600 [1:48:37<2:33:30,  5.40s/it]
 34%|███▍      | 895/2600 [1:48:43<2:32:47,  5.38s/it]
 34%|███▍      | 896/2600 [1:48:48<2:33:22,  5.40s/it]
 34%|███▍      | 897/2600 [1:48:54<2:33:48,  5.42s/it]
 35%|███▍      | 898/2600 [1:48:59<2:33:15,  5.40s/it]
 35%|███▍      | 899/2600 [1:49:04<2:33:37,  5.42s/it]
 35%|███▍      | 900/2600 [1:49:10<2:32:14,  5.37s/it]
 35%|███▍      | 901/2600 [1:49:15<2:32:49,  5.40s/it]
 35%|███▍      | 902/2600 [1:49:20<2:32:01,  5.37s/it]
 35%|███▍      | 903/2600 [1:49:26<2:32:31,  5.39s/it]
 35%|███▍      | 904/2600 [1:49:31<2:32:12,  5.38s/it]
 35%|███▍      | 905/2600 [1:49:37<2:32:17,  5.39s/it]
 35%|███▍      | 906/2600 [1:49:42<2:32:01,  5.38s/it]
 35%|███▍      | 907/2600 [1:49:47<2:32:26,  5.40s/it]
 35%|███▍      | 908/2600 [1:49:53<2:32:24,  5.40s/it]
 35%|███▍      | 909/2600 [1:49:58<2:32:00,  5.39s/it]
 35%|███▌      | 910/2600 [1:50:04<2:31:59,  5.40s/it]
 35%|███▌      | 911/2600 [1:50:09<2:31:16,  5.37s/it]
 35%|███▌      | 912/2600 [1:50:14<2:31:53,  5.40s/it]
 35%|███▌      | 913/2600 [1:50:20<2:31:10,  5.38s/it]
 35%|███▌      | 914/2600 [1:50:25<2:31:44,  5.40s/it]
 35%|███▌      | 915/2600 [1:50:31<2:31:20,  5.39s/it]
 35%|███▌      | 916/2600 [1:50:36<2:31:21,  5.39s/it]
 35%|███▌      | 917/2600 [1:50:41<2:30:37,  5.37s/it]
 35%|███▌      | 918/2600 [1:50:47<2:31:13,  5.39s/it]
 35%|███▌      | 919/2600 [1:50:52<2:32:04,  5.43s/it]
 35%|███▌      | 920/2600 [1:50:58<2:31:04,  5.40s/it]
 35%|███▌      | 921/2600 [1:51:03<2:31:06,  5.40s/it]
 35%|███▌      | 922/2600 [1:51:08<2:30:22,  5.38s/it]
 36%|███▌      | 923/2600 [1:51:14<2:30:57,  5.40s/it]
 36%|███▌      | 924/2600 [1:51:19<2:30:10,  5.38s/it]
 36%|███▌      | 925/2600 [1:51:24<2:30:45,  5.40s/it]
 36%|███▌      | 926/2600 [1:51:30<2:30:01,  5.38s/it]
 36%|███▌      | 927/2600 [1:51:35<2:30:38,  5.40s/it]
 36%|███▌      | 928/2600 [1:51:41<2:29:54,  5.38s/it]
 36%|███▌      | 929/2600 [1:51:46<2:30:50,  5.42s/it]
 36%|███▌      | 930/2600 [1:51:52<2:30:41,  5.41s/it]
 36%|███▌      | 931/2600 [1:51:57<2:30:13,  5.40s/it]
 36%|███▌      | 932/2600 [1:52:02<2:30:35,  5.42s/it]
 36%|███▌      | 933/2600 [1:52:08<2:29:42,  5.39s/it]
 36%|███▌      | 934/2600 [1:52:13<2:30:10,  5.41s/it]
 36%|███▌      | 935/2600 [1:52:18<2:28:56,  5.37s/it]
 36%|███▌      | 936/2600 [1:52:24<2:29:35,  5.39s/it]
 36%|███▌      | 937/2600 [1:52:29<2:28:52,  5.37s/it]
 36%|███▌      | 938/2600 [1:52:35<2:29:56,  5.41s/it]
 36%|███▌      | 939/2600 [1:52:40<2:28:42,  5.37s/it]
 36%|███▌      | 940/2600 [1:52:45<2:29:43,  5.41s/it]
 36%|███▌      | 941/2600 [1:52:51<2:30:00,  5.43s/it]
 36%|███▌      | 942/2600 [1:52:56<2:29:03,  5.39s/it]
 36%|███▋      | 943/2600 [1:53:02<2:29:23,  5.41s/it]
 36%|███▋      | 944/2600 [1:53:07<2:28:32,  5.38s/it]
 36%|███▋      | 945/2600 [1:53:12<2:28:45,  5.39s/it]
 36%|███▋      | 946/2600 [1:53:18<2:28:27,  5.39s/it]
 36%|███▋      | 947/2600 [1:53:23<2:28:27,  5.39s/it]
 36%|███▋      | 948/2600 [1:53:29<2:28:11,  5.38s/it]
 36%|███▋      | 949/2600 [1:53:34<2:28:42,  5.40s/it]
 37%|███▋      | 950/2600 [1:53:39<2:27:52,  5.38s/it]
 37%|███▋      | 951/2600 [1:53:45<2:28:10,  5.39s/it]
 37%|███▋      | 952/2600 [1:53:50<2:28:47,  5.42s/it]
 37%|███▋      | 953/2600 [1:53:55<2:27:30,  5.37s/it]
 37%|███▋      | 954/2600 [1:54:01<2:28:08,  5.40s/it]
 37%|███▋      | 955/2600 [1:54:06<2:27:48,  5.39s/it]
 37%|███▋      | 956/2600 [1:54:12<2:27:49,  5.40s/it]
 37%|███▋      | 957/2600 [1:54:17<2:27:09,  5.37s/it]
 37%|███▋      | 958/2600 [1:54:22<2:27:42,  5.40s/it]
 37%|███▋      | 959/2600 [1:54:28<2:26:53,  5.37s/it]
 37%|███▋      | 960/2600 [1:54:33<2:27:27,  5.39s/it]
 37%|███▋      | 961/2600 [1:54:39<2:26:45,  5.37s/it]
 37%|███▋      | 962/2600 [1:54:44<2:27:48,  5.41s/it]
 37%|███▋      | 963/2600 [1:54:50<2:27:46,  5.42s/it]
 37%|███▋      | 964/2600 [1:54:55<2:27:15,  5.40s/it]
 37%|███▋      | 965/2600 [1:55:00<2:27:27,  5.41s/it]
 37%|███▋      | 966/2600 [1:55:06<2:26:23,  5.38s/it]
 37%|███▋      | 967/2600 [1:55:11<2:26:58,  5.40s/it]
 37%|███▋      | 968/2600 [1:55:16<2:26:44,  5.39s/it]
 37%|███▋      | 969/2600 [1:55:22<2:27:06,  5.41s/it]
 37%|███▋      | 970/2600 [1:55:27<2:25:47,  5.37s/it]
 37%|███▋      | 971/2600 [1:55:33<2:26:28,  5.40s/it]
 37%|███▋      | 972/2600 [1:55:38<2:26:13,  5.39s/it]
 37%|███▋      | 973/2600 [1:55:43<2:26:13,  5.39s/it]
 37%|███▋      | 974/2600 [1:55:49<2:27:05,  5.43s/it]
 38%|███▊      | 975/2600 [1:55:54<2:25:44,  5.38s/it]
 38%|███▊      | 976/2600 [1:56:00<2:26:41,  5.42s/it]
 38%|███▊      | 977/2600 [1:56:05<2:25:46,  5.39s/it]
 38%|███▊      | 978/2600 [1:56:10<2:26:12,  5.41s/it]
 38%|███▊      | 979/2600 [1:56:16<2:25:01,  5.37s/it]
 38%|███▊      | 980/2600 [1:56:21<2:25:57,  5.41s/it]
 38%|███▊      | 981/2600 [1:56:26<2:24:40,  5.36s/it]
 38%|███▊      | 982/2600 [1:56:32<2:25:40,  5.40s/it]
 38%|███▊      | 983/2600 [1:56:37<2:24:29,  5.36s/it]
 38%|███▊      | 984/2600 [1:56:43<2:25:32,  5.40s/it]
 38%|███▊      | 985/2600 [1:56:48<2:25:29,  5.41s/it]
 38%|███▊      | 986/2600 [1:56:53<2:24:43,  5.38s/it]
 38%|███▊      | 987/2600 [1:56:59<2:25:17,  5.40s/it]
 38%|███▊      | 988/2600 [1:57:04<2:24:29,  5.38s/it]
 38%|███▊      | 989/2600 [1:57:10<2:25:01,  5.40s/it]
 38%|███▊      | 990/2600 [1:57:15<2:24:39,  5.39s/it]
 38%|███▊      | 991/2600 [1:57:20<2:24:38,  5.39s/it]
 38%|███▊      | 992/2600 [1:57:26<2:24:15,  5.38s/it]
 38%|███▊      | 993/2600 [1:57:31<2:24:42,  5.40s/it]
 38%|███▊      | 994/2600 [1:57:37<2:23:28,  5.36s/it]
 38%|███▊      | 995/2600 [1:57:42<2:24:35,  5.41s/it]
 38%|███▊      | 996/2600 [1:57:47<2:24:30,  5.41s/it]
 38%|███▊      | 997/2600 [1:57:53<2:24:11,  5.40s/it]
 38%|███▊      | 998/2600 [1:57:58<2:24:35,  5.42s/it]
 38%|███▊      | 999/2600 [1:58:04<2:23:23,  5.37s/it]
 38%|███▊      | 1000/2600 [1:58:09<2:24:19,  5.41s/it]
 38%|███▊      | 1001/2600 [1:58:14<2:23:05,  5.37s/it]
 39%|███▊      | 1002/2600 [1:58:20<2:24:03,  5.41s/it]
 39%|███▊      | 1003/2600 [1:58:25<2:22:50,  5.37s/it]
 39%|███▊      | 1004/2600 [1:58:31<2:23:29,  5.39s/it]
 39%|███▊      | 1005/2600 [1:58:36<2:23:12,  5.39s/it]
 39%|███▊      | 1006/2600 [1:58:41<2:23:14,  5.39s/it]
 39%|███▊      | 1007/2600 [1:58:47<2:23:43,  5.41s/it]
 39%|███▉      | 1008/2600 [1:58:52<2:22:55,  5.39s/it]
 39%|███▉      | 1009/2600 [1:58:58<2:23:23,  5.41s/it]
 39%|███▉      | 1010/2600 [1:59:03<2:22:40,  5.38s/it]
 39%|███▉      | 1011/2600 [1:59:08<2:23:08,  5.41s/it]
 39%|███▉      | 1012/2600 [1:59:14<2:22:26,  5.38s/it]
 39%|███▉      | 1013/2600 [1:59:19<2:22:58,  5.41s/it]
 39%|███▉      | 1014/2600 [1:59:25<2:22:37,  5.40s/it]
 39%|███▉      | 1015/2600 [1:59:30<2:22:35,  5.40s/it]
 39%|███▉      | 1016/2600 [1:59:35<2:21:53,  5.37s/it]
 39%|███▉      | 1017/2600 [1:59:41<2:22:50,  5.41s/it]
 39%|███▉      | 1018/2600 [1:59:46<2:23:12,  5.43s/it]
 39%|███▉      | 1019/2600 [1:59:52<2:21:49,  5.38s/it]
 39%|███▉      | 1020/2600 [1:59:57<2:22:39,  5.42s/it]
 39%|███▉      | 1021/2600 [2:00:02<2:21:46,  5.39s/it]
 39%|███▉      | 1022/2600 [2:00:08<2:21:47,  5.39s/it]
 39%|███▉      | 1023/2600 [2:00:13<2:21:08,  5.37s/it]
 39%|███▉      | 1024/2600 [2:00:18<2:21:43,  5.40s/it]
 39%|███▉      | 1025/2600 [2:00:24<2:21:03,  5.37s/it]
 39%|███▉      | 1026/2600 [2:00:29<2:21:34,  5.40s/it]
 40%|███▉      | 1027/2600 [2:00:35<2:21:12,  5.39s/it]
 40%|███▉      | 1028/2600 [2:00:40<2:21:09,  5.39s/it]
 40%|███▉      | 1029/2600 [2:00:45<2:21:34,  5.41s/it]
(0,)
It 1040, sqrt loss 0.001189, Val sim-RMS 0.002117, Time Loss: 70.9%, data: 0.4%, val: 28.7%,  7.6 sec/batch
 40%|███▉      | 1030/2600 [2:00:51<2:20:43,  5.38s/it]
 40%|███▉      | 1031/2600 [2:00:56<2:21:39,  5.42s/it]
 40%|███▉      | 1032/2600 [2:01:02<2:20:46,  5.39s/it]
 40%|███▉      | 1033/2600 [2:01:07<2:21:11,  5.41s/it]
 40%|███▉      | 1034/2600 [2:01:12<2:20:27,  5.38s/it]
 40%|███▉      | 1035/2600 [2:01:18<2:20:32,  5.39s/it]
 40%|███▉      | 1036/2600 [2:01:23<2:19:55,  5.37s/it]
 40%|███▉      | 1037/2600 [2:01:29<2:20:32,  5.39s/it]
 40%|███▉      | 1038/2600 [2:01:34<2:19:52,  5.37s/it]
 40%|███▉      | 1039/2600 [2:01:39<2:20:23,  5.40s/it]
 40%|████      | 1040/2600 [2:11:07<75:26:05, 174.08s/it]
 40%|████      | 1041/2600 [2:11:12<53:28:41, 123.49s/it]
 40%|████      | 1042/2600 [2:11:18<38:06:08, 88.04s/it] 
 40%|████      | 1043/2600 [2:11:23<27:21:44, 63.27s/it]
 40%|████      | 1044/2600 [2:11:29<19:50:40, 45.91s/it]
 40%|████      | 1045/2600 [2:11:34<14:34:23, 33.74s/it]
 40%|████      | 1046/2600 [2:11:39<10:54:08, 25.26s/it]
 40%|████      | 1047/2600 [2:11:45<8:18:56, 19.28s/it] 
 40%|████      | 1048/2600 [2:11:50<6:31:46, 15.15s/it]
 40%|████      | 1049/2600 [2:11:56<5:14:56, 12.18s/it]
 40%|████      | 1050/2600 [2:12:01<4:22:32, 10.16s/it]
 40%|████      | 1051/2600 [2:12:06<3:45:53,  8.75s/it]
 40%|████      | 1052/2600 [2:12:12<3:19:12,  7.72s/it]
 40%|████      | 1053/2600 [2:12:17<3:01:35,  7.04s/it]
 41%|████      | 1054/2600 [2:12:23<2:48:31,  6.54s/it]
 41%|████      | 1055/2600 [2:12:28<2:40:06,  6.22s/it]
 41%|████      | 1056/2600 [2:12:33<2:33:49,  5.98s/it]
 41%|████      | 1057/2600 [2:12:39<2:28:40,  5.78s/it]
 41%|████      | 1058/2600 [2:12:44<2:26:34,  5.70s/it]
 41%|████      | 1059/2600 [2:12:50<2:23:12,  5.58s/it]
 41%|████      | 1060/2600 [2:12:55<2:22:13,  5.54s/it]
 41%|████      | 1061/2600 [2:13:00<2:20:25,  5.47s/it]
 41%|████      | 1062/2600 [2:13:06<2:20:13,  5.47s/it]
 41%|████      | 1063/2600 [2:13:11<2:19:24,  5.44s/it]
 41%|████      | 1064/2600 [2:13:17<2:19:03,  5.43s/it]
 41%|████      | 1065/2600 [2:13:22<2:18:34,  5.42s/it]
 41%|████      | 1066/2600 [2:13:27<2:18:28,  5.42s/it]
 41%|████      | 1067/2600 [2:13:33<2:19:05,  5.44s/it]
 41%|████      | 1068/2600 [2:13:38<2:18:05,  5.41s/it]
 41%|████      | 1069/2600 [2:13:44<2:18:31,  5.43s/it]
 41%|████      | 1070/2600 [2:13:49<2:17:16,  5.38s/it]
 41%|████      | 1071/2600 [2:13:55<2:17:52,  5.41s/it]
 41%|████      | 1072/2600 [2:14:00<2:17:32,  5.40s/it]
 41%|████▏     | 1073/2600 [2:14:05<2:17:34,  5.41s/it]
 41%|████▏     | 1074/2600 [2:14:11<2:16:50,  5.38s/it]
 41%|████▏     | 1075/2600 [2:14:16<2:17:21,  5.40s/it]
 41%|████▏     | 1076/2600 [2:14:21<2:17:02,  5.40s/it]
 41%|████▏     | 1077/2600 [2:14:27<2:17:06,  5.40s/it]
 41%|████▏     | 1078/2600 [2:14:32<2:17:50,  5.43s/it]
 42%|████▏     | 1079/2600 [2:14:38<2:16:32,  5.39s/it]
 42%|████▏     | 1080/2600 [2:14:43<2:17:01,  5.41s/it]
 42%|████▏     | 1081/2600 [2:14:48<2:16:41,  5.40s/it]
 42%|████▏     | 1082/2600 [2:14:54<2:16:42,  5.40s/it]
 42%|████▏     | 1083/2600 [2:14:59<2:15:59,  5.38s/it]
 42%|████▏     | 1084/2600 [2:15:05<2:16:32,  5.40s/it]
 42%|████▏     | 1085/2600 [2:15:10<2:16:15,  5.40s/it]
 42%|████▏     | 1086/2600 [2:15:15<2:16:13,  5.40s/it]
 42%|████▏     | 1087/2600 [2:15:21<2:15:33,  5.38s/it]
 42%|████▏     | 1088/2600 [2:15:26<2:16:05,  5.40s/it]
 42%|████▏     | 1089/2600 [2:15:32<2:16:30,  5.42s/it]
 42%|████▏     | 1090/2600 [2:15:37<2:15:44,  5.39s/it]
 42%|████▏     | 1091/2600 [2:15:43<2:16:14,  5.42s/it]
 42%|████▏     | 1092/2600 [2:15:48<2:15:48,  5.40s/it]
 42%|████▏     | 1093/2600 [2:15:53<2:15:48,  5.41s/it]
 42%|████▏     | 1094/2600 [2:15:59<2:15:07,  5.38s/it]
 42%|████▏     | 1095/2600 [2:16:04<2:15:35,  5.41s/it]
 42%|████▏     | 1096/2600 [2:16:09<2:14:54,  5.38s/it]
 42%|████▏     | 1097/2600 [2:16:15<2:15:27,  5.41s/it]
 42%|████▏     | 1098/2600 [2:16:20<2:14:50,  5.39s/it]
 42%|████▏     | 1099/2600 [2:16:26<2:15:20,  5.41s/it]
 42%|████▏     | 1100/2600 [2:16:31<2:15:40,  5.43s/it]
 42%|████▏     | 1101/2600 [2:16:37<2:15:13,  5.41s/it]
 42%|████▏     | 1102/2600 [2:16:42<2:15:11,  5.41s/it]
 42%|████▏     | 1103/2600 [2:16:47<2:14:25,  5.39s/it]
 42%|████▏     | 1104/2600 [2:16:53<2:15:16,  5.43s/it]
 42%|████▎     | 1105/2600 [2:16:58<2:14:07,  5.38s/it]
 43%|████▎     | 1106/2600 [2:17:04<2:14:39,  5.41s/it]
 43%|████▎     | 1107/2600 [2:17:09<2:14:20,  5.40s/it]
 43%|████▎     | 1108/2600 [2:17:14<2:14:42,  5.42s/it]
 43%|████▎     | 1109/2600 [2:17:20<2:13:37,  5.38s/it]
 43%|████▎     | 1110/2600 [2:17:25<2:14:35,  5.42s/it]
 43%|████▎     | 1111/2600 [2:17:31<2:14:51,  5.43s/it]
 43%|████▎     | 1112/2600 [2:17:36<2:13:35,  5.39s/it]
 43%|████▎     | 1113/2600 [2:17:41<2:14:32,  5.43s/it]
 43%|████▎     | 1114/2600 [2:17:47<2:13:41,  5.40s/it]
 43%|████▎     | 1115/2600 [2:17:52<2:14:08,  5.42s/it]
 43%|████▎     | 1116/2600 [2:17:58<2:13:01,  5.38s/it]
 43%|████▎     | 1117/2600 [2:18:03<2:13:34,  5.40s/it]
 43%|████▎     | 1118/2600 [2:18:08<2:12:49,  5.38s/it]
 43%|████▎     | 1119/2600 [2:18:14<2:13:20,  5.40s/it]
 43%|████▎     | 1120/2600 [2:18:19<2:12:41,  5.38s/it]
 43%|████▎     | 1121/2600 [2:18:25<2:13:05,  5.40s/it]
 43%|████▎     | 1122/2600 [2:18:30<2:13:25,  5.42s/it]
 43%|████▎     | 1123/2600 [2:18:35<2:13:01,  5.40s/it]
 43%|████▎     | 1124/2600 [2:18:41<2:12:59,  5.41s/it]
 43%|████▎     | 1125/2600 [2:18:46<2:12:19,  5.38s/it]
 43%|████▎     | 1126/2600 [2:18:52<2:12:48,  5.41s/it]
 43%|████▎     | 1127/2600 [2:18:57<2:12:28,  5.40s/it]
 43%|████▎     | 1128/2600 [2:19:02<2:12:24,  5.40s/it]
 43%|████▎     | 1129/2600 [2:19:08<2:12:08,  5.39s/it]
 43%|████▎     | 1130/2600 [2:19:13<2:12:12,  5.40s/it]
 44%|████▎     | 1131/2600 [2:19:18<2:11:34,  5.37s/it]
 44%|████▎     | 1132/2600 [2:19:24<2:12:27,  5.41s/it]
 44%|████▎     | 1133/2600 [2:19:29<2:12:40,  5.43s/it]
 44%|████▎     | 1134/2600 [2:19:35<2:11:26,  5.38s/it]
 44%|████▎     | 1135/2600 [2:19:40<2:12:16,  5.42s/it]
 44%|████▎     | 1136/2600 [2:19:45<2:11:09,  5.38s/it]
 44%|████▎     | 1137/2600 [2:19:51<2:11:43,  5.40s/it]
 44%|████▍     | 1138/2600 [2:19:56<2:11:04,  5.38s/it]
 44%|████▍     | 1139/2600 [2:20:02<2:11:40,  5.41s/it]
 44%|████▍     | 1140/2600 [2:20:07<2:10:58,  5.38s/it]
 44%|████▍     | 1141/2600 [2:20:13<2:11:24,  5.40s/it]
 44%|████▍     | 1142/2600 [2:20:18<2:10:45,  5.38s/it]
 44%|████▍     | 1143/2600 [2:20:23<2:11:14,  5.40s/it]
 44%|████▍     | 1144/2600 [2:20:29<2:11:29,  5.42s/it]
 44%|████▍     | 1145/2600 [2:20:34<2:11:04,  5.41s/it]
 44%|████▍     | 1146/2600 [2:20:40<2:11:23,  5.42s/it]
 44%|████▍     | 1147/2600 [2:20:45<2:10:13,  5.38s/it]
 44%|████▍     | 1148/2600 [2:20:50<2:10:44,  5.40s/it]
 44%|████▍     | 1149/2600 [2:20:56<2:10:05,  5.38s/it]
 44%|████▍     | 1150/2600 [2:21:01<2:10:54,  5.42s/it]
 44%|████▍     | 1151/2600 [2:21:06<2:10:09,  5.39s/it]
 44%|████▍     | 1152/2600 [2:21:12<2:10:12,  5.40s/it]
 44%|████▍     | 1153/2600 [2:21:17<2:09:58,  5.39s/it]
 44%|████▍     | 1154/2600 [2:21:23<2:09:58,  5.39s/it]
 44%|████▍     | 1155/2600 [2:21:28<2:10:19,  5.41s/it]
 44%|████▍     | 1156/2600 [2:21:33<2:09:57,  5.40s/it]
 44%|████▍     | 1157/2600 [2:21:39<2:09:58,  5.40s/it]
 45%|████▍     | 1158/2600 [2:21:44<2:09:16,  5.38s/it]
 45%|████▍     | 1159/2600 [2:21:50<2:09:46,  5.40s/it]
 45%|████▍     | 1160/2600 [2:21:55<2:09:04,  5.38s/it]
 45%|████▍     | 1161/2600 [2:22:01<2:09:59,  5.42s/it]
 45%|████▍     | 1162/2600 [2:22:06<2:08:50,  5.38s/it]
 45%|████▍     | 1163/2600 [2:22:11<2:09:21,  5.40s/it]
 45%|████▍     | 1164/2600 [2:22:17<2:08:44,  5.38s/it]
 45%|████▍     | 1165/2600 [2:22:22<2:09:11,  5.40s/it]
 45%|████▍     | 1166/2600 [2:22:28<2:09:49,  5.43s/it]
 45%|████▍     | 1167/2600 [2:22:33<2:08:37,  5.39s/it]
 45%|████▍     | 1168/2600 [2:22:38<2:09:28,  5.42s/it]
 45%|████▍     | 1169/2600 [2:22:44<2:08:19,  5.38s/it]
 45%|████▌     | 1170/2600 [2:22:49<2:08:48,  5.40s/it]
 45%|████▌     | 1171/2600 [2:22:54<2:08:29,  5.40s/it]
 45%|████▌     | 1172/2600 [2:23:00<2:08:30,  5.40s/it]
 45%|████▌     | 1173/2600 [2:23:05<2:07:53,  5.38s/it]
 45%|████▌     | 1174/2600 [2:23:11<2:08:24,  5.40s/it]
 45%|████▌     | 1175/2600 [2:23:16<2:07:45,  5.38s/it]
 45%|████▌     | 1176/2600 [2:23:21<2:08:33,  5.42s/it]
 45%|████▌     | 1177/2600 [2:23:27<2:08:42,  5.43s/it]
 45%|████▌     | 1178/2600 [2:23:32<2:07:33,  5.38s/it]
 45%|████▌     | 1179/2600 [2:23:38<2:08:03,  5.41s/it]
 45%|████▌     | 1180/2600 [2:23:43<2:07:21,  5.38s/it]
 45%|████▌     | 1181/2600 [2:23:48<2:07:50,  5.41s/it]
 45%|████▌     | 1182/2600 [2:23:54<2:07:32,  5.40s/it]
 46%|████▌     | 1183/2600 [2:23:59<2:07:57,  5.42s/it]
 46%|████▌     | 1184/2600 [2:24:05<2:06:52,  5.38s/it]
 46%|████▌     | 1185/2600 [2:24:10<2:07:24,  5.40s/it]
 46%|████▌     | 1186/2600 [2:24:15<2:06:45,  5.38s/it]
 46%|████▌     | 1187/2600 [2:24:21<2:07:32,  5.42s/it]
 46%|████▌     | 1188/2600 [2:24:26<2:07:44,  5.43s/it]
 46%|████▌     | 1189/2600 [2:24:32<2:06:56,  5.40s/it]
 46%|████▌     | 1190/2600 [2:24:37<2:06:56,  5.40s/it]
 46%|████▌     | 1191/2600 [2:24:42<2:06:17,  5.38s/it]
 46%|████▌     | 1192/2600 [2:24:48<2:07:06,  5.42s/it]
 46%|████▌     | 1193/2600 [2:24:53<2:05:59,  5.37s/it]
 46%|████▌     | 1194/2600 [2:24:59<2:06:31,  5.40s/it]
 46%|████▌     | 1195/2600 [2:25:04<2:05:52,  5.38s/it]
 46%|████▌     | 1196/2600 [2:25:09<2:06:43,  5.42s/it]
 46%|████▌     | 1197/2600 [2:25:15<2:06:05,  5.39s/it]
 46%|████▌     | 1198/2600 [2:25:20<2:06:05,  5.40s/it]
 46%|████▌     | 1199/2600 [2:25:26<2:06:24,  5.41s/it]
 46%|████▌     | 1200/2600 [2:25:31<2:05:42,  5.39s/it]
 46%|████▌     | 1201/2600 [2:25:36<2:06:08,  5.41s/it]
 46%|████▌     | 1202/2600 [2:25:42<2:05:45,  5.40s/it]
 46%|████▋     | 1203/2600 [2:25:47<2:05:38,  5.40s/it]
 46%|████▋     | 1204/2600 [2:25:53<2:05:21,  5.39s/it]
 46%|████▋     | 1205/2600 [2:25:58<2:05:26,  5.40s/it]
 46%|████▋     | 1206/2600 [2:26:03<2:05:13,  5.39s/it]
 46%|████▋     | 1207/2600 [2:26:09<2:05:16,  5.40s/it]
 46%|████▋     | 1208/2600 [2:26:14<2:05:00,  5.39s/it]
 46%|████▋     | 1209/2600 [2:26:20<2:05:00,  5.39s/it]
 47%|████▋     | 1210/2600 [2:26:25<2:05:20,  5.41s/it]
 47%|████▋     | 1211/2600 [2:26:30<2:04:36,  5.38s/it]
 47%|████▋     | 1212/2600 [2:26:36<2:05:06,  5.41s/it]
 47%|████▋     | 1213/2600 [2:26:41<2:04:46,  5.40s/it]
 47%|████▋     | 1214/2600 [2:26:47<2:05:08,  5.42s/it]
 47%|████▋     | 1215/2600 [2:26:52<2:04:22,  5.39s/it]
 47%|████▋     | 1216/2600 [2:26:57<2:04:47,  5.41s/it]
 47%|████▋     | 1217/2600 [2:27:03<2:03:49,  5.37s/it]
 47%|████▋     | 1218/2600 [2:27:08<2:04:20,  5.40s/it]
 47%|████▋     | 1219/2600 [2:27:13<2:03:44,  5.38s/it]
 47%|████▋     | 1220/2600 [2:27:19<2:04:10,  5.40s/it]
 47%|████▋     | 1221/2600 [2:27:24<2:04:50,  5.43s/it]
 47%|████▋     | 1222/2600 [2:27:30<2:03:37,  5.38s/it]
 47%|████▋     | 1223/2600 [2:27:35<2:04:07,  5.41s/it]
 47%|████▋     | 1224/2600 [2:27:40<2:03:31,  5.39s/it]
 47%|████▋     | 1225/2600 [2:27:46<2:04:00,  5.41s/it]
 47%|████▋     | 1226/2600 [2:27:51<2:03:25,  5.39s/it]
 47%|████▋     | 1227/2600 [2:27:57<2:03:54,  5.41s/it]
 47%|████▋     | 1228/2600 [2:28:02<2:03:17,  5.39s/it]
 47%|████▋     | 1229/2600 [2:28:08<2:03:40,  5.41s/it]
 47%|████▋     | 1230/2600 [2:28:13<2:02:58,  5.39s/it]
 47%|████▋     | 1231/2600 [2:28:18<2:03:23,  5.41s/it]
 47%|████▋     | 1232/2600 [2:28:24<2:03:46,  5.43s/it]
 47%|████▋     | 1233/2600 [2:28:29<2:02:55,  5.40s/it]
 47%|████▋     | 1234/2600 [2:28:35<2:03:39,  5.43s/it]
 48%|████▊     | 1235/2600 [2:28:40<2:02:52,  5.40s/it]
 48%|████▊     | 1236/2600 [2:28:45<2:03:13,  5.42s/it]
 48%|████▊     | 1237/2600 [2:28:51<2:02:26,  5.39s/it]
 48%|████▊     | 1238/2600 [2:28:56<2:02:29,  5.40s/it]
 48%|████▊     | 1239/2600 [2:29:02<2:01:57,  5.38s/it]
 48%|████▊     | 1240/2600 [2:29:07<2:02:42,  5.41s/it]
 48%|████▊     | 1241/2600 [2:29:12<2:01:43,  5.37s/it]
 48%|████▊     | 1242/2600 [2:29:18<2:02:10,  5.40s/it]
 48%|████▊     | 1243/2600 [2:29:23<2:02:27,  5.41s/it]
 48%|████▊     | 1244/2600 [2:29:29<2:01:41,  5.38s/it]
 48%|████▊     | 1245/2600 [2:29:34<2:02:10,  5.41s/it]
 48%|████▊     | 1246/2600 [2:29:39<2:01:29,  5.38s/it]
 48%|████▊     | 1247/2600 [2:29:45<2:01:57,  5.41s/it]
 48%|████▊     | 1248/2600 [2:29:50<2:01:16,  5.38s/it]
 48%|████▊     | 1249/2600 [2:29:56<2:01:39,  5.40s/it]
 48%|████▊     | 1250/2600 [2:30:01<2:01:22,  5.39s/it]
 48%|████▊     | 1251/2600 [2:30:06<2:01:43,  5.41s/it]
 48%|████▊     | 1252/2600 [2:30:12<2:00:43,  5.37s/it]
 48%|████▊     | 1253/2600 [2:30:17<2:01:11,  5.40s/it]
 48%|████▊     | 1254/2600 [2:30:23<2:01:32,  5.42s/it]
 48%|████▊     | 1255/2600 [2:30:28<2:01:06,  5.40s/it]
 48%|████▊     | 1256/2600 [2:30:33<2:01:26,  5.42s/it]
 48%|████▊     | 1257/2600 [2:30:39<2:00:41,  5.39s/it]
 48%|████▊     | 1258/2600 [2:30:44<2:01:03,  5.41s/it]
 48%|████▊     | 1259/2600 [2:30:50<2:00:19,  5.38s/it]
 48%|████▊     | 1260/2600 [2:30:55<2:00:23,  5.39s/it]
 48%|████▊     | 1261/2600 [2:31:00<1:59:49,  5.37s/it]
 49%|████▊     | 1262/2600 [2:31:06<2:00:20,  5.40s/it]
 49%|████▊     | 1263/2600 [2:31:11<2:00:08,  5.39s/it]
 49%|████▊     | 1264/2600 [2:31:16<2:00:11,  5.40s/it]
 49%|████▊     | 1265/2600 [2:31:22<2:00:52,  5.43s/it]
 49%|████▊     | 1266/2600 [2:31:27<1:59:39,  5.38s/it]
 49%|████▊     | 1267/2600 [2:31:33<2:00:08,  5.41s/it]
 49%|████▉     | 1268/2600 [2:31:38<1:59:51,  5.40s/it]
 49%|████▉     | 1269/2600 [2:31:44<2:00:14,  5.42s/it]
 49%|████▉     | 1270/2600 [2:31:49<1:59:11,  5.38s/it]
 49%|████▉     | 1271/2600 [2:31:54<2:00:00,  5.42s/it]
 49%|████▉     | 1272/2600 [2:32:00<1:59:16,  5.39s/it]
 49%|████▉     | 1273/2600 [2:32:05<1:59:18,  5.39s/it]
 49%|████▉     | 1274/2600 [2:32:10<1:59:07,  5.39s/it]
 49%|████▉     | 1275/2600 [2:32:16<1:59:28,  5.41s/it]
 49%|████▉     | 1276/2600 [2:32:21<1:59:21,  5.41s/it]
 49%|████▉     | 1277/2600 [2:32:27<1:58:36,  5.38s/it]
 49%|████▉     | 1278/2600 [2:32:32<1:59:02,  5.40s/it]
 49%|████▉     | 1279/2600 [2:32:37<1:58:23,  5.38s/it]
 49%|████▉     | 1280/2600 [2:32:43<1:58:52,  5.40s/it]
 49%|████▉     | 1281/2600 [2:32:48<1:58:37,  5.40s/it]
 49%|████▉     | 1282/2600 [2:32:54<1:58:38,  5.40s/it]
 49%|████▉     | 1283/2600 [2:32:59<1:58:02,  5.38s/it]
 49%|████▉     | 1284/2600 [2:33:05<1:58:50,  5.42s/it]
 49%|████▉     | 1285/2600 [2:33:10<1:57:50,  5.38s/it]
 49%|████▉     | 1286/2600 [2:33:15<1:58:15,  5.40s/it]
 50%|████▉     | 1287/2600 [2:33:21<1:58:31,  5.42s/it]
 50%|████▉     | 1288/2600 [2:33:26<1:58:05,  5.40s/it]
 50%|████▉     | 1289/2600 [2:33:31<1:58:02,  5.40s/it]
 50%|████▉     | 1290/2600 [2:33:37<1:57:27,  5.38s/it]
 50%|████▉     | 1291/2600 [2:33:42<1:57:56,  5.41s/it]
 50%|████▉     | 1292/2600 [2:33:48<1:57:19,  5.38s/it]
 50%|████▉     | 1293/2600 [2:33:53<1:57:44,  5.41s/it]
 50%|████▉     | 1294/2600 [2:33:58<1:57:09,  5.3(0,)
It 1300, sqrt loss 0.002554, Val sim-RMS 0.003585, Time Loss: 70.9%, data: 0.4%, val: 28.7%,  7.6 sec/batch
8s/it]
 50%|████▉     | 1295/2600 [2:34:04<1:57:33,  5.41s/it]
 50%|████▉     | 1296/2600 [2:34:09<1:57:18,  5.40s/it]
 50%|████▉     | 1297/2600 [2:34:15<1:57:15,  5.40s/it]
 50%|████▉     | 1298/2600 [2:34:20<1:57:37,  5.42s/it]
 50%|████▉     | 1299/2600 [2:34:25<1:56:52,  5.39s/it]
 50%|█████     | 1300/2600 [2:43:53<62:51:37, 174.07s/it]
 50%|█████     | 1301/2600 [2:43:59<44:33:13, 123.47s/it]
 50%|█████     | 1302/2600 [2:44:04<31:44:19, 88.03s/it] 
 50%|█████     | 1303/2600 [2:44:09<22:47:42, 63.27s/it]
 50%|█████     | 1304/2600 [2:44:15<16:31:09, 45.89s/it]
 50%|█████     | 1305/2600 [2:44:20<12:08:13, 33.74s/it]
 50%|█████     | 1306/2600 [2:44:26<9:05:04, 25.27s/it] 
 50%|█████     | 1307/2600 [2:44:31<6:55:20, 19.27s/it]
 50%|█████     | 1308/2600 [2:44:36<5:25:43, 15.13s/it]
 50%|█████     | 1309/2600 [2:44:42<4:22:33, 12.20s/it]
 50%|█████     | 1310/2600 [2:44:47<3:38:31, 10.16s/it]
 50%|█████     | 1311/2600 [2:44:53<3:08:03,  8.75s/it]
 50%|█████     | 1312/2600 [2:44:58<2:45:48,  7.72s/it]
 50%|█████     | 1313/2600 [2:45:03<2:31:04,  7.04s/it]
 51%|█████     | 1314/2600 [2:45:09<2:20:15,  6.54s/it]
 51%|█████     | 1315/2600 [2:45:14<2:12:51,  6.20s/it]
 51%|█████     | 1316/2600 [2:45:19<2:07:09,  5.94s/it]
 51%|█████     | 1317/2600 [2:45:25<2:04:00,  5.80s/it]
 51%|█████     | 1318/2600 [2:45:30<2:01:16,  5.68s/it]
 51%|█████     | 1319/2600 [2:45:36<1:59:27,  5.59s/it]
 51%|█████     | 1320/2600 [2:45:41<1:57:59,  5.53s/it]
 51%|█████     | 1321/2600 [2:45:47<1:57:25,  5.51s/it]
 51%|█████     | 1322/2600 [2:45:52<1:56:45,  5.48s/it]
 51%|█████     | 1323/2600 [2:45:57<1:55:57,  5.45s/it]
 51%|█████     | 1324/2600 [2:46:03<1:55:55,  5.45s/it]
 51%|█████     | 1325/2600 [2:46:08<1:54:43,  5.40s/it]
 51%|█████     | 1326/2600 [2:46:14<1:55:02,  5.42s/it]
 51%|█████     | 1327/2600 [2:46:19<1:54:23,  5.39s/it]
 51%|█████     | 1328/2600 [2:46:24<1:54:44,  5.41s/it]
 51%|█████     | 1329/2600 [2:46:30<1:54:59,  5.43s/it]
 51%|█████     | 1330/2600 [2:46:35<1:54:14,  5.40s/it]
 51%|█████     | 1331/2600 [2:46:41<1:54:33,  5.42s/it]
 51%|█████     | 1332/2600 [2:46:46<1:53:53,  5.39s/it]
 51%|█████▏    | 1333/2600 [2:46:51<1:54:14,  5.41s/it]
 51%|█████▏    | 1334/2600 [2:46:57<1:53:33,  5.38s/it]
 51%|█████▏    | 1335/2600 [2:47:02<1:53:57,  5.40s/it]
 51%|█████▏    | 1336/2600 [2:47:08<1:54:11,  5.42s/it]
 51%|█████▏    | 1337/2600 [2:47:13<1:53:51,  5.41s/it]
 51%|█████▏    | 1338/2600 [2:47:18<1:54:05,  5.42s/it]
 52%|█████▏    | 1339/2600 [2:47:24<1:53:06,  5.38s/it]
 52%|█████▏    | 1340/2600 [2:47:29<1:53:33,  5.41s/it]
 52%|█████▏    | 1341/2600 [2:47:35<1:52:57,  5.38s/it]
 52%|█████▏    | 1342/2600 [2:47:40<1:53:40,  5.42s/it]
 52%|█████▏    | 1343/2600 [2:47:45<1:53:49,  5.43s/it]
 52%|█████▏    | 1344/2600 [2:47:51<1:53:01,  5.40s/it]
 52%|█████▏    | 1345/2600 [2:47:56<1:53:08,  5.41s/it]
 52%|█████▏    | 1346/2600 [2:48:02<1:52:52,  5.40s/it]
 52%|█████▏    | 1347/2600 [2:48:07<1:53:10,  5.42s/it]
 52%|█████▏    | 1348/2600 [2:48:12<1:52:13,  5.38s/it]
 52%|█████▏    | 1349/2600 [2:48:18<1:52:56,  5.42s/it]
 52%|█████▏    | 1350/2600 [2:48:23<1:51:56,  5.37s/it]
 52%|█████▏    | 1351/2600 [2:48:29<1:52:46,  5.42s/it]
 52%|█████▏    | 1352/2600 [2:48:34<1:51:47,  5.37s/it]
 52%|█████▏    | 1353/2600 [2:48:39<1:52:32,  5.41s/it]
 52%|█████▏    | 1354/2600 [2:48:45<1:52:28,  5.42s/it]
 52%|█████▏    | 1355/2600 [2:48:50<1:51:49,  5.39s/it]
 52%|█████▏    | 1356/2600 [2:48:56<1:52:12,  5.41s/it]
 52%|█████▏    | 1357/2600 [2:49:01<1:51:36,  5.39s/it]
 52%|█████▏    | 1358/2600 [2:49:06<1:52:00,  5.41s/it]
 52%|█████▏    | 1359/2600 [2:49:12<1:51:24,  5.39s/it]
 52%|█████▏    | 1360/2600 [2:49:17<1:51:46,  5.41s/it]
 52%|█████▏    | 1361/2600 [2:49:23<1:51:10,  5.38s/it]
 52%|█████▏    | 1362/2600 [2:49:28<1:51:36,  5.41s/it]
 52%|█████▏    | 1363/2600 [2:49:33<1:51:17,  5.40s/it]
 52%|█████▏    | 1364/2600 [2:49:39<1:51:15,  5.40s/it]
 52%|█████▎    | 1365/2600 [2:49:44<1:51:52,  5.43s/it]
 53%|█████▎    | 1366/2600 [2:49:50<1:51:04,  5.40s/it]
 53%|█████▎    | 1367/2600 [2:49:55<1:51:03,  5.40s/it]
 53%|█████▎    | 1368/2600 [2:50:00<1:50:29,  5.38s/it]
 53%|█████▎    | 1369/2600 [2:50:06<1:50:53,  5.40s/it]
 53%|█████▎    | 1370/2600 [2:50:11<1:50:22,  5.38s/it]
 53%|█████▎    | 1371/2600 [2:50:17<1:50:44,  5.41s/it]
 53%|█████▎    | 1372/2600 [2:50:22<1:50:29,  5.40s/it]
 53%|█████▎    | 1373/2600 [2:50:27<1:50:49,  5.42s/it]
 53%|█████▎    | 1374/2600 [2:50:33<1:49:51,  5.38s/it]
 53%|█████▎    | 1375/2600 [2:50:38<1:50:15,  5.40s/it]
 53%|█████▎    | 1376/2600 [2:50:44<1:50:34,  5.42s/it]
 53%|█████▎    | 1377/2600 [2:50:49<1:49:53,  5.39s/it]
 53%|█████▎    | 1378/2600 [2:50:54<1:50:13,  5.41s/it]
 53%|█████▎    | 1379/2600 [2:51:00<1:49:37,  5.39s/it]
 53%|█████▎    | 1380/2600 [2:51:05<1:50:15,  5.42s/it]
 53%|█████▎    | 1381/2600 [2:51:11<1:49:16,  5.38s/it]
 53%|█████▎    | 1382/2600 [2:51:16<1:49:42,  5.40s/it]
 53%|█████▎    | 1383/2600 [2:51:21<1:49:27,  5.40s/it]
 53%|█████▎    | 1384/2600 [2:51:27<1:49:21,  5.40s/it]
 53%|█████▎    | 1385/2600 [2:51:32<1:49:05,  5.39s/it]
 53%|█████▎    | 1386/2600 [2:51:38<1:49:04,  5.39s/it]
 53%|█████▎    | 1387/2600 [2:51:43<1:49:43,  5.43s/it]
 53%|█████▎    | 1388/2600 [2:51:48<1:48:44,  5.38s/it]
 53%|█████▎    | 1389/2600 [2:51:54<1:49:28,  5.42s/it]
 53%|█████▎    | 1390/2600 [2:51:59<1:48:29,  5.38s/it]
 54%|█████▎    | 1391/2600 [2:52:05<1:49:13,  5.42s/it]
 54%|█████▎    | 1392/2600 [2:52:10<1:48:32,  5.39s/it]
 54%|█████▎    | 1393/2600 [2:52:15<1:48:33,  5.40s/it]
 54%|█████▎    | 1394/2600 [2:52:21<1:48:02,  5.38s/it]
 54%|█████▎    | 1395/2600 [2:52:26<1:48:41,  5.41s/it]
 54%|█████▎    | 1396/2600 [2:52:32<1:47:48,  5.37s/it]
 54%|█████▎    | 1397/2600 [2:52:37<1:48:30,  5.41s/it]
 54%|█████▍    | 1398/2600 [2:52:42<1:48:45,  5.43s/it]
 54%|█████▍    | 1399/2600 [2:52:48<1:47:43,  5.38s/it]
 54%|█████▍    | 1400/2600 [2:52:53<1:48:04,  5.40s/it]
 54%|█████▍    | 1401/2600 [2:52:59<1:47:49,  5.40s/it]
 54%|█████▍    | 1402/2600 [2:53:04<1:47:48,  5.40s/it]
 54%|█████▍    | 1403/2600 [2:53:09<1:47:15,  5.38s/it]
 54%|█████▍    | 1404/2600 [2:53:15<1:47:40,  5.40s/it]
 54%|█████▍    | 1405/2600 [2:53:20<1:47:06,  5.38s/it]
 54%|█████▍    | 1406/2600 [2:53:26<1:47:26,  5.40s/it]
 54%|█████▍    | 1407/2600 [2:53:31<1:47:12,  5.39s/it]
 54%|█████▍    | 1408/2600 [2:53:36<1:47:09,  5.39s/it]
 54%|█████▍    | 1409/2600 [2:53:42<1:47:28,  5.41s/it]
 54%|█████▍    | 1410/2600 [2:53:47<1:47:08,  5.40s/it]
 54%|█████▍    | 1411/2600 [2:53:53<1:47:06,  5.41s/it]
 54%|█████▍    | 1412/2600 [2:53:58<1:46:34,  5.38s/it]
 54%|█████▍    | 1413/2600 [2:54:03<1:46:59,  5.41s/it]
 54%|█████▍    | 1414/2600 [2:54:09<1:46:24,  5.38s/it]
 54%|█████▍    | 1415/2600 [2:54:14<1:46:47,  5.41s/it]
 54%|█████▍    | 1416/2600 [2:54:19<1:46:11,  5.38s/it]
 55%|█████▍    | 1417/2600 [2:54:25<1:46:50,  5.42s/it]
 55%|█████▍    | 1418/2600 [2:54:30<1:45:50,  5.37s/it]
 55%|█████▍    | 1419/2600 [2:54:36<1:46:31,  5.41s/it]
 55%|█████▍    | 1420/2600 [2:54:41<1:46:28,  5.41s/it]
 55%|█████▍    | 1421/2600 [2:54:47<1:45:52,  5.39s/it]
 55%|█████▍    | 1422/2600 [2:54:52<1:46:31,  5.43s/it]
 55%|█████▍    | 1423/2600 [2:54:57<1:45:32,  5.38s/it]
 55%|█████▍    | 1424/2600 [2:55:03<1:45:58,  5.41s/it]
 55%|█████▍    | 1425/2600 [2:55:08<1:45:25,  5.38s/it]
 55%|█████▍    | 1426/2600 [2:55:14<1:45:50,  5.41s/it]
 55%|█████▍    | 1427/2600 [2:55:19<1:45:14,  5.38s/it]
 55%|█████▍    | 1428/2600 [2:55:24<1:45:33,  5.40s/it]
 55%|█████▍    | 1429/2600 [2:55:30<1:44:59,  5.38s/it]
 55%|█████▌    | 1430/2600 [2:55:35<1:45:35,  5.42s/it]
 55%|█████▌    | 1431/2600 [2:55:41<1:45:28,  5.41s/it]
 55%|█████▌    | 1432/2600 [2:55:46<1:45:08,  5.40s/it]
 55%|█████▌    | 1433/2600 [2:55:51<1:45:23,  5.42s/it]
 55%|█████▌    | 1434/2600 [2:55:57<1:44:44,  5.39s/it]
 55%|█████▌    | 1435/2600 [2:56:02<1:44:49,  5.40s/it]
 55%|█████▌    | 1436/2600 [2:56:07<1:44:21,  5.38s/it]
 55%|█████▌    | 1437/2600 [2:56:13<1:44:45,  5.40s/it]
 55%|█████▌    | 1438/2600 [2:56:18<1:44:15,  5.38s/it]
 55%|█████▌    | 1439/2600 [2:56:24<1:44:55,  5.42s/it]
 55%|█████▌    | 1440/2600 [2:56:29<1:43:54,  5.37s/it]
 55%|█████▌    | 1441/2600 [2:56:35<1:44:18,  5.40s/it]
 55%|█████▌    | 1442/2600 [2:56:40<1:44:34,  5.42s/it]
 56%|█████▌    | 1443/2600 [2:56:45<1:44:12,  5.40s/it]
 56%|█████▌    | 1444/2600 [2:56:51<1:44:10,  5.41s/it]
 56%|█████▌    | 1445/2600 [2:56:56<1:43:54,  5.40s/it]
 56%|█████▌    | 1446/2600 [2:57:02<1:43:54,  5.40s/it]
 56%|█████▌    | 1447/2600 [2:57:07<1:43:21,  5.38s/it]
 56%|█████▌    | 1448/2600 [2:57:12<1:44:01,  5.42s/it]
 56%|█████▌    | 1449/2600 [2:57:18<1:43:25,  5.39s/it]
 56%|█████▌    | 1450/2600 [2:57:23<1:43:25,  5.40s/it]
 56%|█████▌    | 1451/2600 [2:57:28<1:42:53,  5.37s/it]
 56%|█████▌    | 1452/2600 [2:57:34<1:43:16,  5.40s/it]
 56%|█████▌    | 1453/2600 [2:57:39<1:43:47,  5.43s/it]
 56%|█████▌    | 1454/2600 [2:57:45<1:42:47,  5.38s/it]
 56%|█████▌    | 1455/2600 [2:57:50<1:43:09,  5.41s/it]
 56%|█████▌    | 1456/2600 [2:57:56<1:42:53,  5.40s/it]
 56%|█████▌    | 1457/2600 [2:58:01<1:43:09,  5.42s/it]
 56%|█████▌    | 1458/2600 [2:58:06<1:42:18,  5.38s/it]
 56%|█████▌    | 1459/2600 [2:58:12<1:42:43,  5.40s/it]
 56%|█████▌    | 1460/2600 [2:58:17<1:42:13,  5.38s/it]
 56%|█████▌    | 1461/2600 [2:58:23<1:42:35,  5.40s/it]
 56%|█████▌    | 1462/2600 [2:58:28<1:42:16,  5.39s/it]
 56%|█████▋    | 1463/2600 [2:58:33<1:42:32,  5.41s/it]
 56%|█████▋    | 1464/2600 [2:58:39<1:42:29,  5.41s/it]
 56%|█████▋    | 1465/2600 [2:58:44<1:41:55,  5.39s/it]
 56%|█████▋    | 1466/2600 [2:58:50<1:42:15,  5.41s/it]
 56%|█████▋    | 1467/2600 [2:58:55<1:41:41,  5.39s/it]
 56%|█████▋    | 1468/2600 [2:59:00<1:42:19,  5.42s/it]
 56%|█████▋    | 1469/2600 [2:59:06<1:41:22,  5.38s/it]
 57%|█████▋    | 1470/2600 [2:59:11<1:41:45,  5.40s/it]
 57%|█████▋    | 1471/2600 [2:59:16<1:41:33,  5.40s/it]
 57%|█████▋    | 1472/2600 [2:59:22<1:41:30,  5.40s/it]
 57%|█████▋    | 1473/2600 [2:59:27<1:41:14,  5.39s/it]
 57%|█████▋    | 1474/2600 [2:59:33<1:41:30,  5.41s/it]
 57%|█████▋    | 1475/2600 [2:59:38<1:41:25,  5.41s/it]
 57%|█████▋    | 1476/2600 [2:59:43<1:40:49,  5.38s/it]
 57%|█████▋    | 1477/2600 [2:59:49<1:41:09,  5.40s/it]
 57%|█████▋    | 1478/2600 [2:59:54<1:40:38,  5.38s/it]
 57%|█████▋    | 1479/2600 [3:00:00<1:41:02,  5.41s/it]
 57%|█████▋    | 1480/2600 [3:00:05<1:40:32,  5.39s/it]
 57%|█████▋    | 1481/2600 [3:00:11<1:40:55,  5.41s/it]
 57%|█████▋    | 1482/2600 [3:00:16<1:40:21,  5.39s/it]
 57%|█████▋    | 1483/2600 [3:00:21<1:40:59,  5.42s/it]
 57%|█████▋    | 1484/2600 [3:00:27<1:40:18,  5.39s/it]
 57%|█████▋    | 1485/2600 [3:00:32<1:40:34,  5.41s/it]
 57%|█████▋    | 1486/2600 [3:00:38<1:40:45,  5.43s/it]
 57%|█████▋    | 1487/2600 [3:00:43<1:39:49,  5.38s/it]
 57%|█████▋    | 1488/2600 [3:00:48<1:40:10,  5.40s/it]
 57%|█████▋    | 1489/2600 [3:00:54<1:39:54,  5.40s/it]
 57%|█████▋    | 1490/2600 [3:00:59<1:39:55,  5.40s/it]
 57%|█████▋    | 1491/2600 [3:01:04<1:39:24,  5.38s/it]
 57%|█████▋    | 1492/2600 [3:01:10<1:39:46,  5.40s/it]
 57%|█████▋    | 1493/2600 [3:01:15<1:39:16,  5.38s/it]
 57%|█████▋    | 1494/2600 [3:01:21<1:39:36,  5.40s/it]
 57%|█████▊    | 1495/2600 [3:01:26<1:39:00,  5.38s/it]
 58%|█████▊    | 1496/2600 [3:01:31<1:39:21,  5.40s/it]
 58%|█████▊    | 1497/2600 [3:01:37<1:39:36,  5.42s/it]
 58%|█████▊    | 1498/2600 [3:01:42<1:39:01,  5.39s/it]
 58%|█████▊    | 1499/2600 [3:01:48<1:39:18,  5.41s/it]
 58%|█████▊    | 1500/2600 [3:01:53<1:38:48,  5.39s/it]
 58%|█████▊    | 1501/2600 [3:01:58<1:39:08,  5.41s/it]
 58%|█████▊    | 1502/2600 [3:02:04<1:38:53,  5.40s/it]
 58%|█████▊    | 1503/2600 [3:02:09<1:38:51,  5.41s/it]
 58%|█████▊    | 1504/2600 [3:02:15<1:38:22,  5.39s/it]
 58%|█████▊    | 1505/2600 [3:02:20<1:38:43,  5.41s/it]
 58%|█████▊    | 1506/2600 [3:02:25<1:38:24,  5.40s/it]
 58%|█████▊    | 1507/2600 [3:02:31<1:38:39,  5.42s/it]
 58%|█████▊    | 1508/2600 [3:02:36<1:38:32,  5.41s/it]
 58%|█████▊    | 1509/2600 [3:02:42<1:38:17,  5.41s/it]
 58%|█████▊    | 1510/2600 [3:02:47<1:38:30,  5.42s/it]
 58%|█████▊    | 1511/2600 [3:02:52<1:37:36,  5.38s/it]
 58%|█████▊    | 1512/2600 [3:02:58<1:37:57,  5.40s/it]
 58%|█████▊    | 1513/2600 [3:03:03<1:37:43,  5.39s/it]
 58%|█████▊    | 1514/2600 [3:03:09<1:38:00,  5.41s/it]
 58%|█████▊    | 1515/2600 [3:03:14<1:37:27,  5.39s/it]
 58%|█████▊    | 1516/2600 [3:03:19<1:37:28,  5.39s/it]
 58%|█████▊    | 1517/2600 [3:03:25<1:36:56,  5.37s/it]
 58%|█████▊    | 1518/2600 [3:03:30<1:37:16,  5.39s/it]
 58%|█████▊    | 1519/2600 [3:03:36<1:37:35,  5.42s/it]
 58%|█████▊    | 1520/2600 [3:03:41<1:37:15,  5.40s/it]
 58%|█████▊    | 1521/2600 [3:03:47<1:37:29,  5.42s/it]
 59%|█████▊    | 1522/2600 [3:03:52<1:36:42,  5.38s/it]
 59%|█████▊    | 1523/2600 [3:03:57<1:37:16,  5.42s/it]
 59%|█████▊    | 1524/2600 [3:04:03<1:36:27,  5.38s/it]
 59%|█████▊    | 1525/2600 [3:04:08<1:37:04,  5.42s/it]
 59%|█████▊    | 1526/2600 [3:04:13<1:36:13,  5.38s/it]
 59%|█████▊    | 1527/2600 [3:04:19<1:36:52,  5.42s/it]
 59%|█████▉    | 1528/2600 [3:04:24<1:36:00,  5.37s/it]
 59%|█████▉    | 1529/2600 [3:04:30<1:36:37,  5.41s/it]
 59%|█████▉    | 1530/2600 [3:04:35<1:36:30,  5.41s/it]
 59%|█████▉    | 1531/2600 [3:04:40<1:35:58,  5.39s/it]
 59%|█████▉    | 1532/2600 [3:04:46<1:36:16,  5.41s/it]
 59%|█████▉    | 1533/2600 [3:04:51<1:35:43,  5.38s/it]
 59%|█████▉    | 1534/2600 [3:04:57<1:36:19,  5.42s/it]
 59%|█████▉    | 1535/2600 [3:05:02<1:35:25,  5.38s/it]
 59%|█████▉    | 1536/2600 [3:05:07<1:35:47,  5.40s/it]
 59%|█████▉    | 1537/2600 [3:05:13<1:35:33,  5.39s/it]
 59%|█████▉    | 1538/2600 [3:05:18<1:35:48,  5.41s/it]
 59%|█████▉    | 1539/2600 [3:05:24<1:34:59,  5.37s/it]
 59%|█████▉    | 1540/2600 [3:05:29<1:35:35,  5.41s/it]
 59%|█████▉    | 1541/2600 [3:05:35<1:35:45,  5.43s/it]
 59%|█████▉    | 1542/2600 [3:05:40<1:34:47,  5.38s/it]
 59%|█████▉    | 1543/2600 [3:05:45<1:35:10,  5.40s/it]
 59%|█████▉    | 1544/2600 [3:05:51<1:34:40,  5.38s/it]
 59%|█████▉    | 1545/2600 [3:05:56<1:35:02,  5.41s/it]
 59%|█████▉    | 1546/2600 [3:06:01<1:34:47,  5.40s/it]
 60%|█████▉    | 1547/2600 [3:06:07<1:34:45,  5.40s/it]
 60%|█████▉    | 1548/2600 [3:06:12<1:34:18,  5.38s/it]
 60%|█████▉    | 1549/2600 [3:06:18<1:34:39,  5.40s/it]
 60%|█████▉    | 1550/2600 [3:06:23<1:34:09,  5.38s/it]
 60%|█████▉    | 1551/2600 [3:06:28<1:34:25,  5(0,)
It 1560, sqrt loss 0.003888, Val sim-RMS 0.002198, Time Loss: 70.9%, data: 0.4%, val: 28.7%,  7.6 sec/batch
.40s/it]
 60%|█████▉    | 1552/2600 [3:06:34<1:34:56,  5.44s/it]
 60%|█████▉    | 1553/2600 [3:06:39<1:33:58,  5.39s/it]
 60%|█████▉    | 1554/2600 [3:06:45<1:34:34,  5.42s/it]
 60%|█████▉    | 1555/2600 [3:06:50<1:33:41,  5.38s/it]
 60%|█████▉    | 1556/2600 [3:06:55<1:33:59,  5.40s/it]
 60%|█████▉    | 1557/2600 [3:07:01<1:33:30,  5.38s/it]
 60%|█████▉    | 1558/2600 [3:07:06<1:34:04,  5.42s/it]
 60%|█████▉    | 1559/2600 [3:07:12<1:33:14,  5.37s/it]
 60%|██████    | 1560/2600 [3:16:40<50:20:06, 174.24s/it]
 60%|██████    | 1561/2600 [3:16:45<35:40:06, 123.59s/it]
 60%|██████    | 1562/2600 [3:16:51<25:24:58, 88.15s/it] 
 60%|██████    | 1563/2600 [3:16:56<18:14:03, 63.30s/it]
 60%|██████    | 1564/2600 [3:17:01<13:13:21, 45.95s/it]
 60%|██████    | 1565/2600 [3:17:07<9:42:21, 33.76s/it] 
 60%|██████    | 1566/2600 [3:17:12<7:15:29, 25.27s/it]
 60%|██████    | 1567/2600 [3:17:18<5:32:02, 19.29s/it]
 60%|██████    | 1568/2600 [3:17:23<4:20:20, 15.14s/it]
 60%|██████    | 1569/2600 [3:17:28<3:30:19, 12.24s/it]
 60%|██████    | 1570/2600 [3:17:34<2:54:32, 10.17s/it]
 60%|██████    | 1571/2600 [3:17:39<2:30:22,  8.77s/it]
 60%|██████    | 1572/2600 [3:17:45<2:12:16,  7.72s/it]
 60%|██████    | 1573/2600 [3:17:50<2:00:32,  7.04s/it]
 61%|██████    | 1574/2600 [3:17:55<1:51:37,  6.53s/it]
 61%|██████    | 1575/2600 [3:18:01<1:46:18,  6.22s/it]
 61%|██████    | 1576/2600 [3:18:06<1:41:21,  5.94s/it]
 61%|██████    | 1577/2600 [3:18:12<1:39:02,  5.81s/it]
 61%|██████    | 1578/2600 [3:18:17<1:37:11,  5.71s/it]
 61%|██████    | 1579/2600 [3:18:22<1:34:55,  5.58s/it]
 61%|██████    | 1580/2600 [3:18:28<1:34:35,  5.56s/it]
 61%|██████    | 1581/2600 [3:18:33<1:33:03,  5.48s/it]
 61%|██████    | 1582/2600 [3:18:39<1:33:07,  5.49s/it]
 61%|██████    | 1583/2600 [3:18:44<1:32:11,  5.44s/it]
 61%|██████    | 1584/2600 [3:18:50<1:32:13,  5.45s/it]
 61%|██████    | 1585/2600 [3:18:55<1:31:14,  5.39s/it]
 61%|██████    | 1586/2600 [3:19:00<1:31:29,  5.41s/it]
 61%|██████    | 1587/2600 [3:19:06<1:30:57,  5.39s/it]
 61%|██████    | 1588/2600 [3:19:11<1:31:28,  5.42s/it]
 61%|██████    | 1589/2600 [3:19:17<1:31:36,  5.44s/it]
 61%|██████    | 1590/2600 [3:19:22<1:30:42,  5.39s/it]
 61%|██████    | 1591/2600 [3:19:27<1:31:17,  5.43s/it]
 61%|██████    | 1592/2600 [3:19:33<1:30:26,  5.38s/it]
 61%|██████▏   | 1593/2600 [3:19:38<1:30:59,  5.42s/it]
 61%|██████▏   | 1594/2600 [3:19:43<1:30:10,  5.38s/it]
 61%|██████▏   | 1595/2600 [3:19:49<1:30:46,  5.42s/it]
 61%|██████▏   | 1596/2600 [3:19:54<1:29:57,  5.38s/it]
 61%|██████▏   | 1597/2600 [3:20:00<1:30:32,  5.42s/it]
 61%|██████▏   | 1598/2600 [3:20:05<1:30:00,  5.39s/it]
 62%|██████▏   | 1599/2600 [3:20:10<1:30:00,  5.40s/it]
 62%|██████▏   | 1600/2600 [3:20:16<1:30:16,  5.42s/it]
 62%|██████▏   | 1601/2600 [3:20:21<1:30:00,  5.41s/it]
 62%|██████▏   | 1602/2600 [3:20:27<1:30:17,  5.43s/it]
 62%|██████▏   | 1603/2600 [3:20:32<1:29:27,  5.38s/it]
 62%|██████▏   | 1604/2600 [3:20:38<1:30:00,  5.42s/it]
 62%|██████▏   | 1605/2600 [3:20:43<1:29:12,  5.38s/it]
 62%|██████▏   | 1606/2600 [3:20:48<1:29:29,  5.40s/it]
 62%|██████▏   | 1607/2600 [3:20:54<1:29:22,  5.40s/it]
 62%|██████▏   | 1608/2600 [3:20:59<1:29:21,  5.40s/it]
 62%|██████▏   | 1609/2600 [3:21:04<1:28:52,  5.38s/it]
 62%|██████▏   | 1610/2600 [3:21:10<1:29:09,  5.40s/it]
 62%|██████▏   | 1611/2600 [3:21:15<1:29:35,  5.44s/it]
 62%|██████▏   | 1612/2600 [3:21:21<1:28:41,  5.39s/it]
 62%|██████▏   | 1613/2600 [3:21:26<1:29:15,  5.43s/it]
 62%|██████▏   | 1614/2600 [3:21:32<1:28:41,  5.40s/it]
 62%|██████▏   | 1615/2600 [3:21:37<1:28:54,  5.42s/it]
 62%|██████▏   | 1616/2600 [3:21:42<1:28:06,  5.37s/it]
 62%|██████▏   | 1617/2600 [3:21:48<1:28:28,  5.40s/it]
 62%|██████▏   | 1618/2600 [3:21:53<1:28:00,  5.38s/it]
 62%|██████▏   | 1619/2600 [3:21:59<1:28:16,  5.40s/it]
 62%|██████▏   | 1620/2600 [3:22:04<1:28:03,  5.39s/it]
 62%|██████▏   | 1621/2600 [3:22:09<1:28:01,  5.39s/it]
 62%|██████▏   | 1622/2600 [3:22:15<1:28:16,  5.42s/it]
 62%|██████▏   | 1623/2600 [3:22:20<1:27:45,  5.39s/it]
 62%|██████▏   | 1624/2600 [3:22:26<1:28:21,  5.43s/it]
 62%|██████▎   | 1625/2600 [3:22:31<1:27:32,  5.39s/it]
 63%|██████▎   | 1626/2600 [3:22:36<1:27:48,  5.41s/it]
 63%|██████▎   | 1627/2600 [3:22:42<1:27:20,  5.39s/it]
 63%|██████▎   | 1628/2600 [3:22:47<1:27:49,  5.42s/it]
 63%|██████▎   | 1629/2600 [3:22:52<1:27:02,  5.38s/it]
 63%|██████▎   | 1630/2600 [3:22:58<1:27:20,  5.40s/it]
 63%|██████▎   | 1631/2600 [3:23:03<1:26:51,  5.38s/it]
 63%|██████▎   | 1632/2600 [3:23:09<1:27:08,  5.40s/it]
 63%|██████▎   | 1633/2600 [3:23:14<1:27:37,  5.44s/it]
 63%|██████▎   | 1634/2600 [3:23:19<1:26:42,  5.39s/it]
 63%|██████▎   | 1635/2600 [3:23:25<1:27:02,  5.41s/it]
 63%|██████▎   | 1636/2600 [3:23:30<1:26:34,  5.39s/it]
 63%|██████▎   | 1637/2600 [3:23:36<1:27:04,  5.43s/it]
 63%|██████▎   | 1638/2600 [3:23:41<1:26:18,  5.38s/it]
 63%|██████▎   | 1639/2600 [3:23:47<1:26:35,  5.41s/it]
 63%|██████▎   | 1640/2600 [3:23:52<1:26:07,  5.38s/it]
 63%|██████▎   | 1641/2600 [3:23:57<1:26:41,  5.42s/it]
 63%|██████▎   | 1642/2600 [3:24:03<1:25:55,  5.38s/it]
 63%|██████▎   | 1643/2600 [3:24:08<1:26:12,  5.40s/it]
 63%|██████▎   | 1644/2600 [3:24:14<1:26:25,  5.42s/it]
 63%|██████▎   | 1645/2600 [3:24:19<1:26:06,  5.41s/it]
 63%|██████▎   | 1646/2600 [3:24:24<1:26:15,  5.43s/it]
 63%|██████▎   | 1647/2600 [3:24:30<1:25:28,  5.38s/it]
 63%|██████▎   | 1648/2600 [3:24:35<1:26:02,  5.42s/it]
 63%|██████▎   | 1649/2600 [3:24:41<1:25:18,  5.38s/it]
 63%|██████▎   | 1650/2600 [3:24:46<1:25:36,  5.41s/it]
 64%|██████▎   | 1651/2600 [3:24:51<1:25:07,  5.38s/it]
 64%|██████▎   | 1652/2600 [3:24:57<1:25:25,  5.41s/it]
 64%|██████▎   | 1653/2600 [3:25:02<1:25:12,  5.40s/it]
 64%|██████▎   | 1654/2600 [3:25:08<1:25:12,  5.40s/it]
 64%|██████▎   | 1655/2600 [3:25:13<1:25:25,  5.42s/it]
 64%|██████▎   | 1656/2600 [3:25:18<1:25:08,  5.41s/it]
 64%|██████▎   | 1657/2600 [3:25:24<1:25:16,  5.43s/it]
 64%|██████▍   | 1658/2600 [3:25:29<1:24:25,  5.38s/it]
 64%|██████▍   | 1659/2600 [3:25:35<1:24:44,  5.40s/it]
 64%|██████▍   | 1660/2600 [3:25:40<1:24:16,  5.38s/it]
 64%|██████▍   | 1661/2600 [3:25:45<1:24:46,  5.42s/it]
 64%|██████▍   | 1662/2600 [3:25:51<1:24:15,  5.39s/it]
 64%|██████▍   | 1663/2600 [3:25:56<1:24:29,  5.41s/it]
 64%|██████▍   | 1664/2600 [3:26:02<1:24:00,  5.38s/it]
 64%|██████▍   | 1665/2600 [3:26:07<1:24:00,  5.39s/it]
 64%|██████▍   | 1666/2600 [3:26:12<1:24:15,  5.41s/it]
 64%|██████▍   | 1667/2600 [3:26:18<1:23:48,  5.39s/it]
 64%|██████▍   | 1668/2600 [3:26:23<1:24:05,  5.41s/it]
 64%|██████▍   | 1669/2600 [3:26:29<1:23:31,  5.38s/it]
 64%|██████▍   | 1670/2600 [3:26:34<1:24:03,  5.42s/it]
 64%|██████▍   | 1671/2600 [3:26:39<1:23:20,  5.38s/it]
 64%|██████▍   | 1672/2600 [3:26:45<1:23:53,  5.42s/it]
 64%|██████▍   | 1673/2600 [3:26:50<1:23:09,  5.38s/it]
 64%|██████▍   | 1674/2600 [3:26:56<1:23:26,  5.41s/it]
 64%|██████▍   | 1675/2600 [3:27:01<1:22:58,  5.38s/it]
 64%|██████▍   | 1676/2600 [3:27:06<1:23:26,  5.42s/it]
 64%|██████▍   | 1677/2600 [3:27:12<1:23:22,  5.42s/it]
 65%|██████▍   | 1678/2600 [3:27:17<1:22:51,  5.39s/it]
 65%|██████▍   | 1679/2600 [3:27:23<1:23:17,  5.43s/it]
 65%|██████▍   | 1680/2600 [3:27:28<1:22:28,  5.38s/it]
 65%|██████▍   | 1681/2600 [3:27:33<1:22:47,  5.41s/it]
 65%|██████▍   | 1682/2600 [3:27:39<1:22:19,  5.38s/it]
 65%|██████▍   | 1683/2600 [3:27:44<1:22:37,  5.41s/it]
 65%|██████▍   | 1684/2600 [3:27:50<1:22:11,  5.38s/it]
 65%|██████▍   | 1685/2600 [3:27:55<1:22:26,  5.41s/it]
 65%|██████▍   | 1686/2600 [3:28:00<1:21:58,  5.38s/it]
 65%|██████▍   | 1687/2600 [3:28:06<1:22:14,  5.40s/it]
 65%|██████▍   | 1688/2600 [3:28:11<1:22:24,  5.42s/it]
 65%|██████▍   | 1689/2600 [3:28:17<1:21:52,  5.39s/it]
 65%|██████▌   | 1690/2600 [3:28:22<1:22:18,  5.43s/it]
 65%|██████▌   | 1691/2600 [3:28:27<1:21:28,  5.38s/it]
 65%|██████▌   | 1692/2600 [3:28:33<1:21:48,  5.41s/it]
 65%|██████▌   | 1693/2600 [3:28:38<1:21:23,  5.38s/it]
 65%|██████▌   | 1694/2600 [3:28:44<1:21:55,  5.43s/it]
 65%|██████▌   | 1695/2600 [3:28:49<1:21:24,  5.40s/it]
 65%|██████▌   | 1696/2600 [3:28:54<1:21:20,  5.40s/it]
 65%|██████▌   | 1697/2600 [3:29:00<1:20:57,  5.38s/it]
 65%|██████▌   | 1698/2600 [3:29:05<1:21:26,  5.42s/it]
 65%|██████▌   | 1699/2600 [3:29:11<1:21:19,  5.42s/it]
 65%|██████▌   | 1700/2600 [3:29:16<1:20:49,  5.39s/it]
 65%|██████▌   | 1701/2600 [3:29:22<1:21:18,  5.43s/it]
 65%|██████▌   | 1702/2600 [3:29:27<1:20:30,  5.38s/it]
 66%|██████▌   | 1703/2600 [3:29:32<1:20:46,  5.40s/it]
 66%|██████▌   | 1704/2600 [3:29:38<1:20:35,  5.40s/it]
 66%|██████▌   | 1705/2600 [3:29:43<1:20:32,  5.40s/it]
 66%|██████▌   | 1706/2600 [3:29:48<1:20:22,  5.39s/it]
 66%|██████▌   | 1707/2600 [3:29:54<1:20:34,  5.41s/it]
 66%|██████▌   | 1708/2600 [3:29:59<1:19:53,  5.37s/it]
 66%|██████▌   | 1709/2600 [3:30:05<1:20:23,  5.41s/it]
 66%|██████▌   | 1710/2600 [3:30:10<1:20:32,  5.43s/it]
 66%|██████▌   | 1711/2600 [3:30:15<1:19:46,  5.38s/it]
 66%|██████▌   | 1712/2600 [3:30:21<1:20:14,  5.42s/it]
 66%|██████▌   | 1713/2600 [3:30:26<1:19:41,  5.39s/it]
 66%|██████▌   | 1714/2600 [3:30:32<1:19:55,  5.41s/it]
 66%|██████▌   | 1715/2600 [3:30:37<1:19:13,  5.37s/it]
 66%|██████▌   | 1716/2600 [3:30:42<1:19:32,  5.40s/it]
 66%|██████▌   | 1717/2600 [3:30:48<1:19:08,  5.38s/it]
 66%|██████▌   | 1718/2600 [3:30:53<1:19:24,  5.40s/it]
 66%|██████▌   | 1719/2600 [3:30:59<1:19:00,  5.38s/it]
 66%|██████▌   | 1720/2600 [3:31:04<1:19:14,  5.40s/it]
 66%|██████▌   | 1721/2600 [3:31:09<1:19:24,  5.42s/it]
 66%|██████▌   | 1722/2600 [3:31:15<1:18:54,  5.39s/it]
 66%|██████▋   | 1723/2600 [3:31:20<1:19:06,  5.41s/it]
 66%|██████▋   | 1724/2600 [3:31:26<1:18:35,  5.38s/it]
 66%|██████▋   | 1725/2600 [3:31:31<1:18:50,  5.41s/it]
 66%|██████▋   | 1726/2600 [3:31:36<1:18:23,  5.38s/it]
 66%|██████▋   | 1727/2600 [3:31:42<1:18:57,  5.43s/it]
 66%|██████▋   | 1728/2600 [3:31:47<1:18:24,  5.40s/it]
 66%|██████▋   | 1729/2600 [3:31:53<1:18:22,  5.40s/it]
 67%|██████▋   | 1730/2600 [3:31:58<1:18:09,  5.39s/it]
 67%|██████▋   | 1731/2600 [3:32:03<1:18:19,  5.41s/it]
 67%|██████▋   | 1732/2600 [3:32:09<1:18:16,  5.41s/it]
 67%|██████▋   | 1733/2600 [3:32:14<1:17:49,  5.39s/it]
 67%|██████▋   | 1734/2600 [3:32:20<1:18:03,  5.41s/it]
 67%|██████▋   | 1735/2600 [3:32:25<1:17:49,  5.40s/it]
 67%|██████▋   | 1736/2600 [3:32:30<1:17:46,  5.40s/it]
 67%|██████▋   | 1737/2600 [3:32:36<1:17:22,  5.38s/it]
 67%|██████▋   | 1738/2600 [3:32:41<1:17:40,  5.41s/it]
 67%|██████▋   | 1739/2600 [3:32:47<1:17:15,  5.38s/it]
 67%|██████▋   | 1740/2600 [3:32:52<1:17:42,  5.42s/it]
 67%|██████▋   | 1741/2600 [3:32:57<1:16:59,  5.38s/it]
 67%|██████▋   | 1742/2600 [3:33:03<1:17:13,  5.40s/it]
 67%|██████▋   | 1743/2600 [3:33:08<1:17:26,  5.42s/it]
 67%|██████▋   | 1744/2600 [3:33:14<1:16:58,  5.40s/it]
 67%|██████▋   | 1745/2600 [3:33:19<1:17:12,  5.42s/it]
 67%|██████▋   | 1746/2600 [3:33:24<1:16:54,  5.40s/it]
 67%|██████▋   | 1747/2600 [3:33:30<1:16:50,  5.40s/it]
 67%|██████▋   | 1748/2600 [3:33:35<1:16:24,  5.38s/it]
 67%|██████▋   | 1749/2600 [3:33:41<1:16:39,  5.40s/it]
 67%|██████▋   | 1750/2600 [3:33:46<1:16:15,  5.38s/it]
 67%|██████▋   | 1751/2600 [3:33:51<1:16:32,  5.41s/it]
 67%|██████▋   | 1752/2600 [3:33:57<1:16:08,  5.39s/it]
 67%|██████▋   | 1753/2600 [3:34:02<1:16:20,  5.41s/it]
 67%|██████▋   | 1754/2600 [3:34:08<1:16:29,  5.43s/it]
 68%|██████▊   | 1755/2600 [3:34:13<1:16:00,  5.40s/it]
 68%|██████▊   | 1756/2600 [3:34:18<1:16:12,  5.42s/it]
 68%|██████▊   | 1757/2600 [3:34:24<1:15:45,  5.39s/it]
 68%|██████▊   | 1758/2600 [3:34:29<1:15:57,  5.41s/it]
 68%|██████▊   | 1759/2600 [3:34:35<1:15:29,  5.39s/it]
 68%|██████▊   | 1760/2600 [3:34:40<1:15:45,  5.41s/it]
 68%|██████▊   | 1761/2600 [3:34:45<1:15:19,  5.39s/it]
 68%|██████▊   | 1762/2600 [3:34:51<1:15:31,  5.41s/it]
 68%|██████▊   | 1763/2600 [3:34:56<1:15:06,  5.38s/it]
 68%|██████▊   | 1764/2600 [3:35:02<1:15:19,  5.41s/it]
 68%|██████▊   | 1765/2600 [3:35:07<1:15:28,  5.42s/it]
 68%|██████▊   | 1766/2600 [3:35:12<1:15:12,  5.41s/it]
 68%|██████▊   | 1767/2600 [3:35:18<1:15:06,  5.41s/it]
 68%|██████▊   | 1768/2600 [3:35:23<1:14:39,  5.38s/it]
 68%|██████▊   | 1769/2600 [3:35:29<1:15:04,  5.42s/it]
 68%|██████▊   | 1770/2600 [3:35:34<1:14:34,  5.39s/it]
 68%|██████▊   | 1771/2600 [3:35:39<1:14:34,  5.40s/it]
 68%|██████▊   | 1772/2600 [3:35:45<1:14:12,  5.38s/it]
 68%|██████▊   | 1773/2600 [3:35:50<1:14:27,  5.40s/it]
 68%|██████▊   | 1774/2600 [3:35:56<1:14:02,  5.38s/it]
 68%|██████▊   | 1775/2600 [3:36:01<1:14:27,  5.42s/it]
 68%|██████▊   | 1776/2600 [3:36:06<1:14:22,  5.42s/it]
 68%|██████▊   | 1777/2600 [3:36:12<1:13:56,  5.39s/it]
 68%|██████▊   | 1778/2600 [3:36:17<1:14:22,  5.43s/it]
 68%|██████▊   | 1779/2600 [3:36:23<1:13:40,  5.38s/it]
 68%|██████▊   | 1780/2600 [3:36:28<1:14:05,  5.42s/it]
 68%|██████▊   | 1781/2600 [3:36:33<1:13:36,  5.39s/it]
 69%|██████▊   | 1782/2600 [3:36:39<1:13:35,  5.40s/it]
 69%|██████▊   | 1783/2600 [3:36:44<1:13:12,  5.38s/it]
 69%|██████▊   | 1784/2600 [3:36:50<1:13:27,  5.40s/it]
 69%|██████▊   | 1785/2600 [3:36:55<1:13:03,  5.38s/it]
 69%|██████▊   | 1786/2600 [3:37:00<1:13:17,  5.40s/it]
 69%|██████▊   | 1787/2600 [3:37:06<1:13:28,  5.42s/it]
 69%|██████▉   | 1788/2600 [3:37:11<1:13:01,  5.40s/it]
 69%|██████▉   | 1789/2600 [3:37:17<1:13:26,  5.43s/it]
 69%|██████▉   | 1790/2600 [3:37:22<1:12:41,  5.39s/it]
 69%|██████▉   | 1791/2600 [3:37:28<1:13:05,  5.42s/it]
 69%|██████▉   | 1792/2600 [3:37:33<1:12:35,  5.39s/it]
 69%|██████▉   | 1793/2600 [3:37:38<1:12:47,  5.41s/it]
 69%|██████▉   | 1794/2600 [3:37:44<1:12:22,  5.39s/it]
 69%|██████▉   | 1795/2600 [3:37:49<1:12:33,  5.41s/it]
 69%|██████▉   | 1796/2600 [3:37:54<1:12:07,  5.38s/it]
 69%|██████▉   | 1797/2600 [3:38:00<1:12:20,  5.41s/it]
 69%|██████▉   | 1798/2600 [3:38:05<1:12:17,  5.41s/it]
 69%|██████▉   | 1799/2600 [3:38:11<1:11:51,  5.38s/it]
 69%|██████▉   | 1800/2600 [3:38:16<1:12:05,  5.41s/it]
 69%|██████▉   | 1801/2600 [3:38:21<1:11:42,  5.38s/it]
 69%|██████▉   | 1802/2600 [3:38:27<1:12:03,  5.42s/it]
 69%|██████▉   | 1803/2600 [3:38:32<1:11:23,  5.37s/it]
 69%|██████▉   | 1804/2600 [3:38:38<1:11:38,  5.40s/it]
 69%|██████▉   | 1805/2600 [3:38:43<1:11:15,  5.38s/it]
 69%|██████▉   | 1806/2600 [3:38:49<1:11:43,  5.42s/it]
 70%|██████▉   | 1807/2600 [3:38:54<1:11:15,  5.39s/it]
 70%|██████▉   | 1808/2600 [3:38:59<1:11:11,  5.39s/it]
 70%|██████▉   | 1809/2600 [3:39:05<1:11:22,  5.41s/it]
 70%|██████▉   | 1810/2600 [3:39:10<1:11:09,  5.40s/it]
 70%|██████▉   | 1811/2600 [3:39:16<1:11:18,  5.42s/it]
 70%|██████▉   | 1812/2600 [3:39:21<1:10:37,  5.38s/it]
 70%|██████▉   | 1813/2600 [3:39:26<1:11:01,  5.41s/it]
 70%|██████▉   | 1814/2600 [3:39:32<1:10:34,  5.39s/it]
 70%|██████▉   | 1815/2600 [3:39:37<1:10:33,  5.39s/it]
 70%|███�(0,)
It 1820, sqrt loss 0.005239, Val sim-RMS 0.01135, Time Loss: 70.9%, data: 0.4%, val: 28.7%,  7.6 sec/batch
�██▉   | 1816/2600 [3:39:42<1:10:12,  5.37s/it]
 70%|██████▉   | 1817/2600 [3:39:48<1:10:27,  5.40s/it]
 70%|██████▉   | 1818/2600 [3:39:53<1:10:04,  5.38s/it]
 70%|██████▉   | 1819/2600 [3:39:59<1:10:17,  5.40s/it]
 70%|███████   | 1820/2600 [3:49:27<37:45:57, 174.30s/it]
 70%|███████   | 1821/2600 [3:49:32<26:45:11, 123.63s/it]
 70%|███████   | 1822/2600 [3:49:38<19:03:05, 88.16s/it] 
 70%|███████   | 1823/2600 [3:49:43<13:40:07, 63.33s/it]
 70%|███████   | 1824/2600 [3:49:49<9:54:30, 45.97s/it] 
 70%|███████   | 1825/2600 [3:49:54<7:16:25, 33.79s/it]
 70%|███████   | 1826/2600 [3:49:59<5:26:02, 25.27s/it]
 70%|███████   | 1827/2600 [3:50:05<4:08:30, 19.29s/it]
 70%|███████   | 1828/2600 [3:50:10<3:14:47, 15.14s/it]
 70%|███████   | 1829/2600 [3:50:16<2:36:54, 12.21s/it]
 70%|███████   | 1830/2600 [3:50:21<2:10:28, 10.17s/it]
 70%|███████   | 1831/2600 [3:50:27<1:52:26,  8.77s/it]
 70%|███████   | 1832/2600 [3:50:32<1:39:02,  7.74s/it]
 70%|███████   | 1833/2600 [3:50:37<1:29:59,  7.04s/it]
 71%|███████   | 1834/2600 [3:50:43<1:23:18,  6.53s/it]
 71%|███████   | 1835/2600 [3:50:48<1:19:16,  6.22s/it]
 71%|███████   | 1836/2600 [3:50:53<1:16:04,  5.97s/it]
 71%|███████   | 1837/2600 [3:50:59<1:13:30,  5.78s/it]
 71%|███████   | 1838/2600 [3:51:04<1:12:11,  5.68s/it]
 71%|███████   | 1839/2600 [3:51:10<1:10:54,  5.59s/it]
 71%|███████   | 1840/2600 [3:51:15<1:10:06,  5.53s/it]
 71%|███████   | 1841/2600 [3:51:20<1:09:23,  5.49s/it]
 71%|███████   | 1842/2600 [3:51:26<1:09:02,  5.47s/it]
 71%|███████   | 1843/2600 [3:51:31<1:08:23,  5.42s/it]
 71%|███████   | 1844/2600 [3:51:37<1:08:25,  5.43s/it]
 71%|███████   | 1845/2600 [3:51:42<1:07:56,  5.40s/it]
 71%|███████   | 1846/2600 [3:51:47<1:08:14,  5.43s/it]
 71%|███████   | 1847/2600 [3:51:53<1:08:05,  5.43s/it]
 71%|███████   | 1848/2600 [3:51:58<1:07:36,  5.39s/it]
 71%|███████   | 1849/2600 [3:52:04<1:07:45,  5.41s/it]
 71%|███████   | 1850/2600 [3:52:09<1:07:18,  5.38s/it]
 71%|███████   | 1851/2600 [3:52:14<1:07:30,  5.41s/it]
 71%|███████   | 1852/2600 [3:52:20<1:07:05,  5.38s/it]
 71%|███████▏  | 1853/2600 [3:52:25<1:07:30,  5.42s/it]
 71%|███████▏  | 1854/2600 [3:52:31<1:07:04,  5.39s/it]
 71%|███████▏  | 1855/2600 [3:52:36<1:07:01,  5.40s/it]
 71%|███████▏  | 1856/2600 [3:52:41<1:06:40,  5.38s/it]
 71%|███████▏  | 1857/2600 [3:52:47<1:07:02,  5.41s/it]
 71%|███████▏  | 1858/2600 [3:52:52<1:06:56,  5.41s/it]
 72%|███████▏  | 1859/2600 [3:52:58<1:06:30,  5.39s/it]
 72%|███████▏  | 1860/2600 [3:53:03<1:06:42,  5.41s/it]
 72%|███████▏  | 1861/2600 [3:53:08<1:06:17,  5.38s/it]
 72%|███████▏  | 1862/2600 [3:53:14<1:06:39,  5.42s/it]
 72%|███████▏  | 1863/2600 [3:53:19<1:06:13,  5.39s/it]
 72%|███████▏  | 1864/2600 [3:53:25<1:06:23,  5.41s/it]
 72%|███████▏  | 1865/2600 [3:53:30<1:05:48,  5.37s/it]
 72%|███████▏  | 1866/2600 [3:53:35<1:06:01,  5.40s/it]
 72%|███████▏  | 1867/2600 [3:53:41<1:05:39,  5.38s/it]
 72%|███████▏  | 1868/2600 [3:53:46<1:05:52,  5.40s/it]
 72%|███████▏  | 1869/2600 [3:53:52<1:06:12,  5.43s/it]
 72%|███████▏  | 1870/2600 [3:53:57<1:05:33,  5.39s/it]
 72%|███████▏  | 1871/2600 [3:54:02<1:05:43,  5.41s/it]
 72%|███████▏  | 1872/2600 [3:54:08<1:05:19,  5.38s/it]
 72%|███████▏  | 1873/2600 [3:54:13<1:05:31,  5.41s/it]
 72%|███████▏  | 1874/2600 [3:54:19<1:05:18,  5.40s/it]
 72%|███████▏  | 1875/2600 [3:54:24<1:05:15,  5.40s/it]
 72%|███████▏  | 1876/2600 [3:54:29<1:04:56,  5.38s/it]
 72%|███████▏  | 1877/2600 [3:54:35<1:05:07,  5.40s/it]
 72%|███████▏  | 1878/2600 [3:54:40<1:04:45,  5.38s/it]
 72%|███████▏  | 1879/2600 [3:54:46<1:04:55,  5.40s/it]
 72%|███████▏  | 1880/2600 [3:54:51<1:05:03,  5.42s/it]
 72%|███████▏  | 1881/2600 [3:54:56<1:04:37,  5.39s/it]
 72%|███████▏  | 1882/2600 [3:55:02<1:04:58,  5.43s/it]
 72%|███████▏  | 1883/2600 [3:55:07<1:04:18,  5.38s/it]
 72%|███████▏  | 1884/2600 [3:55:13<1:04:40,  5.42s/it]
 72%|███████▎  | 1885/2600 [3:55:18<1:04:14,  5.39s/it]
 73%|███████▎  | 1886/2600 [3:55:23<1:04:12,  5.40s/it]
 73%|███████▎  | 1887/2600 [3:55:29<1:03:54,  5.38s/it]
 73%|███████▎  | 1888/2600 [3:55:34<1:04:16,  5.42s/it]
 73%|███████▎  | 1889/2600 [3:55:39<1:03:41,  5.37s/it]
 73%|███████▎  | 1890/2600 [3:55:45<1:03:53,  5.40s/it]
 73%|███████▎  | 1891/2600 [3:55:50<1:04:11,  5.43s/it]
 73%|███████▎  | 1892/2600 [3:55:56<1:03:32,  5.39s/it]
 73%|███████▎  | 1893/2600 [3:56:01<1:03:56,  5.43s/it]
 73%|███████▎  | 1894/2600 [3:56:06<1:03:17,  5.38s/it]
 73%|███████▎  | 1895/2600 [3:56:12<1:03:29,  5.40s/it]
 73%|███████▎  | 1896/2600 [3:56:17<1:03:07,  5.38s/it]
 73%|███████▎  | 1897/2600 [3:56:23<1:03:18,  5.40s/it]
 73%|███████▎  | 1898/2600 [3:56:28<1:03:08,  5.40s/it]
 73%|███████▎  | 1899/2600 [3:56:34<1:03:15,  5.41s/it]
 73%|███████▎  | 1900/2600 [3:56:39<1:02:39,  5.37s/it]
 73%|███████▎  | 1901/2600 [3:56:44<1:03:03,  5.41s/it]
 73%|███████▎  | 1902/2600 [3:56:50<1:02:57,  5.41s/it]
 73%|███████▎  | 1903/2600 [3:56:55<1:02:34,  5.39s/it]
 73%|███████▎  | 1904/2600 [3:57:01<1:02:57,  5.43s/it]
 73%|███████▎  | 1905/2600 [3:57:06<1:02:20,  5.38s/it]
 73%|███████▎  | 1906/2600 [3:57:11<1:02:42,  5.42s/it]
 73%|███████▎  | 1907/2600 [3:57:17<1:02:06,  5.38s/it]
 73%|███████▎  | 1908/2600 [3:57:22<1:02:18,  5.40s/it]
 73%|███████▎  | 1909/2600 [3:57:27<1:01:56,  5.38s/it]
 73%|███████▎  | 1910/2600 [3:57:33<1:02:08,  5.40s/it]
 74%|███████▎  | 1911/2600 [3:57:38<1:01:46,  5.38s/it]
 74%|███████▎  | 1912/2600 [3:57:44<1:01:58,  5.40s/it]
 74%|███████▎  | 1913/2600 [3:57:49<1:02:14,  5.44s/it]
 74%|███████▎  | 1914/2600 [3:57:54<1:01:36,  5.39s/it]
 74%|███████▎  | 1915/2600 [3:58:00<1:01:47,  5.41s/it]
 74%|███████▎  | 1916/2600 [3:58:05<1:01:24,  5.39s/it]
 74%|███████▎  | 1917/2600 [3:58:11<1:01:46,  5.43s/it]
 74%|███████▍  | 1918/2600 [3:58:16<1:01:10,  5.38s/it]
 74%|███████▍  | 1919/2600 [3:58:22<1:01:22,  5.41s/it]
 74%|███████▍  | 1920/2600 [3:58:27<1:01:07,  5.39s/it]
 74%|███████▍  | 1921/2600 [3:58:32<1:01:15,  5.41s/it]
 74%|███████▍  | 1922/2600 [3:58:38<1:00:54,  5.39s/it]
 74%|███████▍  | 1923/2600 [3:58:43<1:00:52,  5.39s/it]
 74%|███████▍  | 1924/2600 [3:58:49<1:01:02,  5.42s/it]
 74%|███████▍  | 1925/2600 [3:58:54<1:00:37,  5.39s/it]
 74%|███████▍  | 1926/2600 [3:58:59<1:00:47,  5.41s/it]
 74%|███████▍  | 1927/2600 [3:59:05<1:00:23,  5.38s/it]
 74%|███████▍  | 1928/2600 [3:59:10<1:00:33,  5.41s/it]
 74%|███████▍  | 1929/2600 [3:59:16<1:00:24,  5.40s/it]
 74%|███████▍  | 1930/2600 [3:59:21<1:00:20,  5.40s/it]
 74%|███████▍  | 1931/2600 [3:59:26<59:56,  5.38s/it]  
 74%|███████▍  | 1932/2600 [3:59:32<1:00:06,  5.40s/it]
 74%|███████▍  | 1933/2600 [3:59:37<59:45,  5.38s/it]  
 74%|███████▍  | 1934/2600 [3:59:42<59:56,  5.40s/it]
 74%|███████▍  | 1935/2600 [3:59:48<1:00:03,  5.42s/it]
 74%|███████▍  | 1936/2600 [3:59:53<59:40,  5.39s/it]  
 74%|███████▍  | 1937/2600 [3:59:59<59:50,  5.42s/it]
 75%|███████▍  | 1938/2600 [4:00:04<59:38,  5.40s/it]
 75%|███████▍  | 1939/2600 [4:00:10<59:35,  5.41s/it]
 75%|███████▍  | 1940/2600 [4:00:15<59:14,  5.39s/it]
 75%|███████▍  | 1941/2600 [4:00:20<59:22,  5.41s/it]
 75%|███████▍  | 1942/2600 [4:00:26<59:08,  5.39s/it]
 75%|███████▍  | 1943/2600 [4:00:31<59:16,  5.41s/it]
 75%|███████▍  | 1944/2600 [4:00:36<58:52,  5.39s/it]
 75%|███████▍  | 1945/2600 [4:00:42<59:01,  5.41s/it]
 75%|███████▍  | 1946/2600 [4:00:47<58:58,  5.41s/it]
 75%|███████▍  | 1947/2600 [4:00:53<58:35,  5.38s/it]
 75%|███████▍  | 1948/2600 [4:00:58<58:46,  5.41s/it]
 75%|███████▍  | 1949/2600 [4:01:03<58:23,  5.38s/it]
 75%|███████▌  | 1950/2600 [4:01:09<58:34,  5.41s/it]
 75%|███████▌  | 1951/2600 [4:01:14<58:13,  5.38s/it]
 75%|███████▌  | 1952/2600 [4:01:20<58:22,  5.41s/it]
 75%|███████▌  | 1953/2600 [4:01:25<58:00,  5.38s/it]
 75%|███████▌  | 1954/2600 [4:01:30<58:09,  5.40s/it]
 75%|███████▌  | 1955/2600 [4:01:36<57:58,  5.39s/it]
 75%|███████▌  | 1956/2600 [4:01:41<57:55,  5.40s/it]
 75%|███████▌  | 1957/2600 [4:01:47<58:03,  5.42s/it]
 75%|███████▌  | 1958/2600 [4:01:52<57:50,  5.41s/it]
 75%|███████▌  | 1959/2600 [4:01:58<57:57,  5.42s/it]
 75%|███████▌  | 1960/2600 [4:02:03<57:33,  5.40s/it]
 75%|███████▌  | 1961/2600 [4:02:08<57:32,  5.40s/it]
 75%|███████▌  | 1962/2600 [4:02:14<57:21,  5.39s/it]
 76%|███████▌  | 1963/2600 [4:02:19<57:28,  5.41s/it]
 76%|███████▌  | 1964/2600 [4:02:24<56:55,  5.37s/it]
 76%|███████▌  | 1965/2600 [4:02:30<57:17,  5.41s/it]
 76%|███████▌  | 1966/2600 [4:02:35<56:45,  5.37s/it]
 76%|███████▌  | 1967/2600 [4:02:41<56:56,  5.40s/it]
 76%|███████▌  | 1968/2600 [4:02:46<57:13,  5.43s/it]
 76%|███████▌  | 1969/2600 [4:02:51<56:37,  5.38s/it]
 76%|███████▌  | 1970/2600 [4:02:57<56:47,  5.41s/it]
 76%|███████▌  | 1971/2600 [4:03:02<56:24,  5.38s/it]
 76%|███████▌  | 1972/2600 [4:03:08<56:35,  5.41s/it]
 76%|███████▌  | 1973/2600 [4:03:13<56:14,  5.38s/it]
 76%|███████▌  | 1974/2600 [4:03:18<56:23,  5.41s/it]
 76%|███████▌  | 1975/2600 [4:03:24<56:03,  5.38s/it]
 76%|███████▌  | 1976/2600 [4:03:29<56:20,  5.42s/it]
 76%|███████▌  | 1977/2600 [4:03:35<55:48,  5.37s/it]
 76%|███████▌  | 1978/2600 [4:03:40<56:07,  5.41s/it]
 76%|███████▌  | 1979/2600 [4:03:45<56:00,  5.41s/it]
 76%|███████▌  | 1980/2600 [4:03:51<55:38,  5.39s/it]
 76%|███████▌  | 1981/2600 [4:03:56<55:47,  5.41s/it]
 76%|███████▌  | 1982/2600 [4:04:02<55:27,  5.38s/it]
 76%|███████▋  | 1983/2600 [4:04:07<55:45,  5.42s/it]
 76%|███████▋  | 1984/2600 [4:04:12<55:23,  5.40s/it]
 76%|███████▋  | 1985/2600 [4:04:18<55:30,  5.42s/it]
 76%|███████▋  | 1986/2600 [4:04:23<54:58,  5.37s/it]
 76%|███████▋  | 1987/2600 [4:04:29<55:08,  5.40s/it]
 76%|███████▋  | 1988/2600 [4:04:34<54:49,  5.38s/it]
 76%|███████▋  | 1989/2600 [4:04:39<54:59,  5.40s/it]
 77%|███████▋  | 1990/2600 [4:04:45<55:06,  5.42s/it]
 77%|███████▋  | 1991/2600 [4:04:50<54:43,  5.39s/it]
 77%|███████▋  | 1992/2600 [4:04:56<54:51,  5.41s/it]
 77%|███████▋  | 1993/2600 [4:05:01<54:39,  5.40s/it]
 77%|███████▋  | 1994/2600 [4:05:06<54:34,  5.40s/it]
 77%|███████▋  | 1995/2600 [4:05:12<54:24,  5.40s/it]
 77%|███████▋  | 1996/2600 [4:05:17<54:20,  5.40s/it]
 77%|███████▋  | 1997/2600 [4:05:23<54:02,  5.38s/it]
 77%|███████▋  | 1998/2600 [4:05:28<54:09,  5.40s/it]
 77%|███████▋  | 1999/2600 [4:05:33<53:51,  5.38s/it]
 77%|███████▋  | 2000/2600 [4:05:39<53:58,  5.40s/it]
 77%|███████▋  | 2001/2600 [4:05:44<54:04,  5.42s/it]
 77%|███████▋  | 2002/2600 [4:05:50<53:50,  5.40s/it]
 77%|███████▋  | 2003/2600 [4:05:55<53:47,  5.41s/it]
 77%|███████▋  | 2004/2600 [4:06:00<53:29,  5.39s/it]
 77%|███████▋  | 2005/2600 [4:06:06<53:39,  5.41s/it]
 77%|███████▋  | 2006/2600 [4:06:11<53:18,  5.39s/it]
 77%|███████▋  | 2007/2600 [4:06:17<53:36,  5.42s/it]
 77%|███████▋  | 2008/2600 [4:06:22<53:05,  5.38s/it]
 77%|███████▋  | 2009/2600 [4:06:27<53:19,  5.41s/it]
 77%|███████▋  | 2010/2600 [4:06:33<52:49,  5.37s/it]
 77%|███████▋  | 2011/2600 [4:06:38<53:09,  5.42s/it]
 77%|███████▋  | 2012/2600 [4:06:44<53:12,  5.43s/it]
 77%|███████▋  | 2013/2600 [4:06:49<52:40,  5.38s/it]
 77%|███████▋  | 2014/2600 [4:06:55<52:57,  5.42s/it]
 78%|███████▊  | 2015/2600 [4:07:00<52:25,  5.38s/it]
 78%|███████▊  | 2016/2600 [4:07:05<52:35,  5.40s/it]
 78%|███████▊  | 2017/2600 [4:07:11<52:25,  5.39s/it]
 78%|███████▊  | 2018/2600 [4:07:16<52:22,  5.40s/it]
 78%|███████▊  | 2019/2600 [4:07:21<52:03,  5.38s/it]
 78%|███████▊  | 2020/2600 [4:07:27<52:19,  5.41s/it]
 78%|███████▊  | 2021/2600 [4:07:32<51:49,  5.37s/it]
 78%|███████▊  | 2022/2600 [4:07:38<52:06,  5.41s/it]
 78%|███████▊  | 2023/2600 [4:07:43<52:01,  5.41s/it]
 78%|███████▊  | 2024/2600 [4:07:48<51:50,  5.40s/it]
 78%|███████▊  | 2025/2600 [4:07:54<51:46,  5.40s/it]
 78%|███████▊  | 2026/2600 [4:07:59<51:29,  5.38s/it]
 78%|███████▊  | 2027/2600 [4:08:05<51:47,  5.42s/it]
 78%|███████▊  | 2028/2600 [4:08:10<51:23,  5.39s/it]
 78%|███████▊  | 2029/2600 [4:08:15<51:29,  5.41s/it]
 78%|███████▊  | 2030/2600 [4:08:21<51:10,  5.39s/it]
 78%|███████▊  | 2031/2600 [4:08:26<51:16,  5.41s/it]
 78%|███████▊  | 2032/2600 [4:08:31<50:49,  5.37s/it]
 78%|███████▊  | 2033/2600 [4:08:37<50:57,  5.39s/it]
 78%|███████▊  | 2034/2600 [4:08:42<51:13,  5.43s/it]
 78%|███████▊  | 2035/2600 [4:08:48<50:41,  5.38s/it]
 78%|███████▊  | 2036/2600 [4:08:53<50:48,  5.41s/it]
 78%|███████▊  | 2037/2600 [4:08:59<50:30,  5.38s/it]
 78%|███████▊  | 2038/2600 [4:09:04<50:46,  5.42s/it]
 78%|███████▊  | 2039/2600 [4:09:09<50:25,  5.39s/it]
 78%|███████▊  | 2040/2600 [4:09:15<50:32,  5.41s/it]
 78%|███████▊  | 2041/2600 [4:09:20<50:03,  5.37s/it]
 79%|███████▊  | 2042/2600 [4:09:26<50:10,  5.40s/it]
 79%|███████▊  | 2043/2600 [4:09:31<49:53,  5.37s/it]
 79%|███████▊  | 2044/2600 [4:09:36<50:09,  5.41s/it]
 79%|███████▊  | 2045/2600 [4:09:42<50:04,  5.41s/it]
 79%|███████▊  | 2046/2600 [4:09:47<49:44,  5.39s/it]
 79%|███████▊  | 2047/2600 [4:09:53<49:51,  5.41s/it]
 79%|███████▉  | 2048/2600 [4:09:58<49:32,  5.38s/it]
 79%|███████▉  | 2049/2600 [4:10:03<49:41,  5.41s/it]
 79%|███████▉  | 2050/2600 [4:10:09<49:22,  5.39s/it]
 79%|███████▉  | 2051/2600 [4:10:14<49:29,  5.41s/it]
 79%|███████▉  | 2052/2600 [4:10:19<49:10,  5.38s/it]
 79%|███████▉  | 2053/2600 [4:10:25<49:24,  5.42s/it]
 79%|███████▉  | 2054/2600 [4:10:30<49:03,  5.39s/it]
 79%|███████▉  | 2055/2600 [4:10:36<49:00,  5.40s/it]
 79%|███████▉  | 2056/2600 [4:10:41<49:15,  5.43s/it]
 79%|███████▉  | 2057/2600 [4:10:47<48:42,  5.38s/it]
 79%|███████▉  | 2058/2600 [4:10:52<48:50,  5.41s/it]
 79%|███████▉  | 2059/2600 [4:10:57<48:31,  5.38s/it]
 79%|███████▉  | 2060/2600 [4:11:03<48:37,  5.40s/it]
 79%|███████▉  | 2061/2600 [4:11:08<48:27,  5.39s/it]
 79%|███████▉  | 2062/2600 [4:11:14<48:25,  5.40s/it]
 79%|███████▉  | 2063/2600 [4:11:19<48:08,  5.38s/it]
 79%|███████▉  | 2064/2600 [4:11:24<48:23,  5.42s/it]
 79%|███████▉  | 2065/2600 [4:11:30<47:55,  5.37s/it]
 79%|███████▉  | 2066/2600 [4:11:35<48:02,  5.40s/it]
 80%|███████▉  | 2067/2600 [4:11:41<48:07,  5.42s/it]
 80%|███████▉  | 2068/2600 [4:11:46<47:54,  5.40s/it]
 80%|███████▉  | 2069/2600 [4:11:51<47:51,  5.41s/it]
 80%|███████▉  | 2070/2600 [4:11:57<47:32,  5.38s/it]
 80%|███████▉  | 2071/2600 [4:12:02<47:41,  5.41s/it]
 80%|███████▉  | 2072/2600 [4:12:07<47:22,  5.38s/it]
 80%|███████▉  | 2073/2600 [4:12:13<47:38,  5.42s/it]
 80%|███████▉  | 2074/2600 [4:12:18<47:08,  5.38s/it]
 80%|███████▉  | 2075/2600 [4:12:24<47:15,  5.40s/it]
 80%|███████▉  | 2076/2600 [4:12:29<47:04,  5.39s/it]
 80%(0,)
It 2080, sqrt loss 0.004043, Val sim-RMS 0.001063, Time Loss: 70.9%, data: 0.4%, val: 28.6%,  7.6 sec/batch
|███████▉  | 2077/2600 [4:12:35<47:09,  5.41s/it]
 80%|███████▉  | 2078/2600 [4:12:40<47:12,  5.43s/it]
 80%|███████▉  | 2079/2600 [4:12:45<46:43,  5.38s/it]
 80%|████████  | 2080/2600 [4:22:13<25:08:16, 174.03s/it]
 80%|████████  | 2081/2600 [4:22:18<17:47:48, 123.45s/it]
 80%|████████  | 2082/2600 [4:22:24<12:39:48, 88.01s/it] 
 80%|████████  | 2083/2600 [4:22:29<9:05:06, 63.26s/it] 
 80%|████████  | 2084/2600 [4:22:34<6:34:26, 45.87s/it]
 80%|████████  | 2085/2600 [4:22:40<4:49:36, 33.74s/it]
 80%|████████  | 2086/2600 [4:22:45<3:36:23, 25.26s/it]
 80%|████████  | 2087/2600 [4:22:51<2:44:58, 19.29s/it]
 80%|████████  | 2088/2600 [4:22:56<2:09:13, 15.14s/it]
 80%|████████  | 2089/2600 [4:23:01<1:43:53, 12.20s/it]
 80%|████████  | 2090/2600 [4:23:07<1:26:22, 10.16s/it]
 80%|████████  | 2091/2600 [4:23:12<1:14:15,  8.75s/it]
 80%|████████  | 2092/2600 [4:23:18<1:05:24,  7.73s/it]
 80%|████████  | 2093/2600 [4:23:23<59:32,  7.05s/it]  
 81%|████████  | 2094/2600 [4:23:28<55:06,  6.53s/it]
 81%|████████  | 2095/2600 [4:23:34<52:17,  6.21s/it]
 81%|████████  | 2096/2600 [4:23:39<49:57,  5.95s/it]
 81%|████████  | 2097/2600 [4:23:45<48:46,  5.82s/it]
 81%|████████  | 2098/2600 [4:23:50<47:26,  5.67s/it]
 81%|████████  | 2099/2600 [4:23:55<46:41,  5.59s/it]
 81%|████████  | 2100/2600 [4:24:01<45:57,  5.52s/it]
 81%|████████  | 2101/2600 [4:24:06<45:43,  5.50s/it]
 81%|████████  | 2102/2600 [4:24:12<45:33,  5.49s/it]
 81%|████████  | 2103/2600 [4:24:17<45:03,  5.44s/it]
 81%|████████  | 2104/2600 [4:24:23<45:01,  5.45s/it]
 81%|████████  | 2105/2600 [4:24:28<44:47,  5.43s/it]
 81%|████████  | 2106/2600 [4:24:33<44:47,  5.44s/it]
 81%|████████  | 2107/2600 [4:24:39<44:18,  5.39s/it]
 81%|████████  | 2108/2600 [4:24:44<44:23,  5.41s/it]
 81%|████████  | 2109/2600 [4:24:50<44:26,  5.43s/it]
 81%|████████  | 2110/2600 [4:24:55<44:14,  5.42s/it]
 81%|████████  | 2111/2600 [4:25:00<44:15,  5.43s/it]
 81%|████████  | 2112/2600 [4:25:06<43:47,  5.38s/it]
 81%|████████▏ | 2113/2600 [4:25:11<43:53,  5.41s/it]
 81%|████████▏ | 2114/2600 [4:25:17<43:35,  5.38s/it]
 81%|████████▏ | 2115/2600 [4:25:22<43:47,  5.42s/it]
 81%|████████▏ | 2116/2600 [4:25:27<43:42,  5.42s/it]
 81%|████████▏ | 2117/2600 [4:25:33<43:30,  5.41s/it]
 81%|████████▏ | 2118/2600 [4:25:38<43:25,  5.41s/it]
 82%|████████▏ | 2119/2600 [4:25:44<43:16,  5.40s/it]
 82%|████████▏ | 2120/2600 [4:25:49<43:12,  5.40s/it]
 82%|████████▏ | 2121/2600 [4:25:54<43:04,  5.40s/it]
 82%|████████▏ | 2122/2600 [4:26:00<43:08,  5.41s/it]
 82%|████████▏ | 2123/2600 [4:26:05<43:03,  5.42s/it]
 82%|████████▏ | 2124/2600 [4:26:11<42:53,  5.41s/it]
 82%|████████▏ | 2125/2600 [4:26:16<42:48,  5.41s/it]
 82%|████████▏ | 2126/2600 [4:26:21<42:31,  5.38s/it]
 82%|████████▏ | 2127/2600 [4:26:27<42:45,  5.42s/it]
 82%|████████▏ | 2128/2600 [4:26:32<42:20,  5.38s/it]
 82%|████████▏ | 2129/2600 [4:26:38<42:25,  5.41s/it]
 82%|████████▏ | 2130/2600 [4:26:43<42:16,  5.40s/it]
 82%|████████▏ | 2131/2600 [4:26:48<42:13,  5.40s/it]
 82%|████████▏ | 2132/2600 [4:26:54<41:56,  5.38s/it]
 82%|████████▏ | 2133/2600 [4:26:59<42:09,  5.42s/it]
 82%|████████▏ | 2134/2600 [4:27:05<42:05,  5.42s/it]
 82%|████████▏ | 2135/2600 [4:27:10<41:54,  5.41s/it]
 82%|████████▏ | 2136/2600 [4:27:15<41:50,  5.41s/it]
 82%|████████▏ | 2137/2600 [4:27:21<41:40,  5.40s/it]
 82%|████████▏ | 2138/2600 [4:27:26<41:37,  5.41s/it]
 82%|████████▏ | 2139/2600 [4:27:32<41:28,  5.40s/it]
 82%|████████▏ | 2140/2600 [4:27:37<41:24,  5.40s/it]
 82%|████████▏ | 2141/2600 [4:27:42<41:08,  5.38s/it]
 82%|████████▏ | 2142/2600 [4:27:48<41:15,  5.40s/it]
 82%|████████▏ | 2143/2600 [4:27:53<40:59,  5.38s/it]
 82%|████████▏ | 2144/2600 [4:27:59<41:04,  5.40s/it]
 82%|████████▎ | 2145/2600 [4:28:04<41:07,  5.42s/it]
 83%|████████▎ | 2146/2600 [4:28:09<40:49,  5.40s/it]
 83%|████████▎ | 2147/2600 [4:28:15<40:53,  5.42s/it]
 83%|████████▎ | 2148/2600 [4:28:20<40:35,  5.39s/it]
 83%|████████▎ | 2149/2600 [4:28:26<40:42,  5.41s/it]
 83%|████████▎ | 2150/2600 [4:28:31<40:25,  5.39s/it]
 83%|████████▎ | 2151/2600 [4:28:37<40:30,  5.41s/it]
 83%|████████▎ | 2152/2600 [4:28:42<40:14,  5.39s/it]
 83%|████████▎ | 2153/2600 [4:28:47<40:18,  5.41s/it]
 83%|████████▎ | 2154/2600 [4:28:53<40:09,  5.40s/it]
 83%|████████▎ | 2155/2600 [4:28:58<40:03,  5.40s/it]
 83%|████████▎ | 2156/2600 [4:29:04<40:07,  5.42s/it]
 83%|████████▎ | 2157/2600 [4:29:09<39:55,  5.41s/it]
 83%|████████▎ | 2158/2600 [4:29:14<39:57,  5.42s/it]
 83%|████████▎ | 2159/2600 [4:29:20<39:32,  5.38s/it]
 83%|████████▎ | 2160/2600 [4:29:25<39:39,  5.41s/it]
 83%|████████▎ | 2161/2600 [4:29:31<39:30,  5.40s/it]
 83%|████████▎ | 2162/2600 [4:29:36<39:32,  5.42s/it]
 83%|████████▎ | 2163/2600 [4:29:41<39:15,  5.39s/it]
 83%|████████▎ | 2164/2600 [4:29:47<39:12,  5.40s/it]
 83%|████████▎ | 2165/2600 [4:29:52<38:58,  5.38s/it]
 83%|████████▎ | 2166/2600 [4:29:58<39:03,  5.40s/it]
 83%|████████▎ | 2167/2600 [4:30:03<39:06,  5.42s/it]
 83%|████████▎ | 2168/2600 [4:30:08<38:49,  5.39s/it]
 83%|████████▎ | 2169/2600 [4:30:14<38:54,  5.42s/it]
 83%|████████▎ | 2170/2600 [4:30:19<38:43,  5.40s/it]
 84%|████████▎ | 2171/2600 [4:30:25<38:38,  5.40s/it]
 84%|████████▎ | 2172/2600 [4:30:30<38:21,  5.38s/it]
 84%|████████▎ | 2173/2600 [4:30:35<38:28,  5.41s/it]
 84%|████████▎ | 2174/2600 [4:30:41<38:19,  5.40s/it]
 84%|████████▎ | 2175/2600 [4:30:46<38:15,  5.40s/it]
 84%|████████▎ | 2176/2600 [4:30:52<38:07,  5.39s/it]
 84%|████████▎ | 2177/2600 [4:30:57<38:03,  5.40s/it]
 84%|████████▍ | 2178/2600 [4:31:02<38:05,  5.42s/it]
 84%|████████▍ | 2179/2600 [4:31:08<37:49,  5.39s/it]
 84%|████████▍ | 2180/2600 [4:31:13<37:52,  5.41s/it]
 84%|████████▍ | 2181/2600 [4:31:18<37:36,  5.38s/it]
 84%|████████▍ | 2182/2600 [4:31:24<37:39,  5.41s/it]
 84%|████████▍ | 2183/2600 [4:31:29<37:23,  5.38s/it]
 84%|████████▍ | 2184/2600 [4:31:35<37:27,  5.40s/it]
 84%|████████▍ | 2185/2600 [4:31:40<37:13,  5.38s/it]
 84%|████████▍ | 2186/2600 [4:31:46<37:17,  5.40s/it]
 84%|████████▍ | 2187/2600 [4:31:51<37:08,  5.40s/it]
 84%|████████▍ | 2188/2600 [4:31:56<37:10,  5.41s/it]
 84%|████████▍ | 2189/2600 [4:32:02<37:11,  5.43s/it]
 84%|████████▍ | 2190/2600 [4:32:07<36:47,  5.38s/it]
 84%|████████▍ | 2191/2600 [4:32:13<36:58,  5.42s/it]
 84%|████████▍ | 2192/2600 [4:32:18<36:34,  5.38s/it]
 84%|████████▍ | 2193/2600 [4:32:23<36:45,  5.42s/it]
 84%|████████▍ | 2194/2600 [4:32:29<36:21,  5.37s/it]
 84%|████████▍ | 2195/2600 [4:32:34<36:32,  5.41s/it]
 84%|████████▍ | 2196/2600 [4:32:39<36:16,  5.39s/it]
 84%|████████▍ | 2197/2600 [4:32:45<36:13,  5.39s/it]
 85%|████████▍ | 2198/2600 [4:32:50<36:00,  5.37s/it]
 85%|████████▍ | 2199/2600 [4:32:56<36:04,  5.40s/it]
 85%|████████▍ | 2200/2600 [4:33:01<36:13,  5.43s/it]
 85%|████████▍ | 2201/2600 [4:33:06<35:49,  5.39s/it]
 85%|████████▍ | 2202/2600 [4:33:12<35:59,  5.43s/it]
 85%|████████▍ | 2203/2600 [4:33:17<35:36,  5.38s/it]
 85%|████████▍ | 2204/2600 [4:33:23<35:40,  5.41s/it]
 85%|████████▍ | 2205/2600 [4:33:28<35:24,  5.38s/it]
 85%|████████▍ | 2206/2600 [4:33:34<35:29,  5.41s/it]
 85%|████████▍ | 2207/2600 [4:33:39<35:14,  5.38s/it]
 85%|████████▍ | 2208/2600 [4:33:44<35:17,  5.40s/it]
 85%|████████▍ | 2209/2600 [4:33:50<35:02,  5.38s/it]
 85%|████████▌ | 2210/2600 [4:33:55<35:12,  5.42s/it]
 85%|████████▌ | 2211/2600 [4:34:01<35:06,  5.42s/it]
 85%|████████▌ | 2212/2600 [4:34:06<34:50,  5.39s/it]
 85%|████████▌ | 2213/2600 [4:34:11<34:54,  5.41s/it]
 85%|████████▌ | 2214/2600 [4:34:17<34:45,  5.40s/it]
 85%|████████▌ | 2215/2600 [4:34:22<34:46,  5.42s/it]
 85%|████████▌ | 2216/2600 [4:34:27<34:23,  5.37s/it]
 85%|████████▌ | 2217/2600 [4:34:33<34:28,  5.40s/it]
 85%|████████▌ | 2218/2600 [4:34:38<34:20,  5.39s/it]
 85%|████████▌ | 2219/2600 [4:34:44<34:22,  5.41s/it]
 85%|████████▌ | 2220/2600 [4:34:49<34:08,  5.39s/it]
 85%|████████▌ | 2221/2600 [4:34:54<34:04,  5.39s/it]
 85%|████████▌ | 2222/2600 [4:35:00<34:12,  5.43s/it]
 86%|████████▌ | 2223/2600 [4:35:05<33:55,  5.40s/it]
 86%|████████▌ | 2224/2600 [4:35:11<33:51,  5.40s/it]
 86%|████████▌ | 2225/2600 [4:35:16<33:37,  5.38s/it]
 86%|████████▌ | 2226/2600 [4:35:22<33:41,  5.41s/it]
 86%|████████▌ | 2227/2600 [4:35:27<33:32,  5.39s/it]
 86%|████████▌ | 2228/2600 [4:35:32<33:28,  5.40s/it]
 86%|████████▌ | 2229/2600 [4:35:38<33:14,  5.38s/it]
 86%|████████▌ | 2230/2600 [4:35:43<33:23,  5.41s/it]
 86%|████████▌ | 2231/2600 [4:35:48<33:01,  5.37s/it]
 86%|████████▌ | 2232/2600 [4:35:54<33:05,  5.40s/it]
 86%|████████▌ | 2233/2600 [4:35:59<33:13,  5.43s/it]
 86%|████████▌ | 2234/2600 [4:36:05<32:50,  5.38s/it]
 86%|████████▌ | 2235/2600 [4:36:10<32:54,  5.41s/it]
 86%|████████▌ | 2236/2600 [4:36:15<32:45,  5.40s/it]
 86%|████████▌ | 2237/2600 [4:36:21<32:41,  5.40s/it]
 86%|████████▌ | 2238/2600 [4:36:26<32:31,  5.39s/it]
 86%|████████▌ | 2239/2600 [4:36:32<32:33,  5.41s/it]
 86%|████████▌ | 2240/2600 [4:36:37<32:14,  5.37s/it]
 86%|████████▌ | 2241/2600 [4:36:42<32:23,  5.41s/it]
 86%|████████▌ | 2242/2600 [4:36:48<32:03,  5.37s/it]
 86%|████████▋ | 2243/2600 [4:36:53<32:07,  5.40s/it]
 86%|████████▋ | 2244/2600 [4:36:59<32:09,  5.42s/it]
 86%|████████▋ | 2245/2600 [4:37:04<31:54,  5.39s/it]
 86%|████████▋ | 2246/2600 [4:37:09<31:56,  5.41s/it]
 86%|████████▋ | 2247/2600 [4:37:15<31:47,  5.40s/it]
 86%|████████▋ | 2248/2600 [4:37:20<31:48,  5.42s/it]
 86%|████████▋ | 2249/2600 [4:37:26<31:26,  5.37s/it]
 87%|████████▋ | 2250/2600 [4:37:31<31:35,  5.42s/it]
 87%|████████▋ | 2251/2600 [4:37:36<31:16,  5.38s/it]
 87%|████████▋ | 2252/2600 [4:37:42<31:19,  5.40s/it]
 87%|████████▋ | 2253/2600 [4:37:47<31:06,  5.38s/it]
 87%|████████▋ | 2254/2600 [4:37:53<31:14,  5.42s/it]
 87%|████████▋ | 2255/2600 [4:37:58<31:08,  5.42s/it]
 87%|████████▋ | 2256/2600 [4:38:03<30:58,  5.40s/it]
 87%|████████▋ | 2257/2600 [4:38:09<30:59,  5.42s/it]
 87%|████████▋ | 2258/2600 [4:38:14<30:44,  5.39s/it]
 87%|████████▋ | 2259/2600 [4:38:20<30:41,  5.40s/it]
 87%|████████▋ | 2260/2600 [4:38:25<30:27,  5.38s/it]
 87%|████████▋ | 2261/2600 [4:38:30<30:31,  5.40s/it]
 87%|████████▋ | 2262/2600 [4:38:36<30:18,  5.38s/it]
 87%|████████▋ | 2263/2600 [4:38:41<30:21,  5.40s/it]
 87%|████████▋ | 2264/2600 [4:38:47<30:13,  5.40s/it]
 87%|████████▋ | 2265/2600 [4:38:52<30:08,  5.40s/it]
 87%|████████▋ | 2266/2600 [4:38:58<30:10,  5.42s/it]
 87%|████████▋ | 2267/2600 [4:39:03<29:55,  5.39s/it]
 87%|████████▋ | 2268/2600 [4:39:08<29:57,  5.41s/it]
 87%|████████▋ | 2269/2600 [4:39:14<29:43,  5.39s/it]
 87%|████████▋ | 2270/2600 [4:39:19<29:49,  5.42s/it]
 87%|████████▋ | 2271/2600 [4:39:24<29:28,  5.38s/it]
 87%|████████▋ | 2272/2600 [4:39:30<29:30,  5.40s/it]
 87%|████████▋ | 2273/2600 [4:39:35<29:23,  5.39s/it]
 87%|████████▋ | 2274/2600 [4:39:41<29:25,  5.41s/it]
 88%|████████▊ | 2275/2600 [4:39:46<29:05,  5.37s/it]
 88%|████████▊ | 2276/2600 [4:39:51<29:08,  5.40s/it]
 88%|████████▊ | 2277/2600 [4:39:57<29:09,  5.42s/it]
 88%|████████▊ | 2278/2600 [4:40:02<28:55,  5.39s/it]
 88%|████████▊ | 2279/2600 [4:40:08<29:01,  5.43s/it]
 88%|████████▊ | 2280/2600 [4:40:13<28:41,  5.38s/it]
 88%|████████▊ | 2281/2600 [4:40:19<28:48,  5.42s/it]
 88%|████████▊ | 2282/2600 [4:40:24<28:29,  5.38s/it]
 88%|████████▊ | 2283/2600 [4:40:29<28:37,  5.42s/it]
 88%|████████▊ | 2284/2600 [4:40:35<28:19,  5.38s/it]
 88%|████████▊ | 2285/2600 [4:40:40<28:21,  5.40s/it]
 88%|████████▊ | 2286/2600 [4:40:45<28:08,  5.38s/it]
 88%|████████▊ | 2287/2600 [4:40:51<28:10,  5.40s/it]
 88%|████████▊ | 2288/2600 [4:40:56<28:11,  5.42s/it]
 88%|████████▊ | 2289/2600 [4:41:02<28:01,  5.41s/it]
 88%|████████▊ | 2290/2600 [4:41:07<28:00,  5.42s/it]
 88%|████████▊ | 2291/2600 [4:41:12<27:42,  5.38s/it]
 88%|████████▊ | 2292/2600 [4:41:18<27:48,  5.42s/it]
 88%|████████▊ | 2293/2600 [4:41:23<27:29,  5.37s/it]
 88%|████████▊ | 2294/2600 [4:41:29<27:36,  5.41s/it]
 88%|████████▊ | 2295/2600 [4:41:34<27:18,  5.37s/it]
 88%|████████▊ | 2296/2600 [4:41:39<27:20,  5.40s/it]
 88%|████████▊ | 2297/2600 [4:41:45<27:08,  5.38s/it]
 88%|████████▊ | 2298/2600 [4:41:50<27:14,  5.41s/it]
 88%|████████▊ | 2299/2600 [4:41:56<27:09,  5.41s/it]
 88%|████████▊ | 2300/2600 [4:42:01<27:00,  5.40s/it]
 88%|████████▊ | 2301/2600 [4:42:06<26:56,  5.40s/it]
 89%|████████▊ | 2302/2600 [4:42:12<26:48,  5.40s/it]
 89%|████████▊ | 2303/2600 [4:42:17<26:44,  5.40s/it]
 89%|████████▊ | 2304/2600 [4:42:23<26:36,  5.40s/it]
 89%|████████▊ | 2305/2600 [4:42:28<26:32,  5.40s/it]
 89%|████████▊ | 2306/2600 [4:42:33<26:20,  5.38s/it]
 89%|████████▊ | 2307/2600 [4:42:39<26:21,  5.40s/it]
 89%|████████▉ | 2308/2600 [4:42:44<26:09,  5.38s/it]
 89%|████████▉ | 2309/2600 [4:42:50<26:15,  5.41s/it]
 89%|████████▉ | 2310/2600 [4:42:55<26:14,  5.43s/it]
 89%|████████▉ | 2311/2600 [4:43:00<25:55,  5.38s/it]
 89%|████████▉ | 2312/2600 [4:43:06<25:57,  5.41s/it]
 89%|████████▉ | 2313/2600 [4:43:11<25:49,  5.40s/it]
 89%|████████▉ | 2314/2600 [4:43:17<25:45,  5.40s/it]
 89%|████████▉ | 2315/2600 [4:43:22<25:37,  5.40s/it]
 89%|████████▉ | 2316/2600 [4:43:27<25:32,  5.40s/it]
 89%|████████▉ | 2317/2600 [4:43:33<25:21,  5.38s/it]
 89%|████████▉ | 2318/2600 [4:43:38<25:23,  5.40s/it]
 89%|████████▉ | 2319/2600 [4:43:44<25:15,  5.39s/it]
 89%|████████▉ | 2320/2600 [4:43:49<25:11,  5.40s/it]
 89%|████████▉ | 2321/2600 [4:43:54<25:16,  5.43s/it]
 89%|████████▉ | 2322/2600 [4:44:00<25:02,  5.40s/it]
 89%|████████▉ | 2323/2600 [4:44:05<25:01,  5.42s/it]
 89%|████████▉ | 2324/2600 [4:44:11<24:44,  5.38s/it]
 89%|████████▉ | 2325/2600 [4:44:16<24:46,  5.41s/it]
 89%|████████▉ | 2326/2600 [4:44:21<24:34,  5.38s/it]
 90%|████████▉ | 2327/2600 [4:44:27<24:34,  5.40s/it]
 90%|████████▉ | 2328/2600 [4:44:32<24:23,  5.38s/it]
 90%|████████▉ | 2329/2600 [4:44:38<24:28,  5.42s/it]
 90%|████████▉ | 2330/2600 [4:44:43<24:11,  5.38s/it]
 90%|████████▉ | 2331/2600 [4:44:48<24:16,  5.41s/it]
 90%|████████▉ | 2332/2600 [4:44:54<24:14,  5.43s/it]
 90%|████████▉ | 2333/2(0,)
It 2340, sqrt loss 0.0009604, Val sim-RMS 0.001517, Time Loss: 70.9%, data: 0.4%, val: 28.6%,  7.6 sec/batch
600 [4:44:59<23:56,  5.38s/it]
 90%|████████▉ | 2334/2600 [4:45:05<24:01,  5.42s/it]
 90%|████████▉ | 2335/2600 [4:45:10<23:44,  5.38s/it]
 90%|████████▉ | 2336/2600 [4:45:15<23:50,  5.42s/it]
 90%|████████▉ | 2337/2600 [4:45:21<23:37,  5.39s/it]
 90%|████████▉ | 2338/2600 [4:45:26<23:36,  5.41s/it]
 90%|████████▉ | 2339/2600 [4:45:32<23:20,  5.37s/it]
 90%|█████████ | 2340/2600 [4:55:00<12:34:48, 174.19s/it]
 90%|█████████ | 2341/2600 [4:55:05<8:53:23, 123.57s/it] 
 90%|█████████ | 2342/2600 [4:55:10<6:18:55, 88.12s/it] 
 90%|█████████ | 2343/2600 [4:55:16<4:31:03, 63.28s/it]
 90%|█████████ | 2344/2600 [4:55:21<3:15:59, 45.93s/it]
 90%|█████████ | 2345/2600 [4:55:27<2:23:27, 33.76s/it]
 90%|█████████ | 2346/2600 [4:55:32<1:46:57, 25.27s/it]
 90%|█████████ | 2347/2600 [4:55:37<1:21:22, 19.30s/it]
 90%|█████████ | 2348/2600 [4:55:43<1:03:32, 15.13s/it]
 90%|█████████ | 2349/2600 [4:55:48<51:09, 12.23s/it]  
 90%|█████████ | 2350/2600 [4:55:54<42:19, 10.16s/it]
 90%|█████████ | 2351/2600 [4:55:59<36:22,  8.76s/it]
 90%|█████████ | 2352/2600 [4:56:04<31:53,  7.72s/it]
 90%|█████████ | 2353/2600 [4:56:10<29:02,  7.05s/it]
 91%|█████████ | 2354/2600 [4:56:15<26:43,  6.52s/it]
 91%|█████████ | 2355/2600 [4:56:21<25:19,  6.20s/it]
 91%|█████████ | 2356/2600 [4:56:26<24:13,  5.96s/it]
 91%|█████████ | 2357/2600 [4:56:31<23:27,  5.79s/it]
 91%|█████████ | 2358/2600 [4:56:37<22:57,  5.69s/it]
 91%|█████████ | 2359/2600 [4:56:42<22:25,  5.58s/it]
 91%|█████████ | 2360/2600 [4:56:48<22:14,  5.56s/it]
 91%|█████████ | 2361/2600 [4:56:53<21:48,  5.47s/it]
 91%|█████████ | 2362/2600 [4:56:59<21:45,  5.48s/it]
 91%|█████████ | 2363/2600 [4:57:04<21:24,  5.42s/it]
 91%|█████████ | 2364/2600 [4:57:09<21:25,  5.45s/it]
 91%|█████████ | 2365/2600 [4:57:15<21:08,  5.40s/it]
 91%|█████████ | 2366/2600 [4:57:20<21:07,  5.42s/it]
 91%|█████████ | 2367/2600 [4:57:25<20:59,  5.41s/it]
 91%|█████████ | 2368/2600 [4:57:31<20:54,  5.41s/it]
 91%|█████████ | 2369/2600 [4:57:36<20:52,  5.42s/it]
 91%|█████████ | 2370/2600 [4:57:42<20:40,  5.39s/it]
 91%|█████████ | 2371/2600 [4:57:47<20:39,  5.41s/it]
 91%|█████████ | 2372/2600 [4:57:52<20:31,  5.40s/it]
 91%|█████████▏| 2373/2600 [4:57:58<20:30,  5.42s/it]
 91%|█████████▏| 2374/2600 [4:58:03<20:18,  5.39s/it]
 91%|█████████▏| 2375/2600 [4:58:09<20:14,  5.40s/it]
 91%|█████████▏| 2376/2600 [4:58:14<20:07,  5.39s/it]
 91%|█████████▏| 2377/2600 [4:58:19<20:02,  5.39s/it]
 91%|█████████▏| 2378/2600 [4:58:25<19:53,  5.37s/it]
 92%|█████████▏| 2379/2600 [4:58:30<19:56,  5.41s/it]
 92%|█████████▏| 2380/2600 [4:58:36<19:54,  5.43s/it]
 92%|█████████▏| 2381/2600 [4:58:41<19:39,  5.38s/it]
 92%|█████████▏| 2382/2600 [4:58:46<19:39,  5.41s/it]
 92%|█████████▏| 2383/2600 [4:58:52<19:28,  5.38s/it]
 92%|█████████▏| 2384/2600 [4:58:57<19:30,  5.42s/it]
 92%|█████████▏| 2385/2600 [4:59:03<19:16,  5.38s/it]
 92%|█████████▏| 2386/2600 [4:59:08<19:16,  5.40s/it]
 92%|█████████▏| 2387/2600 [4:59:13<19:05,  5.38s/it]
 92%|█████████▏| 2388/2600 [4:59:19<19:08,  5.42s/it]
 92%|█████████▏| 2389/2600 [4:59:24<18:54,  5.38s/it]
 92%|█████████▏| 2390/2600 [4:59:30<18:54,  5.40s/it]
 92%|█████████▏| 2391/2600 [4:59:35<18:53,  5.42s/it]
 92%|█████████▏| 2392/2600 [4:59:40<18:41,  5.39s/it]
 92%|█████████▏| 2393/2600 [4:59:46<18:43,  5.43s/it]
 92%|█████████▏| 2394/2600 [4:59:51<18:31,  5.40s/it]
 92%|█████████▏| 2395/2600 [4:59:57<18:27,  5.40s/it]
 92%|█████████▏| 2396/2600 [5:00:02<18:16,  5.38s/it]
 92%|█████████▏| 2397/2600 [5:00:07<18:17,  5.40s/it]
 92%|█████████▏| 2398/2600 [5:00:13<18:10,  5.40s/it]
 92%|█████████▏| 2399/2600 [5:00:18<18:08,  5.41s/it]
 92%|█████████▏| 2400/2600 [5:00:24<17:54,  5.37s/it]
 92%|█████████▏| 2401/2600 [5:00:29<17:54,  5.40s/it]
 92%|█████████▏| 2402/2600 [5:00:35<17:55,  5.43s/it]
 92%|█████████▏| 2403/2600 [5:00:40<17:41,  5.39s/it]
 92%|█████████▏| 2404/2600 [5:00:45<17:40,  5.41s/it]
 92%|█████████▎| 2405/2600 [5:00:51<17:32,  5.40s/it]
 93%|█████████▎| 2406/2600 [5:00:56<17:28,  5.40s/it]
 93%|█████████▎| 2407/2600 [5:01:01<17:21,  5.40s/it]
 93%|█████████▎| 2408/2600 [5:01:07<17:16,  5.40s/it]
 93%|█████████▎| 2409/2600 [5:01:12<17:09,  5.39s/it]
 93%|█████████▎| 2410/2600 [5:01:18<17:05,  5.40s/it]
 93%|█████████▎| 2411/2600 [5:01:23<16:58,  5.39s/it]
 93%|█████████▎| 2412/2600 [5:01:28<16:54,  5.40s/it]
 93%|█████████▎| 2413/2600 [5:01:34<16:53,  5.42s/it]
 93%|█████████▎| 2414/2600 [5:01:39<16:42,  5.39s/it]
 93%|█████████▎| 2415/2600 [5:01:45<16:41,  5.42s/it]
 93%|█████████▎| 2416/2600 [5:01:50<16:34,  5.40s/it]
 93%|█████████▎| 2417/2600 [5:01:55<16:28,  5.40s/it]
 93%|█████████▎| 2418/2600 [5:02:01<16:19,  5.38s/it]
 93%|█████████▎| 2419/2600 [5:02:06<16:18,  5.40s/it]
 93%|█████████▎| 2420/2600 [5:02:12<16:11,  5.40s/it]
 93%|█████████▎| 2421/2600 [5:02:17<16:06,  5.40s/it]
 93%|█████████▎| 2422/2600 [5:02:22<15:57,  5.38s/it]
 93%|█████████▎| 2423/2600 [5:02:28<15:57,  5.41s/it]
 93%|█████████▎| 2424/2600 [5:02:33<15:57,  5.44s/it]
 93%|█████████▎| 2425/2600 [5:02:39<15:43,  5.39s/it]
 93%|█████████▎| 2426/2600 [5:02:44<15:44,  5.43s/it]
 93%|█████████▎| 2427/2600 [5:02:49<15:31,  5.38s/it]
 93%|█████████▎| 2428/2600 [5:02:55<15:29,  5.41s/it]
 93%|█████████▎| 2429/2600 [5:03:00<15:20,  5.38s/it]
 93%|█████████▎| 2430/2600 [5:03:06<15:21,  5.42s/it]
 94%|█████████▎| 2431/2600 [5:03:11<15:09,  5.38s/it]
 94%|█████████▎| 2432/2600 [5:03:16<15:08,  5.41s/it]
 94%|█████████▎| 2433/2600 [5:03:22<14:58,  5.38s/it]
 94%|█████████▎| 2434/2600 [5:03:27<14:56,  5.40s/it]
 94%|█████████▎| 2435/2600 [5:03:33<14:56,  5.43s/it]
 94%|█████████▎| 2436/2600 [5:03:38<14:45,  5.40s/it]
 94%|█████████▎| 2437/2600 [5:03:43<14:41,  5.41s/it]
 94%|█████████▍| 2438/2600 [5:03:49<14:32,  5.38s/it]
 94%|█████████▍| 2439/2600 [5:03:54<14:30,  5.41s/it]
 94%|█████████▍| 2440/2600 [5:04:00<14:21,  5.38s/it]
 94%|█████████▍| 2441/2600 [5:04:05<14:19,  5.41s/it]
 94%|█████████▍| 2442/2600 [5:04:10<14:10,  5.38s/it]
 94%|█████████▍| 2443/2600 [5:04:16<14:11,  5.42s/it]
 94%|█████████▍| 2444/2600 [5:04:21<14:00,  5.39s/it]
 94%|█████████▍| 2445/2600 [5:04:27<13:56,  5.39s/it]
 94%|█████████▍| 2446/2600 [5:04:32<13:54,  5.42s/it]
 94%|█████████▍| 2447/2600 [5:04:37<13:44,  5.39s/it]
 94%|█████████▍| 2448/2600 [5:04:43<13:44,  5.43s/it]
 94%|█████████▍| 2449/2600 [5:04:48<13:34,  5.40s/it]
 94%|█████████▍| 2450/2600 [5:04:54<13:29,  5.40s/it]
 94%|█████████▍| 2451/2600 [5:04:59<13:23,  5.39s/it]
 94%|█████████▍| 2452/2600 [5:05:04<13:18,  5.39s/it]
 94%|█████████▍| 2453/2600 [5:05:10<13:10,  5.37s/it]
 94%|█████████▍| 2454/2600 [5:05:15<13:08,  5.40s/it]
 94%|█████████▍| 2455/2600 [5:05:21<12:59,  5.38s/it]
 94%|█████████▍| 2456/2600 [5:05:26<12:57,  5.40s/it]
 94%|█████████▍| 2457/2600 [5:05:31<12:54,  5.42s/it]
 95%|█████████▍| 2458/2600 [5:05:37<12:44,  5.39s/it]
 95%|█████████▍| 2459/2600 [5:05:42<12:42,  5.41s/it]
 95%|█████████▍| 2460/2600 [5:05:48<12:33,  5.38s/it]
 95%|█████████▍| 2461/2600 [5:05:53<12:33,  5.42s/it]
 95%|█████████▍| 2462/2600 [5:05:58<12:22,  5.38s/it]
 95%|█████████▍| 2463/2600 [5:06:04<12:22,  5.42s/it]
 95%|█████████▍| 2464/2600 [5:06:09<12:11,  5.38s/it]
 95%|█████████▍| 2465/2600 [5:06:15<12:09,  5.40s/it]
 95%|█████████▍| 2466/2600 [5:06:20<12:03,  5.40s/it]
 95%|█████████▍| 2467/2600 [5:06:25<11:57,  5.40s/it]
 95%|█████████▍| 2468/2600 [5:06:31<11:54,  5.41s/it]
 95%|█████████▍| 2469/2600 [5:06:36<11:45,  5.39s/it]
 95%|█████████▌| 2470/2600 [5:06:42<11:43,  5.41s/it]
 95%|█████████▌| 2471/2600 [5:06:47<11:34,  5.38s/it]
 95%|█████████▌| 2472/2600 [5:06:52<11:33,  5.42s/it]
 95%|█████████▌| 2473/2600 [5:06:58<11:22,  5.38s/it]
 95%|█████████▌| 2474/2600 [5:07:03<11:20,  5.40s/it]
 95%|█████████▌| 2475/2600 [5:07:09<11:13,  5.39s/it]
 95%|█████████▌| 2476/2600 [5:07:14<11:10,  5.41s/it]
 95%|█████████▌| 2477/2600 [5:07:19<11:00,  5.37s/it]
 95%|█████████▌| 2478/2600 [5:07:25<10:59,  5.41s/it]
 95%|█████████▌| 2479/2600 [5:07:30<10:56,  5.42s/it]
 95%|█████████▌| 2480/2600 [5:07:36<10:47,  5.39s/it]
 95%|█████████▌| 2481/2600 [5:07:41<10:42,  5.40s/it]
 95%|█████████▌| 2482/2600 [5:07:46<10:35,  5.39s/it]
 96%|█████████▌| 2483/2600 [5:07:52<10:31,  5.40s/it]
 96%|█████████▌| 2484/2600 [5:07:57<10:25,  5.39s/it]
 96%|█████████▌| 2485/2600 [5:08:03<10:22,  5.41s/it]
 96%|█████████▌| 2486/2600 [5:08:08<10:12,  5.37s/it]
 96%|█████████▌| 2487/2600 [5:08:13<10:11,  5.41s/it]
 96%|█████████▌| 2488/2600 [5:08:19<10:01,  5.37s/it]
 96%|█████████▌| 2489/2600 [5:08:24<10:00,  5.41s/it]
 96%|█████████▌| 2490/2600 [5:08:30<09:56,  5.43s/it]
 96%|█████████▌| 2491/2600 [5:08:35<09:46,  5.38s/it]
 96%|█████████▌| 2492/2600 [5:08:40<09:45,  5.42s/it]
 96%|█████████▌| 2493/2600 [5:08:46<09:37,  5.39s/it]
 96%|█████████▌| 2494/2600 [5:08:51<09:32,  5.40s/it]
 96%|█████████▌| 2495/2600 [5:08:56<09:24,  5.38s/it]
 96%|█████████▌| 2496/2600 [5:09:02<09:21,  5.40s/it]
 96%|█████████▌| 2497/2600 [5:09:07<09:13,  5.38s/it]
 96%|█████████▌| 2498/2600 [5:09:13<09:12,  5.42s/it]
 96%|█████████▌| 2499/2600 [5:09:18<09:02,  5.37s/it]
 96%|█████████▌| 2500/2600 [5:09:23<08:59,  5.40s/it]
 96%|█████████▌| 2501/2600 [5:09:29<08:56,  5.42s/it]
 96%|█████████▌| 2502/2600 [5:09:34<08:48,  5.39s/it]
 96%|█████████▋| 2503/2600 [5:09:40<08:46,  5.43s/it]
 96%|█████████▋| 2504/2600 [5:09:45<08:36,  5.38s/it]
 96%|█████████▋| 2505/2600 [5:09:51<08:33,  5.40s/it]
 96%|█████████▋| 2506/2600 [5:09:56<08:25,  5.38s/it]
 96%|█████████▋| 2507/2600 [5:10:01<08:22,  5.40s/it]
 96%|█████████▋| 2508/2600 [5:10:07<08:16,  5.39s/it]
 96%|█████████▋| 2509/2600 [5:10:12<08:11,  5.40s/it]
 97%|█████████▋| 2510/2600 [5:10:17<08:04,  5.38s/it]
 97%|█████████▋| 2511/2600 [5:10:23<08:00,  5.40s/it]
 97%|█████████▋| 2512/2600 [5:10:28<07:58,  5.43s/it]
 97%|█████████▋| 2513/2600 [5:10:34<07:48,  5.38s/it]
 97%|█████████▋| 2514/2600 [5:10:39<07:45,  5.41s/it]
 97%|█████████▋| 2515/2600 [5:10:44<07:38,  5.40s/it]
 97%|█████████▋| 2516/2600 [5:10:50<07:33,  5.40s/it]
 97%|█████████▋| 2517/2600 [5:10:55<07:26,  5.38s/it]
 97%|█████████▋| 2518/2600 [5:11:01<07:23,  5.40s/it]
 97%|█████████▋| 2519/2600 [5:11:06<07:15,  5.38s/it]
 97%|█████████▋| 2520/2600 [5:11:11<07:12,  5.41s/it]
 97%|█████████▋| 2521/2600 [5:11:17<07:06,  5.40s/it]
 97%|█████████▋| 2522/2600 [5:11:22<07:01,  5.40s/it]
 97%|█████████▋| 2523/2600 [5:11:28<06:57,  5.42s/it]
 97%|█████████▋| 2524/2600 [5:11:33<06:50,  5.40s/it]
 97%|█████████▋| 2525/2600 [5:11:38<06:45,  5.41s/it]
 97%|█████████▋| 2526/2600 [5:11:44<06:38,  5.38s/it]
 97%|█████████▋| 2527/2600 [5:11:49<06:35,  5.42s/it]
 97%|█████████▋| 2528/2600 [5:11:55<06:28,  5.39s/it]
 97%|█████████▋| 2529/2600 [5:12:00<06:23,  5.39s/it]
 97%|█████████▋| 2530/2600 [5:12:05<06:16,  5.37s/it]
 97%|█████████▋| 2531/2600 [5:12:11<06:13,  5.41s/it]
 97%|█████████▋| 2532/2600 [5:12:16<06:05,  5.37s/it]
 97%|█████████▋| 2533/2600 [5:12:22<06:02,  5.41s/it]
 97%|█████████▋| 2534/2600 [5:12:27<05:57,  5.41s/it]
 98%|█████████▊| 2535/2600 [5:12:32<05:50,  5.40s/it]
 98%|█████████▊| 2536/2600 [5:12:38<05:45,  5.40s/it]
 98%|█████████▊| 2537/2600 [5:12:43<05:38,  5.38s/it]
 98%|█████████▊| 2538/2600 [5:12:49<05:35,  5.41s/it]
 98%|█████████▊| 2539/2600 [5:12:54<05:28,  5.38s/it]
 98%|█████████▊| 2540/2600 [5:12:59<05:24,  5.41s/it]
 98%|█████████▊| 2541/2600 [5:13:05<05:17,  5.38s/it]
 98%|█████████▊| 2542/2600 [5:13:10<05:13,  5.41s/it]
 98%|█████████▊| 2543/2600 [5:13:16<05:06,  5.38s/it]
 98%|█████████▊| 2544/2600 [5:13:21<05:03,  5.42s/it]
 98%|█████████▊| 2545/2600 [5:13:26<04:58,  5.43s/it]
 98%|█████████▊| 2546/2600 [5:13:32<04:50,  5.38s/it]
 98%|█████████▊| 2547/2600 [5:13:37<04:47,  5.42s/it]
 98%|█████████▊| 2548/2600 [5:13:43<04:40,  5.39s/it]
 98%|█████████▊| 2549/2600 [5:13:48<04:35,  5.41s/it]
 98%|█████████▊| 2550/2600 [5:13:53<04:28,  5.37s/it]
 98%|█████████▊| 2551/2600 [5:13:59<04:24,  5.40s/it]
 98%|█████████▊| 2552/2600 [5:14:04<04:17,  5.37s/it]
 98%|█████████▊| 2553/2600 [5:14:10<04:13,  5.40s/it]
 98%|█████████▊| 2554/2600 [5:14:15<04:08,  5.39s/it]
 98%|█████████▊| 2555/2600 [5:14:20<04:03,  5.41s/it]
 98%|█████████▊| 2556/2600 [5:14:26<03:58,  5.41s/it]
 98%|█████████▊| 2557/2600 [5:14:31<03:51,  5.39s/it]
 98%|█████████▊| 2558/2600 [5:14:37<03:47,  5.41s/it]
 98%|█████████▊| 2559/2600 [5:14:42<03:40,  5.39s/it]
 98%|█████████▊| 2560/2600 [5:14:47<03:36,  5.41s/it]
 98%|█████████▊| 2561/2600 [5:14:53<03:30,  5.40s/it]
 99%|█████████▊| 2562/2600 [5:14:58<03:25,  5.40s/it]
 99%|█████████▊| 2563/2600 [5:15:04<03:19,  5.39s/it]
 99%|█████████▊| 2564/2600 [5:15:09<03:14,  5.40s/it]
 99%|█████████▊| 2565/2600 [5:15:14<03:08,  5.39s/it]
 99%|█████████▊| 2566/2600 [5:15:20<03:03,  5.39s/it]
 99%|█████████▊| 2567/2600 [5:15:25<02:58,  5.41s/it]
 99%|█████████▉| 2568/2600 [5:15:31<02:52,  5.39s/it]
 99%|█████████▉| 2569/2600 [5:15:36<02:47,  5.41s/it]
 99%|█████████▉| 2570/2600 [5:15:41<02:41,  5.38s/it]
 99%|█████████▉| 2571/2600 [5:15:47<02:36,  5.41s/it]
 99%|█████████▉| 2572/2600 [5:15:52<02:30,  5.38s/it]
 99%|█████████▉| 2573/2600 [5:15:58<02:25,  5.40s/it]
 99%|█████████▉| 2574/2600 [5:16:03<02:20,  5.39s/it]
 99%|█████████▉| 2575/2600 [5:16:08<02:14,  5.40s/it]
 99%|█████████▉| 2576/2600 [5:16:14<02:09,  5.39s/it]
 99%|█████████▉| 2577/2600 [5:16:19<02:04,  5.39s/it]
 99%|█████████▉| 2578/2600 [5:16:25<01:59,  5.43s/it]
 99%|█████████▉| 2579/2600 [5:16:30<01:53,  5.39s/it]
 99%|█████████▉| 2580/2600 [5:16:35<01:48,  5.41s/it]
 99%|█████████▉| 2581/2600 [5:16:41<01:42,  5.37s/it]
 99%|█████████▉| 2582/2600 [5:16:46<01:37,  5.40s/it]
 99%|█████████▉| 2583/2600 [5:16:51<01:31,  5.38s/it]
 99%|█████████▉| 2584/2600 [5:16:57<01:26,  5.40s/it]
 99%|█████████▉| 2585/2600 [5:17:02<01:20,  5.38s/it]
 99%|█████████▉| 2586/2600 [5:17:08<01:15,  5.40s/it]
100%|█████████▉| 2587/2600 [5:17:13<01:09,  5.38s/it]
100%|█████████▉| 2588/2600 [5:17:18<01:04,  5.40s/it]
100%|█████████▉| 2589/2600 [5:17:24<00:59,  5.42s/it]
100%|█████████▉| 2590/2600 [5:17:29<00:54,  5.40s/it]
100%|█████████▉| 2591/2600 [5:17:35<00:48,  5.40s/it]
100%|█████████▉| 2592/2600 [5:17:40<00:43,  5.38s/it]
100%|█████████▉| 2593/2600 [5:17:46<00:37,  5.42s/it]
100%|█████████▉| 2594/2600 [5:17:51<00:32,  5.37s/it]
100%|█████████▉| 2595/2600 [5:17:56<00:26,  5.40s/it]
100%|█████████▉| 2596/2600 [5:18:02<00:21,  5.38s/it]
100%|███�(0,)
It 2600, sqrt loss 0.00719, Val sim-RMS 0.00449, Time Loss: 70.9%, data: 0.4%, val: 28.6%,  7.6 sec/batch
�█████▉| 2597/2600 [5:18:07<00:16,  5.40s/it]
100%|█████████▉| 2598/2600 [5:18:12<00:10,  5.40s/it]
100%|█████████▉| 2599/2600 [5:18:18<00:05,  5.41s/it]
100%|██████████| 2600/2600 [5:27:46<00:00, 174.08s/it]
100%|██████████| 2600/2600 [5:27:46<00:00,  7.56s/it] 
/dataB1/dirk_van_den_berg/conda-envs/GraduationProject/lib/python3.11/site-packages/deepSI/fit_systems/fit_system.py:501: FutureWarning: You are using `torch.load` with `weights_only=False` (the current default value), which uses the default pickle module implicitly. It is possible to construct malicious pickle data which will execute arbitrary code during unpickling (See https://github.com/pytorch/pytorch/blob/main/SECURITY.md#untrusted-models for more details). In a future release, the default value for `weights_only` will be flipped to `True`. This limits the functions that could be executed during unpickling. Arbitrary objects will no longer be allowed to be loaded via this mode unless they are explicitly allowlisted by the user via `torch.serialization.add_safe_globals`. We recommend you start setting `weights_only=True` for any use case where you don't have full control of the loaded file. Please open an issue on GitHub for any issues related to this experimental feature.
  self.__dict__ = torch.load(file)
Loaded model with best known validation sim-RMS of 0.0001667 which happened on epoch 0 (epoch_id=0.00)
  Checkpoint weights: /dataB1/dirk_van_den_berg/repos/LPV-LFR-Baseline-Augmentation/scripts/gantry/../../simulations/gantry_subnet/augmentation_linear_map/gantry_ckpt_69124.pt
Training done | 10 ep | 20232s | bestfit=0.00017  R2_linmap: delta_a=+0.0060  vdelta_a=+0.1640
  Checkpoint meta: /dataB1/dirk_van_den_berg/repos/LPV-LFR-Baseline-Augmentation/scripts/gantry/../../simulations/gantry_subnet/augmentation_linear_map/gantry_ckpt_69124.npz

Training complete. Best validation sim-RMS: 0.000167

Computing baseline FP RMS/NRMS (fixed reference, no MSD)...

=== Baseline FP model (val, true x0 @K0, no MSD, reference to beat) ===
            NRMS          RMS
  X1:    0.0001  4.182e-06 m
  X2:    0.0001  4.187e-06 m
  Y :    0.0039  7.329e-04 m
  aggregate sim-RMS (same formula as validation loss): 4.2313e-04 m

=== Baseline FP model (test E1, true x0 @K0, no MSD, reference to beat) ===
            NRMS          RMS
  X1:    0.0000  1.880e-08 m
  X2:    0.0000  1.834e-08 m
  Y :    0.0000  1.565e-06 m
  aggregate sim-RMS (same formula as validation loss): 9.0357e-07 m

=== Baseline FP model (val, encoder-init (untrained linear map), no MSD, reference to beat) ===
            NRMS          RMS
  X1:    0.0000  9.462e-07 m
  X2:    0.0000  9.229e-07 m
  Y :    0.0011  2.113e-04 m
  aggregate sim-RMS (same formula as validation loss): 1.2202e-04 m

=== Baseline FP model (test E1, encoder-init (untrained linear map), no MSD, reference to beat) ===
            NRMS          RMS
  X1:    0.0000  1.880e-08 m
  X2:    0.0000  1.834e-08 m
  Y :    0.0000  1.565e-06 m
  aggregate sim-RMS (same formula as validation loss): 9.0357e-07 m
Test-set NRMS per record (avg from K0):
  E1_resonance_sweep.mat: [5.8167313e-07 5.6703573e-07 8.2301030e-06]
  E2_multisine_Yp22.mat: [0.00476416 0.0047632  0.00019074]
  E3_aprbs_above.mat: [0.05028237 0.0502275  0.00068851]
  E4_multisine_off.mat: [0.04920692 0.0492076  0.00035977]
  mean: [0.02606351 0.02604972 0.00031181]
Saved model: /dataB1/dirk_van_den_berg/repos/LPV-LFR-Baseline-Augmentation/scripts/gantry/../../simulations/gantry_subnet/augmentation_linear_map/gantry_69124

=== Sim-NRMS + RMS: augmented vs baseline FP ===
                     augmented             baseline FP   improve
              (NRMS    RMS [m])        (NRMS    RMS [m])
  X1:  0.0000  9.462e-07 m    0.0001  4.182e-06 m    +77.4%
  X2:  0.0000  9.229e-07 m    0.0001  4.187e-06 m    +78.0%
  Y :  0.0011  2.113e-04 m    0.0039  7.329e-04 m    +71.2%

=== ANN latent state RMS ===
  x[6]: enc=0.0000e+00
  x[7]: enc=0.0000e+00

=== Rollout aug-state R2 vs GT (closed-loop simulation) ===
  delta_a   R2_raw=+0.0000  R2_linmap=+0.0000
  vdelta_a  R2_raw=+0.0000  R2_linmap=+0.0000
  R2_linmap ~ 1 -> simulated aug states carry the absorber dynamics;
  R2_linmap ~ 0 -> aug states unused in rollout (encoder R2 tests encoder only)

=== Test-set (E1) sim-NRMS + RMS — generalization to unseen excitation ===
                     augmented             baseline FP   improve
              (NRMS    RMS [m])        (NRMS    RMS [m])
  X1:  0.0000  1.880e-08 m    0.0000  1.880e-08 m    +0.0%
  X2:  0.0000  1.834e-08 m    0.0000  1.834e-08 m    +0.0%
  Y :  0.0000  1.565e-06 m    0.0000  1.565e-06 m    +0.0%

=== Model, true-x0 init: sim-NRMS + RMS ===
  X1: 0.0001  4.182e-06 m
  X2: 0.0001  4.187e-06 m
  Y : 0.0039  7.329e-04 m
Saved results: gantry_results_69124.npz

=== State recovery diagnostic (D-053) ===
  2087 windows (stride 23), na=nb=17, encoder=linear_map
  channel   R2_raw      R2_linmap   R2_raw_lag1
  q1         +0.9884     +0.9998     +0.9454
  q2         +0.9979     +1.0000     +0.9333
  q3         +0.7932     +0.8986     +0.8363
  dq1        +0.9712     +0.9999     +0.9255
  dq2        +0.9945     +1.0000     +0.9282
  dq3        +0.5358     +0.8880     +0.6901
  R2_linmap ~ 1 & R2_raw low -> basis rotation;
  R2_linmap low              -> information absent from encoder state;
  R2_raw_lag1 > R2_raw       -> encoder aligned to k-1 (one-sample lag)

=== Augmented state R2 vs saved GT (delta_a/vdelta_a from mat file) ===
  state             R2_raw   R2_linmap  note
  delta_a       -0.2051     +0.0060  (mat file)
  vdelta_a      -0.3246     +0.1640  (FD estimate)
  R2_linmap ~ 1 -> augmented state captured MSD dynamics
  R2_linmap ~ 0 -> augmented state did not learn delta_a
Saved state recovery diagnostic: gantry_state_recovery_69124.npz

=== Gradient norms (single batch, post-training) ===
  encoder             : 2.2714e-03
  hfn                 : 2.0694e-05
