job_id=76573
node_list=blade6
cpus_per_task=4
cuda_visible_devices=<unset>
CL_EPOCHS=12  CL_LR=1e-7  CL_STRIDE=10  CL_ITS_PER_VAL=epoch
Sun Aug 16 23:32:49 CEST 2026
=== CPU info ===
CPU(s):                                  64
On-line CPU(s) list:                     0-63
Model name:                              AMD EPYC 9334 32-Core Processor
Thread(s) per core:                      1
Core(s) per socket:                      32
Socket(s):                               2
NUMA node0 CPU(s):                       0-31
NUMA node1 CPU(s):                       32-63
=== script defaults (env above overrides these) ===
79:EPOCHS = int(os.environ.get('CL_EPOCHS', 12))
80:N_ITS = int(os.environ.get('CL_ITS', 0)) or None
87:LR = float(os.environ.get('CL_LR', 1e-7))
94:STRIDE = int(os.environ.get('CL_STRIDE', 10))
96:ROUTE = tuple(range(8))
=== step 6: controller in the model, ANN -> all eight states ===
Gym has been unmaintained since 2022 and does not support NumPy 2.0 amongst other critical functionality.
Please upgrade to Gymnasium, the maintained drop-in replacement of Gym, or contact the authors of your software and request that they upgrade.
Users of this version of Gym should be able to simply replace 'import gym' with 'import gymnasium as gym' in the vast majority of cases.
See the migration guide at https://gymnasium.farama.org/introduction/migration_guide/ for additional information.
================================================================================================
STEP 6: closed-loop training, controller in the model, ANN -> all eight states
================================================================================================
ann_route_ix (0, 1, 2, 3, 4, 5, 6, 7)   nf 400   stride 10   lr 1e-07   epochs 12   n_its None   its_per_val epoch
[orth] loaded cached penalty basis: /dataB1/dirk_van_den_berg/repos/LPV-LFR-Baseline-Augmentation/simulations/gantry_subnet/augmentation_linear_map/orth_cache/orth_04fdce928d32.npz (Q (40308, 11), 6718 points)
[demo_common] pipeline built in 7s (slim load: 14 train files, snr=None, na=nb=17, K0=17)
ANN output width 8 (one per routed row)
controller bank: n_FB 9, distinct Y_op train [-0.3, -0.15, 0.0, 0.15, 0.3] / val [-0.22, -0.1, 0.1]
optimizer lr from build_model: [1e-07, 1e-07]   (cfg.lr = 1e-07)
pre-flight: picklable   [9s]
    [cl-val] closed-loop sim-RMS 2.186551e-06 m   per record [2.185e-06 2.197e-06 2.176e-06 2.187e-06]

UNTRAINED closed-loop sim-RMS: 2.1865508056e-06 m
oracle floor (cl_headroom.py): ~2.81e-08 m, i.e. 77.8x headroom

------------------------------------------------------------------------------------------------
Model already initilized (init_model_done=True), skipping initilizing of the model, the norm and the creation of the optimizer
Size of the training array =  637.9 MB
N_training_samples = 66626, batch_size = 256, N_batch_updates_per_epoch = 260
    [cl-val] closed-loop sim-RMS 2.186551e-06 m   per record [2.185e-06 2.197e-06 2.176e-06 2.187e-06]
(0,)
Initial Validation sim-RMS= 2.1865508055555847e-06

  0%|          | 0/3120 [00:00<?, ?it/s]
  0%|          | 1/3120 [00:01<1:34:31,  1.82s/it]
  0%|          | 2/3120 [00:03<1:24:49,  1.63s/it]
  0%|          | 3/3120 [00:04<1:21:38,  1.57s/it]
  0%|          | 4/3120 [00:06<1:20:06,  1.54s/it]
  0%|          | 5/3120 [00:07<1:21:15,  1.57s/it]
  0%|          | 6/3120 [00:09<1:20:07,  1.54s/it]
  0%|          | 7/3120 [00:10<1:19:57,  1.54s/it]
  0%|          | 8/3120 [00:12<1:19:15,  1.53s/it]
  0%|          | 9/3120 [00:14<1:20:33,  1.55s/it]
  0%|          | 10/3120 [00:15<1:19:38,  1.54s/it]
  0%|          | 11/3120 [00:17<1:19:03,  1.53s/it]
  0%|          | 12/3120 [00:18<1:20:28,  1.55s/it]
  0%|          | 13/3120 [00:20<1:19:35,  1.54s/it]
  0%|          | 14/3120 [00:21<1:18:55,  1.52s/it]
  0%|          | 15/3120 [00:23<1:18:29,  1.52s/it]
  1%|          | 16/3120 [00:24<1:19:52,  1.54s/it]
  1%|          | 17/3120 [00:26<1:19:09,  1.53s/it]
  1%|          | 18/3120 [00:27<1:18:37,  1.52s/it]
  1%|          | 19/3120 [00:29<1:18:18,  1.52s/it]
  1%|          | 20/3120 [00:30<1:19:59,  1.55s/it]
  1%|          | 21/3120 [00:32<1:19:27,  1.54s/it]
  1%|          | 22/3120 [00:33<1:18:50,  1.53s/it]
  1%|          | 23/3120 [00:35<1:20:05,  1.55s/it]
  1%|          | 24/3120 [00:37<1:19:15,  1.54s/it]
  1%|          | 25/3120 [00:38<1:18:34,  1.52s/it]
  1%|          | 26/3120 [00:40<1:18:13,  1.52s/it]
  1%|          | 27/3120 [00:41<1:19:40,  1.55s/it]
  1%|          | 28/3120 [00:43<1:18:59,  1.53s/it]
  1%|          | 29/3120 [00:44<1:18:25,  1.52s/it]
  1%|          | 30/3120 [00:46<1:18:02,  1.52s/it]
  1%|          | 31/3120 [00:47<1:19:51,  1.55s/it]
  1%|          | 32/3120 [00:49<1:19:03,  1.54s/it]
  1%|          | 33/3120 [00:50<1:18:41,  1.53s/it]
  1%|          | 34/3120 [00:52<1:20:11,  1.56s/it]
  1%|          | 35/3120 [00:53<1:19:18,  1.54s/it]
  1%|          | 36/3120 [00:55<1:18:37,  1.53s/it]
  1%|          | 37/3120 [00:56<1:18:06,  1.52s/it]
  1%|          | 38/3120 [00:58<1:19:40,  1.55s/it]
  1%|▏         | 39/3120 [01:00<1:19:02,  1.54s/it]
  1%|▏         | 40/3120 [01:01<1:18:55,  1.54s/it]
  1%|▏         | 41/3120 [01:03<1:18:21,  1.53s/it]
  1%|▏         | 42/3120 [01:04<1:19:46,  1.55s/it]
  1%|▏         | 43/3120 [01:06<1:18:53,  1.54s/it]
  1%|▏         | 44/3120 [01:07<1:18:17,  1.53s/it]
  1%|▏         | 45/3120 [01:09<1:19:28,  1.55s/it]
  1%|▏         | 46/3120 [01:10<1:18:38,  1.53s/it]
  2%|▏         | 47/3120 [01:12<1:18:13,  1.53s/it]
  2%|▏         | 48/3120 [01:13<1:17:57,  1.52s/it]
  2%|▏         | 49/3120 [01:15<1:19:29,  1.55s/it]
  2%|▏         | 50/3120 [01:16<1:18:52,  1.54s/it]
  2%|▏         | 51/3120 [01:18<1:18:21,  1.53s/it]
  2%|▏         | 52/3120 [01:19<1:17:52,  1.52s/it]
  2%|▏         | 53/3120 [01:21<1:19:12,  1.55s/it]
  2%|▏         | 54/3120 [01:23<1:18:21,  1.53s/it]
  2%|▏         | 55/3120 [01:24<1:17:55,  1.53s/it]
  2%|▏         | 56/3120 [01:26<1:19:18,  1.55s/it]
  2%|▏         | 57/3120 [01:27<1:18:29,  1.54s/it]
  2%|▏         | 58/3120 [01:29<1:18:09,  1.53s/it]
  2%|▏         | 59/3120 [01:30<1:17:48,  1.52s/it]
  2%|▏         | 60/3120 [01:32<1:19:24,  1.56s/it]
  2%|▏         | 61/3120 [01:33<1:18:33,  1.54s/it]
  2%|▏         | 62/3120 [01:35<1:18:03,  1.53s/it]
  2%|▏         | 63/3120 [01:36<1:17:43,  1.53s/it]
  2%|▏         | 64/3120 [01:38<1:19:10,  1.55s/it]
  2%|▏         | 65/3120 [01:40<1:18:26,  1.54s/it]
  2%|▏         | 66/3120 [01:41<1:18:00,  1.53s/it]
  2%|▏         | 67/3120 [01:43<1:19:27,  1.56s/it]
  2%|▏         | 68/3120 [01:44<1:18:36,  1.55s/it]
  2%|▏         | 69/3120 [01:46<1:17:48,  1.53s/it]
  2%|▏         | 70/3120 [01:47<1:17:12,  1.52s/it]
  2%|▏         | 71/3120 [01:49<1:18:33,  1.55s/it]
  2%|▏         | 72/3120 [01:50<1:18:25,  1.54s/it]
  2%|▏         | 73/3120 [01:52<1:17:50,  1.53s/it]
  2%|▏         | 74/3120 [01:53<1:17:21,  1.52s/it]
  2%|▏         | 75/3120 [01:55<1:18:38,  1.55s/it]
  2%|▏         | 76/3120 [01:56<1:18:03,  1.54s/it]
  2%|▏         | 77/3120 [01:58<1:17:44,  1.53s/it]
  2%|▎         | 78/3120 [02:00<1:18:53,  1.56s/it]
  3%|▎         | 79/3120 [02:01<1:17:55,  1.54s/it]
  3%|▎         | 80/3120 [02:03<1:17:20,  1.53s/it]
  3%|▎         | 81/3120 [02:04<1:17:04,  1.52s/it]
  3%|▎         | 82/3120 [02:06<1:18:22,  1.55s/it]
  3%|▎         | 83/3120 [02:07<1:17:30,  1.53s/it]
  3%|▎         | 84/3120 [02:09<1:16:57,  1.52s/it]
  3%|▎         | 85/3120 [02:10<1:16:38,  1.52s/it]
  3%|▎         | 86/3120 [02:12<1:18:17,  1.55s/it]
  3%|▎         | 87/3120 [02:13<1:17:32,  1.53s/it]
  3%|▎         | 88/3120 [02:15<1:17:02,  1.52s/it]
  3%|▎         | 89/3120 [02:16<1:18:18,  1.55s/it]
  3%|▎         | 90/3120 [02:18<1:17:29,  1.53s/it]
  3%|▎         | 91/3120 [02:19<1:17:00,  1.53s/it]
  3%|▎         | 92/3120 [02:21<1:16:36,  1.52s/it]
  3%|▎         | 93/3120 [02:23<1:18:16,  1.55s/it]
  3%|▎         | 94/3120 [02:24<1:17:23,  1.53s/it]
  3%|▎         | 95/3120 [02:26<1:16:59,  1.53s/it]
  3%|▎         | 96/3120 [02:27<1:16:31,  1.52s/it]
  3%|▎         | 97/3120 [02:29<1:17:43,  1.54s/it]
  3%|▎         | 98/3120 [02:30<1:17:02,  1.53s/it]
  3%|▎         | 99/3120 [02:32<1:16:53,  1.53s/it]
  3%|▎         | 100/3120 [02:33<1:18:23,  1.56s/it]
  3%|▎         | 101/3120 [02:35<1:17:34,  1.54s/it]
  3%|▎         | 102/3120 [02:36<1:16:53,  1.53s/it]
  3%|▎         | 103/3120 [02:38<1:16:24,  1.52s/it]
  3%|▎         | 104/3120 [02:39<1:17:44,  1.55s/it]
  3%|▎         | 105/3120 [02:41<1:17:39,  1.55s/it]
  3%|▎         | 106/3120 [02:42<1:17:01,  1.53s/it]
  3%|▎         | 107/3120 [02:44<1:16:33,  1.52s/it]
  3%|▎         | 108/3120 [02:46<1:17:49,  1.55s/it]
  3%|▎         | 109/3120 [02:47<1:17:00,  1.53s/it]
  4%|▎         | 110/3120 [02:49<1:16:29,  1.52s/it]
  4%|▎         | 111/3120 [02:50<1:17:56,  1.55s/it]
  4%|▎         | 112/3120 [02:52<1:17:05,  1.54s/it]
  4%|▎         | 113/3120 [02:53<1:16:32,  1.53s/it]
  4%|▎         | 114/3120 [02:55<1:16:08,  1.52s/it]
  4%|▎         | 115/3120 [02:56<1:17:26,  1.55s/it]
  4%|▎         | 116/3120 [02:58<1:16:40,  1.53s/it]
  4%|▍         | 117/3120 [02:59<1:16:08,  1.52s/it]
  4%|▍         | 118/3120 [03:01<1:15:50,  1.52s/it]
  4%|▍         | 119/3120 [03:02<1:17:14,  1.54s/it]
  4%|▍         | 120/3120 [03:04<1:16:30,  1.53s/it]
  4%|▍         | 121/3120 [03:05<1:16:04,  1.52s/it]
  4%|▍         | 122/3120 [03:07<1:17:19,  1.55s/it]
  4%|▍         | 123/3120 [03:09<1:16:35,  1.53s/it]
  4%|▍         | 124/3120 [03:10<1:16:06,  1.52s/it]
  4%|▍         | 125/3120 [03:12<1:15:51,  1.52s/it]
  4%|▍         | 126/3120 [03:13<1:17:30,  1.55s/it]
  4%|▍         | 127/3120 [03:15<1:16:45,  1.54s/it]
  4%|▍         | 128/3120 [03:16<1:16:17,  1.53s/it]
  4%|▍         | 129/3120 [03:18<1:15:51,  1.52s/it]
  4%|▍         | 130/3120 [03:19<1:17:08,  1.55s/it]
  4%|▍         | 131/3120 [03:21<1:16:39,  1.54s/it]
  4%|▍         | 132/3120 [03:22<1:16:03,  1.53s/it]
  4%|▍         | 133/3120 [03:24<1:17:17,  1.55s/it]
  4%|▍         | 134/3120 [03:25<1:16:29,  1.54s/it]
  4%|▍         | 135/3120 [03:27<1:15:52,  1.53s/it]
  4%|▍         | 136/3120 [03:28<1:15:29,  1.52s/it]
  4%|▍         | 137/3120 [03:30<1:16:52,  1.55s/it]
  4%|▍         | 138/3120 [03:32<1:16:44,  1.54s/it]
  4%|▍         | 139/3120 [03:33<1:16:06,  1.53s/it]
  4%|▍         | 140/3120 [03:35<1:15:31,  1.52s/it]
  5%|▍         | 141/3120 [03:36<1:16:51,  1.55s/it]
  5%|▍         | 142/3120 [03:38<1:16:02,  1.53s/it]
  5%|▍         | 143/3120 [03:39<1:15:33,  1.52s/it]
  5%|▍         | 144/3120 [03:41<1:16:46,  1.55s/it]
  5%|▍         | 145/3120 [03:42<1:16:06,  1.53s/it]
  5%|▍         | 146/3120 [03:44<1:15:35,  1.53s/it]
  5%|▍         | 147/3120 [03:45<1:15:08,  1.52s/it]
  5%|▍         | 148/3120 [03:47<1:16:28,  1.54s/it]
  5%|▍         | 149/3120 [03:48<1:15:42,  1.53s/it]
  5%|▍         | 150/3120 [03:50<1:15:15,  1.52s/it]
  5%|▍         | 151/3120 [03:51<1:14:54,  1.51s/it]
  5%|▍         | 152/3120 [03:53<1:16:18,  1.54s/it]
  5%|▍         | 153/3120 [03:55<1:15:39,  1.53s/it]
  5%|▍         | 154/3120 [03:56<1:15:07,  1.52s/it]
  5%|▍         | 155/3120 [03:58<1:16:27,  1.55s/it]
  5%|▌         | 156/3120 [03:59<1:15:57,  1.54s/it]
  5%|▌         | 157/3120 [04:01<1:15:25,  1.53s/it]
  5%|▌         | 158/3120 [04:02<1:15:13,  1.52s/it]
  5%|▌         | 159/3120 [04:04<1:16:53,  1.56s/it]
  5%|▌         | 160/3120 [04:05<1:15:58,  1.54s/it]
  5%|▌         | 161/3120 [04:07<1:15:23,  1.53s/it]
  5%|▌         | 162/3120 [04:08<1:14:52,  1.52s/it]
  5%|▌         | 163/3120 [04:10<1:16:10,  1.55s/it]
  5%|▌         | 164/3120 [04:11<1:15:46,  1.54s/it]
  5%|▌         | 165/3120 [04:13<1:15:10,  1.53s/it]
  5%|▌         | 166/3120 [04:15<1:16:47,  1.56s/it]
  5%|▌         | 167/3120 [04:16<1:15:50,  1.54s/it]
  5%|▌         | 168/3120 [04:18<1:15:13,  1.53s/it]
  5%|▌         | 169/3120 [04:19<1:14:44,  1.52s/it]
  5%|▌         | 170/3120 [04:21<1:16:33,  1.56s/it]
  5%|▌         | 171/3120 [04:22<1:15:49,  1.54s/it]
  6%|▌         | 172/3120 [04:24<1:15:11,  1.53s/it]
  6%|▌         | 173/3120 [04:25<1:14:47,  1.52s/it]
  6%|▌         | 174/3120 [04:27<1:15:59,  1.55s/it]
  6%|▌         | 175/3120 [04:28<1:15:17,  1.53s/it]
  6%|▌         | 176/3120 [04:30<1:14:57,  1.53s/it]
  6%|▌         | 177/3120 [04:31<1:16:10,  1.55s/it]
  6%|▌         | 178/3120 [04:33<1:15:22,  1.54s/it]
  6%|▌         | 179/3120 [04:34<1:14:47,  1.53s/it]
  6%|▌         | 180/3120 [04:36<1:14:21,  1.52s/it]
  6%|▌         | 181/3120 [04:38<1:15:43,  1.55s/it]
  6%|▌         | 182/3120 [04:39<1:15:01,  1.53s/it]
  6%|▌         | 183/3120 [04:41<1:14:35,  1.52s/it]
  6%|▌         | 184/3120 [04:42<1:14:17,  1.52s/it]
  6%|▌         | 185/3120 [04:44<1:15:52,  1.55s/it]
  6%|▌         | 186/3120 [04:45<1:15:15,  1.54s/it]
  6%|▌         | 187/3120 [04:47<1:14:40,  1.53s/it]
  6%|▌         | 188/3120 [04:48<1:15:50,  1.55s/it]
  6%|▌         | 189/3120 [04:50<1:15:04,  1.54s/it]
  6%|▌         | 190/3120 [04:51<1:14:28,  1.53s/it]
  6%|▌         | 191/3120 [04:53<1:14:03,  1.52s/it]
  6%|▌         | 192/3120 [04:54<1:15:47,  1.55s/it]
  6%|▌         | 193/3120 [04:56<1:14:59,  1.54s/it]
  6%|▌         | 194/3120 [04:57<1:14:21,  1.52s/it]
  6%|▋         | 195/3120 [04:59<1:14:01,  1.52s/it]
  6%|▋         | 196/3120 [05:01<1:15:43,  1.55s/it]
  6%|▋         | 197/3120 [05:02<1:14:59,  1.54s/it]
  6%|▋         | 198/3120 [05:04<1:14:20,  1.53s/it]
  6%|▋         | 199/3120 [05:05<1:15:55,  1.56s/it]
  6%|▋         | 200/3120 [05:07<1:15:07,  1.54s/it]
  6%|▋         | 201/3120 [05:08<1:14:32,  1.53s/it]
  6%|▋         | 202/3120 [05:10<1:14:02,  1.52s/it]
  7%|▋         | 203/3120 [05:11<1:15:43,  1.56s/it]
  7%|▋         | 204/3120 [05:13<1:14:49,  1.54s/it]
  7%|▋         | 205/3120 [05:14<1:14:14,  1.53s/it]
  7%|▋         | 206/3120 [05:16<1:13:45,  1.52s/it]
  7%|▋         | 207/3120 [05:17<1:15:04,  1.55s/it]
  7%|▋         | 208/3120 [05:19<1:14:21,  1.53s/it]
  7%|▋         | 209/3120 [05:20<1:13:54,  1.52s/it]
  7%|▋         | 210/3120 [05:22<1:15:08,  1.55s/it]
  7%|▋         | 211/3120 [05:24<1:14:17,  1.53s/it]
  7%|▋         | 212/3120 [05:25<1:13:49,  1.52s/it]
  7%|▋         | 213/3120 [05:27<1:13:28,  1.52s/it]
  7%|▋         | 214/3120 [05:28<1:14:54,  1.55s/it]
  7%|▋         | 215/3120 [05:30<1:14:14,  1.53s/it]
  7%|▋         | 216/3120 [05:31<1:13:46,  1.52s/it]
  7%|▋         | 217/3120 [05:33<1:13:25,  1.52s/it]
  7%|▋         | 218/3120 [05:34<1:14:54,  1.55s/it]
  7%|▋         | 219/3120 [05:36<1:14:12,  1.53s/it]
  7%|▋         | 220/3120 [05:37<1:13:41,  1.52s/it]
  7%|▋         | 221/3120 [05:39<1:15:01,  1.55s/it]
  7%|▋         | 222/3120 [05:40<1:14:21,  1.54s/it]
  7%|▋         | 223/3120 [05:42<1:13:47,  1.53s/it]
  7%|▋         | 224/3120 [05:43<1:13:23,  1.52s/it]
  7%|▋         | 225/3120 [05:45<1:14:56,  1.55s/it]
  7%|▋         | 226/3120 [05:47<1:14:03,  1.54s/it]
  7%|▋         | 227/3120 [05:48<1:13:32,  1.53s/it]
  7%|▋         | 228/3120 [05:50<1:13:08,  1.52s/it]
  7%|▋         | 229/3120 [05:51<1:14:46,  1.55s/it]
  7%|▋         | 230/3120 [05:53<1:13:56,  1.53s/it]
  7%|▋         | 231/3120 [05:54<1:13:25,  1.52s/it]
  7%|▋         | 232/3120 [05:56<1:14:53,  1.56s/it]
  7%|▋         | 233/3120 [05:57<1:14:01,  1.54s/it]
  8%|▊         | 234/3120 [05:59<1:13:26,  1.53s/it]
  8%|▊         | 235/3120 [06:00<1:13:03,  1.52s/it]
  8%|▊         | 236/3120 [06:02<1:14:54,  1.56s/it]
  8%|▊         | 237/3120 [06:03<1:14:00,  1.54s/it]
  8%|▊         | 238/3120 [06:05<1:13:24,  1.53s/it]
  8%|▊         | 239/3120 [06:06<1:12:56,  1.52s/it]
  8%|▊         | 240/3120 [06:08<1:14:14,  1.55s/it]
  8%|▊         | 241/3120 [06:10<1:13:33,  1.53s/it]
  8%|▊         | 242/3120 [06:11<1:13:01,  1.52s/it]
  8%|▊         | 243/3120 [06:13<1:14:20,  1.55s/it]
  8%|▊         | 244/3120 [06:14<1:13:37,  1.54s/it]
  8%|▊         | 245/3120 [06:16    [cl-val] closed-loop sim-RMS 1.396616e-06 m   per record [1.364e-06 1.469e-06 1.366e-06 1.385e-06]
(0,)
########## New lowest validation loss achieved ########### sim-RMS = 1.3966158511520398e-06
It  260, sqrt loss 1.383e-05, Val sim-RMS 1.397e-06, Time Loss: 77.3%, data: 0.0%, val: 22.7%,  2.0 sec/batch
<1:13:03,  1.52s/it]
  8%|▊         | 246/3120 [06:17<1:12:41,  1.52s/it]
  8%|▊         | 247/3120 [06:19<1:14:03,  1.55s/it]
  8%|▊         | 248/3120 [06:20<1:13:18,  1.53s/it]
  8%|▊         | 249/3120 [06:22<1:12:51,  1.52s/it]
  8%|▊         | 250/3120 [06:23<1:12:34,  1.52s/it]
  8%|▊         | 251/3120 [06:25<1:13:56,  1.55s/it]
  8%|▊         | 252/3120 [06:26<1:13:23,  1.54s/it]
  8%|▊         | 253/3120 [06:28<1:13:03,  1.53s/it]
  8%|▊         | 254/3120 [06:30<1:14:12,  1.55s/it]
  8%|▊         | 255/3120 [06:31<1:13:30,  1.54s/it]
  8%|▊         | 256/3120 [06:33<1:12:58,  1.53s/it]
  8%|▊         | 257/3120 [06:34<1:12:30,  1.52s/it]
  8%|▊         | 258/3120 [06:36<1:14:07,  1.55s/it]
  8%|▊         | 259/3120 [06:37<1:13:21,  1.54s/it]
  8%|▊         | 260/3120 [08:36<29:08:06, 36.67s/it]
  8%|▊         | 261/3120 [08:37<20:45:22, 26.14s/it]
  8%|▊         | 262/3120 [08:39<14:52:57, 18.75s/it]
  8%|▊         | 263/3120 [08:41<10:48:05, 13.61s/it]
  8%|▊         | 264/3120 [08:42<7:55:31,  9.99s/it] 
  8%|▊         | 265/3120 [08:44<5:54:13,  7.44s/it]
  9%|▊         | 266/3120 [08:45<4:30:49,  5.69s/it]
  9%|▊         | 267/3120 [08:47<3:30:52,  4.43s/it]
  9%|▊         | 268/3120 [08:48<2:48:54,  3.55s/it]
  9%|▊         | 269/3120 [08:50<2:19:32,  2.94s/it]
  9%|▊         | 270/3120 [08:51<2:00:36,  2.54s/it]
  9%|▊         | 271/3120 [08:53<1:45:43,  2.23s/it]
  9%|▊         | 272/3120 [08:54<1:35:21,  2.01s/it]
  9%|▉         | 273/3120 [08:56<1:28:17,  1.86s/it]
  9%|▉         | 274/3120 [08:57<1:24:39,  1.78s/it]
  9%|▉         | 275/3120 [08:59<1:20:47,  1.70s/it]
  9%|▉         | 276/3120 [09:00<1:17:54,  1.64s/it]
  9%|▉         | 277/3120 [09:02<1:17:32,  1.64s/it]
  9%|▉         | 278/3120 [09:04<1:15:29,  1.59s/it]
  9%|▉         | 279/3120 [09:05<1:14:10,  1.57s/it]
  9%|▉         | 280/3120 [09:07<1:13:21,  1.55s/it]
  9%|▉         | 281/3120 [09:08<1:14:08,  1.57s/it]
  9%|▉         | 282/3120 [09:10<1:13:11,  1.55s/it]
  9%|▉         | 283/3120 [09:11<1:12:31,  1.53s/it]
  9%|▉         | 284/3120 [09:13<1:12:04,  1.52s/it]
  9%|▉         | 285/3120 [09:14<1:13:33,  1.56s/it]
  9%|▉         | 286/3120 [09:16<1:12:44,  1.54s/it]
  9%|▉         | 287/3120 [09:17<1:12:07,  1.53s/it]
  9%|▉         | 288/3120 [09:19<1:13:14,  1.55s/it]
  9%|▉         | 289/3120 [09:20<1:12:25,  1.53s/it]
  9%|▉         | 290/3120 [09:22<1:12:11,  1.53s/it]
  9%|▉         | 291/3120 [09:23<1:11:42,  1.52s/it]
  9%|▉         | 292/3120 [09:25<1:13:11,  1.55s/it]
  9%|▉         | 293/3120 [09:27<1:12:23,  1.54s/it]
  9%|▉         | 294/3120 [09:28<1:11:50,  1.53s/it]
  9%|▉         | 295/3120 [09:30<1:11:41,  1.52s/it]
  9%|▉         | 296/3120 [09:31<1:13:34,  1.56s/it]
 10%|▉         | 297/3120 [09:33<1:12:52,  1.55s/it]
 10%|▉         | 298/3120 [09:34<1:12:12,  1.54s/it]
 10%|▉         | 299/3120 [09:36<1:13:16,  1.56s/it]
 10%|▉         | 300/3120 [09:37<1:12:30,  1.54s/it]
 10%|▉         | 301/3120 [09:39<1:11:55,  1.53s/it]
 10%|▉         | 302/3120 [09:40<1:11:29,  1.52s/it]
 10%|▉         | 303/3120 [09:42<1:12:43,  1.55s/it]
 10%|▉         | 304/3120 [09:44<1:12:01,  1.53s/it]
 10%|▉         | 305/3120 [09:45<1:11:31,  1.52s/it]
 10%|▉         | 306/3120 [09:47<1:11:05,  1.52s/it]
 10%|▉         | 307/3120 [09:48<1:12:26,  1.55s/it]
 10%|▉         | 308/3120 [09:50<1:11:59,  1.54s/it]
 10%|▉         | 309/3120 [09:51<1:11:30,  1.53s/it]
 10%|▉         | 310/3120 [09:53<1:12:45,  1.55s/it]
 10%|▉         | 311/3120 [09:54<1:12:02,  1.54s/it]
 10%|█         | 312/3120 [09:56<1:11:26,  1.53s/it]
 10%|█         | 313/3120 [09:57<1:11:08,  1.52s/it]
 10%|█         | 314/3120 [09:59<1:12:23,  1.55s/it]
 10%|█         | 315/3120 [10:00<1:11:42,  1.53s/it]
 10%|█         | 316/3120 [10:02<1:11:16,  1.53s/it]
 10%|█         | 317/3120 [10:03<1:10:55,  1.52s/it]
 10%|█         | 318/3120 [10:05<1:12:31,  1.55s/it]
 10%|█         | 319/3120 [10:07<1:11:41,  1.54s/it]
 10%|█         | 320/3120 [10:08<1:11:11,  1.53s/it]
 10%|█         | 321/3120 [10:10<1:12:24,  1.55s/it]
 10%|█         | 322/3120 [10:11<1:11:57,  1.54s/it]
 10%|█         | 323/3120 [10:13<1:11:23,  1.53s/it]
 10%|█         | 324/3120 [10:14<1:10:51,  1.52s/it]
 10%|█         | 325/3120 [10:16<1:12:16,  1.55s/it]
 10%|█         | 326/3120 [10:17<1:11:44,  1.54s/it]
 10%|█         | 327/3120 [10:19<1:11:15,  1.53s/it]
 11%|█         | 328/3120 [10:20<1:10:57,  1.53s/it]
 11%|█         | 329/3120 [10:22<1:12:33,  1.56s/it]
 11%|█         | 330/3120 [10:23<1:11:39,  1.54s/it]
 11%|█         | 331/3120 [10:25<1:11:15,  1.53s/it]
 11%|█         | 332/3120 [10:27<1:12:19,  1.56s/it]
 11%|█         | 333/3120 [10:28<1:11:31,  1.54s/it]
 11%|█         | 334/3120 [10:30<1:10:56,  1.53s/it]
 11%|█         | 335/3120 [10:31<1:10:32,  1.52s/it]
 11%|█         | 336/3120 [10:33<1:11:47,  1.55s/it]
 11%|█         | 337/3120 [10:34<1:11:09,  1.53s/it]
 11%|█         | 338/3120 [10:36<1:10:40,  1.52s/it]
 11%|█         | 339/3120 [10:37<1:10:19,  1.52s/it]
 11%|█         | 340/3120 [10:39<1:11:33,  1.54s/it]
 11%|█         | 341/3120 [10:40<1:10:54,  1.53s/it]
 11%|█         | 342/3120 [10:42<1:10:36,  1.52s/it]
 11%|█         | 343/3120 [10:43<1:11:48,  1.55s/it]
 11%|█         | 344/3120 [10:45<1:11:05,  1.54s/it]
 11%|█         | 345/3120 [10:46<1:10:25,  1.52s/it]
 11%|█         | 346/3120 [10:48<1:10:06,  1.52s/it]
 11%|█         | 347/3120 [10:50<1:11:20,  1.54s/it]
 11%|█         | 348/3120 [10:51<1:10:56,  1.54s/it]
 11%|█         | 349/3120 [10:53<1:10:34,  1.53s/it]
 11%|█         | 350/3120 [10:54<1:10:20,  1.52s/it]
 11%|█▏        | 351/3120 [10:56<1:11:50,  1.56s/it]
 11%|█▏        | 352/3120 [10:57<1:10:56,  1.54s/it]
 11%|█▏        | 353/3120 [10:59<1:10:27,  1.53s/it]
 11%|█▏        | 354/3120 [11:00<1:11:31,  1.55s/it]
 11%|█▏        | 355/3120 [11:02<1:11:01,  1.54s/it]
 11%|█▏        | 356/3120 [11:03<1:10:25,  1.53s/it]
 11%|█▏        | 357/3120 [11:05<1:10:07,  1.52s/it]
 11%|█▏        | 358/3120 [11:06<1:11:27,  1.55s/it]
 12%|█▏        | 359/3120 [11:08<1:10:40,  1.54s/it]
 12%|█▏        | 360/3120 [11:09<1:10:08,  1.52s/it]
 12%|█▏        | 361/3120 [11:11<1:10:09,  1.53s/it]
 12%|█▏        | 362/3120 [11:13<1:11:22,  1.55s/it]
 12%|█▏        | 363/3120 [11:14<1:10:37,  1.54s/it]
 12%|█▏        | 364/3120 [11:16<1:10:05,  1.53s/it]
 12%|█▏        | 365/3120 [11:17<1:11:12,  1.55s/it]
 12%|█▏        | 366/3120 [11:19<1:10:20,  1.53s/it]
 12%|█▏        | 367/3120 [11:20<1:09:48,  1.52s/it]
 12%|█▏        | 368/3120 [11:22<1:09:31,  1.52s/it]
 12%|█▏        | 369/3120 [11:23<1:10:46,  1.54s/it]
 12%|█▏        | 370/3120 [11:25<1:10:10,  1.53s/it]
 12%|█▏        | 371/3120 [11:26<1:09:45,  1.52s/it]
 12%|█▏        | 372/3120 [11:28<1:09:27,  1.52s/it]
 12%|█▏        | 373/3120 [11:29<1:10:50,  1.55s/it]
 12%|█▏        | 374/3120 [11:31<1:10:08,  1.53s/it]
 12%|█▏        | 375/3120 [11:32<1:09:40,  1.52s/it]
 12%|█▏        | 376/3120 [11:34<1:10:51,  1.55s/it]
 12%|█▏        | 377/3120 [11:36<1:10:04,  1.53s/it]
 12%|█▏        | 378/3120 [11:37<1:09:31,  1.52s/it]
 12%|█▏        | 379/3120 [11:39<1:09:07,  1.51s/it]
 12%|█▏        | 380/3120 [11:40<1:10:26,  1.54s/it]
 12%|█▏        | 381/3120 [11:42<1:09:49,  1.53s/it]
 12%|█▏        | 382/3120 [11:43<1:09:26,  1.52s/it]
 12%|█▏        | 383/3120 [11:45<1:09:06,  1.51s/it]
 12%|█▏        | 384/3120 [11:46<1:10:38,  1.55s/it]
 12%|█▏        | 385/3120 [11:48<1:09:55,  1.53s/it]
 12%|█▏        | 386/3120 [11:49<1:09:26,  1.52s/it]
 12%|█▏        | 387/3120 [11:51<1:10:49,  1.55s/it]
 12%|█▏        | 388/3120 [11:52<1:10:04,  1.54s/it]
 12%|█▏        | 389/3120 [11:54<1:09:30,  1.53s/it]
 12%|█▎        | 390/3120 [11:55<1:09:00,  1.52s/it]
 13%|█▎        | 391/3120 [11:57<1:10:24,  1.55s/it]
 13%|█▎        | 392/3120 [11:58<1:09:39,  1.53s/it]
 13%|█▎        | 393/3120 [12:00<1:09:09,  1.52s/it]
 13%|█▎        | 394/3120 [12:02<1:09:20,  1.53s/it]
 13%|█▎        | 395/3120 [12:03<1:10:29,  1.55s/it]
 13%|█▎        | 396/3120 [12:05<1:09:50,  1.54s/it]
 13%|█▎        | 397/3120 [12:06<1:09:15,  1.53s/it]
 13%|█▎        | 398/3120 [12:08<1:10:23,  1.55s/it]
 13%|█▎        | 399/3120 [12:09<1:09:41,  1.54s/it]
 13%|█▎        | 400/3120 [12:11<1:09:07,  1.52s/it]
 13%|█▎        | 401/3120 [12:12<1:08:48,  1.52s/it]
 13%|█▎        | 402/3120 [12:14<1:09:58,  1.54s/it]
 13%|█▎        | 403/3120 [12:15<1:09:19,  1.53s/it]
 13%|█▎        | 404/3120 [12:17<1:08:51,  1.52s/it]
 13%|█▎        | 405/3120 [12:18<1:08:35,  1.52s/it]
 13%|█▎        | 406/3120 [12:20<1:09:44,  1.54s/it]
 13%|█▎        | 407/3120 [12:21<1:09:10,  1.53s/it]
 13%|█▎        | 408/3120 [12:23<1:08:55,  1.52s/it]
 13%|█▎        | 409/3120 [12:25<1:10:02,  1.55s/it]
 13%|█▎        | 410/3120 [12:26<1:09:18,  1.53s/it]
 13%|█▎        | 411/3120 [12:28<1:08:50,  1.52s/it]
 13%|█▎        | 412/3120 [12:29<1:08:31,  1.52s/it]
 13%|█▎        | 413/3120 [12:31<1:09:44,  1.55s/it]
 13%|█▎        | 414/3120 [12:32<1:09:04,  1.53s/it]
 13%|█▎        | 415/3120 [12:34<1:08:37,  1.52s/it]
 13%|█▎        | 416/3120 [12:35<1:08:17,  1.52s/it]
 13%|█▎        | 417/3120 [12:37<1:09:49,  1.55s/it]
 13%|█▎        | 418/3120 [12:38<1:09:05,  1.53s/it]
 13%|█▎        | 419/3120 [12:40<1:08:34,  1.52s/it]
 13%|█▎        | 420/3120 [12:41<1:10:05,  1.56s/it]
 13%|█▎        | 421/3120 [12:43<1:09:24,  1.54s/it]
 14%|█▎        | 422/3120 [12:44<1:08:48,  1.53s/it]
 14%|█▎        | 423/3120 [12:46<1:08:25,  1.52s/it]
 14%|█▎        | 424/3120 [12:48<1:09:45,  1.55s/it]
 14%|█▎        | 425/3120 [12:49<1:08:59,  1.54s/it]
 14%|█▎        | 426/3120 [12:51<1:08:26,  1.52s/it]
 14%|█▎        | 427/3120 [12:52<1:08:33,  1.53s/it]
 14%|█▎        | 428/3120 [12:54<1:09:49,  1.56s/it]
 14%|█▍        | 429/3120 [12:55<1:09:11,  1.54s/it]
 14%|█▍        | 430/3120 [12:57<1:08:41,  1.53s/it]
 14%|█▍        | 431/3120 [12:58<1:09:47,  1.56s/it]
 14%|█▍        | 432/3120 [13:00<1:09:01,  1.54s/it]
 14%|█▍        | 433/3120 [13:01<1:08:23,  1.53s/it]
 14%|█▍        | 434/3120 [13:03<1:08:00,  1.52s/it]
 14%|█▍        | 435/3120 [13:05<1:09:20,  1.55s/it]
 14%|█▍        | 436/3120 [13:06<1:08:39,  1.53s/it]
 14%|█▍        | 437/3120 [13:08<1:08:08,  1.52s/it]
 14%|█▍        | 438/3120 [13:09<1:07:45,  1.52s/it]
 14%|█▍        | 439/3120 [13:11<1:08:55,  1.54s/it]
 14%|█▍        | 440/3120 [13:12<1:08:18,  1.53s/it]
 14%|█▍        | 441/3120 [13:14<1:07:57,  1.52s/it]
 14%|█▍        | 442/3120 [13:15<1:09:11,  1.55s/it]
 14%|█▍        | 443/3120 [13:17<1:08:21,  1.53s/it]
 14%|█▍        | 444/3120 [13:18<1:07:49,  1.52s/it]
 14%|█▍        | 445/3120 [13:20<1:07:31,  1.51s/it]
 14%|█▍        | 446/3120 [13:21<1:08:57,  1.55s/it]
 14%|█▍        | 447/3120 [13:23<1:08:16,  1.53s/it]
 14%|█▍        | 448/3120 [13:24<1:07:43,  1.52s/it]
 14%|█▍        | 449/3120 [13:26<1:07:20,  1.51s/it]
 14%|█▍        | 450/3120 [13:27<1:08:58,  1.55s/it]
 14%|█▍        | 451/3120 [13:29<1:08:16,  1.53s/it]
 14%|█▍        | 452/3120 [13:30<1:07:47,  1.52s/it]
 15%|█▍        | 453/3120 [13:32<1:09:17,  1.56s/it]
 15%|█▍        | 454/3120 [13:34<1:08:23,  1.54s/it]
 15%|█▍        | 455/3120 [13:35<1:07:58,  1.53s/it]
 15%|█▍        | 456/3120 [13:37<1:07:38,  1.52s/it]
 15%|█▍        | 457/3120 [13:38<1:08:50,  1.55s/it]
 15%|█▍        | 458/3120 [13:40<1:08:09,  1.54s/it]
 15%|█▍        | 459/3120 [13:41<1:08:04,  1.54s/it]
 15%|█▍        | 460/3120 [13:43<1:07:39,  1.53s/it]
 15%|█▍        | 461/3120 [13:44<1:08:46,  1.55s/it]
 15%|█▍        | 462/3120 [13:46<1:08:11,  1.54s/it]
 15%|█▍        | 463/3120 [13:47<1:07:50,  1.53s/it]
 15%|█▍        | 464/3120 [13:49<1:08:52,  1.56s/it]
 15%|█▍        | 465/3120 [13:51<1:08:03,  1.54s/it]
 15%|█▍        | 466/3120 [13:52<1:07:38,  1.53s/it]
 15%|█▍        | 467/3120 [13:54<1:07:24,  1.52s/it]
 15%|█▌        | 468/3120 [13:55<1:08:28,  1.55s/it]
 15%|█▌        | 469/3120 [13:57<1:07:44,  1.53s/it]
 15%|█▌        | 470/3120 [13:58<1:07:17,  1.52s/it]
 15%|█▌        | 471/3120 [14:00<1:06:53,  1.52s/it]
 15%|█▌        | 472/3120 [14:01<1:08:06,  1.54s/it]
 15%|█▌        | 473/3120 [14:03<1:07:32,  1.53s/it]
 15%|█▌        | 474/3120 [14:04<1:07:14,  1.52s/it]
 15%|█▌        | 475/3120 [14:06<1:08:23,  1.55s/it]
 15%|█▌        | 476/3120 [14:07<1:07:33,  1.53s/it]
 15%|█▌        | 477/3120 [14:09<1:07:01,  1.52s/it]
 15%|█▌        | 478/3120 [14:10<1:06:51,  1.52s/it]
 15%|█▌        | 479/3120 [14:12<1:08:01,  1.55s/it]
 15%|█▌        | 480/3120 [14:13<1:07:18,  1.53s/it]
 15%|█▌        | 481/3120 [14:15<1:06:56,  1.52s/it]
 15%|█▌        | 482/3120 [14:16<1:06:36,  1.51s/it]
 15%|█▌        | 483/3120 [14:18<1:08:10,  1.55s/it]
 16%|█▌        | 484/3120 [14:20<1:07:27,  1.54s/it]
 16%|█▌        | 485/3120 [14:21<1:07:18,  1.53s/it]
 16%|█▌        | 486/3120 [14:23<1:08:34,  1.56s/it]
 16%|█▌        | 487/3120 [14:24<1:07:45,  1.54s/it]
 16%|█▌        | 488/3120 [14:26<1:07:10,  1.53s/it]
 16%|█▌        | 489/3120 [14:27<1:06:38,  1.52s/it]
 16%|█▌        | 490/3120 [14:29<1:07:46,  1.55s/it]
 16%|█▌        | 491/3120 [14:30<1:07:07,  1.53s/it]
 16%|█▌        | 492/3120 [14:32<1:07:04,  1.53s/it]
 16%|█▌        | 493/3120 [14:33<1:06:37,  1.52s/it]
 16%|█▌        | 494/3120 [14:35<1:07:44,  1.55s/it]
 16%|█▌        | 495/3120 [14:36<1:07:00,  1.53s/it]
 16%|█▌        | 496/3120 [14:38<1:06:36,  1.52s/it]
 16%|█▌        | 497/3120 [14:40<1:07:48,  1.55s/it]
 16%|█▌        | 498/3120 [14:41<1:07:05,  1.54s/it]
 16%|█▌        | 499/3120 [14:43<1:06:38,  1.53s/it]
 16%|█▌        | 500/3120 [14:44<1:06:26,  1.52s/it]
 16%|█▌        | 501/3120 [14:46<1:07:32,  1.55s/it]
 16%|█▌        | 502/3120 [14:47<1:06:54,  1.53s/it]
 16%|█▌        | 503/3120 [14:49<1:06:23,  1.52s/it]
 16%|█▌        | 504/3120 [14:50<1:06:04,  1.52s/it]
 16%|█▌        | 505/3120 [14:52<1:07:14,  1.54s/it]
 16%|█▌        | 506/3120 [14:53<1:06:37,  1.53s/it]
 16%|█▋        | 507/3120 [14:55<1:06:13,  1.52s/it]
 16%|█▋        | 508/3120 [14:56<1:07:32,  1.55s/it]
 16%|█▋        | 509/3120 [14:58<1:06:50,  1.54s/it]
 16%|█▋        | 510/3120 [14:59<1:06:22,  1.53s/it]
 16%|█▋        | 511/3120 [15:01<1:06:06,  1.52s/it]
 16%|█▋        | 512/3120 [15:03<1:07:31,  1.55s/it]
 16%|█▋        | 513/3120 [15:04<1:06:49,  1.54s/it]
 16%|█▋        | 514/3120 [15:06<1:06:21,  1.53s/it]
 17%|█▋        | 515/3120 [15:07<1:05:59,  1.52s/it]
 17%|█▋        | 516/3120 [15:09<1:07:10,  1.55s/it]
 17%|█▋        | 517/3120 [15:10<1:06:37,  1.54s/it]
 17%|█▋        | 518/3120 [15:12<1:0    [cl-val] closed-loop sim-RMS 1.393372e-06 m   per record [1.361e-06 1.464e-06 1.365e-06 1.381e-06]
(0,)
########## New lowest validation loss achieved ########### sim-RMS = 1.393372309330722e-06
It  520, sqrt loss 1.334e-05, Val sim-RMS 1.393e-06, Time Loss: 77.3%, data: 0.0%, val: 22.7%,  2.0 sec/batch
6:27,  1.53s/it]
 17%|█▋        | 519/3120 [15:13<1:07:44,  1.56s/it]
 17%|█▋        | 520/3120 [17:12<26:25:44, 36.59s/it]
 17%|█▋        | 521/3120 [17:13<18:49:42, 26.08s/it]
 17%|█▋        | 522/3120 [17:15<13:30:10, 18.71s/it]
 17%|█▋        | 523/3120 [17:16<9:46:24, 13.55s/it] 
 17%|█▋        | 524/3120 [17:18<7:11:14,  9.97s/it]
 17%|█▋        | 525/3120 [17:19<5:21:20,  7.43s/it]
 17%|█▋        | 526/3120 [17:21<4:04:33,  5.66s/it]
 17%|█▋        | 527/3120 [17:22<3:10:44,  4.41s/it]
 17%|█▋        | 528/3120 [17:24<2:34:28,  3.58s/it]
 17%|█▋        | 529/3120 [17:26<2:07:40,  2.96s/it]
 17%|█▋        | 530/3120 [17:27<1:48:56,  2.52s/it]
 17%|█▋        | 531/3120 [17:29<1:37:03,  2.25s/it]
 17%|█▋        | 532/3120 [17:30<1:27:17,  2.02s/it]
 17%|█▋        | 533/3120 [17:32<1:20:45,  1.87s/it]
 17%|█▋        | 534/3120 [17:33<1:15:56,  1.76s/it]
 17%|█▋        | 535/3120 [17:35<1:14:05,  1.72s/it]
 17%|█▋        | 536/3120 [17:36<1:11:09,  1.65s/it]
 17%|█▋        | 537/3120 [17:38<1:09:06,  1.61s/it]
 17%|█▋        | 538/3120 [17:39<1:07:44,  1.57s/it]
 17%|█▋        | 539/3120 [17:41<1:08:10,  1.58s/it]
 17%|█▋        | 540/3120 [17:42<1:07:34,  1.57s/it]
 17%|█▋        | 541/3120 [17:44<1:06:40,  1.55s/it]
 17%|█▋        | 542/3120 [17:46<1:07:30,  1.57s/it]
 17%|█▋        | 543/3120 [17:47<1:06:44,  1.55s/it]
 17%|█▋        | 544/3120 [17:49<1:06:13,  1.54s/it]
 17%|█▋        | 545/3120 [17:50<1:05:48,  1.53s/it]
 18%|█▊        | 546/3120 [17:52<1:06:46,  1.56s/it]
 18%|█▊        | 547/3120 [17:53<1:05:56,  1.54s/it]
 18%|█▊        | 548/3120 [17:55<1:05:31,  1.53s/it]
 18%|█▊        | 549/3120 [17:56<1:05:10,  1.52s/it]
 18%|█▊        | 550/3120 [17:58<1:06:20,  1.55s/it]
 18%|█▊        | 551/3120 [17:59<1:05:40,  1.53s/it]
 18%|█▊        | 552/3120 [18:01<1:05:13,  1.52s/it]
 18%|█▊        | 553/3120 [18:02<1:06:23,  1.55s/it]
 18%|█▊        | 554/3120 [18:04<1:05:40,  1.54s/it]
 18%|█▊        | 555/3120 [18:05<1:05:11,  1.52s/it]
 18%|█▊        | 556/3120 [18:07<1:04:50,  1.52s/it]
 18%|█▊        | 557/3120 [18:09<1:05:58,  1.54s/it]
 18%|█▊        | 558/3120 [18:10<1:05:20,  1.53s/it]
 18%|█▊        | 559/3120 [18:12<1:04:56,  1.52s/it]
 18%|█▊        | 560/3120 [18:13<1:04:38,  1.51s/it]
 18%|█▊        | 561/3120 [18:15<1:06:05,  1.55s/it]
 18%|█▊        | 562/3120 [18:16<1:05:30,  1.54s/it]
 18%|█▊        | 563/3120 [18:18<1:04:56,  1.52s/it]
 18%|█▊        | 564/3120 [18:19<1:06:05,  1.55s/it]
 18%|█▊        | 565/3120 [18:21<1:05:24,  1.54s/it]
 18%|█▊        | 566/3120 [18:22<1:05:15,  1.53s/it]
 18%|█▊        | 567/3120 [18:24<1:04:47,  1.52s/it]
 18%|█▊        | 568/3120 [18:25<1:06:05,  1.55s/it]
 18%|█▊        | 569/3120 [18:27<1:05:31,  1.54s/it]
 18%|█▊        | 570/3120 [18:29<1:05:11,  1.53s/it]
 18%|█▊        | 571/3120 [18:30<1:04:43,  1.52s/it]
 18%|█▊        | 572/3120 [18:32<1:06:17,  1.56s/it]
 18%|█▊        | 573/3120 [18:33<1:05:29,  1.54s/it]
 18%|█▊        | 574/3120 [18:35<1:04:54,  1.53s/it]
 18%|█▊        | 575/3120 [18:36<1:05:52,  1.55s/it]
 18%|█▊        | 576/3120 [18:38<1:05:06,  1.54s/it]
 18%|█▊        | 577/3120 [18:39<1:04:37,  1.52s/it]
 19%|█▊        | 578/3120 [18:41<1:04:31,  1.52s/it]
 19%|█▊        | 579/3120 [18:42<1:05:47,  1.55s/it]
 19%|█▊        | 580/3120 [18:44<1:05:05,  1.54s/it]
 19%|█▊        | 581/3120 [18:45<1:04:38,  1.53s/it]
 19%|█▊        | 582/3120 [18:47<1:04:18,  1.52s/it]
 19%|█▊        | 583/3120 [18:49<1:05:28,  1.55s/it]
 19%|█▊        | 584/3120 [18:50<1:04:53,  1.54s/it]
 19%|█▉        | 585/3120 [18:52<1:04:22,  1.52s/it]
 19%|█▉        | 586/3120 [18:53<1:05:33,  1.55s/it]
 19%|█▉        | 587/3120 [18:55<1:04:51,  1.54s/it]
 19%|█▉        | 588/3120 [18:56<1:04:30,  1.53s/it]
 19%|█▉        | 589/3120 [18:58<1:04:09,  1.52s/it]
 19%|█▉        | 590/3120 [18:59<1:05:16,  1.55s/it]
 19%|█▉        | 591/3120 [19:01<1:04:42,  1.54s/it]
 19%|█▉        | 592/3120 [19:02<1:04:17,  1.53s/it]
 19%|█▉        | 593/3120 [19:04<1:03:55,  1.52s/it]
 19%|█▉        | 594/3120 [19:05<1:05:31,  1.56s/it]
 19%|█▉        | 595/3120 [19:07<1:04:48,  1.54s/it]
 19%|█▉        | 596/3120 [19:08<1:04:27,  1.53s/it]
 19%|█▉        | 597/3120 [19:10<1:05:27,  1.56s/it]
 19%|█▉        | 598/3120 [19:12<1:04:59,  1.55s/it]
 19%|█▉        | 599/3120 [19:13<1:04:27,  1.53s/it]
 19%|█▉        | 600/3120 [19:15<1:04:03,  1.53s/it]
 19%|█▉        | 601/3120 [19:16<1:05:28,  1.56s/it]
 19%|█▉        | 602/3120 [19:18<1:04:50,  1.55s/it]
 19%|█▉        | 603/3120 [19:19<1:04:24,  1.54s/it]
 19%|█▉        | 604/3120 [19:21<1:04:07,  1.53s/it]
 19%|█▉        | 605/3120 [19:22<1:05:36,  1.57s/it]
 19%|█▉        | 606/3120 [19:24<1:04:58,  1.55s/it]
 19%|█▉        | 607/3120 [19:25<1:04:18,  1.54s/it]
 19%|█▉        | 608/3120 [19:27<1:05:13,  1.56s/it]
 20%|█▉        | 609/3120 [19:29<1:04:24,  1.54s/it]
 20%|█▉        | 610/3120 [19:30<1:03:56,  1.53s/it]
 20%|█▉        | 611/3120 [19:32<1:03:29,  1.52s/it]
 20%|█▉        | 612/3120 [19:33<1:04:42,  1.55s/it]
 20%|█▉        | 613/3120 [19:35<1:04:02,  1.53s/it]
 20%|█▉        | 614/3120 [19:36<1:03:37,  1.52s/it]
 20%|█▉        | 615/3120 [19:38<1:03:16,  1.52s/it]
 20%|█▉        | 616/3120 [19:39<1:04:25,  1.54s/it]
 20%|█▉        | 617/3120 [19:41<1:03:52,  1.53s/it]
 20%|█▉        | 618/3120 [19:42<1:03:40,  1.53s/it]
 20%|█▉        | 619/3120 [19:44<1:04:44,  1.55s/it]
 20%|█▉        | 620/3120 [19:45<1:04:11,  1.54s/it]
 20%|█▉        | 621/3120 [19:47<1:03:50,  1.53s/it]
 20%|█▉        | 622/3120 [19:48<1:03:24,  1.52s/it]
 20%|█▉        | 623/3120 [19:50<1:04:27,  1.55s/it]
 20%|██        | 624/3120 [19:52<1:03:53,  1.54s/it]
 20%|██        | 625/3120 [19:53<1:03:21,  1.52s/it]
 20%|██        | 626/3120 [19:55<1:02:55,  1.51s/it]
 20%|██        | 627/3120 [19:56<1:04:23,  1.55s/it]
 20%|██        | 628/3120 [19:58<1:03:44,  1.53s/it]
 20%|██        | 629/3120 [19:59<1:03:25,  1.53s/it]
 20%|██        | 630/3120 [20:01<1:04:24,  1.55s/it]
 20%|██        | 631/3120 [20:02<1:03:47,  1.54s/it]
 20%|██        | 632/3120 [20:04<1:03:12,  1.52s/it]
 20%|██        | 633/3120 [20:05<1:02:51,  1.52s/it]
 20%|██        | 634/3120 [20:07<1:04:11,  1.55s/it]
 20%|██        | 635/3120 [20:08<1:03:29,  1.53s/it]
 20%|██        | 636/3120 [20:10<1:03:06,  1.52s/it]
 20%|██        | 637/3120 [20:11<1:03:07,  1.53s/it]
 20%|██        | 638/3120 [20:13<1:04:16,  1.55s/it]
 20%|██        | 639/3120 [20:15<1:03:35,  1.54s/it]
 21%|██        | 640/3120 [20:16<1:03:07,  1.53s/it]
 21%|██        | 641/3120 [20:18<1:04:06,  1.55s/it]
 21%|██        | 642/3120 [20:19<1:03:28,  1.54s/it]
 21%|██        | 643/3120 [20:21<1:03:00,  1.53s/it]
 21%|██        | 644/3120 [20:22<1:02:48,  1.52s/it]
 21%|██        | 645/3120 [20:24<1:03:52,  1.55s/it]
 21%|██        | 646/3120 [20:25<1:03:16,  1.53s/it]
 21%|██        | 647/3120 [20:27<1:02:51,  1.53s/it]
 21%|██        | 648/3120 [20:28<1:02:33,  1.52s/it]
 21%|██        | 649/3120 [20:30<1:03:43,  1.55s/it]
 21%|██        | 650/3120 [20:31<1:03:05,  1.53s/it]
 21%|██        | 651/3120 [20:33<1:02:41,  1.52s/it]
 21%|██        | 652/3120 [20:35<1:03:44,  1.55s/it]
 21%|██        | 653/3120 [20:36<1:03:08,  1.54s/it]
 21%|██        | 654/3120 [20:38<1:02:45,  1.53s/it]
 21%|██        | 655/3120 [20:39<1:02:18,  1.52s/it]
 21%|██        | 656/3120 [20:41<1:03:24,  1.54s/it]
 21%|██        | 657/3120 [20:42<1:02:51,  1.53s/it]
 21%|██        | 658/3120 [20:44<1:02:25,  1.52s/it]
 21%|██        | 659/3120 [20:45<1:02:11,  1.52s/it]
 21%|██        | 660/3120 [20:47<1:03:37,  1.55s/it]
 21%|██        | 661/3120 [20:48<1:03:00,  1.54s/it]
 21%|██        | 662/3120 [20:50<1:02:41,  1.53s/it]
 21%|██▏       | 663/3120 [20:51<1:03:50,  1.56s/it]
 21%|██▏       | 664/3120 [20:53<1:03:07,  1.54s/it]
 21%|██▏       | 665/3120 [20:54<1:02:27,  1.53s/it]
 21%|██▏       | 666/3120 [20:56<1:02:04,  1.52s/it]
 21%|██▏       | 667/3120 [20:58<1:03:25,  1.55s/it]
 21%|██▏       | 668/3120 [20:59<1:02:57,  1.54s/it]
 21%|██▏       | 669/3120 [21:01<1:02:34,  1.53s/it]
 21%|██▏       | 670/3120 [21:02<1:02:38,  1.53s/it]
 22%|██▏       | 671/3120 [21:04<1:03:30,  1.56s/it]
 22%|██▏       | 672/3120 [21:05<1:02:45,  1.54s/it]
 22%|██▏       | 673/3120 [21:07<1:02:18,  1.53s/it]
 22%|██▏       | 674/3120 [21:08<1:03:22,  1.55s/it]
 22%|██▏       | 675/3120 [21:10<1:02:49,  1.54s/it]
 22%|██▏       | 676/3120 [21:11<1:02:19,  1.53s/it]
 22%|██▏       | 677/3120 [21:13<1:01:56,  1.52s/it]
 22%|██▏       | 678/3120 [21:14<1:02:57,  1.55s/it]
 22%|██▏       | 679/3120 [21:16<1:02:22,  1.53s/it]
 22%|██▏       | 680/3120 [21:17<1:01:56,  1.52s/it]
 22%|██▏       | 681/3120 [21:19<1:01:35,  1.52s/it]
 22%|██▏       | 682/3120 [21:21<1:02:42,  1.54s/it]
 22%|██▏       | 683/3120 [21:22<1:02:14,  1.53s/it]
 22%|██▏       | 684/3120 [21:24<1:01:46,  1.52s/it]
 22%|██▏       | 685/3120 [21:25<1:02:53,  1.55s/it]
 22%|██▏       | 686/3120 [21:27<1:02:17,  1.54s/it]
 22%|██▏       | 687/3120 [21:28<1:01:58,  1.53s/it]
 22%|██▏       | 688/3120 [21:30<1:01:35,  1.52s/it]
 22%|██▏       | 689/3120 [21:31<1:02:39,  1.55s/it]
 22%|██▏       | 690/3120 [21:33<1:02:05,  1.53s/it]
 22%|██▏       | 691/3120 [21:34<1:01:50,  1.53s/it]
 22%|██▏       | 692/3120 [21:36<1:01:30,  1.52s/it]
 22%|██▏       | 693/3120 [21:37<1:02:46,  1.55s/it]
 22%|██▏       | 694/3120 [21:39<1:02:07,  1.54s/it]
 22%|██▏       | 695/3120 [21:40<1:01:48,  1.53s/it]
 22%|██▏       | 696/3120 [21:42<1:03:08,  1.56s/it]
 22%|██▏       | 697/3120 [21:44<1:02:21,  1.54s/it]
 22%|██▏       | 698/3120 [21:45<1:01:44,  1.53s/it]
 22%|██▏       | 699/3120 [21:47<1:01:18,  1.52s/it]
 22%|██▏       | 700/3120 [21:48<1:02:33,  1.55s/it]
 22%|██▏       | 701/3120 [21:50<1:01:57,  1.54s/it]
 22%|██▎       | 702/3120 [21:51<1:01:32,  1.53s/it]
 23%|██▎       | 703/3120 [21:53<1:01:33,  1.53s/it]
 23%|██▎       | 704/3120 [21:54<1:02:32,  1.55s/it]
 23%|██▎       | 705/3120 [21:56<1:01:55,  1.54s/it]
 23%|██▎       | 706/3120 [21:57<1:01:27,  1.53s/it]
 23%|██▎       | 707/3120 [21:59<1:02:24,  1.55s/it]
 23%|██▎       | 708/3120 [22:00<1:01:43,  1.54s/it]
 23%|██▎       | 709/3120 [22:02<1:01:15,  1.52s/it]
 23%|██▎       | 710/3120 [22:03<1:00:53,  1.52s/it]
 23%|██▎       | 711/3120 [22:05<1:02:03,  1.55s/it]
 23%|██▎       | 712/3120 [22:07<1:01:25,  1.53s/it]
 23%|██▎       | 713/3120 [22:08<1:00:58,  1.52s/it]
 23%|██▎       | 714/3120 [22:10<1:00:48,  1.52s/it]
 23%|██▎       | 715/3120 [22:11<1:01:52,  1.54s/it]
 23%|██▎       | 716/3120 [22:13<1:01:19,  1.53s/it]
 23%|██▎       | 717/3120 [22:14<1:00:54,  1.52s/it]
 23%|██▎       | 718/3120 [22:16<1:02:05,  1.55s/it]
 23%|██▎       | 719/3120 [22:17<1:01:31,  1.54s/it]
 23%|██▎       | 720/3120 [22:19<1:01:10,  1.53s/it]
 23%|██▎       | 721/3120 [22:20<1:00:53,  1.52s/it]
 23%|██▎       | 722/3120 [22:22<1:02:01,  1.55s/it]
 23%|██▎       | 723/3120 [22:23<1:01:20,  1.54s/it]
 23%|██▎       | 724/3120 [22:25<1:00:50,  1.52s/it]
 23%|██▎       | 725/3120 [22:26<1:00:33,  1.52s/it]
 23%|██▎       | 726/3120 [22:28<1:01:58,  1.55s/it]
 23%|██▎       | 727/3120 [22:30<1:01:26,  1.54s/it]
 23%|██▎       | 728/3120 [22:31<1:00:54,  1.53s/it]
 23%|██▎       | 729/3120 [22:33<1:02:14,  1.56s/it]
 23%|██▎       | 730/3120 [22:34<1:01:30,  1.54s/it]
 23%|██▎       | 731/3120 [22:36<1:00:54,  1.53s/it]
 23%|██▎       | 732/3120 [22:37<1:00:40,  1.52s/it]
 23%|██▎       | 733/3120 [22:39<1:01:43,  1.55s/it]
 24%|██▎       | 734/3120 [22:40<1:01:12,  1.54s/it]
 24%|██▎       | 735/3120 [22:42<1:01:13,  1.54s/it]
 24%|██▎       | 736/3120 [22:43<1:00:45,  1.53s/it]
 24%|██▎       | 737/3120 [22:45<1:01:36,  1.55s/it]
 24%|██▎       | 738/3120 [22:47<1:01:01,  1.54s/it]
 24%|██▎       | 739/3120 [22:48<1:00:33,  1.53s/it]
 24%|██▎       | 740/3120 [22:50<1:01:37,  1.55s/it]
 24%|██▍       | 741/3120 [22:51<1:01:08,  1.54s/it]
 24%|██▍       | 742/3120 [22:53<1:00:34,  1.53s/it]
 24%|██▍       | 743/3120 [22:54<1:00:10,  1.52s/it]
 24%|██▍       | 744/3120 [22:56<1:01:10,  1.54s/it]
 24%|██▍       | 745/3120 [22:57<1:00:34,  1.53s/it]
 24%|██▍       | 746/3120 [22:59<1:00:13,  1.52s/it]
 24%|██▍       | 747/3120 [23:00<59:55,  1.52s/it]  
 24%|██▍       | 748/3120 [23:02<1:01:00,  1.54s/it]
 24%|██▍       | 749/3120 [23:03<1:00:37,  1.53s/it]
 24%|██▍       | 750/3120 [23:05<1:00:10,  1.52s/it]
 24%|██▍       | 751/3120 [23:06<1:01:17,  1.55s/it]
 24%|██▍       | 752/3120 [23:08<1:00:38,  1.54s/it]
 24%|██▍       | 753/3120 [23:09<1:00:04,  1.52s/it]
 24%|██▍       | 754/3120 [23:11<59:48,  1.52s/it]  
 24%|██▍       | 755/3120 [23:13<1:00:54,  1.55s/it]
 24%|██▍       | 756/3120 [23:14<1:00:17,  1.53s/it]
 24%|██▍       | 757/3120 [23:16<1:00:02,  1.52s/it]
 24%|██▍       | 758/3120 [23:17<59:46,  1.52s/it]  
 24%|██▍       | 759/3120 [23:19<1:01:08,  1.55s/it]
 24%|██▍       | 760/3120 [23:20<1:00:34,  1.54s/it]
 24%|██▍       | 761/3120 [23:22<1:00:17,  1.53s/it]
 24%|██▍       | 762/3120 [23:23<1:01:20,  1.56s/it]
 24%|██▍       | 763/3120 [23:25<1:00:35,  1.54s/it]
 24%|██▍       | 764/3120 [23:26<1:00:00,  1.53s/it]
 25%|██▍       | 765/3120 [23:28<59:33,  1.52s/it]  
 25%|██▍       | 766/312    [cl-val] closed-loop sim-RMS 1.393914e-06 m   per record [1.361e-06 1.467e-06 1.364e-06 1.381e-06]
(0,)
It  780, sqrt loss 1.326e-05, Val sim-RMS 1.394e-06, Time Loss: 77.3%, data: 0.0%, val: 22.7%,  2.0 sec/batch
0 [23:29<1:00:39,  1.55s/it]
 25%|██▍       | 767/3120 [23:31<1:00:04,  1.53s/it]
 25%|██▍       | 768/3120 [23:33<1:00:01,  1.53s/it]
 25%|██▍       | 769/3120 [23:34<59:36,  1.52s/it]  
 25%|██▍       | 770/3120 [23:36<1:00:31,  1.55s/it]
 25%|██▍       | 771/3120 [23:37<1:00:06,  1.54s/it]
 25%|██▍       | 772/3120 [23:39<59:47,  1.53s/it]  
 25%|██▍       | 773/3120 [23:40<1:00:53,  1.56s/it]
 25%|██▍       | 774/3120 [23:42<1:00:17,  1.54s/it]
 25%|██▍       | 775/3120 [23:43<59:54,  1.53s/it]  
 25%|██▍       | 776/3120 [23:45<59:32,  1.52s/it]
 25%|██▍       | 777/3120 [23:46<1:00:32,  1.55s/it]
 25%|██▍       | 778/3120 [23:48<59:55,  1.54s/it]  
 25%|██▍       | 779/3120 [23:49<59:31,  1.53s/it]
 25%|██▌       | 780/3120 [25:48<23:44:38, 36.53s/it]
 25%|██▌       | 781/3120 [25:49<16:56:48, 26.08s/it]
 25%|██▌       | 782/3120 [25:51<12:08:56, 18.71s/it]
 25%|██▌       | 783/3120 [25:52<8:47:32, 13.54s/it] 
 25%|██▌       | 784/3120 [25:54<6:26:38,  9.93s/it]
 25%|██▌       | 785/3120 [25:55<4:49:17,  7.43s/it]
 25%|██▌       | 786/3120 [25:57<3:39:54,  5.65s/it]
 25%|██▌       | 787/3120 [25:58<2:51:13,  4.40s/it]
 25%|██▌       | 788/3120 [26:00<2:17:20,  3.53s/it]
 25%|██▌       | 789/3120 [26:02<1:54:52,  2.96s/it]
 25%|██▌       | 790/3120 [26:03<1:38:04,  2.53s/it]
 25%|██▌       | 791/3120 [26:05<1:26:06,  2.22s/it]
 25%|██▌       | 792/3120 [26:06<1:19:11,  2.04s/it]
 25%|██▌       | 793/3120 [26:08<1:12:54,  1.88s/it]
 25%|██▌       | 794/3120 [26:09<1:08:24,  1.76s/it]
 25%|██▌       | 795/3120 [26:11<1:05:13,  1.68s/it]
 26%|██▌       | 796/3120 [26:12<1:04:50,  1.67s/it]
 26%|██▌       | 797/3120 [26:14<1:02:49,  1.62s/it]
 26%|██▌       | 798/3120 [26:15<1:01:22,  1.59s/it]
 26%|██▌       | 799/3120 [26:17<1:00:22,  1.56s/it]
 26%|██▌       | 800/3120 [26:18<1:00:55,  1.58s/it]
 26%|██▌       | 801/3120 [26:20<59:59,  1.55s/it]  
 26%|██▌       | 802/3120 [26:21<59:25,  1.54s/it]
 26%|██▌       | 803/3120 [26:23<1:00:14,  1.56s/it]
 26%|██▌       | 804/3120 [26:25<59:32,  1.54s/it]  
 26%|██▌       | 805/3120 [26:26<59:00,  1.53s/it]
 26%|██▌       | 806/3120 [26:28<58:36,  1.52s/it]
 26%|██▌       | 807/3120 [26:29<59:36,  1.55s/it]
 26%|██▌       | 808/3120 [26:31<59:00,  1.53s/it]
 26%|██▌       | 809/3120 [26:32<58:34,  1.52s/it]
 26%|██▌       | 810/3120 [26:34<58:21,  1.52s/it]
 26%|██▌       | 811/3120 [26:35<59:25,  1.54s/it]
 26%|██▌       | 812/3120 [26:37<58:57,  1.53s/it]
 26%|██▌       | 813/3120 [26:38<58:34,  1.52s/it]
 26%|██▌       | 814/3120 [26:40<59:33,  1.55s/it]
 26%|██▌       | 815/3120 [26:41<58:56,  1.53s/it]
 26%|██▌       | 816/3120 [26:43<58:36,  1.53s/it]
 26%|██▌       | 817/3120 [26:44<58:17,  1.52s/it]
 26%|██▌       | 818/3120 [26:46<59:35,  1.55s/it]
 26%|██▋       | 819/3120 [26:48<58:59,  1.54s/it]
 26%|██▋       | 820/3120 [26:49<58:29,  1.53s/it]
 26%|██▋       | 821/3120 [26:51<58:09,  1.52s/it]
 26%|██▋       | 822/3120 [26:52<59:21,  1.55s/it]
 26%|██▋       | 823/3120 [26:54<58:50,  1.54s/it]
 26%|██▋       | 824/3120 [26:55<58:28,  1.53s/it]
 26%|██▋       | 825/3120 [26:57<59:37,  1.56s/it]
 26%|██▋       | 826/3120 [26:58<59:03,  1.54s/it]
 27%|██▋       | 827/3120 [27:00<58:31,  1.53s/it]
 27%|██▋       | 828/3120 [27:01<58:06,  1.52s/it]
 27%|██▋       | 829/3120 [27:03<59:34,  1.56s/it]
 27%|██▋       | 830/3120 [27:04<58:47,  1.54s/it]
 27%|██▋       | 831/3120 [27:06<58:18,  1.53s/it]
 27%|██▋       | 832/3120 [27:07<57:58,  1.52s/it]
 27%|██▋       | 833/3120 [27:09<58:58,  1.55s/it]
 27%|██▋       | 834/3120 [27:11<58:24,  1.53s/it]
 27%|██▋       | 835/3120 [27:12<57:56,  1.52s/it]
 27%|██▋       | 836/3120 [27:14<58:57,  1.55s/it]
 27%|██▋       | 837/3120 [27:15<58:20,  1.53s/it]
 27%|██▋       | 838/3120 [27:17<57:56,  1.52s/it]
 27%|██▋       | 839/3120 [27:18<57:42,  1.52s/it]
 27%|██▋       | 840/3120 [27:20<58:51,  1.55s/it]
 27%|██▋       | 841/3120 [27:21<58:22,  1.54s/it]
 27%|██▋       | 842/3120 [27:23<57:52,  1.52s/it]
 27%|██▋       | 843/3120 [27:24<57:37,  1.52s/it]
 27%|██▋       | 844/3120 [27:26<58:37,  1.55s/it]
 27%|██▋       | 845/3120 [27:27<57:57,  1.53s/it]
 27%|██▋       | 846/3120 [27:29<57:37,  1.52s/it]
 27%|██▋       | 847/3120 [27:30<58:36,  1.55s/it]
 27%|██▋       | 848/3120 [27:32<58:06,  1.53s/it]
 27%|██▋       | 849/3120 [27:33<57:37,  1.52s/it]
 27%|██▋       | 850/3120 [27:35<57:19,  1.52s/it]
 27%|██▋       | 851/3120 [27:37<58:30,  1.55s/it]
 27%|██▋       | 852/3120 [27:38<57:59,  1.53s/it]
 27%|██▋       | 853/3120 [27:40<57:31,  1.52s/it]
 27%|██▋       | 854/3120 [27:41<57:15,  1.52s/it]
 27%|██▋       | 855/3120 [27:43<58:27,  1.55s/it]
 27%|██▋       | 856/3120 [27:44<57:48,  1.53s/it]
 27%|██▋       | 857/3120 [27:46<57:23,  1.52s/it]
 28%|██▊       | 858/3120 [27:47<58:31,  1.55s/it]
 28%|██▊       | 859/3120 [27:49<57:51,  1.54s/it]
 28%|██▊       | 860/3120 [27:50<57:28,  1.53s/it]
 28%|██▊       | 861/3120 [27:52<57:28,  1.53s/it]
 28%|██▊       | 862/3120 [27:53<58:22,  1.55s/it]
 28%|██▊       | 863/3120 [27:55<57:49,  1.54s/it]
 28%|██▊       | 864/3120 [27:56<57:19,  1.52s/it]
 28%|██▊       | 865/3120 [27:58<57:07,  1.52s/it]
 28%|██▊       | 866/3120 [28:00<58:06,  1.55s/it]
 28%|██▊       | 867/3120 [28:01<57:32,  1.53s/it]
 28%|██▊       | 868/3120 [28:03<57:08,  1.52s/it]
 28%|██▊       | 869/3120 [28:04<58:15,  1.55s/it]
 28%|██▊       | 870/3120 [28:06<57:40,  1.54s/it]
 28%|██▊       | 871/3120 [28:07<57:11,  1.53s/it]
 28%|██▊       | 872/3120 [28:09<56:51,  1.52s/it]
 28%|██▊       | 873/3120 [28:10<57:53,  1.55s/it]
 28%|██▊       | 874/3120 [28:12<57:20,  1.53s/it]
 28%|██▊       | 875/3120 [28:13<56:55,  1.52s/it]
 28%|██▊       | 876/3120 [28:15<56:39,  1.51s/it]
 28%|██▊       | 877/3120 [28:16<57:41,  1.54s/it]
 28%|██▊       | 878/3120 [28:18<57:08,  1.53s/it]
 28%|██▊       | 879/3120 [28:19<56:52,  1.52s/it]
 28%|██▊       | 880/3120 [28:21<57:56,  1.55s/it]
 28%|██▊       | 881/3120 [28:23<57:34,  1.54s/it]
 28%|██▊       | 882/3120 [28:24<57:09,  1.53s/it]
 28%|██▊       | 883/3120 [28:26<56:46,  1.52s/it]
 28%|██▊       | 884/3120 [28:27<58:02,  1.56s/it]
 28%|██▊       | 885/3120 [28:29<57:18,  1.54s/it]
 28%|██▊       | 886/3120 [28:30<56:47,  1.53s/it]
 28%|██▊       | 887/3120 [28:32<56:42,  1.52s/it]
 28%|██▊       | 888/3120 [28:33<57:49,  1.55s/it]
 28%|██▊       | 889/3120 [28:35<57:10,  1.54s/it]
 29%|██▊       | 890/3120 [28:36<56:42,  1.53s/it]
 29%|██▊       | 891/3120 [28:38<57:41,  1.55s/it]
 29%|██▊       | 892/3120 [28:39<57:09,  1.54s/it]
 29%|██▊       | 893/3120 [28:41<56:42,  1.53s/it]
 29%|██▊       | 894/3120 [28:43<56:50,  1.53s/it]
 29%|██▊       | 895/3120 [28:44<57:42,  1.56s/it]
 29%|██▊       | 896/3120 [28:46<57:04,  1.54s/it]
 29%|██▉       | 897/3120 [28:47<56:31,  1.53s/it]
 29%|██▉       | 898/3120 [28:49<56:12,  1.52s/it]
 29%|██▉       | 899/3120 [28:50<57:17,  1.55s/it]
 29%|██▉       | 900/3120 [28:52<56:41,  1.53s/it]
 29%|██▉       | 901/3120 [28:53<56:20,  1.52s/it]
 29%|██▉       | 902/3120 [28:55<57:19,  1.55s/it]
 29%|██▉       | 903/3120 [28:56<56:40,  1.53s/it]
 29%|██▉       | 904/3120 [28:58<56:15,  1.52s/it]
 29%|██▉       | 905/3120 [28:59<55:59,  1.52s/it]
 29%|██▉       | 906/3120 [29:01<57:00,  1.54s/it]
 29%|██▉       | 907/3120 [29:02<56:27,  1.53s/it]
 29%|██▉       | 908/3120 [29:04<56:06,  1.52s/it]
 29%|██▉       | 909/3120 [29:05<55:53,  1.52s/it]
 29%|██▉       | 910/3120 [29:07<56:49,  1.54s/it]
 29%|██▉       | 911/3120 [29:09<56:16,  1.53s/it]
 29%|██▉       | 912/3120 [29:10<55:53,  1.52s/it]
 29%|██▉       | 913/3120 [29:12<56:53,  1.55s/it]
 29%|██▉       | 914/3120 [29:13<56:21,  1.53s/it]
 29%|██▉       | 915/3120 [29:15<55:55,  1.52s/it]
 29%|██▉       | 916/3120 [29:16<55:47,  1.52s/it]
 29%|██▉       | 917/3120 [29:18<57:03,  1.55s/it]
 29%|██▉       | 918/3120 [29:19<56:27,  1.54s/it]
 29%|██▉       | 919/3120 [29:21<56:01,  1.53s/it]
 29%|██▉       | 920/3120 [29:22<55:53,  1.52s/it]
 30%|██▉       | 921/3120 [29:24<56:56,  1.55s/it]
 30%|██▉       | 922/3120 [29:25<56:17,  1.54s/it]
 30%|██▉       | 923/3120 [29:27<55:52,  1.53s/it]
 30%|██▉       | 924/3120 [29:29<56:48,  1.55s/it]
 30%|██▉       | 925/3120 [29:30<56:10,  1.54s/it]
 30%|██▉       | 926/3120 [29:32<55:44,  1.52s/it]
 30%|██▉       | 927/3120 [29:33<55:49,  1.53s/it]
 30%|██▉       | 928/3120 [29:35<56:40,  1.55s/it]
 30%|██▉       | 929/3120 [29:36<56:03,  1.53s/it]
 30%|██▉       | 930/3120 [29:38<55:35,  1.52s/it]
 30%|██▉       | 931/3120 [29:39<55:17,  1.52s/it]
 30%|██▉       | 932/3120 [29:41<56:16,  1.54s/it]
 30%|██▉       | 933/3120 [29:42<55:47,  1.53s/it]
 30%|██▉       | 934/3120 [29:44<55:26,  1.52s/it]
 30%|██▉       | 935/3120 [29:45<56:24,  1.55s/it]
 30%|███       | 936/3120 [29:47<55:48,  1.53s/it]
 30%|███       | 937/3120 [29:48<55:27,  1.52s/it]
 30%|███       | 938/3120 [29:50<55:11,  1.52s/it]
 30%|███       | 939/3120 [29:52<56:10,  1.55s/it]
 30%|███       | 940/3120 [29:53<55:39,  1.53s/it]
 30%|███       | 941/3120 [29:55<55:26,  1.53s/it]
 30%|███       | 942/3120 [29:56<55:13,  1.52s/it]
 30%|███       | 943/3120 [29:58<56:10,  1.55s/it]
 30%|███       | 944/3120 [29:59<55:38,  1.53s/it]
 30%|███       | 945/3120 [30:01<55:11,  1.52s/it]
 30%|███       | 946/3120 [30:02<56:17,  1.55s/it]
 30%|███       | 947/3120 [30:04<55:42,  1.54s/it]
 30%|███       | 948/3120 [30:05<55:12,  1.53s/it]
 30%|███       | 949/3120 [30:07<54:53,  1.52s/it]
 30%|███       | 950/3120 [30:08<56:05,  1.55s/it]
 30%|███       | 951/3120 [30:10<55:32,  1.54s/it]
 31%|███       | 952/3120 [30:11<55:04,  1.52s/it]
 31%|███       | 953/3120 [30:13<54:59,  1.52s/it]
 31%|███       | 954/3120 [30:15<56:00,  1.55s/it]
 31%|███       | 955/3120 [30:16<55:22,  1.53s/it]
 31%|███       | 956/3120 [30:18<54:58,  1.52s/it]
 31%|███       | 957/3120 [30:19<55:50,  1.55s/it]
 31%|███       | 958/3120 [30:21<55:18,  1.53s/it]
 31%|███       | 959/3120 [30:22<55:24,  1.54s/it]
 31%|███       | 960/3120 [30:24<55:01,  1.53s/it]
 31%|███       | 961/3120 [30:25<55:57,  1.56s/it]
 31%|███       | 962/3120 [30:27<55:22,  1.54s/it]
 31%|███       | 963/3120 [30:28<54:57,  1.53s/it]
 31%|███       | 964/3120 [30:30<54:38,  1.52s/it]
 31%|███       | 965/3120 [30:31<55:38,  1.55s/it]
 31%|███       | 966/3120 [30:33<55:01,  1.53s/it]
 31%|███       | 967/3120 [30:34<54:38,  1.52s/it]
 31%|███       | 968/3120 [30:36<55:38,  1.55s/it]
 31%|███       | 969/3120 [30:38<55:05,  1.54s/it]
 31%|███       | 970/3120 [30:39<54:40,  1.53s/it]
 31%|███       | 971/3120 [30:41<54:33,  1.52s/it]
 31%|███       | 972/3120 [30:42<55:29,  1.55s/it]
 31%|███       | 973/3120 [30:44<54:57,  1.54s/it]
 31%|███       | 974/3120 [30:45<54:42,  1.53s/it]
 31%|███▏      | 975/3120 [30:47<54:25,  1.52s/it]
 31%|███▏      | 976/3120 [30:48<55:27,  1.55s/it]
 31%|███▏      | 977/3120 [30:50<54:57,  1.54s/it]
 31%|███▏      | 978/3120 [30:51<54:33,  1.53s/it]
 31%|███▏      | 979/3120 [30:53<55:48,  1.56s/it]
 31%|███▏      | 980/3120 [30:55<55:03,  1.54s/it]
 31%|███▏      | 981/3120 [30:56<54:28,  1.53s/it]
 31%|███▏      | 982/3120 [30:58<54:11,  1.52s/it]
 32%|███▏      | 983/3120 [30:59<55:11,  1.55s/it]
 32%|███▏      | 984/3120 [31:01<54:40,  1.54s/it]
 32%|███▏      | 985/3120 [31:02<54:26,  1.53s/it]
 32%|███▏      | 986/3120 [31:04<54:14,  1.53s/it]
 32%|███▏      | 987/3120 [31:05<55:15,  1.55s/it]
 32%|███▏      | 988/3120 [31:07<54:38,  1.54s/it]
 32%|███▏      | 989/3120 [31:08<54:12,  1.53s/it]
 32%|███▏      | 990/3120 [31:10<55:07,  1.55s/it]
 32%|███▏      | 991/3120 [31:11<54:31,  1.54s/it]
 32%|███▏      | 992/3120 [31:13<54:29,  1.54s/it]
 32%|███▏      | 993/3120 [31:14<54:15,  1.53s/it]
 32%|███▏      | 994/3120 [31:16<55:11,  1.56s/it]
 32%|███▏      | 995/3120 [31:18<54:34,  1.54s/it]
 32%|███▏      | 996/3120 [31:19<54:09,  1.53s/it]
 32%|███▏      | 997/3120 [31:21<53:48,  1.52s/it]
 32%|███▏      | 998/3120 [31:22<54:39,  1.55s/it]
 32%|███▏      | 999/3120 [31:24<54:05,  1.53s/it]
 32%|███▏      | 1000/3120 [31:25<53:46,  1.52s/it]
 32%|███▏      | 1001/3120 [31:27<54:39,  1.55s/it]
 32%|███▏      | 1002/3120 [31:28<54:07,  1.53s/it]
 32%|███▏      | 1003/3120 [31:30<53:42,  1.52s/it]
 32%|███▏      | 1004/3120 [31:31<53:26,  1.52s/it]
 32%|███▏      | 1005/3120 [31:33<54:26,  1.54s/it]
 32%|███▏      | 1006/3120 [31:34<53:56,  1.53s/it]
 32%|███▏      | 1007/3120 [31:36<53:32,  1.52s/it]
 32%|███▏      | 1008/3120 [31:37<53:25,  1.52s/it]
 32%|███▏      | 1009/3120 [31:39<54:22,  1.55s/it]
 32%|███▏      | 1010/3120 [31:41<53:48,  1.53s/it]
 32%|███▏      | 1011/3120 [31:42<53:38,  1.53s/it]
 32%|███▏      | 1012/3120 [31:44<54:48,  1.56s/it]
 32%|███▏      | 1013/3120 [31:45<54:09,  1.54s/it]
 32%|███▎      | 1014/3120 [31:47<53:41,  1.53s/it]
 33%|███▎      | 1015/3120 [31:48<53:27,  1.52s/it]
 33%|███▎      | 1016/3120 [31:50<54:20,  1.55s/it]
 33%|███▎      | 1017/3120 [31:51<53:45,  1.53s/it]
 33%|███▎      | 1018/3120 [31:53<53:33,  1.53s/it]
 33%|███▎      | 1019/3120 [31:54<53:22,  1.52s/it]
 33%|███▎      | 1020/3120 [31:56<54:28,  1.56s/it]
 33%|███▎      | 1021/3120 [31:57<53:48,  1.54s/it]
 33%|███▎      | 1022/3120 [31:59<53:24,  1.53s/it]
 33%|███▎      | 1023/3120 [32:01<54:16,  1.55s/it]
 33%|███▎      | 1024/3120 [32:02<54:00,  1.55s/it]
 33%|███▎      | 1025/3120 [32:04<53:34,  1.53s/it]
 33%|███▎      | 1026/3120 [32:05<53:10,  1.52s/it]
 33%|███▎      | 1027/3120 [32:07<54:02,  1.55s/it]
 33%|███▎      | 1028/3120 [32:08<53:28,  1.53s/it]
 33%|███▎      | 1029/3120 [32:10<53:02,  1.52s/it]
 33%|███▎      | 1030/3120 [32:11<52:53,  1.52s/it]
 33%|███▎      | 1031/3120 [32:13<53:47,  1.55s/it]
 33%|�    [cl-val] closed-loop sim-RMS 1.393566e-06 m   per record [1.359e-06 1.469e-06 1.362e-06 1.381e-06]
(0,)
It 1040, sqrt loss 1.321e-05, Val sim-RMS 1.394e-06, Time Loss: 77.3%, data: 0.0%, val: 22.7%,  2.0 sec/batch
��██▎      | 1032/3120 [32:14<53:19,  1.53s/it]
 33%|███▎      | 1033/3120 [32:16<52:56,  1.52s/it]
 33%|███▎      | 1034/3120 [32:17<53:52,  1.55s/it]
 33%|███▎      | 1035/3120 [32:19<53:18,  1.53s/it]
 33%|███▎      | 1036/3120 [32:20<52:56,  1.52s/it]
 33%|███▎      | 1037/3120 [32:22<52:38,  1.52s/it]
 33%|███▎      | 1038/3120 [32:24<53:36,  1.54s/it]
 33%|███▎      | 1039/3120 [32:25<53:03,  1.53s/it]
 33%|███▎      | 1040/3120 [34:23<21:07:56, 36.58s/it]
 33%|███▎      | 1041/3120 [34:25<15:03:22, 26.07s/it]
 33%|███▎      | 1042/3120 [34:26<10:47:35, 18.70s/it]
 33%|███▎      | 1043/3120 [34:28<7:50:23, 13.59s/it] 
 33%|███▎      | 1044/3120 [34:30<5:44:41,  9.96s/it]
 33%|███▎      | 1045/3120 [34:31<4:16:43,  7.42s/it]
 34%|███▎      | 1046/3120 [34:33<3:16:35,  5.69s/it]
 34%|███▎      | 1047/3120 [34:34<2:33:06,  4.43s/it]
 34%|███▎      | 1048/3120 [34:36<2:02:39,  3.55s/it]
 34%|███▎      | 1049/3120 [34:37<1:41:19,  2.94s/it]
 34%|███▎      | 1050/3120 [34:39<1:27:38,  2.54s/it]
 34%|███▎      | 1051/3120 [34:40<1:16:49,  2.23s/it]
 34%|███▎      | 1052/3120 [34:42<1:09:17,  2.01s/it]
 34%|███▍      | 1053/3120 [34:43<1:04:22,  1.87s/it]
 34%|███▍      | 1054/3120 [34:45<1:01:39,  1.79s/it]
 34%|███▍      | 1055/3120 [34:46<58:33,  1.70s/it]  
 34%|███▍      | 1056/3120 [34:48<56:34,  1.64s/it]
 34%|███▍      | 1057/3120 [34:50<56:09,  1.63s/it]
 34%|███▍      | 1058/3120 [34:51<54:42,  1.59s/it]
 34%|███▍      | 1059/3120 [34:53<53:52,  1.57s/it]
 34%|███▍      | 1060/3120 [34:54<53:05,  1.55s/it]
 34%|███▍      | 1061/3120 [34:56<53:37,  1.56s/it]
 34%|███▍      | 1062/3120 [34:57<52:55,  1.54s/it]
 34%|███▍      | 1063/3120 [34:59<52:24,  1.53s/it]
 34%|███▍      | 1064/3120 [35:00<52:04,  1.52s/it]
 34%|███▍      | 1065/3120 [35:02<52:54,  1.54s/it]
 34%|███▍      | 1066/3120 [35:03<52:24,  1.53s/it]
 34%|███▍      | 1067/3120 [35:05<52:05,  1.52s/it]
 34%|███▍      | 1068/3120 [35:06<53:13,  1.56s/it]
 34%|███▍      | 1069/3120 [35:08<52:42,  1.54s/it]
 34%|███▍      | 1070/3120 [35:09<52:22,  1.53s/it]
 34%|███▍      | 1071/3120 [35:11<52:01,  1.52s/it]
 34%|███▍      | 1072/3120 [35:13<52:55,  1.55s/it]
 34%|███▍      | 1073/3120 [35:14<52:22,  1.54s/it]
 34%|███▍      | 1074/3120 [35:16<52:09,  1.53s/it]
 34%|███▍      | 1075/3120 [35:17<51:52,  1.52s/it]
 34%|███▍      | 1076/3120 [35:19<52:58,  1.56s/it]
 35%|███▍      | 1077/3120 [35:20<52:20,  1.54s/it]
 35%|███▍      | 1078/3120 [35:22<51:56,  1.53s/it]
 35%|███▍      | 1079/3120 [35:23<53:04,  1.56s/it]
 35%|███▍      | 1080/3120 [35:25<52:26,  1.54s/it]
 35%|███▍      | 1081/3120 [35:26<51:57,  1.53s/it]
 35%|███▍      | 1082/3120 [35:28<51:39,  1.52s/it]
 35%|███▍      | 1083/3120 [35:29<52:30,  1.55s/it]
 35%|███▍      | 1084/3120 [35:31<51:57,  1.53s/it]
 35%|███▍      | 1085/3120 [35:32<51:56,  1.53s/it]
 35%|███▍      | 1086/3120 [35:34<51:36,  1.52s/it]
 35%|███▍      | 1087/3120 [35:36<52:29,  1.55s/it]
 35%|███▍      | 1088/3120 [35:37<51:56,  1.53s/it]
 35%|███▍      | 1089/3120 [35:39<51:43,  1.53s/it]
 35%|███▍      | 1090/3120 [35:40<52:29,  1.55s/it]
 35%|███▍      | 1091/3120 [35:42<51:56,  1.54s/it]
 35%|███▌      | 1092/3120 [35:43<51:34,  1.53s/it]
 35%|███▌      | 1093/3120 [35:45<51:15,  1.52s/it]
 35%|███▌      | 1094/3120 [35:46<52:12,  1.55s/it]
 35%|███▌      | 1095/3120 [35:48<51:40,  1.53s/it]
 35%|███▌      | 1096/3120 [35:49<51:16,  1.52s/it]
 35%|███▌      | 1097/3120 [35:51<51:05,  1.52s/it]
 35%|███▌      | 1098/3120 [35:52<52:01,  1.54s/it]
 35%|███▌      | 1099/3120 [35:54<51:35,  1.53s/it]
 35%|███▌      | 1100/3120 [35:55<51:16,  1.52s/it]
 35%|███▌      | 1101/3120 [35:57<52:08,  1.55s/it]
 35%|███▌      | 1102/3120 [35:59<51:34,  1.53s/it]
 35%|███▌      | 1103/3120 [36:00<51:14,  1.52s/it]
 35%|███▌      | 1104/3120 [36:02<50:53,  1.51s/it]
 35%|███▌      | 1105/3120 [36:03<51:54,  1.55s/it]
 35%|███▌      | 1106/3120 [36:05<51:23,  1.53s/it]
 35%|███▌      | 1107/3120 [36:06<50:57,  1.52s/it]
 36%|███▌      | 1108/3120 [36:08<50:45,  1.51s/it]
 36%|███▌      | 1109/3120 [36:09<51:57,  1.55s/it]
 36%|███▌      | 1110/3120 [36:11<51:22,  1.53s/it]
 36%|███▌      | 1111/3120 [36:12<51:10,  1.53s/it]
 36%|███▌      | 1112/3120 [36:14<52:10,  1.56s/it]
 36%|███▌      | 1113/3120 [36:15<51:29,  1.54s/it]
 36%|███▌      | 1114/3120 [36:17<51:05,  1.53s/it]
 36%|███▌      | 1115/3120 [36:18<50:54,  1.52s/it]
 36%|███▌      | 1116/3120 [36:20<51:44,  1.55s/it]
 36%|███▌      | 1117/3120 [36:22<51:14,  1.53s/it]
 36%|███▌      | 1118/3120 [36:23<51:12,  1.53s/it]
 36%|███▌      | 1119/3120 [36:25<50:50,  1.52s/it]
 36%|███▌      | 1120/3120 [36:26<51:39,  1.55s/it]
 36%|███▌      | 1121/3120 [36:28<51:07,  1.53s/it]
 36%|███▌      | 1122/3120 [36:29<50:49,  1.53s/it]
 36%|███▌      | 1123/3120 [36:31<51:43,  1.55s/it]
 36%|███▌      | 1124/3120 [36:32<51:10,  1.54s/it]
 36%|███▌      | 1125/3120 [36:34<50:43,  1.53s/it]
 36%|███▌      | 1126/3120 [36:35<50:25,  1.52s/it]
 36%|███▌      | 1127/3120 [36:37<51:20,  1.55s/it]
 36%|███▌      | 1128/3120 [36:38<50:54,  1.53s/it]
 36%|███▌      | 1129/3120 [36:40<50:30,  1.52s/it]
 36%|███▌      | 1130/3120 [36:41<50:20,  1.52s/it]
 36%|███▋      | 1131/3120 [36:43<51:13,  1.55s/it]
 36%|███▋      | 1132/3120 [36:45<50:51,  1.53s/it]
 36%|███▋      | 1133/3120 [36:46<50:31,  1.53s/it]
 36%|███▋      | 1134/3120 [36:48<51:30,  1.56s/it]
 36%|███▋      | 1135/3120 [36:49<50:59,  1.54s/it]
 36%|███▋      | 1136/3120 [36:51<50:42,  1.53s/it]
 36%|███▋      | 1137/3120 [36:52<50:21,  1.52s/it]
 36%|███▋      | 1138/3120 [36:54<51:25,  1.56s/it]
 37%|███▋      | 1139/3120 [36:55<50:51,  1.54s/it]
 37%|███▋      | 1140/3120 [36:57<50:23,  1.53s/it]
 37%|███▋      | 1141/3120 [36:58<50:07,  1.52s/it]
 37%|███▋      | 1142/3120 [37:00<51:00,  1.55s/it]
 37%|███▋      | 1143/3120 [37:01<50:31,  1.53s/it]
 37%|███▋      | 1144/3120 [37:03<50:22,  1.53s/it]
 37%|███▋      | 1145/3120 [37:05<51:18,  1.56s/it]
 37%|███▋      | 1146/3120 [37:06<50:38,  1.54s/it]
 37%|███▋      | 1147/3120 [37:08<50:15,  1.53s/it]
 37%|███▋      | 1148/3120 [37:09<49:56,  1.52s/it]
 37%|███▋      | 1149/3120 [37:11<50:48,  1.55s/it]
 37%|███▋      | 1150/3120 [37:12<50:33,  1.54s/it]
 37%|███▋      | 1151/3120 [37:14<50:10,  1.53s/it]
 37%|███▋      | 1152/3120 [37:15<49:50,  1.52s/it]
 37%|███▋      | 1153/3120 [37:17<50:41,  1.55s/it]
 37%|███▋      | 1154/3120 [37:18<50:09,  1.53s/it]
 37%|███▋      | 1155/3120 [37:20<49:48,  1.52s/it]
 37%|███▋      | 1156/3120 [37:21<50:40,  1.55s/it]
 37%|███▋      | 1157/3120 [37:23<50:15,  1.54s/it]
 37%|███▋      | 1158/3120 [37:24<49:51,  1.52s/it]
 37%|███▋      | 1159/3120 [37:26<49:30,  1.51s/it]
 37%|███▋      | 1160/3120 [37:28<50:25,  1.54s/it]
 37%|███▋      | 1161/3120 [37:29<49:55,  1.53s/it]
 37%|███▋      | 1162/3120 [37:31<49:38,  1.52s/it]
 37%|███▋      | 1163/3120 [37:32<49:24,  1.51s/it]
 37%|███▋      | 1164/3120 [37:34<50:22,  1.55s/it]
 37%|███▋      | 1165/3120 [37:35<49:59,  1.53s/it]
 37%|███▋      | 1166/3120 [37:37<49:39,  1.53s/it]
 37%|███▋      | 1167/3120 [37:38<50:30,  1.55s/it]
 37%|███▋      | 1168/3120 [37:40<49:56,  1.53s/it]
 37%|███▋      | 1169/3120 [37:41<49:37,  1.53s/it]
 38%|███▊      | 1170/3120 [37:43<49:21,  1.52s/it]
 38%|███▊      | 1171/3120 [37:44<50:33,  1.56s/it]
 38%|███▊      | 1172/3120 [37:46<49:59,  1.54s/it]
 38%|███▊      | 1173/3120 [37:47<49:34,  1.53s/it]
 38%|███▊      | 1174/3120 [37:49<49:17,  1.52s/it]
 38%|███▊      | 1175/3120 [37:51<50:04,  1.54s/it]
 38%|███▊      | 1176/3120 [37:52<49:35,  1.53s/it]
 38%|███▊      | 1177/3120 [37:54<49:29,  1.53s/it]
 38%|███▊      | 1178/3120 [37:55<50:24,  1.56s/it]
 38%|███▊      | 1179/3120 [37:57<49:46,  1.54s/it]
 38%|███▊      | 1180/3120 [37:58<49:22,  1.53s/it]
 38%|███▊      | 1181/3120 [38:00<49:08,  1.52s/it]
 38%|███▊      | 1182/3120 [38:01<49:59,  1.55s/it]
 38%|███▊      | 1183/3120 [38:03<49:52,  1.55s/it]
 38%|███▊      | 1184/3120 [38:04<49:24,  1.53s/it]
 38%|███▊      | 1185/3120 [38:06<49:10,  1.53s/it]
 38%|███▊      | 1186/3120 [38:07<50:04,  1.55s/it]
 38%|███▊      | 1187/3120 [38:09<49:34,  1.54s/it]
 38%|███▊      | 1188/3120 [38:10<49:09,  1.53s/it]
 38%|███▊      | 1189/3120 [38:12<49:58,  1.55s/it]
 38%|███▊      | 1190/3120 [38:14<49:26,  1.54s/it]
 38%|███▊      | 1191/3120 [38:15<49:04,  1.53s/it]
 38%|███▊      | 1192/3120 [38:17<48:44,  1.52s/it]
 38%|███▊      | 1193/3120 [38:18<49:36,  1.54s/it]
 38%|███▊      | 1194/3120 [38:20<49:12,  1.53s/it]
 38%|███▊      | 1195/3120 [38:21<48:54,  1.52s/it]
 38%|███▊      | 1196/3120 [38:23<48:40,  1.52s/it]
 38%|███▊      | 1197/3120 [38:24<49:40,  1.55s/it]
 38%|███▊      | 1198/3120 [38:26<49:17,  1.54s/it]
 38%|███▊      | 1199/3120 [38:27<48:54,  1.53s/it]
 38%|███▊      | 1200/3120 [38:29<49:38,  1.55s/it]
 38%|███▊      | 1201/3120 [38:30<49:06,  1.54s/it]
 39%|███▊      | 1202/3120 [38:32<48:42,  1.52s/it]
 39%|███▊      | 1203/3120 [38:33<48:26,  1.52s/it]
 39%|███▊      | 1204/3120 [38:35<49:32,  1.55s/it]
 39%|███▊      | 1205/3120 [38:37<49:02,  1.54s/it]
 39%|███▊      | 1206/3120 [38:38<48:41,  1.53s/it]
 39%|███▊      | 1207/3120 [38:40<48:26,  1.52s/it]
 39%|███▊      | 1208/3120 [38:41<49:13,  1.54s/it]
 39%|███▉      | 1209/3120 [38:43<48:58,  1.54s/it]
 39%|███▉      | 1210/3120 [38:44<48:34,  1.53s/it]
 39%|███▉      | 1211/3120 [38:46<49:30,  1.56s/it]
 39%|███▉      | 1212/3120 [38:47<49:03,  1.54s/it]
 39%|███▉      | 1213/3120 [38:49<48:47,  1.53s/it]
 39%|███▉      | 1214/3120 [38:50<48:26,  1.52s/it]
 39%|███▉      | 1215/3120 [38:52<49:17,  1.55s/it]
 39%|███▉      | 1216/3120 [38:54<49:09,  1.55s/it]
 39%|███▉      | 1217/3120 [38:55<48:37,  1.53s/it]
 39%|███▉      | 1218/3120 [38:57<48:18,  1.52s/it]
 39%|███▉      | 1219/3120 [38:58<49:07,  1.55s/it]
 39%|███▉      | 1220/3120 [39:00<48:45,  1.54s/it]
 39%|███▉      | 1221/3120 [39:01<48:23,  1.53s/it]
 39%|███▉      | 1222/3120 [39:03<49:07,  1.55s/it]
 39%|███▉      | 1223/3120 [39:04<48:37,  1.54s/it]
 39%|███▉      | 1224/3120 [39:06<48:16,  1.53s/it]
 39%|███▉      | 1225/3120 [39:07<48:00,  1.52s/it]
 39%|███▉      | 1226/3120 [39:09<48:52,  1.55s/it]
 39%|███▉      | 1227/3120 [39:10<48:26,  1.54s/it]
 39%|███▉      | 1228/3120 [39:12<48:02,  1.52s/it]
 39%|███▉      | 1229/3120 [39:13<47:46,  1.52s/it]
 39%|███▉      | 1230/3120 [39:15<48:39,  1.54s/it]
 39%|███▉      | 1231/3120 [39:17<48:10,  1.53s/it]
 39%|███▉      | 1232/3120 [39:18<47:51,  1.52s/it]
 40%|███▉      | 1233/3120 [39:20<48:41,  1.55s/it]
 40%|███▉      | 1234/3120 [39:21<48:12,  1.53s/it]
 40%|███▉      | 1235/3120 [39:23<47:54,  1.52s/it]
 40%|███▉      | 1236/3120 [39:24<47:44,  1.52s/it]
 40%|███▉      | 1237/3120 [39:26<48:47,  1.55s/it]
 40%|███▉      | 1238/3120 [39:27<48:10,  1.54s/it]
 40%|███▉      | 1239/3120 [39:29<47:51,  1.53s/it]
 40%|███▉      | 1240/3120 [39:30<47:33,  1.52s/it]
 40%|███▉      | 1241/3120 [39:32<48:21,  1.54s/it]
 40%|███▉      | 1242/3120 [39:33<48:03,  1.54s/it]
 40%|███▉      | 1243/3120 [39:35<47:43,  1.53s/it]
 40%|███▉      | 1244/3120 [39:37<48:39,  1.56s/it]
 40%|███▉      | 1245/3120 [39:38<48:03,  1.54s/it]
 40%|███▉      | 1246/3120 [39:40<47:38,  1.53s/it]
 40%|███▉      | 1247/3120 [39:41<47:23,  1.52s/it]
 40%|████      | 1248/3120 [39:43<48:35,  1.56s/it]
 40%|████      | 1249/3120 [39:44<48:05,  1.54s/it]
 40%|████      | 1250/3120 [39:46<47:43,  1.53s/it]
 40%|████      | 1251/3120 [39:47<47:21,  1.52s/it]
 40%|████      | 1252/3120 [39:49<48:09,  1.55s/it]
 40%|████      | 1253/3120 [39:50<47:39,  1.53s/it]
 40%|████      | 1254/3120 [39:52<47:22,  1.52s/it]
 40%|████      | 1255/3120 [39:53<48:09,  1.55s/it]
 40%|████      | 1256/3120 [39:55<47:38,  1.53s/it]
 40%|████      | 1257/3120 [39:56<47:18,  1.52s/it]
 40%|████      | 1258/3120 [39:58<47:12,  1.52s/it]
 40%|████      | 1259/3120 [40:00<48:01,  1.55s/it]
 40%|████      | 1260/3120 [40:01<47:35,  1.54s/it]
 40%|████      | 1261/3120 [40:03<47:11,  1.52s/it]
 40%|████      | 1262/3120 [40:04<46:56,  1.52s/it]
 40%|████      | 1263/3120 [40:06<47:45,  1.54s/it]
 41%|████      | 1264/3120 [40:07<47:22,  1.53s/it]
 41%|████      | 1265/3120 [40:09<47:01,  1.52s/it]
 41%|████      | 1266/3120 [40:10<47:49,  1.55s/it]
 41%|████      | 1267/3120 [40:12<47:22,  1.53s/it]
 41%|████      | 1268/3120 [40:13<47:07,  1.53s/it]
 41%|████      | 1269/3120 [40:15<46:53,  1.52s/it]
 41%|████      | 1270/3120 [40:16<47:55,  1.55s/it]
 41%|████      | 1271/3120 [40:18<47:22,  1.54s/it]
 41%|████      | 1272/3120 [40:19<47:02,  1.53s/it]
 41%|████      | 1273/3120 [40:21<46:53,  1.52s/it]
 41%|████      | 1274/3120 [40:23<47:47,  1.55s/it]
 41%|████      | 1275/3120 [40:24<47:15,  1.54s/it]
 41%|████      | 1276/3120 [40:26<46:53,  1.53s/it]
 41%|████      | 1277/3120 [40:27<47:48,  1.56s/it]
 41%|████      | 1278/3120 [40:29<47:15,  1.54s/it]
 41%|████      | 1279/3120 [40:30<46:48,  1.53s/it]
 41%|████      | 1280/3120 [40:32<46:33,  1.52s/it]
 41%|████      | 1281/3120 [40:33<47:42,  1.56s/it]
 41%|████      | 1282/3120 [40:35<47:09,  1.54s/it]
 41%|████      | 1283/3120 [40:36<46:45,  1.53s/it]
 41%|████      | 1284/3120 [40:38<46:29,  1.52s/it]
 41%|████      | 1285/3120 [40:39<47:16,  1.55s/it]
 41%|████      | 1286/3120 [40:41<46:48,  1.53s/it]
 41%|████▏     | 128    [cl-val] closed-loop sim-RMS 1.394142e-06 m   per record [1.359e-06 1.472e-06 1.362e-06 1.381e-06]
(0,)
It 1300, sqrt loss 1.319e-05, Val sim-RMS 1.394e-06, Time Loss: 77.3%, data: 0.0%, val: 22.6%,  2.0 sec/batch
7/3120 [40:42<46:29,  1.52s/it]
 41%|████▏     | 1288/3120 [40:44<47:18,  1.55s/it]
 41%|████▏     | 1289/3120 [40:45<46:51,  1.54s/it]
 41%|████▏     | 1290/3120 [40:47<46:29,  1.52s/it]
 41%|████▏     | 1291/3120 [40:48<46:14,  1.52s/it]
 41%|████▏     | 1292/3120 [40:50<47:04,  1.55s/it]
 41%|████▏     | 1293/3120 [40:52<46:34,  1.53s/it]
 41%|████▏     | 1294/3120 [40:53<46:19,  1.52s/it]
 42%|████▏     | 1295/3120 [40:55<46:03,  1.51s/it]
 42%|████▏     | 1296/3120 [40:56<46:55,  1.54s/it]
 42%|████▏     | 1297/3120 [40:58<46:26,  1.53s/it]
 42%|████▏     | 1298/3120 [40:59<46:09,  1.52s/it]
 42%|████▏     | 1299/3120 [41:01<46:59,  1.55s/it]
 42%|████▏     | 1300/3120 [42:59<18:27:36, 36.51s/it]
 42%|████▏     | 1301/3120 [43:01<13:10:23, 26.07s/it]
 42%|████▏     | 1302/3120 [43:02<9:26:35, 18.70s/it] 
 42%|████▏     | 1303/3120 [43:04<6:50:07, 13.54s/it]
 42%|████▏     | 1304/3120 [43:05<5:01:40,  9.97s/it]
 42%|████▏     | 1305/3120 [43:07<3:44:38,  7.43s/it]
 42%|████▏     | 1306/3120 [43:08<2:50:51,  5.65s/it]
 42%|████▏     | 1307/3120 [43:10<2:13:06,  4.41s/it]
 42%|████▏     | 1308/3120 [43:11<1:47:44,  3.57s/it]
 42%|████▏     | 1309/3120 [43:13<1:29:17,  2.96s/it]
 42%|████▏     | 1310/3120 [43:14<1:16:08,  2.52s/it]
 42%|████▏     | 1311/3120 [43:16<1:06:50,  2.22s/it]
 42%|████▏     | 1312/3120 [43:18<1:01:16,  2.03s/it]
 42%|████▏     | 1313/3120 [43:19<56:24,  1.87s/it]  
 42%|████▏     | 1314/3120 [43:21<52:55,  1.76s/it]
 42%|████▏     | 1315/3120 [43:22<51:32,  1.71s/it]
 42%|████▏     | 1316/3120 [43:24<49:36,  1.65s/it]
 42%|████▏     | 1317/3120 [43:25<48:14,  1.61s/it]
 42%|████▏     | 1318/3120 [43:27<47:16,  1.57s/it]
 42%|████▏     | 1319/3120 [43:28<47:40,  1.59s/it]
 42%|████▏     | 1320/3120 [43:30<46:47,  1.56s/it]
 42%|████▏     | 1321/3120 [43:31<46:09,  1.54s/it]
 42%|████▏     | 1322/3120 [43:33<45:46,  1.53s/it]
 42%|████▏     | 1323/3120 [43:34<46:31,  1.55s/it]
 42%|████▏     | 1324/3120 [43:36<46:04,  1.54s/it]
 42%|████▏     | 1325/3120 [43:37<45:44,  1.53s/it]
 42%|████▎     | 1326/3120 [43:39<46:26,  1.55s/it]
 43%|████▎     | 1327/3120 [43:40<45:54,  1.54s/it]
 43%|████▎     | 1328/3120 [43:42<45:33,  1.53s/it]
 43%|████▎     | 1329/3120 [43:43<45:17,  1.52s/it]
 43%|████▎     | 1330/3120 [43:45<46:21,  1.55s/it]
 43%|████▎     | 1331/3120 [43:47<45:49,  1.54s/it]
 43%|████▎     | 1332/3120 [43:48<45:27,  1.53s/it]
 43%|████▎     | 1333/3120 [43:50<45:12,  1.52s/it]
 43%|████▎     | 1334/3120 [43:51<46:00,  1.55s/it]
 43%|████▎     | 1335/3120 [43:53<45:44,  1.54s/it]
 43%|████▎     | 1336/3120 [43:54<45:26,  1.53s/it]
 43%|████▎     | 1337/3120 [43:56<46:17,  1.56s/it]
 43%|████▎     | 1338/3120 [43:57<45:42,  1.54s/it]
 43%|████▎     | 1339/3120 [43:59<45:21,  1.53s/it]
 43%|████▎     | 1340/3120 [44:00<45:09,  1.52s/it]
 43%|████▎     | 1341/3120 [44:02<45:52,  1.55s/it]
 43%|████▎     | 1342/3120 [44:04<45:43,  1.54s/it]
 43%|████▎     | 1343/3120 [44:05<45:15,  1.53s/it]
 43%|████▎     | 1344/3120 [44:07<44:57,  1.52s/it]
 43%|████▎     | 1345/3120 [44:08<45:43,  1.55s/it]
 43%|████▎     | 1346/3120 [44:10<45:16,  1.53s/it]
 43%|████▎     | 1347/3120 [44:11<45:04,  1.53s/it]
 43%|████▎     | 1348/3120 [44:13<45:49,  1.55s/it]
 43%|████▎     | 1349/3120 [44:14<45:27,  1.54s/it]
 43%|████▎     | 1350/3120 [44:16<45:00,  1.53s/it]
 43%|████▎     | 1351/3120 [44:17<44:46,  1.52s/it]
 43%|████▎     | 1352/3120 [44:19<45:34,  1.55s/it]
 43%|████▎     | 1353/3120 [44:20<45:08,  1.53s/it]
 43%|████▎     | 1354/3120 [44:22<44:50,  1.52s/it]
 43%|████▎     | 1355/3120 [44:23<44:39,  1.52s/it]
 43%|████▎     | 1356/3120 [44:25<45:38,  1.55s/it]
 43%|████▎     | 1357/3120 [44:27<45:13,  1.54s/it]
 44%|████▎     | 1358/3120 [44:28<44:49,  1.53s/it]
 44%|████▎     | 1359/3120 [44:30<45:31,  1.55s/it]
 44%|████▎     | 1360/3120 [44:31<45:03,  1.54s/it]
 44%|████▎     | 1361/3120 [44:33<44:44,  1.53s/it]
 44%|████▎     | 1362/3120 [44:34<44:30,  1.52s/it]
 44%|████▎     | 1363/3120 [44:36<45:31,  1.55s/it]
 44%|████▎     | 1364/3120 [44:37<45:02,  1.54s/it]
 44%|████▍     | 1365/3120 [44:39<44:39,  1.53s/it]
 44%|████▍     | 1366/3120 [44:40<44:22,  1.52s/it]
 44%|████▍     | 1367/3120 [44:42<45:05,  1.54s/it]
 44%|████▍     | 1368/3120 [44:43<44:49,  1.54s/it]
 44%|████▍     | 1369/3120 [44:45<44:28,  1.52s/it]
 44%|████▍     | 1370/3120 [44:46<45:22,  1.56s/it]
 44%|████▍     | 1371/3120 [44:48<44:53,  1.54s/it]
 44%|████▍     | 1372/3120 [44:49<44:29,  1.53s/it]
 44%|████▍     | 1373/3120 [44:51<44:12,  1.52s/it]
 44%|████▍     | 1374/3120 [44:53<45:13,  1.55s/it]
 44%|████▍     | 1375/3120 [44:54<44:48,  1.54s/it]
 44%|████▍     | 1376/3120 [44:56<44:26,  1.53s/it]
 44%|████▍     | 1377/3120 [44:57<44:08,  1.52s/it]
 44%|████▍     | 1378/3120 [44:59<44:56,  1.55s/it]
 44%|████▍     | 1379/3120 [45:00<44:30,  1.53s/it]
 44%|████▍     | 1380/3120 [45:02<44:11,  1.52s/it]
 44%|████▍     | 1381/3120 [45:03<44:56,  1.55s/it]
 44%|████▍     | 1382/3120 [45:05<44:25,  1.53s/it]
 44%|████▍     | 1383/3120 [45:06<44:02,  1.52s/it]
 44%|████▍     | 1384/3120 [45:08<43:49,  1.51s/it]
 44%|████▍     | 1385/3120 [45:09<44:39,  1.54s/it]
 44%|████▍     | 1386/3120 [45:11<44:18,  1.53s/it]
 44%|████▍     | 1387/3120 [45:12<44:00,  1.52s/it]
 44%|████▍     | 1388/3120 [45:14<43:50,  1.52s/it]
 45%|████▍     | 1389/3120 [45:16<44:38,  1.55s/it]
 45%|████▍     | 1390/3120 [45:17<44:13,  1.53s/it]
 45%|████▍     | 1391/3120 [45:19<43:54,  1.52s/it]
 45%|████▍     | 1392/3120 [45:20<44:39,  1.55s/it]
 45%|████▍     | 1393/3120 [45:22<44:14,  1.54s/it]
 45%|████▍     | 1394/3120 [45:23<43:53,  1.53s/it]
 45%|████▍     | 1395/3120 [45:25<43:44,  1.52s/it]
 45%|████▍     | 1396/3120 [45:26<44:48,  1.56s/it]
 45%|████▍     | 1397/3120 [45:28<44:14,  1.54s/it]
 45%|████▍     | 1398/3120 [45:29<43:47,  1.53s/it]
 45%|████▍     | 1399/3120 [45:31<43:31,  1.52s/it]
 45%|████▍     | 1400/3120 [45:32<44:17,  1.55s/it]
 45%|████▍     | 1401/3120 [45:34<44:01,  1.54s/it]
 45%|████▍     | 1402/3120 [45:35<43:39,  1.52s/it]
 45%|████▍     | 1403/3120 [45:37<44:29,  1.55s/it]
 45%|████▌     | 1404/3120 [45:39<44:01,  1.54s/it]
 45%|████▌     | 1405/3120 [45:40<43:41,  1.53s/it]
 45%|████▌     | 1406/3120 [45:42<43:25,  1.52s/it]
 45%|████▌     | 1407/3120 [45:43<44:30,  1.56s/it]
 45%|████▌     | 1408/3120 [45:45<43:59,  1.54s/it]
 45%|████▌     | 1409/3120 [45:46<43:35,  1.53s/it]
 45%|████▌     | 1410/3120 [45:48<43:18,  1.52s/it]
 45%|████▌     | 1411/3120 [45:49<44:02,  1.55s/it]
 45%|████▌     | 1412/3120 [45:51<43:39,  1.53s/it]
 45%|████▌     | 1413/3120 [45:52<43:17,  1.52s/it]
 45%|████▌     | 1414/3120 [45:54<44:03,  1.55s/it]
 45%|████▌     | 1415/3120 [45:55<43:41,  1.54s/it]
 45%|████▌     | 1416/3120 [45:57<43:21,  1.53s/it]
 45%|████▌     | 1417/3120 [45:59<43:08,  1.52s/it]
 45%|████▌     | 1418/3120 [46:00<43:53,  1.55s/it]
 45%|████▌     | 1419/3120 [46:02<43:26,  1.53s/it]
 46%|████▌     | 1420/3120 [46:03<43:06,  1.52s/it]
 46%|████▌     | 1421/3120 [46:05<42:57,  1.52s/it]
 46%|████▌     | 1422/3120 [46:06<43:47,  1.55s/it]
 46%|████▌     | 1423/3120 [46:08<43:22,  1.53s/it]
 46%|████▌     | 1424/3120 [46:09<43:00,  1.52s/it]
 46%|████▌     | 1425/3120 [46:11<43:46,  1.55s/it]
 46%|████▌     | 1426/3120 [46:12<43:18,  1.53s/it]
 46%|████▌     | 1427/3120 [46:14<43:03,  1.53s/it]
 46%|████▌     | 1428/3120 [46:15<42:52,  1.52s/it]
 46%|████▌     | 1429/3120 [46:17<43:53,  1.56s/it]
 46%|████▌     | 1430/3120 [46:18<43:20,  1.54s/it]
 46%|████▌     | 1431/3120 [46:20<42:59,  1.53s/it]
 46%|████▌     | 1432/3120 [46:22<42:48,  1.52s/it]
 46%|████▌     | 1433/3120 [46:23<43:41,  1.55s/it]
 46%|████▌     | 1434/3120 [46:25<43:13,  1.54s/it]
 46%|████▌     | 1435/3120 [46:26<42:53,  1.53s/it]
 46%|████▌     | 1436/3120 [46:28<43:43,  1.56s/it]
 46%|████▌     | 1437/3120 [46:29<43:13,  1.54s/it]
 46%|████▌     | 1438/3120 [46:31<42:51,  1.53s/it]
 46%|████▌     | 1439/3120 [46:32<42:35,  1.52s/it]
 46%|████▌     | 1440/3120 [46:34<43:38,  1.56s/it]
 46%|████▌     | 1441/3120 [46:35<43:05,  1.54s/it]
 46%|████▌     | 1442/3120 [46:37<42:43,  1.53s/it]
 46%|████▋     | 1443/3120 [46:38<42:27,  1.52s/it]
 46%|████▋     | 1444/3120 [46:40<43:14,  1.55s/it]
 46%|████▋     | 1445/3120 [46:42<42:45,  1.53s/it]
 46%|████▋     | 1446/3120 [46:43<42:27,  1.52s/it]
 46%|████▋     | 1447/3120 [46:45<43:11,  1.55s/it]
 46%|████▋     | 1448/3120 [46:46<42:43,  1.53s/it]
 46%|████▋     | 1449/3120 [46:48<42:23,  1.52s/it]
 46%|████▋     | 1450/3120 [46:49<42:10,  1.52s/it]
 47%|████▋     | 1451/3120 [46:51<42:55,  1.54s/it]
 47%|████▋     | 1452/3120 [46:52<42:32,  1.53s/it]
 47%|████▋     | 1453/3120 [46:54<42:13,  1.52s/it]
 47%|████▋     | 1454/3120 [46:55<41:59,  1.51s/it]
 47%|████▋     | 1455/3120 [46:57<42:48,  1.54s/it]
 47%|████▋     | 1456/3120 [46:58<42:23,  1.53s/it]
 47%|████▋     | 1457/3120 [47:00<42:08,  1.52s/it]
 47%|████▋     | 1458/3120 [47:01<42:51,  1.55s/it]
 47%|████▋     | 1459/3120 [47:03<42:28,  1.53s/it]
 47%|████▋     | 1460/3120 [47:04<42:09,  1.52s/it]
 47%|████▋     | 1461/3120 [47:06<41:53,  1.51s/it]
 47%|████▋     | 1462/3120 [47:08<42:52,  1.55s/it]
 47%|████▋     | 1463/3120 [47:09<42:26,  1.54s/it]
 47%|████▋     | 1464/3120 [47:11<42:05,  1.53s/it]
 47%|████▋     | 1465/3120 [47:12<41:52,  1.52s/it]
 47%|████▋     | 1466/3120 [47:14<42:43,  1.55s/it]
 47%|████▋     | 1467/3120 [47:15<42:11,  1.53s/it]
 47%|████▋     | 1468/3120 [47:17<41:56,  1.52s/it]
 47%|████▋     | 1469/3120 [47:18<42:45,  1.55s/it]
 47%|████▋     | 1470/3120 [47:20<42:17,  1.54s/it]
 47%|████▋     | 1471/3120 [47:21<42:01,  1.53s/it]
 47%|████▋     | 1472/3120 [47:23<42:04,  1.53s/it]
 47%|████▋     | 1473/3120 [47:24<42:42,  1.56s/it]
 47%|████▋     | 1474/3120 [47:26<42:20,  1.54s/it]
 47%|████▋     | 1475/3120 [47:27<41:55,  1.53s/it]
 47%|████▋     | 1476/3120 [47:29<41:40,  1.52s/it]
 47%|████▋     | 1477/3120 [47:31<42:21,  1.55s/it]
 47%|████▋     | 1478/3120 [47:32<41:53,  1.53s/it]
 47%|████▋     | 1479/3120 [47:34<41:36,  1.52s/it]
 47%|████▋     | 1480/3120 [47:35<42:19,  1.55s/it]
 47%|████▋     | 1481/3120 [47:37<41:55,  1.53s/it]
 48%|████▊     | 1482/3120 [47:38<41:39,  1.53s/it]
 48%|████▊     | 1483/3120 [47:40<41:26,  1.52s/it]
 48%|████▊     | 1484/3120 [47:41<42:14,  1.55s/it]
 48%|████▊     | 1485/3120 [47:43<41:46,  1.53s/it]
 48%|████▊     | 1486/3120 [47:44<41:31,  1.52s/it]
 48%|████▊     | 1487/3120 [47:46<41:18,  1.52s/it]
 48%|████▊     | 1488/3120 [47:47<42:00,  1.54s/it]
 48%|████▊     | 1489/3120 [47:49<41:35,  1.53s/it]
 48%|████▊     | 1490/3120 [47:50<41:18,  1.52s/it]
 48%|████▊     | 1491/3120 [47:52<41:58,  1.55s/it]
 48%|████▊     | 1492/3120 [47:54<41:35,  1.53s/it]
 48%|████▊     | 1493/3120 [47:55<41:18,  1.52s/it]
 48%|████▊     | 1494/3120 [47:57<41:04,  1.52s/it]
 48%|████▊     | 1495/3120 [47:58<42:01,  1.55s/it]
 48%|████▊     | 1496/3120 [48:00<41:34,  1.54s/it]
 48%|████▊     | 1497/3120 [48:01<41:15,  1.53s/it]
 48%|████▊     | 1498/3120 [48:03<41:06,  1.52s/it]
 48%|████▊     | 1499/3120 [48:04<41:57,  1.55s/it]
 48%|████▊     | 1500/3120 [48:06<41:30,  1.54s/it]
 48%|████▊     | 1501/3120 [48:07<41:10,  1.53s/it]
 48%|████▊     | 1502/3120 [48:09<41:50,  1.55s/it]
 48%|████▊     | 1503/3120 [48:10<41:21,  1.53s/it]
 48%|████▊     | 1504/3120 [48:12<41:03,  1.52s/it]
 48%|████▊     | 1505/3120 [48:13<41:12,  1.53s/it]
 48%|████▊     | 1506/3120 [48:15<41:46,  1.55s/it]
 48%|████▊     | 1507/3120 [48:17<41:17,  1.54s/it]
 48%|████▊     | 1508/3120 [48:18<41:00,  1.53s/it]
 48%|████▊     | 1509/3120 [48:20<40:47,  1.52s/it]
 48%|████▊     | 1510/3120 [48:21<41:31,  1.55s/it]
 48%|████▊     | 1511/3120 [48:23<41:07,  1.53s/it]
 48%|████▊     | 1512/3120 [48:24<40:48,  1.52s/it]
 48%|████▊     | 1513/3120 [48:26<41:27,  1.55s/it]
 49%|████▊     | 1514/3120 [48:27<41:01,  1.53s/it]
 49%|████▊     | 1515/3120 [48:29<40:44,  1.52s/it]
 49%|████▊     | 1516/3120 [48:30<40:32,  1.52s/it]
 49%|████▊     | 1517/3120 [48:32<41:13,  1.54s/it]
 49%|████▊     | 1518/3120 [48:33<40:50,  1.53s/it]
 49%|████▊     | 1519/3120 [48:35<40:35,  1.52s/it]
 49%|████▊     | 1520/3120 [48:36<40:19,  1.51s/it]
 49%|████▉     | 1521/3120 [48:38<41:04,  1.54s/it]
 49%|████▉     | 1522/3120 [48:39<40:42,  1.53s/it]
 49%|████▉     | 1523/3120 [48:41<40:26,  1.52s/it]
 49%|████▉     | 1524/3120 [48:43<41:12,  1.55s/it]
 49%|████▉     | 1525/3120 [48:44<40:50,  1.54s/it]
 49%|████▉     | 1526/3120 [48:46<40:31,  1.53s/it]
 49%|████▉     | 1527/3120 [48:47<40:18,  1.52s/it]
 49%|████▉     | 1528/3120 [48:49<41:13,  1.55s/it]
 49%|████▉     | 1529/3120 [48:50<40:45,  1.54s/it]
 49%|████▉     | 1530/3120 [48:52<40:24,  1.52s/it]
 49%|████▉     | 1531/3120 [48:53<40:21,  1.52s/it]
 49%|████▉     | 1532/3120 [48:55<41:09,  1.56s/it]
 49%|████▉     | 1533/3120 [48:56<40:38,  1.54s/it]
 49%|████▉     | 1534/3120 [48:58<40:18,  1.52s/it]
 49%|████▉     | 1535/3120 [49:00<41:00,  1.55s/it]
 49%|████▉     | 1536/3120 [49:01<40:32,  1.54s/it]
 49%|████▉     | 1537/3120 [49:03<40:12,  1.52s/it]
 49%|████▉     | 1538/3120 [49:04<40:15,  1.53s/it]
 49%|████▉     | 1539/3120 [49:06<40:52,  1.55s/it]
 49%|████▉     | 1540/3120 [49:07<40:23,  1.53s/it]
 49%|████▉     | 1541/3120 [49:09<40:07,  1.52s/it]
 49%|████▉     | 1542/3120 [49:10<39:49,  1.51s/it]
 49%|████▉     | 1543/3120 [49:12<40:30,  1.54s/it]
 49%|████▉     | 1544/3120 [49:13<40:09,  1.53s/it]
 50%|████▉     | 1545/3120 [49:15<39:55,  1.52s/it]
 50%|████▉     | 1546/3120 [49:16<40:36,  1.55s/it]
 50%|████▉     | 1547/3120 [49:18<40:12,  1.53s/it]
 50%|████▉     | 1548/3120 [49:19<39:56,  1.52s/it]
 50%|████▉     | 1549/3120 [49:21<39:42,  1.52s/it]
 50%|████▉     | 1550/3120 [49:22<40:26,  1.55s/it]
 50%|███�    [cl-val] closed-loop sim-RMS 1.395249e-06 m   per record [1.360e-06 1.474e-06 1.363e-06 1.381e-06]
(0,)
It 1560, sqrt loss 1.317e-05, Val sim-RMS 1.395e-06, Time Loss: 77.3%, data: 0.0%, val: 22.6%,  2.0 sec/batch
��▉     | 1551/3120 [49:24<40:04,  1.53s/it]
 50%|████▉     | 1552/3120 [49:25<39:47,  1.52s/it]
 50%|████▉     | 1553/3120 [49:27<39:33,  1.51s/it]
 50%|████▉     | 1554/3120 [49:29<40:19,  1.54s/it]
 50%|████▉     | 1555/3120 [49:30<39:55,  1.53s/it]
 50%|████▉     | 1556/3120 [49:32<39:39,  1.52s/it]
 50%|████▉     | 1557/3120 [49:33<40:19,  1.55s/it]
 50%|████▉     | 1558/3120 [49:35<39:53,  1.53s/it]
 50%|████▉     | 1559/3120 [49:36<39:39,  1.52s/it]
 50%|█████     | 1560/3120 [51:35<15:51:03, 36.58s/it]
 50%|█████     | 1561/3120 [51:36<11:17:24, 26.07s/it]
 50%|█████     | 1562/3120 [51:38<8:06:47, 18.75s/it] 
 50%|█████     | 1563/3120 [51:39<5:52:13, 13.57s/it]
 50%|█████     | 1564/3120 [51:41<4:18:06,  9.95s/it]
 50%|█████     | 1565/3120 [51:42<3:13:05,  7.45s/it]
 50%|█████     | 1566/3120 [51:44<2:27:00,  5.68s/it]
 50%|█████     | 1567/3120 [51:45<1:54:28,  4.42s/it]
 50%|█████     | 1568/3120 [51:47<1:31:41,  3.54s/it]
 50%|█████     | 1569/3120 [51:49<1:16:38,  2.96s/it]
 50%|█████     | 1570/3120 [51:50<1:05:13,  2.52s/it]
 50%|█████     | 1571/3120 [51:52<57:14,  2.22s/it]  
 50%|█████     | 1572/3120 [51:53<51:37,  2.00s/it]
 50%|█████     | 1573/3120 [51:55<48:37,  1.89s/it]
 50%|█████     | 1574/3120 [51:56<45:35,  1.77s/it]
 50%|█████     | 1575/3120 [51:58<43:25,  1.69s/it]
 51%|█████     | 1576/3120 [51:59<42:48,  1.66s/it]
 51%|█████     | 1577/3120 [52:01<41:27,  1.61s/it]
 51%|█████     | 1578/3120 [52:02<40:33,  1.58s/it]
 51%|█████     | 1579/3120 [52:04<39:52,  1.55s/it]
 51%|█████     | 1580/3120 [52:05<40:22,  1.57s/it]
 51%|█████     | 1581/3120 [52:07<39:45,  1.55s/it]
 51%|█████     | 1582/3120 [52:08<39:19,  1.53s/it]
 51%|█████     | 1583/3120 [52:10<39:01,  1.52s/it]
 51%|█████     | 1584/3120 [52:11<39:41,  1.55s/it]
 51%|█████     | 1585/3120 [52:13<39:18,  1.54s/it]
 51%|█████     | 1586/3120 [52:14<38:59,  1.53s/it]
 51%|█████     | 1587/3120 [52:16<39:49,  1.56s/it]
 51%|█████     | 1588/3120 [52:18<39:23,  1.54s/it]
 51%|█████     | 1589/3120 [52:19<39:02,  1.53s/it]
 51%|█████     | 1590/3120 [52:21<38:46,  1.52s/it]
 51%|█████     | 1591/3120 [52:22<39:28,  1.55s/it]
 51%|█████     | 1592/3120 [52:24<39:13,  1.54s/it]
 51%|█████     | 1593/3120 [52:25<38:56,  1.53s/it]
 51%|█████     | 1594/3120 [52:27<38:42,  1.52s/it]
 51%|█████     | 1595/3120 [52:28<39:25,  1.55s/it]
 51%|█████     | 1596/3120 [52:30<38:58,  1.53s/it]
 51%|█████     | 1597/3120 [52:31<38:38,  1.52s/it]
 51%|█████     | 1598/3120 [52:33<39:24,  1.55s/it]
 51%|█████▏    | 1599/3120 [52:34<39:02,  1.54s/it]
 51%|█████▏    | 1600/3120 [52:36<38:42,  1.53s/it]
 51%|█████▏    | 1601/3120 [52:37<38:34,  1.52s/it]
 51%|█████▏    | 1602/3120 [52:39<39:12,  1.55s/it]
 51%|█████▏    | 1603/3120 [52:41<38:47,  1.53s/it]
 51%|█████▏    | 1604/3120 [52:42<38:32,  1.53s/it]
 51%|█████▏    | 1605/3120 [52:44<38:19,  1.52s/it]
 51%|█████▏    | 1606/3120 [52:45<38:58,  1.54s/it]
 52%|█████▏    | 1607/3120 [52:47<38:34,  1.53s/it]
 52%|█████▏    | 1608/3120 [52:48<38:22,  1.52s/it]
 52%|█████▏    | 1609/3120 [52:50<38:58,  1.55s/it]
 52%|█████▏    | 1610/3120 [52:51<38:33,  1.53s/it]
 52%|█████▏    | 1611/3120 [52:53<38:19,  1.52s/it]
 52%|█████▏    | 1612/3120 [52:54<38:11,  1.52s/it]
 52%|█████▏    | 1613/3120 [52:56<38:51,  1.55s/it]
 52%|█████▏    | 1614/3120 [52:57<38:28,  1.53s/it]
 52%|█████▏    | 1615/3120 [52:59<38:17,  1.53s/it]
 52%|█████▏    | 1616/3120 [53:00<38:01,  1.52s/it]
 52%|█████▏    | 1617/3120 [53:02<38:41,  1.54s/it]
 52%|█████▏    | 1618/3120 [53:04<38:20,  1.53s/it]
 52%|█████▏    | 1619/3120 [53:05<38:05,  1.52s/it]
 52%|█████▏    | 1620/3120 [53:07<38:56,  1.56s/it]
 52%|█████▏    | 1621/3120 [53:08<38:31,  1.54s/it]
 52%|█████▏    | 1622/3120 [53:10<38:12,  1.53s/it]
 52%|█████▏    | 1623/3120 [53:11<37:57,  1.52s/it]
 52%|█████▏    | 1624/3120 [53:13<38:42,  1.55s/it]
 52%|█████▏    | 1625/3120 [53:14<38:27,  1.54s/it]
 52%|█████▏    | 1626/3120 [53:16<38:05,  1.53s/it]
 52%|█████▏    | 1627/3120 [53:17<37:48,  1.52s/it]
 52%|█████▏    | 1628/3120 [53:19<38:34,  1.55s/it]
 52%|█████▏    | 1629/3120 [53:20<38:11,  1.54s/it]
 52%|█████▏    | 1630/3120 [53:22<37:53,  1.53s/it]
 52%|█████▏    | 1631/3120 [53:24<38:46,  1.56s/it]
 52%|█████▏    | 1632/3120 [53:25<38:15,  1.54s/it]
 52%|█████▏    | 1633/3120 [53:27<37:52,  1.53s/it]
 52%|█████▏    | 1634/3120 [53:28<37:38,  1.52s/it]
 52%|█████▏    | 1635/3120 [53:30<38:16,  1.55s/it]
 52%|█████▏    | 1636/3120 [53:31<37:54,  1.53s/it]
 52%|█████▏    | 1637/3120 [53:33<37:39,  1.52s/it]
 52%|█████▎    | 1638/3120 [53:34<37:29,  1.52s/it]
 53%|█████▎    | 1639/3120 [53:36<38:07,  1.54s/it]
 53%|█████▎    | 1640/3120 [53:37<37:46,  1.53s/it]
 53%|█████▎    | 1641/3120 [53:39<37:33,  1.52s/it]
 53%|█████▎    | 1642/3120 [53:40<38:09,  1.55s/it]
 53%|█████▎    | 1643/3120 [53:42<37:45,  1.53s/it]
 53%|█████▎    | 1644/3120 [53:43<37:29,  1.52s/it]
 53%|█████▎    | 1645/3120 [53:45<37:18,  1.52s/it]
 53%|█████▎    | 1646/3120 [53:47<38:00,  1.55s/it]
 53%|█████▎    | 1647/3120 [53:48<37:37,  1.53s/it]
 53%|█████▎    | 1648/3120 [53:50<37:22,  1.52s/it]
 53%|█████▎    | 1649/3120 [53:51<37:09,  1.52s/it]
 53%|█████▎    | 1650/3120 [53:53<37:49,  1.54s/it]
 53%|█████▎    | 1651/3120 [53:54<37:30,  1.53s/it]
 53%|█████▎    | 1652/3120 [53:56<37:13,  1.52s/it]
 53%|█████▎    | 1653/3120 [53:57<38:01,  1.55s/it]
 53%|█████▎    | 1654/3120 [53:59<37:36,  1.54s/it]
 53%|█████▎    | 1655/3120 [54:00<37:19,  1.53s/it]
 53%|█████▎    | 1656/3120 [54:02<37:04,  1.52s/it]
 53%|█████▎    | 1657/3120 [54:03<37:50,  1.55s/it]
 53%|█████▎    | 1658/3120 [54:05<37:25,  1.54s/it]
 53%|█████▎    | 1659/3120 [54:06<37:07,  1.52s/it]
 53%|█████▎    | 1660/3120 [54:08<36:54,  1.52s/it]
 53%|█████▎    | 1661/3120 [54:10<37:37,  1.55s/it]
 53%|█████▎    | 1662/3120 [54:11<37:15,  1.53s/it]
 53%|█████▎    | 1663/3120 [54:13<36:58,  1.52s/it]
 53%|█████▎    | 1664/3120 [54:14<37:50,  1.56s/it]
 53%|█████▎    | 1665/3120 [54:16<37:23,  1.54s/it]
 53%|█████▎    | 1666/3120 [54:17<37:02,  1.53s/it]
 53%|█████▎    | 1667/3120 [54:19<36:49,  1.52s/it]
 53%|█████▎    | 1668/3120 [54:20<37:29,  1.55s/it]
 53%|█████▎    | 1669/3120 [54:22<37:06,  1.53s/it]
 54%|█████▎    | 1670/3120 [54:23<36:51,  1.53s/it]
 54%|█████▎    | 1671/3120 [54:25<36:44,  1.52s/it]
 54%|█████▎    | 1672/3120 [54:26<37:23,  1.55s/it]
 54%|█████▎    | 1673/3120 [54:28<37:03,  1.54s/it]
 54%|█████▎    | 1674/3120 [54:29<36:45,  1.53s/it]
 54%|█████▎    | 1675/3120 [54:31<37:19,  1.55s/it]
 54%|█████▎    | 1676/3120 [54:33<36:55,  1.53s/it]
 54%|█████▍    | 1677/3120 [54:34<36:44,  1.53s/it]
 54%|█████▍    | 1678/3120 [54:36<36:31,  1.52s/it]
 54%|█████▍    | 1679/3120 [54:37<37:09,  1.55s/it]
 54%|█████▍    | 1680/3120 [54:39<36:49,  1.53s/it]
 54%|█████▍    | 1681/3120 [54:40<36:30,  1.52s/it]
 54%|█████▍    | 1682/3120 [54:42<36:22,  1.52s/it]
 54%|█████▍    | 1683/3120 [54:43<37:02,  1.55s/it]
 54%|█████▍    | 1684/3120 [54:45<36:41,  1.53s/it]
 54%|█████▍    | 1685/3120 [54:46<36:25,  1.52s/it]
 54%|█████▍    | 1686/3120 [54:48<37:11,  1.56s/it]
 54%|█████▍    | 1687/3120 [54:49<36:47,  1.54s/it]
 54%|█████▍    | 1688/3120 [54:51<36:28,  1.53s/it]
 54%|█████▍    | 1689/3120 [54:52<36:17,  1.52s/it]
 54%|█████▍    | 1690/3120 [54:54<37:00,  1.55s/it]
 54%|█████▍    | 1691/3120 [54:56<36:36,  1.54s/it]
 54%|█████▍    | 1692/3120 [54:57<36:15,  1.52s/it]
 54%|█████▍    | 1693/3120 [54:59<36:03,  1.52s/it]
 54%|█████▍    | 1694/3120 [55:00<36:54,  1.55s/it]
 54%|█████▍    | 1695/3120 [55:02<36:30,  1.54s/it]
 54%|█████▍    | 1696/3120 [55:03<36:25,  1.53s/it]
 54%|█████▍    | 1697/3120 [55:05<37:03,  1.56s/it]
 54%|█████▍    | 1698/3120 [55:06<36:35,  1.54s/it]
 54%|█████▍    | 1699/3120 [55:08<36:16,  1.53s/it]
 54%|█████▍    | 1700/3120 [55:09<36:03,  1.52s/it]
 55%|█████▍    | 1701/3120 [55:11<36:42,  1.55s/it]
 55%|█████▍    | 1702/3120 [55:12<36:19,  1.54s/it]
 55%|█████▍    | 1703/3120 [55:14<36:03,  1.53s/it]
 55%|█████▍    | 1704/3120 [55:16<35:52,  1.52s/it]
 55%|█████▍    | 1705/3120 [55:17<36:28,  1.55s/it]
 55%|█████▍    | 1706/3120 [55:19<36:09,  1.53s/it]
 55%|█████▍    | 1707/3120 [55:20<35:52,  1.52s/it]
 55%|█████▍    | 1708/3120 [55:22<36:28,  1.55s/it]
 55%|█████▍    | 1709/3120 [55:23<36:06,  1.54s/it]
 55%|█████▍    | 1710/3120 [55:25<35:51,  1.53s/it]
 55%|█████▍    | 1711/3120 [55:26<35:39,  1.52s/it]
 55%|█████▍    | 1712/3120 [55:28<36:19,  1.55s/it]
 55%|█████▍    | 1713/3120 [55:29<35:58,  1.53s/it]
 55%|█████▍    | 1714/3120 [55:31<35:41,  1.52s/it]
 55%|█████▍    | 1715/3120 [55:32<35:29,  1.52s/it]
 55%|█████▌    | 1716/3120 [55:34<36:06,  1.54s/it]
 55%|█████▌    | 1717/3120 [55:35<35:48,  1.53s/it]
 55%|█████▌    | 1718/3120 [55:37<35:32,  1.52s/it]
 55%|█████▌    | 1719/3120 [55:39<36:18,  1.55s/it]
 55%|█████▌    | 1720/3120 [55:40<35:51,  1.54s/it]
 55%|█████▌    | 1721/3120 [55:42<35:35,  1.53s/it]
 55%|█████▌    | 1722/3120 [55:43<35:29,  1.52s/it]
 55%|█████▌    | 1723/3120 [55:45<36:12,  1.56s/it]
 55%|█████▌    | 1724/3120 [55:46<35:45,  1.54s/it]
 55%|█████▌    | 1725/3120 [55:48<35:28,  1.53s/it]
 55%|█████▌    | 1726/3120 [55:49<35:18,  1.52s/it]
 55%|█████▌    | 1727/3120 [55:51<35:55,  1.55s/it]
 55%|█████▌    | 1728/3120 [55:52<35:33,  1.53s/it]
 55%|█████▌    | 1729/3120 [55:54<35:31,  1.53s/it]
 55%|█████▌    | 1730/3120 [55:55<36:02,  1.56s/it]
 55%|█████▌    | 1731/3120 [55:57<35:35,  1.54s/it]
 56%|█████▌    | 1732/3120 [55:58<35:17,  1.53s/it]
 56%|█████▌    | 1733/3120 [56:00<35:07,  1.52s/it]
 56%|█████▌    | 1734/3120 [56:02<35:46,  1.55s/it]
 56%|█████▌    | 1735/3120 [56:03<35:20,  1.53s/it]
 56%|█████▌    | 1736/3120 [56:05<35:06,  1.52s/it]
 56%|█████▌    | 1737/3120 [56:06<34:54,  1.51s/it]
 56%|█████▌    | 1738/3120 [56:08<35:35,  1.55s/it]
 56%|█████▌    | 1739/3120 [56:09<35:14,  1.53s/it]
 56%|█████▌    | 1740/3120 [56:11<34:59,  1.52s/it]
 56%|█████▌    | 1741/3120 [56:12<35:33,  1.55s/it]
 56%|█████▌    | 1742/3120 [56:14<35:13,  1.53s/it]
 56%|█████▌    | 1743/3120 [56:15<35:02,  1.53s/it]
 56%|█████▌    | 1744/3120 [56:17<34:47,  1.52s/it]
 56%|█████▌    | 1745/3120 [56:18<35:23,  1.54s/it]
 56%|█████▌    | 1746/3120 [56:20<35:08,  1.53s/it]
 56%|█████▌    | 1747/3120 [56:21<34:58,  1.53s/it]
 56%|█████▌    | 1748/3120 [56:23<34:44,  1.52s/it]
 56%|█████▌    | 1749/3120 [56:25<35:29,  1.55s/it]
 56%|█████▌    | 1750/3120 [56:26<35:05,  1.54s/it]
 56%|█████▌    | 1751/3120 [56:28<34:47,  1.52s/it]
 56%|█████▌    | 1752/3120 [56:29<35:20,  1.55s/it]
 56%|█████▌    | 1753/3120 [56:31<34:58,  1.54s/it]
 56%|█████▌    | 1754/3120 [56:32<34:43,  1.53s/it]
 56%|█████▋    | 1755/3120 [56:34<34:39,  1.52s/it]
 56%|█████▋    | 1756/3120 [56:35<35:19,  1.55s/it]
 56%|█████▋    | 1757/3120 [56:37<34:56,  1.54s/it]
 56%|█████▋    | 1758/3120 [56:38<34:39,  1.53s/it]
 56%|█████▋    | 1759/3120 [56:40<34:27,  1.52s/it]
 56%|█████▋    | 1760/3120 [56:41<35:01,  1.55s/it]
 56%|█████▋    | 1761/3120 [56:43<34:41,  1.53s/it]
 56%|█████▋    | 1762/3120 [56:44<34:41,  1.53s/it]
 57%|█████▋    | 1763/3120 [56:46<35:14,  1.56s/it]
 57%|█████▋    | 1764/3120 [56:48<34:49,  1.54s/it]
 57%|█████▋    | 1765/3120 [56:49<34:32,  1.53s/it]
 57%|█████▋    | 1766/3120 [56:51<34:24,  1.52s/it]
 57%|█████▋    | 1767/3120 [56:52<34:57,  1.55s/it]
 57%|█████▋    | 1768/3120 [56:54<34:36,  1.54s/it]
 57%|█████▋    | 1769/3120 [56:55<34:20,  1.53s/it]
 57%|█████▋    | 1770/3120 [56:57<34:07,  1.52s/it]
 57%|█████▋    | 1771/3120 [56:58<34:41,  1.54s/it]
 57%|█████▋    | 1772/3120 [57:00<34:22,  1.53s/it]
 57%|█████▋    | 1773/3120 [57:01<34:11,  1.52s/it]
 57%|█████▋    | 1774/3120 [57:03<34:44,  1.55s/it]
 57%|█████▋    | 1775/3120 [57:04<34:23,  1.53s/it]
 57%|█████▋    | 1776/3120 [57:06<34:06,  1.52s/it]
 57%|█████▋    | 1777/3120 [57:07<33:56,  1.52s/it]
 57%|█████▋    | 1778/3120 [57:09<34:31,  1.54s/it]
 57%|█████▋    | 1779/3120 [57:11<34:12,  1.53s/it]
 57%|█████▋    | 1780/3120 [57:12<33:58,  1.52s/it]
 57%|█████▋    | 1781/3120 [57:14<33:48,  1.52s/it]
 57%|█████▋    | 1782/3120 [57:15<34:36,  1.55s/it]
 57%|█████▋    | 1783/3120 [57:17<34:11,  1.53s/it]
 57%|█████▋    | 1784/3120 [57:18<33:57,  1.53s/it]
 57%|█████▋    | 1785/3120 [57:20<34:29,  1.55s/it]
 57%|█████▋    | 1786/3120 [57:21<34:06,  1.53s/it]
 57%|█████▋    | 1787/3120 [57:23<33:52,  1.52s/it]
 57%|█████▋    | 1788/3120 [57:24<33:49,  1.52s/it]
 57%|█████▋    | 1789/3120 [57:26<34:30,  1.56s/it]
 57%|█████▋    | 1790/3120 [57:27<34:06,  1.54s/it]
 57%|█████▋    | 1791/3120 [57:29<33:49,  1.53s/it]
 57%|█████▋    | 1792/3120 [57:30<33:36,  1.52s/it]
 57%|█████▋    | 1793/3120 [57:32<34:12,  1.55s/it]
 57%|█████▊    | 1794/3120 [57:34<34:05,  1.54s/it]
 58%|█████▊    | 1795/3120 [57:35<33:47,  1.53s/it]
 58%|█████▊    | 1796/3120 [57:37<34:22,  1.56s/it]
 58%|█████▊    | 1797/3120 [57:38<33:58,  1.54s/it]
 58%|█████▊    | 1798/3120 [57:40<33:40,  1.53s/it]
 58%|█████▊    | 1799/3120 [57:41<33:32,  1.52s/it]
 58%|█████▊    | 1800/3120 [57:43<34:10,  1.55s/it]
 58%|█████▊    | 1801/3120 [57:44<33:47,  1.54s/it]
 58%|█████▊    | 1802/3120 [57:46<33:33,  1.53s/it]
 58%|█████▊    | 1803/3120 [57:47<33:24,  1.52s/it]
 58%|█████▊    | 1804/3120 [57:49<33:57,  1.55s/it]
 58%|█████▊    | 1805/3120 [57:50<33:37,  1.53s/it]
 58%|█████▊    | 1806/3120 [57:52<33:21,  1.52s/it]
 58%|█████▊    | 1807/3120 [57:54<33:53,  1.55s/it]
 58%|█████    [cl-val] closed-loop sim-RMS 1.394327e-06 m   per record [1.356e-06 1.475e-06 1.362e-06 1.381e-06]
(0,)
It 1820, sqrt loss 1.316e-05, Val sim-RMS 1.394e-06, Time Loss: 77.3%, data: 0.0%, val: 22.6%,  2.0 sec/batch
▊    | 1808/3120 [57:55<33:36,  1.54s/it]
 58%|█████▊    | 1809/3120 [57:57<33:20,  1.53s/it]
 58%|█████▊    | 1810/3120 [57:58<33:16,  1.52s/it]
 58%|█████▊    | 1811/3120 [58:00<33:53,  1.55s/it]
 58%|█████▊    | 1812/3120 [58:01<33:29,  1.54s/it]
 58%|█████▊    | 1813/3120 [58:03<33:11,  1.52s/it]
 58%|█████▊    | 1814/3120 [58:04<33:01,  1.52s/it]
 58%|█████▊    | 1815/3120 [58:06<33:48,  1.55s/it]
 58%|█████▊    | 1816/3120 [58:07<33:24,  1.54s/it]
 58%|█████▊    | 1817/3120 [58:09<33:14,  1.53s/it]
 58%|█████▊    | 1818/3120 [58:10<33:44,  1.55s/it]
 58%|█████▊    | 1819/3120 [58:12<33:22,  1.54s/it]
 58%|█████▊    | 1820/3120 [1:00:10<13:12:21, 36.57s/it]
 58%|█████▊    | 1821/3120 [1:00:12<9:24:17, 26.06s/it] 
 58%|█████▊    | 1822/3120 [1:00:13<6:44:34, 18.70s/it]
 58%|█████▊    | 1823/3120 [1:00:15<4:53:35, 13.58s/it]
 58%|█████▊    | 1824/3120 [1:00:17<3:35:08,  9.96s/it]
 58%|█████▊    | 1825/3120 [1:00:18<2:40:11,  7.42s/it]
 59%|█████▊    | 1826/3120 [1:00:20<2:02:28,  5.68s/it]
 59%|█████▊    | 1827/3120 [1:00:21<1:35:21,  4.42s/it]
 59%|█████▊    | 1828/3120 [1:00:23<1:16:23,  3.55s/it]
 59%|█████▊    | 1829/3120 [1:00:24<1:03:06,  2.93s/it]
 59%|█████▊    | 1830/3120 [1:00:26<54:34,  2.54s/it]  
 59%|█████▊    | 1831/3120 [1:00:27<47:47,  2.22s/it]
 59%|█████▊    | 1832/3120 [1:00:29<43:05,  2.01s/it]
 59%|█████▉    | 1833/3120 [1:00:30<39:46,  1.85s/it]
 59%|█████▉    | 1834/3120 [1:00:32<38:10,  1.78s/it]
 59%|█████▉    | 1835/3120 [1:00:33<36:18,  1.70s/it]
 59%|█████▉    | 1836/3120 [1:00:35<35:06,  1.64s/it]
 59%|█████▉    | 1837/3120 [1:00:36<34:54,  1.63s/it]
 59%|█████▉    | 1838/3120 [1:00:38<34:02,  1.59s/it]
 59%|█████▉    | 1839/3120 [1:00:39<33:24,  1.56s/it]
 59%|█████▉    | 1840/3120 [1:00:41<32:58,  1.55s/it]
 59%|█████▉    | 1841/3120 [1:00:43<33:24,  1.57s/it]
 59%|█████▉    | 1842/3120 [1:00:44<32:56,  1.55s/it]
 59%|█████▉    | 1843/3120 [1:00:46<32:34,  1.53s/it]
 59%|█████▉    | 1844/3120 [1:00:47<32:21,  1.52s/it]
 59%|█████▉    | 1845/3120 [1:00:49<33:03,  1.56s/it]
 59%|█████▉    | 1846/3120 [1:00:50<32:38,  1.54s/it]
 59%|█████▉    | 1847/3120 [1:00:52<32:27,  1.53s/it]
 59%|█████▉    | 1848/3120 [1:00:53<33:00,  1.56s/it]
 59%|█████▉    | 1849/3120 [1:00:55<32:38,  1.54s/it]
 59%|█████▉    | 1850/3120 [1:00:56<32:17,  1.53s/it]
 59%|█████▉    | 1851/3120 [1:00:58<32:07,  1.52s/it]
 59%|█████▉    | 1852/3120 [1:00:59<32:45,  1.55s/it]
 59%|█████▉    | 1853/3120 [1:01:01<32:23,  1.53s/it]
 59%|█████▉    | 1854/3120 [1:01:02<32:10,  1.52s/it]
 59%|█████▉    | 1855/3120 [1:01:04<32:15,  1.53s/it]
 59%|█████▉    | 1856/3120 [1:01:06<32:46,  1.56s/it]
 60%|█████▉    | 1857/3120 [1:01:07<32:22,  1.54s/it]
 60%|█████▉    | 1858/3120 [1:01:09<32:12,  1.53s/it]
 60%|█████▉    | 1859/3120 [1:01:10<32:41,  1.56s/it]
 60%|█████▉    | 1860/3120 [1:01:12<32:17,  1.54s/it]
 60%|█████▉    | 1861/3120 [1:01:13<32:00,  1.53s/it]
 60%|█████▉    | 1862/3120 [1:01:15<31:48,  1.52s/it]
 60%|█████▉    | 1863/3120 [1:01:16<32:23,  1.55s/it]
 60%|█████▉    | 1864/3120 [1:01:18<32:04,  1.53s/it]
 60%|█████▉    | 1865/3120 [1:01:19<31:48,  1.52s/it]
 60%|█████▉    | 1866/3120 [1:01:21<31:38,  1.51s/it]
 60%|█████▉    | 1867/3120 [1:01:22<32:13,  1.54s/it]
 60%|█████▉    | 1868/3120 [1:01:24<31:54,  1.53s/it]
 60%|█████▉    | 1869/3120 [1:01:25<31:42,  1.52s/it]
 60%|█████▉    | 1870/3120 [1:01:27<32:18,  1.55s/it]
 60%|█████▉    | 1871/3120 [1:01:29<31:57,  1.54s/it]
 60%|██████    | 1872/3120 [1:01:30<31:42,  1.52s/it]
 60%|██████    | 1873/3120 [1:01:32<31:32,  1.52s/it]
 60%|██████    | 1874/3120 [1:01:33<32:03,  1.54s/it]
 60%|██████    | 1875/3120 [1:01:35<31:46,  1.53s/it]
 60%|██████    | 1876/3120 [1:01:36<31:35,  1.52s/it]
 60%|██████    | 1877/3120 [1:01:38<31:23,  1.52s/it]
 60%|██████    | 1878/3120 [1:01:39<32:08,  1.55s/it]
 60%|██████    | 1879/3120 [1:01:41<31:48,  1.54s/it]
 60%|██████    | 1880/3120 [1:01:42<31:33,  1.53s/it]
 60%|██████    | 1881/3120 [1:01:44<32:11,  1.56s/it]
 60%|██████    | 1882/3120 [1:01:45<31:48,  1.54s/it]
 60%|██████    | 1883/3120 [1:01:47<31:31,  1.53s/it]
 60%|██████    | 1884/3120 [1:01:48<31:20,  1.52s/it]
 60%|██████    | 1885/3120 [1:01:50<31:56,  1.55s/it]
 60%|██████    | 1886/3120 [1:01:52<31:36,  1.54s/it]
 60%|██████    | 1887/3120 [1:01:53<31:21,  1.53s/it]
 61%|██████    | 1888/3120 [1:01:55<31:23,  1.53s/it]
 61%|██████    | 1889/3120 [1:01:56<31:50,  1.55s/it]
 61%|██████    | 1890/3120 [1:01:58<31:29,  1.54s/it]
 61%|██████    | 1891/3120 [1:01:59<31:13,  1.52s/it]
 61%|██████    | 1892/3120 [1:02:01<31:44,  1.55s/it]
 61%|██████    | 1893/3120 [1:02:02<31:25,  1.54s/it]
 61%|██████    | 1894/3120 [1:02:04<31:11,  1.53s/it]
 61%|██████    | 1895/3120 [1:02:05<30:54,  1.51s/it]
 61%|██████    | 1896/3120 [1:02:07<31:29,  1.54s/it]
 61%|██████    | 1897/3120 [1:02:08<31:09,  1.53s/it]
 61%|██████    | 1898/3120 [1:02:10<30:59,  1.52s/it]
 61%|██████    | 1899/3120 [1:02:11<30:51,  1.52s/it]
 61%|██████    | 1900/3120 [1:02:13<31:28,  1.55s/it]
 61%|██████    | 1901/3120 [1:02:15<31:11,  1.53s/it]
 61%|██████    | 1902/3120 [1:02:16<30:57,  1.52s/it]
 61%|██████    | 1903/3120 [1:02:18<31:30,  1.55s/it]
 61%|██████    | 1904/3120 [1:02:19<31:08,  1.54s/it]
 61%|██████    | 1905/3120 [1:02:21<30:52,  1.52s/it]
 61%|██████    | 1906/3120 [1:02:22<30:41,  1.52s/it]
 61%|██████    | 1907/3120 [1:02:24<31:16,  1.55s/it]
 61%|██████    | 1908/3120 [1:02:25<30:54,  1.53s/it]
 61%|██████    | 1909/3120 [1:02:27<30:41,  1.52s/it]
 61%|██████    | 1910/3120 [1:02:28<30:31,  1.51s/it]
 61%|██████▏   | 1911/3120 [1:02:30<31:12,  1.55s/it]
 61%|██████▏   | 1912/3120 [1:02:31<30:51,  1.53s/it]
 61%|██████▏   | 1913/3120 [1:02:33<30:38,  1.52s/it]
 61%|██████▏   | 1914/3120 [1:02:35<31:21,  1.56s/it]
 61%|██████▏   | 1915/3120 [1:02:36<30:59,  1.54s/it]
 61%|██████▏   | 1916/3120 [1:02:38<30:42,  1.53s/it]
 61%|██████▏   | 1917/3120 [1:02:39<30:27,  1.52s/it]
 61%|██████▏   | 1918/3120 [1:02:41<31:01,  1.55s/it]
 62%|██████▏   | 1919/3120 [1:02:42<30:41,  1.53s/it]
 62%|██████▏   | 1920/3120 [1:02:44<30:39,  1.53s/it]
 62%|██████▏   | 1921/3120 [1:02:45<30:29,  1.53s/it]
 62%|██████▏   | 1922/3120 [1:02:47<30:59,  1.55s/it]
 62%|██████▏   | 1923/3120 [1:02:48<30:37,  1.54s/it]
 62%|██████▏   | 1924/3120 [1:02:50<30:20,  1.52s/it]
 62%|██████▏   | 1925/3120 [1:02:51<30:49,  1.55s/it]
 62%|██████▏   | 1926/3120 [1:02:53<30:28,  1.53s/it]
 62%|██████▏   | 1927/3120 [1:02:54<30:11,  1.52s/it]
 62%|██████▏   | 1928/3120 [1:02:56<30:05,  1.51s/it]
 62%|██████▏   | 1929/3120 [1:02:58<30:40,  1.55s/it]
 62%|██████▏   | 1930/3120 [1:02:59<30:23,  1.53s/it]
 62%|██████▏   | 1931/3120 [1:03:01<30:11,  1.52s/it]
 62%|██████▏   | 1932/3120 [1:03:02<30:05,  1.52s/it]
 62%|██████▏   | 1933/3120 [1:03:04<30:36,  1.55s/it]
 62%|██████▏   | 1934/3120 [1:03:05<30:22,  1.54s/it]
 62%|██████▏   | 1935/3120 [1:03:07<30:06,  1.52s/it]
 62%|██████▏   | 1936/3120 [1:03:08<30:38,  1.55s/it]
 62%|██████▏   | 1937/3120 [1:03:10<30:18,  1.54s/it]
 62%|██████▏   | 1938/3120 [1:03:11<30:03,  1.53s/it]
 62%|██████▏   | 1939/3120 [1:03:13<29:51,  1.52s/it]
 62%|██████▏   | 1940/3120 [1:03:14<30:22,  1.54s/it]
 62%|██████▏   | 1941/3120 [1:03:16<30:02,  1.53s/it]
 62%|██████▏   | 1942/3120 [1:03:17<29:53,  1.52s/it]
 62%|██████▏   | 1943/3120 [1:03:19<29:48,  1.52s/it]
 62%|██████▏   | 1944/3120 [1:03:21<30:27,  1.55s/it]
 62%|██████▏   | 1945/3120 [1:03:22<30:06,  1.54s/it]
 62%|██████▏   | 1946/3120 [1:03:24<29:54,  1.53s/it]
 62%|██████▏   | 1947/3120 [1:03:25<30:26,  1.56s/it]
 62%|██████▏   | 1948/3120 [1:03:27<30:02,  1.54s/it]
 62%|██████▏   | 1949/3120 [1:03:28<29:50,  1.53s/it]
 62%|██████▎   | 1950/3120 [1:03:30<29:43,  1.52s/it]
 63%|██████▎   | 1951/3120 [1:03:31<30:12,  1.55s/it]
 63%|██████▎   | 1952/3120 [1:03:33<29:55,  1.54s/it]
 63%|██████▎   | 1953/3120 [1:03:34<29:56,  1.54s/it]
 63%|██████▎   | 1954/3120 [1:03:36<29:42,  1.53s/it]
 63%|██████▎   | 1955/3120 [1:03:37<30:11,  1.56s/it]
 63%|██████▎   | 1956/3120 [1:03:39<29:53,  1.54s/it]
 63%|██████▎   | 1957/3120 [1:03:40<29:34,  1.53s/it]
 63%|██████▎   | 1958/3120 [1:03:42<30:02,  1.55s/it]
 63%|██████▎   | 1959/3120 [1:03:44<29:45,  1.54s/it]
 63%|██████▎   | 1960/3120 [1:03:45<29:31,  1.53s/it]
 63%|██████▎   | 1961/3120 [1:03:47<29:21,  1.52s/it]
 63%|██████▎   | 1962/3120 [1:03:48<29:51,  1.55s/it]
 63%|██████▎   | 1963/3120 [1:03:50<29:33,  1.53s/it]
 63%|██████▎   | 1964/3120 [1:03:51<29:20,  1.52s/it]
 63%|██████▎   | 1965/3120 [1:03:53<29:18,  1.52s/it]
 63%|██████▎   | 1966/3120 [1:03:54<29:49,  1.55s/it]
 63%|██████▎   | 1967/3120 [1:03:56<29:27,  1.53s/it]
 63%|██████▎   | 1968/3120 [1:03:57<29:13,  1.52s/it]
 63%|██████▎   | 1969/3120 [1:03:59<29:42,  1.55s/it]
 63%|██████▎   | 1970/3120 [1:04:00<29:28,  1.54s/it]
 63%|██████▎   | 1971/3120 [1:04:02<29:14,  1.53s/it]
 63%|██████▎   | 1972/3120 [1:04:03<29:07,  1.52s/it]
 63%|██████▎   | 1973/3120 [1:04:05<29:47,  1.56s/it]
 63%|██████▎   | 1974/3120 [1:04:07<29:28,  1.54s/it]
 63%|██████▎   | 1975/3120 [1:04:08<29:09,  1.53s/it]
 63%|██████▎   | 1976/3120 [1:04:10<28:59,  1.52s/it]
 63%|██████▎   | 1977/3120 [1:04:11<29:30,  1.55s/it]
 63%|██████▎   | 1978/3120 [1:04:13<29:10,  1.53s/it]
 63%|██████▎   | 1979/3120 [1:04:14<29:07,  1.53s/it]
 63%|██████▎   | 1980/3120 [1:04:16<29:38,  1.56s/it]
 63%|██████▎   | 1981/3120 [1:04:17<29:16,  1.54s/it]
 64%|██████▎   | 1982/3120 [1:04:19<28:59,  1.53s/it]
 64%|██████▎   | 1983/3120 [1:04:20<28:45,  1.52s/it]
 64%|██████▎   | 1984/3120 [1:04:22<29:17,  1.55s/it]
 64%|██████▎   | 1985/3120 [1:04:23<28:59,  1.53s/it]
 64%|██████▎   | 1986/3120 [1:04:25<29:02,  1.54s/it]
 64%|██████▎   | 1987/3120 [1:04:27<28:49,  1.53s/it]
 64%|██████▎   | 1988/3120 [1:04:28<29:15,  1.55s/it]
 64%|██████▍   | 1989/3120 [1:04:30<28:59,  1.54s/it]
 64%|██████▍   | 1990/3120 [1:04:31<28:43,  1.52s/it]
 64%|██████▍   | 1991/3120 [1:04:33<29:07,  1.55s/it]
 64%|██████▍   | 1992/3120 [1:04:34<28:54,  1.54s/it]
 64%|██████▍   | 1993/3120 [1:04:36<28:41,  1.53s/it]
 64%|██████▍   | 1994/3120 [1:04:37<28:33,  1.52s/it]
 64%|██████▍   | 1995/3120 [1:04:39<29:06,  1.55s/it]
 64%|██████▍   | 1996/3120 [1:04:40<28:48,  1.54s/it]
 64%|██████▍   | 1997/3120 [1:04:42<28:34,  1.53s/it]
 64%|██████▍   | 1998/3120 [1:04:43<28:21,  1.52s/it]
 64%|██████▍   | 1999/3120 [1:04:45<28:52,  1.55s/it]
 64%|██████▍   | 2000/3120 [1:04:46<28:34,  1.53s/it]
 64%|██████▍   | 2001/3120 [1:04:48<28:22,  1.52s/it]
 64%|██████▍   | 2002/3120 [1:04:50<28:52,  1.55s/it]
 64%|██████▍   | 2003/3120 [1:04:51<28:39,  1.54s/it]
 64%|██████▍   | 2004/3120 [1:04:53<28:25,  1.53s/it]
 64%|██████▍   | 2005/3120 [1:04:54<28:15,  1.52s/it]
 64%|██████▍   | 2006/3120 [1:04:56<28:54,  1.56s/it]
 64%|██████▍   | 2007/3120 [1:04:57<28:34,  1.54s/it]
 64%|██████▍   | 2008/3120 [1:04:59<28:24,  1.53s/it]
 64%|██████▍   | 2009/3120 [1:05:00<28:12,  1.52s/it]
 64%|██████▍   | 2010/3120 [1:05:02<28:41,  1.55s/it]
 64%|██████▍   | 2011/3120 [1:05:03<28:23,  1.54s/it]
 64%|██████▍   | 2012/3120 [1:05:05<28:17,  1.53s/it]
 65%|██████▍   | 2013/3120 [1:05:07<28:45,  1.56s/it]
 65%|██████▍   | 2014/3120 [1:05:08<28:21,  1.54s/it]
 65%|██████▍   | 2015/3120 [1:05:10<28:05,  1.53s/it]
 65%|██████▍   | 2016/3120 [1:05:11<27:56,  1.52s/it]
 65%|██████▍   | 2017/3120 [1:05:13<28:24,  1.55s/it]
 65%|██████▍   | 2018/3120 [1:05:14<28:21,  1.54s/it]
 65%|██████▍   | 2019/3120 [1:05:16<28:04,  1.53s/it]
 65%|██████▍   | 2020/3120 [1:05:17<27:52,  1.52s/it]
 65%|██████▍   | 2021/3120 [1:05:19<28:21,  1.55s/it]
 65%|██████▍   | 2022/3120 [1:05:20<28:03,  1.53s/it]
 65%|██████▍   | 2023/3120 [1:05:22<27:50,  1.52s/it]
 65%|██████▍   | 2024/3120 [1:05:23<28:18,  1.55s/it]
 65%|██████▍   | 2025/3120 [1:05:25<27:59,  1.53s/it]
 65%|██████▍   | 2026/3120 [1:05:26<27:48,  1.52s/it]
 65%|██████▍   | 2027/3120 [1:05:28<27:38,  1.52s/it]
 65%|██████▌   | 2028/3120 [1:05:30<28:07,  1.55s/it]
 65%|██████▌   | 2029/3120 [1:05:31<27:49,  1.53s/it]
 65%|██████▌   | 2030/3120 [1:05:32<27:37,  1.52s/it]
 65%|██████▌   | 2031/3120 [1:05:34<27:27,  1.51s/it]
 65%|██████▌   | 2032/3120 [1:05:36<28:00,  1.54s/it]
 65%|██████▌   | 2033/3120 [1:05:37<27:44,  1.53s/it]
 65%|██████▌   | 2034/3120 [1:05:39<27:32,  1.52s/it]
 65%|██████▌   | 2035/3120 [1:05:40<28:00,  1.55s/it]
 65%|██████▌   | 2036/3120 [1:05:42<27:44,  1.54s/it]
 65%|██████▌   | 2037/3120 [1:05:43<27:32,  1.53s/it]
 65%|██████▌   | 2038/3120 [1:05:45<27:23,  1.52s/it]
 65%|██████▌   | 2039/3120 [1:05:46<27:58,  1.55s/it]
 65%|██████▌   | 2040/3120 [1:05:48<27:40,  1.54s/it]
 65%|██████▌   | 2041/3120 [1:05:49<27:26,  1.53s/it]
 65%|██████▌   | 2042/3120 [1:05:51<27:18,  1.52s/it]
 65%|██████▌   | 2043/3120 [1:05:52<27:46,  1.55s/it]
 66%|██████▌   | 2044/3120 [1:05:54<27:34,  1.54s/it]
 66%|██████▌   | 2045/3120 [1:05:55<27:20,  1.53s/it]
 66%|██████▌   | 2046/3120 [1:05:57<27:49,  1.55s/it]
 66%|██████▌   | 2047/3120 [1:05:59<27:32,  1.54s/it]
 66%|██████▌   | 2048/3120 [1:06:00<27:19,  1.53s/it]
 66%|██████▌   | 2049/3120 [1:06:02<27:10,  1.52s/it]
 66%|██████▌   | 2050/3120 [1:06:03<27:35,  1.55s/it]
 66%|██████▌   | 2051/3120 [1:06:05<27:30,  1.54s/it]
 66%|██████▌   | 2052/3120 [1:06:06<27:13,  1.53s/it]
 66%|██████▌   | 2053/3120 [1:06:08<27:01,  1.52s/it]
 66%|██████▌   | 2054/3120 [1:06:09<27:30,  1.55s/it]
 66%|██████▌   | 2055/3120 [1:06:11<27:12,  1.53s/it]
 66%|██████▌   | 2056/3120 [1:06:12<27:00,  1.52s/it]
 66%|██████▌   | 2057/3120 [1:06:14<27:28,  1.55s/it]
 66%|██████▌   | 2058/3120 [1:06:15<27:08,  1.53s/it]
 66%|██████▌   | 2059/3120 [1:06:17<26:53,  1.52s/it]
 66%|██████▌   | 2060/3120 [1:06:18<26:46,  1.52s/it]
 66%|██████▌   | 2061/3120 [1:06:20<27:16,  1.55s/it]
 66%|██████▌   | 2062/3120 [1:06:22<26:59,  1.53s/it]
 66%|██████▌   | 2063/3120 [1:06:23<26:48,  1.52s/it]
 66%|██████▌   | 2064/3120 [1:06:25<26:37,  1.51s/it]
 66%|██████▌   | 2065/3120 [1:06:26<27:07,  1.54s/it]
 66%|██████▌   | 2066/3120 [1:06:28<26:50,  1.53s/it]
 66%|█████�    [cl-val] closed-loop sim-RMS 1.394994e-06 m   per record [1.357e-06 1.479e-06 1.360e-06 1.380e-06]
(0,)
It 2080, sqrt loss 1.314e-05, Val sim-RMS 1.395e-06, Time Loss: 77.3%, data: 0.0%, val: 22.7%,  2.0 sec/batch
�▋   | 2067/3120 [1:06:29<26:41,  1.52s/it]
 66%|██████▋   | 2068/3120 [1:06:31<27:08,  1.55s/it]
 66%|██████▋   | 2069/3120 [1:06:32<26:48,  1.53s/it]
 66%|██████▋   | 2070/3120 [1:06:34<26:38,  1.52s/it]
 66%|██████▋   | 2071/3120 [1:06:35<26:29,  1.52s/it]
 66%|██████▋   | 2072/3120 [1:06:37<27:05,  1.55s/it]
 66%|██████▋   | 2073/3120 [1:06:38<26:46,  1.53s/it]
 66%|██████▋   | 2074/3120 [1:06:40<26:33,  1.52s/it]
 67%|██████▋   | 2075/3120 [1:06:41<26:25,  1.52s/it]
 67%|██████▋   | 2076/3120 [1:06:43<26:54,  1.55s/it]
 67%|██████▋   | 2077/3120 [1:06:45<26:43,  1.54s/it]
 67%|██████▋   | 2078/3120 [1:06:46<26:28,  1.52s/it]
 67%|██████▋   | 2079/3120 [1:06:48<26:58,  1.56s/it]
 67%|██████▋   | 2080/3120 [1:08:46<10:35:00, 36.64s/it]
 67%|██████▋   | 2081/3120 [1:08:48<7:32:08, 26.11s/it] 
 67%|██████▋   | 2082/3120 [1:08:49<5:23:58, 18.73s/it]
 67%|██████▋   | 2083/3120 [1:08:51<3:54:21, 13.56s/it]
 67%|██████▋   | 2084/3120 [1:08:52<2:52:20,  9.98s/it]
 67%|██████▋   | 2085/3120 [1:08:54<2:08:15,  7.44s/it]
 67%|██████▋   | 2086/3120 [1:08:55<1:37:25,  5.65s/it]
 67%|██████▋   | 2087/3120 [1:08:57<1:15:53,  4.41s/it]
 67%|██████▋   | 2088/3120 [1:08:58<1:01:23,  3.57s/it]
 67%|██████▋   | 2089/3120 [1:09:00<50:39,  2.95s/it]  
 67%|██████▋   | 2090/3120 [1:09:01<43:09,  2.51s/it]
 67%|██████▋   | 2091/3120 [1:09:03<37:52,  2.21s/it]
 67%|██████▋   | 2092/3120 [1:09:05<34:51,  2.03s/it]
 67%|██████▋   | 2093/3120 [1:09:06<32:05,  1.87s/it]
 67%|██████▋   | 2094/3120 [1:09:08<30:06,  1.76s/it]
 67%|██████▋   | 2095/3120 [1:09:09<29:23,  1.72s/it]
 67%|██████▋   | 2096/3120 [1:09:11<28:13,  1.65s/it]
 67%|██████▋   | 2097/3120 [1:09:12<27:25,  1.61s/it]
 67%|██████▋   | 2098/3120 [1:09:14<26:52,  1.58s/it]
 67%|██████▋   | 2099/3120 [1:09:15<27:12,  1.60s/it]
 67%|██████▋   | 2100/3120 [1:09:17<26:43,  1.57s/it]
 67%|██████▋   | 2101/3120 [1:09:18<26:23,  1.55s/it]
 67%|██████▋   | 2102/3120 [1:09:20<26:42,  1.57s/it]
 67%|██████▋   | 2103/3120 [1:09:22<26:22,  1.56s/it]
 67%|██████▋   | 2104/3120 [1:09:23<26:02,  1.54s/it]
 67%|██████▋   | 2105/3120 [1:09:25<25:46,  1.52s/it]
 68%|██████▊   | 2106/3120 [1:09:26<26:10,  1.55s/it]
 68%|██████▊   | 2107/3120 [1:09:28<25:53,  1.53s/it]
 68%|██████▊   | 2108/3120 [1:09:29<25:40,  1.52s/it]
 68%|██████▊   | 2109/3120 [1:09:31<26:06,  1.55s/it]
 68%|██████▊   | 2110/3120 [1:09:32<25:49,  1.53s/it]
 68%|██████▊   | 2111/3120 [1:09:34<25:41,  1.53s/it]
 68%|██████▊   | 2112/3120 [1:09:35<25:30,  1.52s/it]
 68%|██████▊   | 2113/3120 [1:09:37<25:57,  1.55s/it]
 68%|██████▊   | 2114/3120 [1:09:38<25:40,  1.53s/it]
 68%|██████▊   | 2115/3120 [1:09:40<25:27,  1.52s/it]
 68%|██████▊   | 2116/3120 [1:09:41<25:20,  1.51s/it]
 68%|██████▊   | 2117/3120 [1:09:43<25:47,  1.54s/it]
 68%|██████▊   | 2118/3120 [1:09:44<25:38,  1.54s/it]
 68%|██████▊   | 2119/3120 [1:09:46<25:25,  1.52s/it]
 68%|██████▊   | 2120/3120 [1:09:48<25:56,  1.56s/it]
 68%|██████▊   | 2121/3120 [1:09:49<25:35,  1.54s/it]
 68%|██████▊   | 2122/3120 [1:09:51<25:23,  1.53s/it]
 68%|██████▊   | 2123/3120 [1:09:52<25:14,  1.52s/it]
 68%|██████▊   | 2124/3120 [1:09:54<25:41,  1.55s/it]
 68%|██████▊   | 2125/3120 [1:09:55<25:29,  1.54s/it]
 68%|██████▊   | 2126/3120 [1:09:57<25:15,  1.53s/it]
 68%|██████▊   | 2127/3120 [1:09:58<25:06,  1.52s/it]
 68%|██████▊   | 2128/3120 [1:10:00<25:37,  1.55s/it]
 68%|██████▊   | 2129/3120 [1:10:01<25:21,  1.54s/it]
 68%|██████▊   | 2130/3120 [1:10:03<25:09,  1.52s/it]
 68%|██████▊   | 2131/3120 [1:10:04<25:43,  1.56s/it]
 68%|██████▊   | 2132/3120 [1:10:06<25:24,  1.54s/it]
 68%|██████▊   | 2133/3120 [1:10:07<25:10,  1.53s/it]
 68%|██████▊   | 2134/3120 [1:10:09<25:01,  1.52s/it]
 68%|██████▊   | 2135/3120 [1:10:11<25:25,  1.55s/it]
 68%|██████▊   | 2136/3120 [1:10:12<25:09,  1.53s/it]
 68%|██████▊   | 2137/3120 [1:10:14<24:58,  1.52s/it]
 69%|██████▊   | 2138/3120 [1:10:15<24:50,  1.52s/it]
 69%|██████▊   | 2139/3120 [1:10:17<25:16,  1.55s/it]
 69%|██████▊   | 2140/3120 [1:10:18<25:03,  1.53s/it]
 69%|██████▊   | 2141/3120 [1:10:20<24:52,  1.52s/it]
 69%|██████▊   | 2142/3120 [1:10:21<25:16,  1.55s/it]
 69%|██████▊   | 2143/3120 [1:10:23<25:01,  1.54s/it]
 69%|██████▊   | 2144/3120 [1:10:24<24:48,  1.53s/it]
 69%|██████▉   | 2145/3120 [1:10:26<24:38,  1.52s/it]
 69%|██████▉   | 2146/3120 [1:10:27<25:03,  1.54s/it]
 69%|██████▉   | 2147/3120 [1:10:29<24:52,  1.53s/it]
 69%|██████▉   | 2148/3120 [1:10:30<24:41,  1.52s/it]
 69%|██████▉   | 2149/3120 [1:10:32<24:36,  1.52s/it]
 69%|██████▉   | 2150/3120 [1:10:34<25:04,  1.55s/it]
 69%|██████▉   | 2151/3120 [1:10:35<24:54,  1.54s/it]
 69%|██████▉   | 2152/3120 [1:10:37<24:39,  1.53s/it]
 69%|██████▉   | 2153/3120 [1:10:38<25:09,  1.56s/it]
 69%|██████▉   | 2154/3120 [1:10:40<24:49,  1.54s/it]
 69%|██████▉   | 2155/3120 [1:10:41<24:35,  1.53s/it]
 69%|██████▉   | 2156/3120 [1:10:43<24:24,  1.52s/it]
 69%|██████▉   | 2157/3120 [1:10:44<24:56,  1.55s/it]
 69%|██████▉   | 2158/3120 [1:10:46<24:38,  1.54s/it]
 69%|██████▉   | 2159/3120 [1:10:47<24:27,  1.53s/it]
 69%|██████▉   | 2160/3120 [1:10:49<24:17,  1.52s/it]
 69%|██████▉   | 2161/3120 [1:10:50<24:45,  1.55s/it]
 69%|██████▉   | 2162/3120 [1:10:52<24:26,  1.53s/it]
 69%|██████▉   | 2163/3120 [1:10:53<24:15,  1.52s/it]
 69%|██████▉   | 2164/3120 [1:10:55<24:50,  1.56s/it]
 69%|██████▉   | 2165/3120 [1:10:57<24:32,  1.54s/it]
 69%|██████▉   | 2166/3120 [1:10:58<24:21,  1.53s/it]
 69%|██████▉   | 2167/3120 [1:11:00<24:10,  1.52s/it]
 69%|██████▉   | 2168/3120 [1:11:01<24:36,  1.55s/it]
 70%|██████▉   | 2169/3120 [1:11:03<24:23,  1.54s/it]
 70%|██████▉   | 2170/3120 [1:11:04<24:10,  1.53s/it]
 70%|██████▉   | 2171/3120 [1:11:06<24:00,  1.52s/it]
 70%|██████▉   | 2172/3120 [1:11:07<24:23,  1.54s/it]
 70%|██████▉   | 2173/3120 [1:11:09<24:09,  1.53s/it]
 70%|██████▉   | 2174/3120 [1:11:10<24:00,  1.52s/it]
 70%|██████▉   | 2175/3120 [1:11:12<24:25,  1.55s/it]
 70%|██████▉   | 2176/3120 [1:11:13<24:08,  1.53s/it]
 70%|██████▉   | 2177/3120 [1:11:15<23:55,  1.52s/it]
 70%|██████▉   | 2178/3120 [1:11:16<23:51,  1.52s/it]
 70%|██████▉   | 2179/3120 [1:11:18<24:18,  1.55s/it]
 70%|██████▉   | 2180/3120 [1:11:20<24:05,  1.54s/it]
 70%|██████▉   | 2181/3120 [1:11:21<23:53,  1.53s/it]
 70%|██████▉   | 2182/3120 [1:11:23<23:44,  1.52s/it]
 70%|██████▉   | 2183/3120 [1:11:24<24:11,  1.55s/it]
 70%|███████   | 2184/3120 [1:11:26<23:55,  1.53s/it]
 70%|███████   | 2185/3120 [1:11:27<23:45,  1.52s/it]
 70%|███████   | 2186/3120 [1:11:29<24:15,  1.56s/it]
 70%|███████   | 2187/3120 [1:11:30<24:01,  1.54s/it]
 70%|███████   | 2188/3120 [1:11:32<23:51,  1.54s/it]
 70%|███████   | 2189/3120 [1:11:33<23:40,  1.53s/it]
 70%|███████   | 2190/3120 [1:11:35<24:11,  1.56s/it]
 70%|███████   | 2191/3120 [1:11:37<23:53,  1.54s/it]
 70%|███████   | 2192/3120 [1:11:38<23:39,  1.53s/it]
 70%|███████   | 2193/3120 [1:11:40<23:29,  1.52s/it]
 70%|███████   | 2194/3120 [1:11:41<23:53,  1.55s/it]
 70%|███████   | 2195/3120 [1:11:43<23:40,  1.54s/it]
 70%|███████   | 2196/3120 [1:11:44<23:37,  1.53s/it]
 70%|███████   | 2197/3120 [1:11:46<23:58,  1.56s/it]
 70%|███████   | 2198/3120 [1:11:47<23:39,  1.54s/it]
 70%|███████   | 2199/3120 [1:11:49<23:26,  1.53s/it]
 71%|███████   | 2200/3120 [1:11:50<23:16,  1.52s/it]
 71%|███████   | 2201/3120 [1:11:52<23:40,  1.55s/it]
 71%|███████   | 2202/3120 [1:11:53<23:26,  1.53s/it]
 71%|███████   | 2203/3120 [1:11:55<23:16,  1.52s/it]
 71%|███████   | 2204/3120 [1:11:56<23:09,  1.52s/it]
 71%|███████   | 2205/3120 [1:11:58<23:34,  1.55s/it]
 71%|███████   | 2206/3120 [1:12:00<23:21,  1.53s/it]
 71%|███████   | 2207/3120 [1:12:01<23:11,  1.52s/it]
 71%|███████   | 2208/3120 [1:12:03<23:32,  1.55s/it]
 71%|███████   | 2209/3120 [1:12:04<23:17,  1.53s/it]
 71%|███████   | 2210/3120 [1:12:06<23:05,  1.52s/it]
 71%|███████   | 2211/3120 [1:12:07<22:58,  1.52s/it]
 71%|███████   | 2212/3120 [1:12:09<23:23,  1.55s/it]
 71%|███████   | 2213/3120 [1:12:10<23:09,  1.53s/it]
 71%|███████   | 2214/3120 [1:12:12<22:58,  1.52s/it]
 71%|███████   | 2215/3120 [1:12:13<22:53,  1.52s/it]
 71%|███████   | 2216/3120 [1:12:15<23:18,  1.55s/it]
 71%|███████   | 2217/3120 [1:12:16<23:04,  1.53s/it]
 71%|███████   | 2218/3120 [1:12:18<22:54,  1.52s/it]
 71%|███████   | 2219/3120 [1:12:20<23:23,  1.56s/it]
 71%|███████   | 2220/3120 [1:12:21<23:06,  1.54s/it]
 71%|███████   | 2221/3120 [1:12:23<22:51,  1.53s/it]
 71%|███████   | 2222/3120 [1:12:24<22:48,  1.52s/it]
 71%|███████▏  | 2223/3120 [1:12:26<23:14,  1.55s/it]
 71%|███████▏  | 2224/3120 [1:12:27<22:56,  1.54s/it]
 71%|███████▏  | 2225/3120 [1:12:29<22:44,  1.52s/it]
 71%|███████▏  | 2226/3120 [1:12:30<22:35,  1.52s/it]
 71%|███████▏  | 2227/3120 [1:12:32<22:57,  1.54s/it]
 71%|███████▏  | 2228/3120 [1:12:33<22:44,  1.53s/it]
 71%|███████▏  | 2229/3120 [1:12:35<22:42,  1.53s/it]
 71%|███████▏  | 2230/3120 [1:12:36<23:02,  1.55s/it]
 72%|███████▏  | 2231/3120 [1:12:38<22:48,  1.54s/it]
 72%|███████▏  | 2232/3120 [1:12:39<22:34,  1.53s/it]
 72%|███████▏  | 2233/3120 [1:12:41<22:27,  1.52s/it]
 72%|███████▏  | 2234/3120 [1:12:43<22:51,  1.55s/it]
 72%|███████▏  | 2235/3120 [1:12:44<22:37,  1.53s/it]
 72%|███████▏  | 2236/3120 [1:12:46<22:26,  1.52s/it]
 72%|███████▏  | 2237/3120 [1:12:47<22:19,  1.52s/it]
 72%|███████▏  | 2238/3120 [1:12:49<22:41,  1.54s/it]
 72%|███████▏  | 2239/3120 [1:12:50<22:28,  1.53s/it]
 72%|███████▏  | 2240/3120 [1:12:52<22:16,  1.52s/it]
 72%|███████▏  | 2241/3120 [1:12:53<22:39,  1.55s/it]
 72%|███████▏  | 2242/3120 [1:12:55<22:24,  1.53s/it]
 72%|███████▏  | 2243/3120 [1:12:56<22:13,  1.52s/it]
 72%|███████▏  | 2244/3120 [1:12:58<22:07,  1.52s/it]
 72%|███████▏  | 2245/3120 [1:12:59<22:31,  1.54s/it]
 72%|███████▏  | 2246/3120 [1:13:01<22:18,  1.53s/it]
 72%|███████▏  | 2247/3120 [1:13:02<22:07,  1.52s/it]
 72%|███████▏  | 2248/3120 [1:13:04<22:04,  1.52s/it]
 72%|███████▏  | 2249/3120 [1:13:05<22:32,  1.55s/it]
 72%|███████▏  | 2250/3120 [1:13:07<22:15,  1.53s/it]
 72%|███████▏  | 2251/3120 [1:13:08<22:03,  1.52s/it]
 72%|███████▏  | 2252/3120 [1:13:10<22:24,  1.55s/it]
 72%|███████▏  | 2253/3120 [1:13:12<22:09,  1.53s/it]
 72%|███████▏  | 2254/3120 [1:13:13<22:00,  1.53s/it]
 72%|███████▏  | 2255/3120 [1:13:15<21:59,  1.52s/it]
 72%|███████▏  | 2256/3120 [1:13:16<22:23,  1.55s/it]
 72%|███████▏  | 2257/3120 [1:13:18<22:06,  1.54s/it]
 72%|███████▏  | 2258/3120 [1:13:19<21:55,  1.53s/it]
 72%|███████▏  | 2259/3120 [1:13:21<21:46,  1.52s/it]
 72%|███████▏  | 2260/3120 [1:13:22<22:09,  1.55s/it]
 72%|███████▏  | 2261/3120 [1:13:24<21:55,  1.53s/it]
 72%|███████▎  | 2262/3120 [1:13:25<21:56,  1.53s/it]
 73%|███████▎  | 2263/3120 [1:13:27<22:16,  1.56s/it]
 73%|███████▎  | 2264/3120 [1:13:28<21:59,  1.54s/it]
 73%|███████▎  | 2265/3120 [1:13:30<21:49,  1.53s/it]
 73%|███████▎  | 2266/3120 [1:13:31<21:39,  1.52s/it]
 73%|███████▎  | 2267/3120 [1:13:33<22:00,  1.55s/it]
 73%|███████▎  | 2268/3120 [1:13:35<21:46,  1.53s/it]
 73%|███████▎  | 2269/3120 [1:13:36<21:35,  1.52s/it]
 73%|███████▎  | 2270/3120 [1:13:38<21:27,  1.51s/it]
 73%|███████▎  | 2271/3120 [1:13:39<21:51,  1.54s/it]
 73%|███████▎  | 2272/3120 [1:13:41<21:39,  1.53s/it]
 73%|███████▎  | 2273/3120 [1:13:42<21:30,  1.52s/it]
 73%|███████▎  | 2274/3120 [1:13:44<21:51,  1.55s/it]
 73%|███████▎  | 2275/3120 [1:13:45<21:36,  1.53s/it]
 73%|███████▎  | 2276/3120 [1:13:47<21:25,  1.52s/it]
 73%|███████▎  | 2277/3120 [1:13:48<21:17,  1.52s/it]
 73%|███████▎  | 2278/3120 [1:13:50<21:40,  1.54s/it]
 73%|███████▎  | 2279/3120 [1:13:51<21:27,  1.53s/it]
 73%|███████▎  | 2280/3120 [1:13:53<21:19,  1.52s/it]
 73%|███████▎  | 2281/3120 [1:13:54<21:12,  1.52s/it]
 73%|███████▎  | 2282/3120 [1:13:56<21:40,  1.55s/it]
 73%|███████▎  | 2283/3120 [1:13:58<21:26,  1.54s/it]
 73%|███████▎  | 2284/3120 [1:13:59<21:16,  1.53s/it]
 73%|███████▎  | 2285/3120 [1:14:01<21:36,  1.55s/it]
 73%|███████▎  | 2286/3120 [1:14:02<21:21,  1.54s/it]
 73%|███████▎  | 2287/3120 [1:14:04<21:10,  1.53s/it]
 73%|███████▎  | 2288/3120 [1:14:05<21:07,  1.52s/it]
 73%|███████▎  | 2289/3120 [1:14:07<21:31,  1.55s/it]
 73%|███████▎  | 2290/3120 [1:14:08<21:15,  1.54s/it]
 73%|███████▎  | 2291/3120 [1:14:10<21:04,  1.53s/it]
 73%|███████▎  | 2292/3120 [1:14:11<20:55,  1.52s/it]
 73%|███████▎  | 2293/3120 [1:14:13<21:18,  1.55s/it]
 74%|███████▎  | 2294/3120 [1:14:14<21:15,  1.54s/it]
 74%|███████▎  | 2295/3120 [1:14:16<21:02,  1.53s/it]
 74%|███████▎  | 2296/3120 [1:14:18<21:21,  1.56s/it]
 74%|███████▎  | 2297/3120 [1:14:19<21:09,  1.54s/it]
 74%|███████▎  | 2298/3120 [1:14:21<20:57,  1.53s/it]
 74%|███████▎  | 2299/3120 [1:14:22<20:48,  1.52s/it]
 74%|███████▎  | 2300/3120 [1:14:24<21:09,  1.55s/it]
 74%|███████▍  | 2301/3120 [1:14:25<20:53,  1.53s/it]
 74%|███████▍  | 2302/3120 [1:14:27<20:42,  1.52s/it]
 74%|███████▍  | 2303/3120 [1:14:28<20:36,  1.51s/it]
 74%|███████▍  | 2304/3120 [1:14:30<20:57,  1.54s/it]
 74%|███████▍  | 2305/3120 [1:14:31<20:46,  1.53s/it]
 74%|███████▍  | 2306/3120 [1:14:33<20:37,  1.52s/it]
 74%|███████▍  | 2307/3120 [1:14:34<20:57,  1.55s/it]
 74%|███████▍  | 2308/3120 [1:14:36<20:43,  1.53s/it]
 74%|███████▍  | 2309/3120 [1:14:37<20:33,  1.52s/it]
 74%|███████▍  | 2310/3120 [1:14:39<20:27,  1.51s/it]
 74%|███████▍  | 2311/3120 [1:14:41<20:49,  1.54s/it]
 74%|███████▍  | 2312/3120 [1:14:42<20:37,  1.53s/it]
 74%|███████▍  | 2313/3120 [1:14:44<20:28,  1.52s/it]
 74%|███████▍  | 2314/3120 [1:14:45<20:22,  1.52s/it]
 74%|███████▍  | 2315/3120 [1:14:47<20:50,  1.55s/it]
 74%|███████▍  | 2316/3120 [1:14:48<20:38,  1.54s/it]
 74%|███████▍  | 2317/3120 [1:14:50<20:26,  1.53s/it]
 74%|███████▍  | 2318/3120 [1:14:51<20:45,  1.55s/it]
 74%|███████▍  | 2319/3120 [1:14:53<20:30,  1.54s/it]
 74%|███████▍  | 2320/3120 [1:14:54<20:23,  1.53s/it]
 74%|███████▍  | 2321/3120 [1:14:56<20:14,  1.52s/it]
 74%|███████▍  | 2322/3120 [1:14:57<20:38,  1.55s/it]
 74%|███████▍  | 2323/3120 [1:14:59<20:24,  1.54s/it]
 74%|███████▍  | 2324/3120 [1:15:00<20:15,  1.53s/it]
 75%|███████▍  | 2325/3120 [1:15:02<20:10,  1.52s/it]
 75%|███████▍  | 2326/3120 [1:15:04<20:29,  1.55s/it]
 75%|███████▍  | 2327/3120 [1:15:05<20:24,  1.54s/it]
 75%|███████▍  | 2328/3120 [1:15:07<20:12,  1.53s/it]
 75%|███████▍  | 2329/3120 [1:15:08<20:29,  1.55s/it]
 75%|███████▍  | 2330/3120 [1:15:10<20:15,  1.54s/it]
 75%|███████▍  | 2331/3120 [1:15:11<20:04,  1.53s/it]
 75%|███████▍  | 2332/3120 [1:15:13<19:56,  1.52s/it]
 75%|███████▍  | 2333/3120 [1:15:14<20:17,  1.55s/it]
 75%|███████▍  | 2334/3120 [1:15:16<20    [cl-val] closed-loop sim-RMS 1.395817e-06 m   per record [1.357e-06 1.480e-06 1.360e-06 1.383e-06]
(0,)
It 2340, sqrt loss 1.313e-05, Val sim-RMS 1.396e-06, Time Loss: 77.3%, data: 0.0%, val: 22.7%,  2.0 sec/batch
:06,  1.53s/it]
 75%|███████▍  | 2335/3120 [1:15:17<19:58,  1.53s/it]
 75%|███████▍  | 2336/3120 [1:15:19<20:07,  1.54s/it]
 75%|███████▍  | 2337/3120 [1:15:21<20:42,  1.59s/it]
 75%|███████▍  | 2338/3120 [1:15:22<20:26,  1.57s/it]
 75%|███████▍  | 2339/3120 [1:15:24<20:20,  1.56s/it]
 75%|███████▌  | 2340/3120 [1:17:22<7:57:13, 36.71s/it]
 75%|███████▌  | 2341/3120 [1:17:24<5:40:19, 26.21s/it]
 75%|███████▌  | 2342/3120 [1:17:26<4:03:46, 18.80s/it]
 75%|███████▌  | 2343/3120 [1:17:27<2:56:14, 13.61s/it]
 75%|███████▌  | 2344/3120 [1:17:29<2:09:02,  9.98s/it]
 75%|███████▌  | 2345/3120 [1:17:30<1:36:30,  7.47s/it]
 75%|███████▌  | 2346/3120 [1:17:32<1:13:15,  5.68s/it]
 75%|███████▌  | 2347/3120 [1:17:33<57:01,  4.43s/it]  
 75%|███████▌  | 2348/3120 [1:17:35<45:50,  3.56s/it]
 75%|███████▌  | 2349/3120 [1:17:36<38:15,  2.98s/it]
 75%|███████▌  | 2350/3120 [1:17:38<32:31,  2.53s/it]
 75%|███████▌  | 2351/3120 [1:17:39<28:30,  2.22s/it]
 75%|███████▌  | 2352/3120 [1:17:41<26:07,  2.04s/it]
 75%|███████▌  | 2353/3120 [1:17:42<24:01,  1.88s/it]
 75%|███████▌  | 2354/3120 [1:17:44<22:30,  1.76s/it]
 75%|███████▌  | 2355/3120 [1:17:45<21:28,  1.68s/it]
 76%|███████▌  | 2356/3120 [1:17:47<21:10,  1.66s/it]
 76%|███████▌  | 2357/3120 [1:17:49<20:32,  1.62s/it]
 76%|███████▌  | 2358/3120 [1:17:50<20:03,  1.58s/it]
 76%|███████▌  | 2359/3120 [1:17:52<20:09,  1.59s/it]
 76%|███████▌  | 2360/3120 [1:17:53<19:47,  1.56s/it]
 76%|███████▌  | 2361/3120 [1:17:55<19:32,  1.55s/it]
 76%|███████▌  | 2362/3120 [1:17:56<19:22,  1.53s/it]
 76%|███████▌  | 2363/3120 [1:17:58<19:40,  1.56s/it]
 76%|███████▌  | 2364/3120 [1:17:59<19:24,  1.54s/it]
 76%|███████▌  | 2365/3120 [1:18:01<19:13,  1.53s/it]
 76%|███████▌  | 2366/3120 [1:18:02<19:05,  1.52s/it]
 76%|███████▌  | 2367/3120 [1:18:04<19:25,  1.55s/it]
 76%|███████▌  | 2368/3120 [1:18:05<19:14,  1.54s/it]
 76%|███████▌  | 2369/3120 [1:18:07<19:04,  1.52s/it]
 76%|███████▌  | 2370/3120 [1:18:09<19:29,  1.56s/it]
 76%|███████▌  | 2371/3120 [1:18:10<19:14,  1.54s/it]
 76%|███████▌  | 2372/3120 [1:18:12<19:01,  1.53s/it]
 76%|███████▌  | 2373/3120 [1:18:13<18:53,  1.52s/it]
 76%|███████▌  | 2374/3120 [1:18:15<19:18,  1.55s/it]
 76%|███████▌  | 2375/3120 [1:18:16<19:05,  1.54s/it]
 76%|███████▌  | 2376/3120 [1:18:18<18:55,  1.53s/it]
 76%|███████▌  | 2377/3120 [1:18:19<18:48,  1.52s/it]
 76%|███████▌  | 2378/3120 [1:18:21<19:10,  1.55s/it]
 76%|███████▋  | 2379/3120 [1:18:22<18:57,  1.54s/it]
 76%|███████▋  | 2380/3120 [1:18:24<18:48,  1.53s/it]
 76%|███████▋  | 2381/3120 [1:18:26<19:14,  1.56s/it]
 76%|███████▋  | 2382/3120 [1:18:27<18:59,  1.54s/it]
 76%|███████▋  | 2383/3120 [1:18:29<18:47,  1.53s/it]
 76%|███████▋  | 2384/3120 [1:18:30<18:41,  1.52s/it]
 76%|███████▋  | 2385/3120 [1:18:32<19:00,  1.55s/it]
 76%|███████▋  | 2386/3120 [1:18:33<18:47,  1.54s/it]
 77%|███████▋  | 2387/3120 [1:18:35<18:37,  1.52s/it]
 77%|███████▋  | 2388/3120 [1:18:36<18:30,  1.52s/it]
 77%|███████▋  | 2389/3120 [1:18:38<18:49,  1.54s/it]
 77%|███████▋  | 2390/3120 [1:18:39<18:36,  1.53s/it]
 77%|███████▋  | 2391/3120 [1:18:41<18:27,  1.52s/it]
 77%|███████▋  | 2392/3120 [1:18:42<18:46,  1.55s/it]
 77%|███████▋  | 2393/3120 [1:18:44<18:35,  1.53s/it]
 77%|███████▋  | 2394/3120 [1:18:45<18:27,  1.53s/it]
 77%|███████▋  | 2395/3120 [1:18:47<18:21,  1.52s/it]
 77%|███████▋  | 2396/3120 [1:18:48<18:41,  1.55s/it]
 77%|███████▋  | 2397/3120 [1:18:50<18:29,  1.53s/it]
 77%|███████▋  | 2398/3120 [1:18:51<18:21,  1.53s/it]
 77%|███████▋  | 2399/3120 [1:18:53<18:13,  1.52s/it]
 77%|███████▋  | 2400/3120 [1:18:55<18:33,  1.55s/it]
 77%|███████▋  | 2401/3120 [1:18:56<18:24,  1.54s/it]
 77%|███████▋  | 2402/3120 [1:18:58<18:17,  1.53s/it]
 77%|███████▋  | 2403/3120 [1:18:59<18:39,  1.56s/it]
 77%|███████▋  | 2404/3120 [1:19:01<18:22,  1.54s/it]
 77%|███████▋  | 2405/3120 [1:19:02<18:12,  1.53s/it]
 77%|███████▋  | 2406/3120 [1:19:04<18:04,  1.52s/it]
 77%|███████▋  | 2407/3120 [1:19:05<18:28,  1.55s/it]
 77%|███████▋  | 2408/3120 [1:19:07<18:16,  1.54s/it]
 77%|███████▋  | 2409/3120 [1:19:08<18:06,  1.53s/it]
 77%|███████▋  | 2410/3120 [1:19:10<17:57,  1.52s/it]
 77%|███████▋  | 2411/3120 [1:19:11<18:15,  1.54s/it]
 77%|███████▋  | 2412/3120 [1:19:13<18:07,  1.54s/it]
 77%|███████▋  | 2413/3120 [1:19:15<18:08,  1.54s/it]
 77%|███████▋  | 2414/3120 [1:19:16<18:22,  1.56s/it]
 77%|███████▋  | 2415/3120 [1:19:18<18:07,  1.54s/it]
 77%|███████▋  | 2416/3120 [1:19:19<17:56,  1.53s/it]
 77%|███████▋  | 2417/3120 [1:19:21<17:48,  1.52s/it]
 78%|███████▊  | 2418/3120 [1:19:22<18:06,  1.55s/it]
 78%|███████▊  | 2419/3120 [1:19:24<17:54,  1.53s/it]
 78%|███████▊  | 2420/3120 [1:19:25<17:46,  1.52s/it]
 78%|███████▊  | 2421/3120 [1:19:27<17:39,  1.52s/it]
 78%|███████▊  | 2422/3120 [1:19:28<17:58,  1.54s/it]
 78%|███████▊  | 2423/3120 [1:19:30<17:47,  1.53s/it]
 78%|███████▊  | 2424/3120 [1:19:31<17:39,  1.52s/it]
 78%|███████▊  | 2425/3120 [1:19:33<17:55,  1.55s/it]
 78%|███████▊  | 2426/3120 [1:19:34<17:44,  1.53s/it]
 78%|███████▊  | 2427/3120 [1:19:36<17:36,  1.52s/it]
 78%|███████▊  | 2428/3120 [1:19:37<17:29,  1.52s/it]
 78%|███████▊  | 2429/3120 [1:19:39<17:48,  1.55s/it]
 78%|███████▊  | 2430/3120 [1:19:41<17:37,  1.53s/it]
 78%|███████▊  | 2431/3120 [1:19:42<17:28,  1.52s/it]
 78%|███████▊  | 2432/3120 [1:19:44<17:22,  1.52s/it]
 78%|███████▊  | 2433/3120 [1:19:45<17:40,  1.54s/it]
 78%|███████▊  | 2434/3120 [1:19:47<17:31,  1.53s/it]
 78%|███████▊  | 2435/3120 [1:19:48<17:23,  1.52s/it]
 78%|███████▊  | 2436/3120 [1:19:50<17:47,  1.56s/it]
 78%|███████▊  | 2437/3120 [1:19:51<17:34,  1.54s/it]
 78%|███████▊  | 2438/3120 [1:19:53<17:22,  1.53s/it]
 78%|███████▊  | 2439/3120 [1:19:54<17:19,  1.53s/it]
 78%|███████▊  | 2440/3120 [1:19:56<17:38,  1.56s/it]
 78%|███████▊  | 2441/3120 [1:19:58<17:25,  1.54s/it]
 78%|███████▊  | 2442/3120 [1:19:59<17:15,  1.53s/it]
 78%|███████▊  | 2443/3120 [1:20:01<17:07,  1.52s/it]
 78%|███████▊  | 2444/3120 [1:20:02<17:25,  1.55s/it]
 78%|███████▊  | 2445/3120 [1:20:04<17:12,  1.53s/it]
 78%|███████▊  | 2446/3120 [1:20:05<17:12,  1.53s/it]
 78%|███████▊  | 2447/3120 [1:20:07<17:26,  1.56s/it]
 78%|███████▊  | 2448/3120 [1:20:08<17:15,  1.54s/it]
 78%|███████▊  | 2449/3120 [1:20:10<17:04,  1.53s/it]
 79%|███████▊  | 2450/3120 [1:20:11<16:58,  1.52s/it]
 79%|███████▊  | 2451/3120 [1:20:13<17:15,  1.55s/it]
 79%|███████▊  | 2452/3120 [1:20:14<17:04,  1.53s/it]
 79%|███████▊  | 2453/3120 [1:20:16<16:58,  1.53s/it]
 79%|███████▊  | 2454/3120 [1:20:17<16:51,  1.52s/it]
 79%|███████▊  | 2455/3120 [1:20:19<17:09,  1.55s/it]
 79%|███████▊  | 2456/3120 [1:20:20<16:57,  1.53s/it]
 79%|███████▉  | 2457/3120 [1:20:22<16:49,  1.52s/it]
 79%|███████▉  | 2458/3120 [1:20:24<17:06,  1.55s/it]
 79%|███████▉  | 2459/3120 [1:20:25<16:54,  1.53s/it]
 79%|███████▉  | 2460/3120 [1:20:27<16:45,  1.52s/it]
 79%|███████▉  | 2461/3120 [1:20:28<16:38,  1.52s/it]
 79%|███████▉  | 2462/3120 [1:20:30<16:55,  1.54s/it]
 79%|███████▉  | 2463/3120 [1:20:31<16:45,  1.53s/it]
 79%|███████▉  | 2464/3120 [1:20:33<16:36,  1.52s/it]
 79%|███████▉  | 2465/3120 [1:20:34<16:31,  1.51s/it]
 79%|███████▉  | 2466/3120 [1:20:36<16:53,  1.55s/it]
 79%|███████▉  | 2467/3120 [1:20:37<16:42,  1.54s/it]
 79%|███████▉  | 2468/3120 [1:20:39<16:34,  1.53s/it]
 79%|███████▉  | 2469/3120 [1:20:40<16:49,  1.55s/it]
 79%|███████▉  | 2470/3120 [1:20:42<16:37,  1.54s/it]
 79%|███████▉  | 2471/3120 [1:20:43<16:31,  1.53s/it]
 79%|███████▉  | 2472/3120 [1:20:45<16:29,  1.53s/it]
 79%|███████▉  | 2473/3120 [1:20:47<16:48,  1.56s/it]
 79%|███████▉  | 2474/3120 [1:20:48<16:34,  1.54s/it]
 79%|███████▉  | 2475/3120 [1:20:50<16:25,  1.53s/it]
 79%|███████▉  | 2476/3120 [1:20:51<16:18,  1.52s/it]
 79%|███████▉  | 2477/3120 [1:20:53<16:36,  1.55s/it]
 79%|███████▉  | 2478/3120 [1:20:54<16:30,  1.54s/it]
 79%|███████▉  | 2479/3120 [1:20:56<16:22,  1.53s/it]
 79%|███████▉  | 2480/3120 [1:20:57<16:35,  1.56s/it]
 80%|███████▉  | 2481/3120 [1:20:59<16:22,  1.54s/it]
 80%|███████▉  | 2482/3120 [1:21:00<16:14,  1.53s/it]
 80%|███████▉  | 2483/3120 [1:21:02<16:09,  1.52s/it]
 80%|███████▉  | 2484/3120 [1:21:04<16:27,  1.55s/it]
 80%|███████▉  | 2485/3120 [1:21:05<16:16,  1.54s/it]
 80%|███████▉  | 2486/3120 [1:21:07<16:09,  1.53s/it]
 80%|███████▉  | 2487/3120 [1:21:08<16:01,  1.52s/it]
 80%|███████▉  | 2488/3120 [1:21:10<16:17,  1.55s/it]
 80%|███████▉  | 2489/3120 [1:21:11<16:09,  1.54s/it]
 80%|███████▉  | 2490/3120 [1:21:13<16:01,  1.53s/it]
 80%|███████▉  | 2491/3120 [1:21:14<16:15,  1.55s/it]
 80%|███████▉  | 2492/3120 [1:21:16<16:04,  1.54s/it]
 80%|███████▉  | 2493/3120 [1:21:17<15:57,  1.53s/it]
 80%|███████▉  | 2494/3120 [1:21:19<15:50,  1.52s/it]
 80%|███████▉  | 2495/3120 [1:21:20<16:05,  1.55s/it]
 80%|████████  | 2496/3120 [1:21:22<15:56,  1.53s/it]
 80%|████████  | 2497/3120 [1:21:23<15:48,  1.52s/it]
 80%|████████  | 2498/3120 [1:21:25<15:44,  1.52s/it]
 80%|████████  | 2499/3120 [1:21:27<16:05,  1.56s/it]
 80%|████████  | 2500/3120 [1:21:28<15:56,  1.54s/it]
 80%|████████  | 2501/3120 [1:21:30<15:46,  1.53s/it]
 80%|████████  | 2502/3120 [1:21:31<16:01,  1.56s/it]
 80%|████████  | 2503/3120 [1:21:33<15:50,  1.54s/it]
 80%|████████  | 2504/3120 [1:21:34<15:43,  1.53s/it]
 80%|████████  | 2505/3120 [1:21:36<15:39,  1.53s/it]
 80%|████████  | 2506/3120 [1:21:37<15:56,  1.56s/it]
 80%|████████  | 2507/3120 [1:21:39<15:43,  1.54s/it]
 80%|████████  | 2508/3120 [1:21:40<15:34,  1.53s/it]
 80%|████████  | 2509/3120 [1:21:42<15:28,  1.52s/it]
 80%|████████  | 2510/3120 [1:21:43<15:44,  1.55s/it]
 80%|████████  | 2511/3120 [1:21:45<15:40,  1.54s/it]
 81%|████████  | 2512/3120 [1:21:46<15:31,  1.53s/it]
 81%|████████  | 2513/3120 [1:21:48<15:44,  1.56s/it]
 81%|████████  | 2514/3120 [1:21:50<15:32,  1.54s/it]
 81%|████████  | 2515/3120 [1:21:51<15:25,  1.53s/it]
 81%|████████  | 2516/3120 [1:21:53<15:18,  1.52s/it]
 81%|████████  | 2517/3120 [1:21:54<15:33,  1.55s/it]
 81%|████████  | 2518/3120 [1:21:56<15:25,  1.54s/it]
 81%|████████  | 2519/3120 [1:21:57<15:20,  1.53s/it]
 81%|████████  | 2520/3120 [1:21:59<15:12,  1.52s/it]
 81%|████████  | 2521/3120 [1:22:00<15:28,  1.55s/it]
 81%|████████  | 2522/3120 [1:22:02<15:18,  1.54s/it]
 81%|████████  | 2523/3120 [1:22:03<15:12,  1.53s/it]
 81%|████████  | 2524/3120 [1:22:05<15:25,  1.55s/it]
 81%|████████  | 2525/3120 [1:22:06<15:15,  1.54s/it]
 81%|████████  | 2526/3120 [1:22:08<15:07,  1.53s/it]
 81%|████████  | 2527/3120 [1:22:09<15:02,  1.52s/it]
 81%|████████  | 2528/3120 [1:22:11<15:19,  1.55s/it]
 81%|████████  | 2529/3120 [1:22:13<15:07,  1.54s/it]
 81%|████████  | 2530/3120 [1:22:14<14:59,  1.53s/it]
 81%|████████  | 2531/3120 [1:22:16<14:55,  1.52s/it]
 81%|████████  | 2532/3120 [1:22:17<15:15,  1.56s/it]
 81%|████████  | 2533/3120 [1:22:19<15:03,  1.54s/it]
 81%|████████  | 2534/3120 [1:22:20<14:54,  1.53s/it]
 81%|████████▏ | 2535/3120 [1:22:22<15:08,  1.55s/it]
 81%|████████▏ | 2536/3120 [1:22:23<14:57,  1.54s/it]
 81%|████████▏ | 2537/3120 [1:22:25<14:53,  1.53s/it]
 81%|████████▏ | 2538/3120 [1:22:26<14:46,  1.52s/it]
 81%|████████▏ | 2539/3120 [1:22:28<15:02,  1.55s/it]
 81%|████████▏ | 2540/3120 [1:22:30<14:52,  1.54s/it]
 81%|████████▏ | 2541/3120 [1:22:31<14:44,  1.53s/it]
 81%|████████▏ | 2542/3120 [1:22:33<14:38,  1.52s/it]
 82%|████████▏ | 2543/3120 [1:22:34<14:51,  1.55s/it]
 82%|████████▏ | 2544/3120 [1:22:36<14:49,  1.54s/it]
 82%|████████▏ | 2545/3120 [1:22:37<14:40,  1.53s/it]
 82%|████████▏ | 2546/3120 [1:22:39<14:53,  1.56s/it]
 82%|████████▏ | 2547/3120 [1:22:40<14:41,  1.54s/it]
 82%|████████▏ | 2548/3120 [1:22:42<14:33,  1.53s/it]
 82%|████████▏ | 2549/3120 [1:22:43<14:28,  1.52s/it]
 82%|████████▏ | 2550/3120 [1:22:45<14:42,  1.55s/it]
 82%|████████▏ | 2551/3120 [1:22:46<14:33,  1.53s/it]
 82%|████████▏ | 2552/3120 [1:22:48<14:26,  1.53s/it]
 82%|████████▏ | 2553/3120 [1:22:49<14:20,  1.52s/it]
 82%|████████▏ | 2554/3120 [1:22:51<14:37,  1.55s/it]
 82%|████████▏ | 2555/3120 [1:22:53<14:27,  1.54s/it]
 82%|████████▏ | 2556/3120 [1:22:54<14:20,  1.53s/it]
 82%|████████▏ | 2557/3120 [1:22:56<14:34,  1.55s/it]
 82%|████████▏ | 2558/3120 [1:22:57<14:23,  1.54s/it]
 82%|████████▏ | 2559/3120 [1:22:59<14:15,  1.53s/it]
 82%|████████▏ | 2560/3120 [1:23:00<14:09,  1.52s/it]
 82%|████████▏ | 2561/3120 [1:23:02<14:21,  1.54s/it]
 82%|████████▏ | 2562/3120 [1:23:03<14:14,  1.53s/it]
 82%|████████▏ | 2563/3120 [1:23:05<14:10,  1.53s/it]
 82%|████████▏ | 2564/3120 [1:23:06<14:05,  1.52s/it]
 82%|████████▏ | 2565/3120 [1:23:08<14:23,  1.56s/it]
 82%|████████▏ | 2566/3120 [1:23:09<14:12,  1.54s/it]
 82%|████████▏ | 2567/3120 [1:23:11<14:04,  1.53s/it]
 82%|████████▏ | 2568/3120 [1:23:13<14:18,  1.56s/it]
 82%|████████▏ | 2569/3120 [1:23:14<14:09,  1.54s/it]
 82%|████████▏ | 2570/3120 [1:23:16<14:04,  1.53s/it]
 82%|████████▏ | 2571/3120 [1:23:17<13:57,  1.53s/it]
 82%|████████▏ | 2572/3120 [1:23:19<14:11,  1.55s/it]
 82%|████████▏ | 2573/3120 [1:23:20<14:01,  1.54s/it]
 82%|████████▎ | 2574/3120 [1:23:22<13:53,  1.53s/it]
 83%|████████▎ | 2575/3120 [1:23:23<13:47,  1.52s/it]
 83%|████████▎ | 2576/3120 [1:23:25<14:07,  1.56s/it]
 83%|████████▎ | 2577/3120 [1:23:26<13:55,  1.54s/it]
 83%|████████▎ | 2578/3120 [1:23:28<13:47,  1.53s/it]
 83%|████████▎ | 2579/3120 [1:23:29<13:59,  1.55s/it]
 83%|████████▎ | 2580/3120 [1:23:31<13:49,  1.54s/it]
 83%|████████▎ | 2581/3120 [1:23:32<13:42,  1.53s/it]
 83%|████████▎ | 2582/3120 [1:23:34<13:37,  1.52s/it]
 83%|████████▎ | 2583/3120 [1:23:36<13:51,  1.55s/it]
 83%|████████▎ | 2584/3120 [1:23:37<13:41,  1.53s/it]
 83%|████████▎ | 2585/3120 [1:23:39<13:35,  1.52s/it]
 83%|████████▎ | 2586/3120 [1:23:40<13:29,  1.52s/it]
 83%|████████▎ | 2587/3120 [1:23:42<13:43,  1.54s/it]
 83%|████████▎ | 2588/3120 [1:23:43<13:36,  1.53s/it]
 83%|████████▎ | 2589/3120 [1:23:45<13:30,  1.53s/it]
 83%|████████▎ | 2590/3120 [1:23:46<13:43,  1.55s/it]
 83%|████████▎ | 2591/3120 [1:23:48<13:33,  1.54s/it]
 83%|████████▎ | 2592/3120 [1:23:49<13:25,  1.53s/it]
 83%|████████▎ | 2593/3120 [1:23:51<13:20,  1.52s/it]
 83%|████████▎ | 2594/3120 [1:23:52<13:33,  1.55s/it]
 83%|████████▎ | 2595/3120 [1:23:54<13:24,  1.53s/it]
 83%|█    [cl-val] closed-loop sim-RMS 1.395478e-06 m   per record [1.357e-06 1.481e-06 1.360e-06 1.380e-06]
(0,)
It 2600, sqrt loss 1.312e-05, Val sim-RMS 1.395e-06, Time Loss: 77.3%, data: 0.0%, val: 22.7%,  2.0 sec/batch
███████▎ | 2596/3120 [1:23:55<13:19,  1.53s/it]
 83%|████████▎ | 2597/3120 [1:23:57<13:13,  1.52s/it]
 83%|████████▎ | 2598/3120 [1:23:59<13:31,  1.55s/it]
 83%|████████▎ | 2599/3120 [1:24:00<13:21,  1.54s/it]
 83%|████████▎ | 2600/3120 [1:25:59<5:17:18, 36.61s/it]
 83%|████████▎ | 2601/3120 [1:26:00<3:45:42, 26.09s/it]
 83%|████████▎ | 2602/3120 [1:26:02<2:41:58, 18.76s/it]
 83%|████████▎ | 2603/3120 [1:26:03<1:57:01, 13.58s/it]
 83%|████████▎ | 2604/3120 [1:26:05<1:25:43,  9.97s/it]
 83%|████████▎ | 2605/3120 [1:26:06<1:04:02,  7.46s/it]
 84%|████████▎ | 2606/3120 [1:26:08<48:36,  5.67s/it]  
 84%|████████▎ | 2607/3120 [1:26:09<37:48,  4.42s/it]
 84%|████████▎ | 2608/3120 [1:26:11<30:15,  3.55s/it]
 84%|████████▎ | 2609/3120 [1:26:12<25:16,  2.97s/it]
 84%|████████▎ | 2610/3120 [1:26:14<21:30,  2.53s/it]
 84%|████████▎ | 2611/3120 [1:26:16<18:51,  2.22s/it]
 84%|████████▎ | 2612/3120 [1:26:17<17:00,  2.01s/it]
 84%|████████▍ | 2613/3120 [1:26:19<15:58,  1.89s/it]
 84%|████████▍ | 2614/3120 [1:26:20<14:56,  1.77s/it]
 84%|████████▍ | 2615/3120 [1:26:22<14:13,  1.69s/it]
 84%|████████▍ | 2616/3120 [1:26:23<14:02,  1.67s/it]
 84%|████████▍ | 2617/3120 [1:26:25<13:37,  1.62s/it]
 84%|████████▍ | 2618/3120 [1:26:26<13:19,  1.59s/it]
 84%|████████▍ | 2619/3120 [1:26:28<13:04,  1.57s/it]
 84%|████████▍ | 2620/3120 [1:26:29<13:11,  1.58s/it]
 84%|████████▍ | 2621/3120 [1:26:31<12:57,  1.56s/it]
 84%|████████▍ | 2622/3120 [1:26:32<12:46,  1.54s/it]
 84%|████████▍ | 2623/3120 [1:26:34<12:55,  1.56s/it]
 84%|████████▍ | 2624/3120 [1:26:36<12:45,  1.54s/it]
 84%|████████▍ | 2625/3120 [1:26:37<12:38,  1.53s/it]
 84%|████████▍ | 2626/3120 [1:26:39<12:31,  1.52s/it]
 84%|████████▍ | 2627/3120 [1:26:40<12:47,  1.56s/it]
 84%|████████▍ | 2628/3120 [1:26:42<12:37,  1.54s/it]
 84%|████████▍ | 2629/3120 [1:26:43<12:30,  1.53s/it]
 84%|████████▍ | 2630/3120 [1:26:45<12:28,  1.53s/it]
 84%|████████▍ | 2631/3120 [1:26:46<12:41,  1.56s/it]
 84%|████████▍ | 2632/3120 [1:26:48<12:32,  1.54s/it]
 84%|████████▍ | 2633/3120 [1:26:49<12:25,  1.53s/it]
 84%|████████▍ | 2634/3120 [1:26:51<12:35,  1.55s/it]
 84%|████████▍ | 2635/3120 [1:26:52<12:26,  1.54s/it]
 84%|████████▍ | 2636/3120 [1:26:54<12:20,  1.53s/it]
 85%|████████▍ | 2637/3120 [1:26:55<12:20,  1.53s/it]
 85%|████████▍ | 2638/3120 [1:26:57<12:31,  1.56s/it]
 85%|████████▍ | 2639/3120 [1:26:59<12:21,  1.54s/it]
 85%|████████▍ | 2640/3120 [1:27:00<12:14,  1.53s/it]
 85%|████████▍ | 2641/3120 [1:27:02<12:09,  1.52s/it]
 85%|████████▍ | 2642/3120 [1:27:03<12:21,  1.55s/it]
 85%|████████▍ | 2643/3120 [1:27:05<12:13,  1.54s/it]
 85%|████████▍ | 2644/3120 [1:27:06<12:07,  1.53s/it]
 85%|████████▍ | 2645/3120 [1:27:08<12:17,  1.55s/it]
 85%|████████▍ | 2646/3120 [1:27:09<12:09,  1.54s/it]
 85%|████████▍ | 2647/3120 [1:27:11<12:02,  1.53s/it]
 85%|████████▍ | 2648/3120 [1:27:12<11:58,  1.52s/it]
 85%|████████▍ | 2649/3120 [1:27:14<12:09,  1.55s/it]
 85%|████████▍ | 2650/3120 [1:27:15<12:01,  1.54s/it]
 85%|████████▍ | 2651/3120 [1:27:17<11:56,  1.53s/it]
 85%|████████▌ | 2652/3120 [1:27:18<11:51,  1.52s/it]
 85%|████████▌ | 2653/3120 [1:27:20<12:03,  1.55s/it]
 85%|████████▌ | 2654/3120 [1:27:22<11:54,  1.53s/it]
 85%|████████▌ | 2655/3120 [1:27:23<11:48,  1.52s/it]
 85%|████████▌ | 2656/3120 [1:27:25<11:59,  1.55s/it]
 85%|████████▌ | 2657/3120 [1:27:26<11:50,  1.53s/it]
 85%|████████▌ | 2658/3120 [1:27:28<11:44,  1.52s/it]
 85%|████████▌ | 2659/3120 [1:27:29<11:39,  1.52s/it]
 85%|████████▌ | 2660/3120 [1:27:31<11:52,  1.55s/it]
 85%|████████▌ | 2661/3120 [1:27:32<11:43,  1.53s/it]
 85%|████████▌ | 2662/3120 [1:27:34<11:38,  1.53s/it]
 85%|████████▌ | 2663/3120 [1:27:35<11:35,  1.52s/it]
 85%|████████▌ | 2664/3120 [1:27:37<11:47,  1.55s/it]
 85%|████████▌ | 2665/3120 [1:27:38<11:41,  1.54s/it]
 85%|████████▌ | 2666/3120 [1:27:40<11:33,  1.53s/it]
 85%|████████▌ | 2667/3120 [1:27:42<11:44,  1.55s/it]
 86%|████████▌ | 2668/3120 [1:27:43<11:35,  1.54s/it]
 86%|████████▌ | 2669/3120 [1:27:45<11:31,  1.53s/it]
 86%|████████▌ | 2670/3120 [1:27:46<11:26,  1.53s/it]
 86%|████████▌ | 2671/3120 [1:27:48<11:36,  1.55s/it]
 86%|████████▌ | 2672/3120 [1:27:49<11:28,  1.54s/it]
 86%|████████▌ | 2673/3120 [1:27:51<11:22,  1.53s/it]
 86%|████████▌ | 2674/3120 [1:27:52<11:17,  1.52s/it]
 86%|████████▌ | 2675/3120 [1:27:54<11:29,  1.55s/it]
 86%|████████▌ | 2676/3120 [1:27:55<11:21,  1.53s/it]
 86%|████████▌ | 2677/3120 [1:27:57<11:15,  1.52s/it]
 86%|████████▌ | 2678/3120 [1:27:58<11:25,  1.55s/it]
 86%|████████▌ | 2679/3120 [1:28:00<11:17,  1.54s/it]
 86%|████████▌ | 2680/3120 [1:28:01<11:11,  1.53s/it]
 86%|████████▌ | 2681/3120 [1:28:03<11:06,  1.52s/it]
 86%|████████▌ | 2682/3120 [1:28:05<11:17,  1.55s/it]
 86%|████████▌ | 2683/3120 [1:28:06<11:10,  1.53s/it]
 86%|████████▌ | 2684/3120 [1:28:08<11:04,  1.52s/it]
 86%|████████▌ | 2685/3120 [1:28:09<10:59,  1.52s/it]
 86%|████████▌ | 2686/3120 [1:28:11<11:11,  1.55s/it]
 86%|████████▌ | 2687/3120 [1:28:12<11:03,  1.53s/it]
 86%|████████▌ | 2688/3120 [1:28:14<10:58,  1.52s/it]
 86%|████████▌ | 2689/3120 [1:28:15<11:08,  1.55s/it]
 86%|████████▌ | 2690/3120 [1:28:17<11:00,  1.54s/it]
 86%|████████▋ | 2691/3120 [1:28:18<10:55,  1.53s/it]
 86%|████████▋ | 2692/3120 [1:28:20<10:50,  1.52s/it]
 86%|████████▋ | 2693/3120 [1:28:22<11:04,  1.56s/it]
 86%|████████▋ | 2694/3120 [1:28:23<10:55,  1.54s/it]
 86%|████████▋ | 2695/3120 [1:28:25<10:49,  1.53s/it]
 86%|████████▋ | 2696/3120 [1:28:26<10:47,  1.53s/it]
 86%|████████▋ | 2697/3120 [1:28:28<10:57,  1.56s/it]
 86%|████████▋ | 2698/3120 [1:28:29<10:49,  1.54s/it]
 87%|████████▋ | 2699/3120 [1:28:31<10:43,  1.53s/it]
 87%|████████▋ | 2700/3120 [1:28:32<10:52,  1.55s/it]
 87%|████████▋ | 2701/3120 [1:28:34<10:44,  1.54s/it]
 87%|████████▋ | 2702/3120 [1:28:35<10:42,  1.54s/it]
 87%|████████▋ | 2703/3120 [1:28:37<10:36,  1.53s/it]
 87%|████████▋ | 2704/3120 [1:28:38<10:45,  1.55s/it]
 87%|████████▋ | 2705/3120 [1:28:40<10:37,  1.54s/it]
 87%|████████▋ | 2706/3120 [1:28:41<10:31,  1.53s/it]
 87%|████████▋ | 2707/3120 [1:28:43<10:27,  1.52s/it]
 87%|████████▋ | 2708/3120 [1:28:45<10:37,  1.55s/it]
 87%|████████▋ | 2709/3120 [1:28:46<10:30,  1.53s/it]
 87%|████████▋ | 2710/3120 [1:28:48<10:25,  1.53s/it]
 87%|████████▋ | 2711/3120 [1:28:49<10:34,  1.55s/it]
 87%|████████▋ | 2712/3120 [1:28:51<10:26,  1.54s/it]
 87%|████████▋ | 2713/3120 [1:28:52<10:21,  1.53s/it]
 87%|████████▋ | 2714/3120 [1:28:54<10:16,  1.52s/it]
 87%|████████▋ | 2715/3120 [1:28:55<10:26,  1.55s/it]
 87%|████████▋ | 2716/3120 [1:28:57<10:19,  1.53s/it]
 87%|████████▋ | 2717/3120 [1:28:58<10:13,  1.52s/it]
 87%|████████▋ | 2718/3120 [1:29:00<10:09,  1.52s/it]
 87%|████████▋ | 2719/3120 [1:29:01<10:20,  1.55s/it]
 87%|████████▋ | 2720/3120 [1:29:03<10:12,  1.53s/it]
 87%|████████▋ | 2721/3120 [1:29:04<10:06,  1.52s/it]
 87%|████████▋ | 2722/3120 [1:29:06<10:19,  1.56s/it]
 87%|████████▋ | 2723/3120 [1:29:08<10:12,  1.54s/it]
 87%|████████▋ | 2724/3120 [1:29:09<10:06,  1.53s/it]
 87%|████████▋ | 2725/3120 [1:29:11<10:02,  1.53s/it]
 87%|████████▋ | 2726/3120 [1:29:12<10:12,  1.55s/it]
 87%|████████▋ | 2727/3120 [1:29:14<10:06,  1.54s/it]
 87%|████████▋ | 2728/3120 [1:29:15<10:02,  1.54s/it]
 87%|████████▋ | 2729/3120 [1:29:17<09:56,  1.53s/it]
 88%|████████▊ | 2730/3120 [1:29:18<10:06,  1.55s/it]
 88%|████████▊ | 2731/3120 [1:29:20<09:58,  1.54s/it]
 88%|████████▊ | 2732/3120 [1:29:21<09:52,  1.53s/it]
 88%|████████▊ | 2733/3120 [1:29:23<10:01,  1.55s/it]
 88%|████████▊ | 2734/3120 [1:29:24<09:53,  1.54s/it]
 88%|████████▊ | 2735/3120 [1:29:26<09:53,  1.54s/it]
 88%|████████▊ | 2736/3120 [1:29:28<09:47,  1.53s/it]
 88%|████████▊ | 2737/3120 [1:29:29<09:58,  1.56s/it]
 88%|████████▊ | 2738/3120 [1:29:31<09:48,  1.54s/it]
 88%|████████▊ | 2739/3120 [1:29:32<09:41,  1.53s/it]
 88%|████████▊ | 2740/3120 [1:29:34<09:37,  1.52s/it]
 88%|████████▊ | 2741/3120 [1:29:35<09:46,  1.55s/it]
 88%|████████▊ | 2742/3120 [1:29:37<09:38,  1.53s/it]
 88%|████████▊ | 2743/3120 [1:29:38<09:33,  1.52s/it]
 88%|████████▊ | 2744/3120 [1:29:40<09:41,  1.55s/it]
 88%|████████▊ | 2745/3120 [1:29:41<09:36,  1.54s/it]
 88%|████████▊ | 2746/3120 [1:29:43<09:31,  1.53s/it]
 88%|████████▊ | 2747/3120 [1:29:44<09:26,  1.52s/it]
 88%|████████▊ | 2748/3120 [1:29:46<09:36,  1.55s/it]
 88%|████████▊ | 2749/3120 [1:29:47<09:29,  1.54s/it]
 88%|████████▊ | 2750/3120 [1:29:49<09:23,  1.52s/it]
 88%|████████▊ | 2751/3120 [1:29:50<09:19,  1.52s/it]
 88%|████████▊ | 2752/3120 [1:29:52<09:29,  1.55s/it]
 88%|████████▊ | 2753/3120 [1:29:54<09:22,  1.53s/it]
 88%|████████▊ | 2754/3120 [1:29:55<09:18,  1.53s/it]
 88%|████████▊ | 2755/3120 [1:29:57<09:29,  1.56s/it]
 88%|████████▊ | 2756/3120 [1:29:58<09:21,  1.54s/it]
 88%|████████▊ | 2757/3120 [1:30:00<09:15,  1.53s/it]
 88%|████████▊ | 2758/3120 [1:30:01<09:12,  1.53s/it]
 88%|████████▊ | 2759/3120 [1:30:03<09:19,  1.55s/it]
 88%|████████▊ | 2760/3120 [1:30:04<09:12,  1.54s/it]
 88%|████████▊ | 2761/3120 [1:30:06<09:09,  1.53s/it]
 89%|████████▊ | 2762/3120 [1:30:07<09:04,  1.52s/it]
 89%|████████▊ | 2763/3120 [1:30:09<09:14,  1.55s/it]
 89%|████████▊ | 2764/3120 [1:30:11<09:06,  1.54s/it]
 89%|████████▊ | 2765/3120 [1:30:12<09:01,  1.53s/it]
 89%|████████▊ | 2766/3120 [1:30:14<09:09,  1.55s/it]
 89%|████████▊ | 2767/3120 [1:30:15<09:05,  1.55s/it]
 89%|████████▊ | 2768/3120 [1:30:17<08:59,  1.53s/it]
 89%|████████▉ | 2769/3120 [1:30:18<08:54,  1.52s/it]
 89%|████████▉ | 2770/3120 [1:30:20<09:02,  1.55s/it]
 89%|████████▉ | 2771/3120 [1:30:21<08:55,  1.53s/it]
 89%|████████▉ | 2772/3120 [1:30:23<08:50,  1.52s/it]
 89%|████████▉ | 2773/3120 [1:30:24<08:46,  1.52s/it]
 89%|████████▉ | 2774/3120 [1:30:26<08:54,  1.55s/it]
 89%|████████▉ | 2775/3120 [1:30:27<08:48,  1.53s/it]
 89%|████████▉ | 2776/3120 [1:30:29<08:43,  1.52s/it]
 89%|████████▉ | 2777/3120 [1:30:30<08:50,  1.55s/it]
 89%|████████▉ | 2778/3120 [1:30:32<08:44,  1.53s/it]
 89%|████████▉ | 2779/3120 [1:30:33<08:38,  1.52s/it]
 89%|████████▉ | 2780/3120 [1:30:35<08:34,  1.51s/it]
 89%|████████▉ | 2781/3120 [1:30:37<08:43,  1.54s/it]
 89%|████████▉ | 2782/3120 [1:30:38<08:37,  1.53s/it]
 89%|████████▉ | 2783/3120 [1:30:40<08:32,  1.52s/it]
 89%|████████▉ | 2784/3120 [1:30:41<08:30,  1.52s/it]
 89%|████████▉ | 2785/3120 [1:30:43<08:39,  1.55s/it]
 89%|████████▉ | 2786/3120 [1:30:44<08:33,  1.54s/it]
 89%|████████▉ | 2787/3120 [1:30:46<08:28,  1.53s/it]
 89%|████████▉ | 2788/3120 [1:30:47<08:37,  1.56s/it]
 89%|████████▉ | 2789/3120 [1:30:49<08:30,  1.54s/it]
 89%|████████▉ | 2790/3120 [1:30:50<08:24,  1.53s/it]
 89%|████████▉ | 2791/3120 [1:30:52<08:20,  1.52s/it]
 89%|████████▉ | 2792/3120 [1:30:53<08:27,  1.55s/it]
 90%|████████▉ | 2793/3120 [1:30:55<08:23,  1.54s/it]
 90%|████████▉ | 2794/3120 [1:30:57<08:18,  1.53s/it]
 90%|████████▉ | 2795/3120 [1:30:58<08:13,  1.52s/it]
 90%|████████▉ | 2796/3120 [1:31:00<08:22,  1.55s/it]
 90%|████████▉ | 2797/3120 [1:31:01<08:16,  1.54s/it]
 90%|████████▉ | 2798/3120 [1:31:03<08:11,  1.53s/it]
 90%|████████▉ | 2799/3120 [1:31:04<08:18,  1.55s/it]
 90%|████████▉ | 2800/3120 [1:31:06<08:15,  1.55s/it]
 90%|████████▉ | 2801/3120 [1:31:07<08:10,  1.54s/it]
 90%|████████▉ | 2802/3120 [1:31:09<08:05,  1.53s/it]
 90%|████████▉ | 2803/3120 [1:31:10<08:11,  1.55s/it]
 90%|████████▉ | 2804/3120 [1:31:12<08:05,  1.54s/it]
 90%|████████▉ | 2805/3120 [1:31:13<08:00,  1.53s/it]
 90%|████████▉ | 2806/3120 [1:31:15<07:56,  1.52s/it]
 90%|████████▉ | 2807/3120 [1:31:17<08:03,  1.55s/it]
 90%|█████████ | 2808/3120 [1:31:18<07:58,  1.53s/it]
 90%|█████████ | 2809/3120 [1:31:20<07:54,  1.52s/it]
 90%|█████████ | 2810/3120 [1:31:21<08:00,  1.55s/it]
 90%|█████████ | 2811/3120 [1:31:23<07:54,  1.54s/it]
 90%|█████████ | 2812/3120 [1:31:24<07:49,  1.52s/it]
 90%|█████████ | 2813/3120 [1:31:26<07:45,  1.52s/it]
 90%|█████████ | 2814/3120 [1:31:27<07:53,  1.55s/it]
 90%|█████████ | 2815/3120 [1:31:29<07:47,  1.53s/it]
 90%|█████████ | 2816/3120 [1:31:30<07:43,  1.52s/it]
 90%|█████████ | 2817/3120 [1:31:32<07:39,  1.52s/it]
 90%|█████████ | 2818/3120 [1:31:33<07:46,  1.54s/it]
 90%|█████████ | 2819/3120 [1:31:35<07:41,  1.53s/it]
 90%|█████████ | 2820/3120 [1:31:36<07:37,  1.52s/it]
 90%|█████████ | 2821/3120 [1:31:38<07:45,  1.56s/it]
 90%|█████████ | 2822/3120 [1:31:40<07:38,  1.54s/it]
 90%|█████████ | 2823/3120 [1:31:41<07:33,  1.53s/it]
 91%|█████████ | 2824/3120 [1:31:43<07:29,  1.52s/it]
 91%|█████████ | 2825/3120 [1:31:44<07:36,  1.55s/it]
 91%|█████████ | 2826/3120 [1:31:46<07:32,  1.54s/it]
 91%|█████████ | 2827/3120 [1:31:47<07:26,  1.53s/it]
 91%|█████████ | 2828/3120 [1:31:49<07:23,  1.52s/it]
 91%|█████████ | 2829/3120 [1:31:50<07:30,  1.55s/it]
 91%|█████████ | 2830/3120 [1:31:52<07:24,  1.53s/it]
 91%|█████████ | 2831/3120 [1:31:53<07:20,  1.52s/it]
 91%|█████████ | 2832/3120 [1:31:55<07:28,  1.56s/it]
 91%|█████████ | 2833/3120 [1:31:56<07:22,  1.54s/it]
 91%|█████████ | 2834/3120 [1:31:58<07:17,  1.53s/it]
 91%|█████████ | 2835/3120 [1:31:59<07:14,  1.52s/it]
 91%|█████████ | 2836/3120 [1:32:01<07:20,  1.55s/it]
 91%|█████████ | 2837/3120 [1:32:03<07:15,  1.54s/it]
 91%|█████████ | 2838/3120 [1:32:04<07:10,  1.53s/it]
 91%|█████████ | 2839/3120 [1:32:06<07:06,  1.52s/it]
 91%|█████████ | 2840/3120 [1:32:07<07:12,  1.54s/it]
 91%|█████████ | 2841/3120 [1:32:09<07:07,  1.53s/it]
 91%|█████████ | 2842/3120 [1:32:10<07:03,  1.52s/it]
 91%|█████████ | 2843/3120 [1:32:12<07:09,  1.55s/it]
 91%|█████████ | 2844/3120 [1:32:13<07:03,  1.54s/it]
 91%|█████████ | 2845/3120 [1:32:15<06:59,  1.52s/it]
 91%|█████████ | 2846/3120 [1:32:16<06:56,  1.52s/it]
 91%|█████████▏| 2847/3120 [1:32:18<07:02,  1.55s/it]
 91%|█████████▏| 2848/3120 [1:32:19<06:57,  1.54s/it]
 91%|█████████▏| 2849/3120 [1:32:21<06:52,  1.52s/it]
 91%|█████████▏| 2850/3120 [1:32:22<06:49,  1.52s/it]
 91%|█████████▏| 2851/3120 [1:32:24<06    [cl-val] closed-loop sim-RMS 1.396645e-06 m   per record [1.357e-06 1.486e-06 1.358e-06 1.381e-06]
(0,)
It 2860, sqrt loss 1.311e-05, Val sim-RMS 1.397e-06, Time Loss: 77.3%, data: 0.0%, val: 22.7%,  2.0 sec/batch
:55,  1.55s/it]
 91%|█████████▏| 2852/3120 [1:32:26<06:51,  1.53s/it]
 91%|█████████▏| 2853/3120 [1:32:27<06:47,  1.53s/it]
 91%|█████████▏| 2854/3120 [1:32:29<06:54,  1.56s/it]
 92%|█████████▏| 2855/3120 [1:32:30<06:48,  1.54s/it]
 92%|█████████▏| 2856/3120 [1:32:32<06:43,  1.53s/it]
 92%|█████████▏| 2857/3120 [1:32:33<06:39,  1.52s/it]
 92%|█████████▏| 2858/3120 [1:32:35<06:46,  1.55s/it]
 92%|█████████▏| 2859/3120 [1:32:36<06:41,  1.54s/it]
 92%|█████████▏| 2860/3120 [1:34:35<2:38:49, 36.65s/it]
 92%|█████████▏| 2861/3120 [1:34:36<1:52:45, 26.12s/it]
 92%|█████████▏| 2862/3120 [1:34:38<1:20:34, 18.74s/it]
 92%|█████████▏| 2863/3120 [1:34:40<58:17, 13.61s/it]  
 92%|█████████▏| 2864/3120 [1:34:41<42:34,  9.98s/it]
 92%|█████████▏| 2865/3120 [1:34:43<31:36,  7.44s/it]
 92%|█████████▏| 2866/3120 [1:34:44<24:04,  5.69s/it]
 92%|█████████▏| 2867/3120 [1:34:46<18:41,  4.43s/it]
 92%|█████████▏| 2868/3120 [1:34:47<14:55,  3.56s/it]
 92%|█████████▏| 2869/3120 [1:34:49<12:17,  2.94s/it]
 92%|█████████▏| 2870/3120 [1:34:50<10:35,  2.54s/it]
 92%|█████████▏| 2871/3120 [1:34:52<09:15,  2.23s/it]
 92%|█████████▏| 2872/3120 [1:34:53<08:18,  2.01s/it]
 92%|█████████▏| 2873/3120 [1:34:55<07:48,  1.90s/it]
 92%|█████████▏| 2874/3120 [1:34:56<07:18,  1.78s/it]
 92%|█████████▏| 2875/3120 [1:34:58<06:55,  1.70s/it]
 92%|█████████▏| 2876/3120 [1:34:59<06:39,  1.64s/it]
 92%|█████████▏| 2877/3120 [1:35:01<06:37,  1.63s/it]
 92%|█████████▏| 2878/3120 [1:35:03<06:25,  1.59s/it]
 92%|█████████▏| 2879/3120 [1:35:04<06:17,  1.57s/it]
 92%|█████████▏| 2880/3120 [1:35:06<06:13,  1.56s/it]
 92%|█████████▏| 2881/3120 [1:35:07<06:16,  1.58s/it]
 92%|█████████▏| 2882/3120 [1:35:09<06:09,  1.55s/it]
 92%|█████████▏| 2883/3120 [1:35:10<06:04,  1.54s/it]
 92%|█████████▏| 2884/3120 [1:35:12<06:08,  1.56s/it]
 92%|█████████▏| 2885/3120 [1:35:13<06:02,  1.54s/it]
 92%|█████████▎| 2886/3120 [1:35:15<05:58,  1.53s/it]
 93%|█████████▎| 2887/3120 [1:35:16<05:54,  1.52s/it]
 93%|█████████▎| 2888/3120 [1:35:18<05:59,  1.55s/it]
 93%|█████████▎| 2889/3120 [1:35:19<05:54,  1.54s/it]
 93%|█████████▎| 2890/3120 [1:35:21<05:50,  1.52s/it]
 93%|█████████▎| 2891/3120 [1:35:22<05:47,  1.52s/it]
 93%|█████████▎| 2892/3120 [1:35:24<05:53,  1.55s/it]
 93%|█████████▎| 2893/3120 [1:35:26<05:49,  1.54s/it]
 93%|█████████▎| 2894/3120 [1:35:27<05:44,  1.53s/it]
 93%|█████████▎| 2895/3120 [1:35:29<05:49,  1.55s/it]
 93%|█████████▎| 2896/3120 [1:35:30<05:44,  1.54s/it]
 93%|█████████▎| 2897/3120 [1:35:32<05:41,  1.53s/it]
 93%|█████████▎| 2898/3120 [1:35:33<05:37,  1.52s/it]
 93%|█████████▎| 2899/3120 [1:35:35<05:42,  1.55s/it]
 93%|█████████▎| 2900/3120 [1:35:36<05:37,  1.54s/it]
 93%|█████████▎| 2901/3120 [1:35:38<05:34,  1.53s/it]
 93%|█████████▎| 2902/3120 [1:35:39<05:31,  1.52s/it]
 93%|█████████▎| 2903/3120 [1:35:41<05:37,  1.56s/it]
 93%|█████████▎| 2904/3120 [1:35:43<05:33,  1.54s/it]
 93%|█████████▎| 2905/3120 [1:35:44<05:29,  1.53s/it]
 93%|█████████▎| 2906/3120 [1:35:46<05:33,  1.56s/it]
 93%|█████████▎| 2907/3120 [1:35:47<05:28,  1.54s/it]
 93%|█████████▎| 2908/3120 [1:35:49<05:25,  1.53s/it]
 93%|█████████▎| 2909/3120 [1:35:50<05:21,  1.53s/it]
 93%|█████████▎| 2910/3120 [1:35:52<05:26,  1.56s/it]
 93%|█████████▎| 2911/3120 [1:35:53<05:21,  1.54s/it]
 93%|█████████▎| 2912/3120 [1:35:55<05:17,  1.53s/it]
 93%|█████████▎| 2913/3120 [1:35:56<05:16,  1.53s/it]
 93%|█████████▎| 2914/3120 [1:35:58<05:20,  1.56s/it]
 93%|█████████▎| 2915/3120 [1:35:59<05:15,  1.54s/it]
 93%|█████████▎| 2916/3120 [1:36:01<05:11,  1.53s/it]
 93%|█████████▎| 2917/3120 [1:36:03<05:15,  1.55s/it]
 94%|█████████▎| 2918/3120 [1:36:04<05:10,  1.54s/it]
 94%|█████████▎| 2919/3120 [1:36:06<05:06,  1.52s/it]
 94%|█████████▎| 2920/3120 [1:36:07<05:03,  1.52s/it]
 94%|█████████▎| 2921/3120 [1:36:09<05:07,  1.55s/it]
 94%|█████████▎| 2922/3120 [1:36:10<05:03,  1.53s/it]
 94%|█████████▎| 2923/3120 [1:36:12<04:59,  1.52s/it]
 94%|█████████▎| 2924/3120 [1:36:13<04:57,  1.52s/it]
 94%|█████████▍| 2925/3120 [1:36:15<05:02,  1.55s/it]
 94%|█████████▍| 2926/3120 [1:36:16<04:57,  1.54s/it]
 94%|█████████▍| 2927/3120 [1:36:18<04:54,  1.53s/it]
 94%|█████████▍| 2928/3120 [1:36:19<04:58,  1.55s/it]
 94%|█████████▍| 2929/3120 [1:36:21<04:53,  1.54s/it]
 94%|█████████▍| 2930/3120 [1:36:22<04:50,  1.53s/it]
 94%|█████████▍| 2931/3120 [1:36:24<04:47,  1.52s/it]
 94%|█████████▍| 2932/3120 [1:36:26<04:50,  1.55s/it]
 94%|█████████▍| 2933/3120 [1:36:27<04:46,  1.53s/it]
 94%|█████████▍| 2934/3120 [1:36:29<04:43,  1.52s/it]
 94%|█████████▍| 2935/3120 [1:36:30<04:41,  1.52s/it]
 94%|█████████▍| 2936/3120 [1:36:32<04:46,  1.55s/it]
 94%|█████████▍| 2937/3120 [1:36:33<04:41,  1.54s/it]
 94%|█████████▍| 2938/3120 [1:36:35<04:37,  1.52s/it]
 94%|█████████▍| 2939/3120 [1:36:36<04:42,  1.56s/it]
 94%|█████████▍| 2940/3120 [1:36:38<04:37,  1.54s/it]
 94%|█████████▍| 2941/3120 [1:36:39<04:34,  1.53s/it]
 94%|█████████▍| 2942/3120 [1:36:41<04:31,  1.52s/it]
 94%|█████████▍| 2943/3120 [1:36:42<04:34,  1.55s/it]
 94%|█████████▍| 2944/3120 [1:36:44<04:29,  1.53s/it]
 94%|█████████▍| 2945/3120 [1:36:46<04:28,  1.54s/it]
 94%|█████████▍| 2946/3120 [1:36:47<04:25,  1.53s/it]
 94%|█████████▍| 2947/3120 [1:36:49<04:28,  1.55s/it]
 94%|█████████▍| 2948/3120 [1:36:50<04:24,  1.54s/it]
 95%|█████████▍| 2949/3120 [1:36:52<04:20,  1.52s/it]
 95%|█████████▍| 2950/3120 [1:36:53<04:23,  1.55s/it]
 95%|█████████▍| 2951/3120 [1:36:55<04:18,  1.53s/it]
 95%|█████████▍| 2952/3120 [1:36:56<04:15,  1.52s/it]
 95%|█████████▍| 2953/3120 [1:36:58<04:13,  1.52s/it]
 95%|█████████▍| 2954/3120 [1:36:59<04:16,  1.54s/it]
 95%|█████████▍| 2955/3120 [1:37:01<04:12,  1.53s/it]
 95%|█████████▍| 2956/3120 [1:37:02<04:09,  1.52s/it]
 95%|█████████▍| 2957/3120 [1:37:04<04:07,  1.52s/it]
 95%|█████████▍| 2958/3120 [1:37:05<04:10,  1.55s/it]
 95%|█████████▍| 2959/3120 [1:37:07<04:06,  1.53s/it]
 95%|█████████▍| 2960/3120 [1:37:08<04:03,  1.52s/it]
 95%|█████████▍| 2961/3120 [1:37:10<04:06,  1.55s/it]
 95%|█████████▍| 2962/3120 [1:37:12<04:02,  1.54s/it]
 95%|█████████▍| 2963/3120 [1:37:13<03:59,  1.53s/it]
 95%|█████████▌| 2964/3120 [1:37:15<03:56,  1.52s/it]
 95%|█████████▌| 2965/3120 [1:37:16<04:00,  1.55s/it]
 95%|█████████▌| 2966/3120 [1:37:18<03:56,  1.54s/it]
 95%|█████████▌| 2967/3120 [1:37:19<03:53,  1.52s/it]
 95%|█████████▌| 2968/3120 [1:37:21<03:50,  1.51s/it]
 95%|█████████▌| 2969/3120 [1:37:22<03:53,  1.55s/it]
 95%|█████████▌| 2970/3120 [1:37:24<03:50,  1.54s/it]
 95%|█████████▌| 2971/3120 [1:37:25<03:48,  1.53s/it]
 95%|█████████▌| 2972/3120 [1:37:27<03:51,  1.56s/it]
 95%|█████████▌| 2973/3120 [1:37:28<03:47,  1.54s/it]
 95%|█████████▌| 2974/3120 [1:37:30<03:43,  1.53s/it]
 95%|█████████▌| 2975/3120 [1:37:31<03:40,  1.52s/it]
 95%|█████████▌| 2976/3120 [1:37:33<03:43,  1.55s/it]
 95%|█████████▌| 2977/3120 [1:37:35<03:39,  1.53s/it]
 95%|█████████▌| 2978/3120 [1:37:36<03:37,  1.53s/it]
 95%|█████████▌| 2979/3120 [1:37:38<03:34,  1.52s/it]
 96%|█████████▌| 2980/3120 [1:37:39<03:36,  1.55s/it]
 96%|█████████▌| 2981/3120 [1:37:41<03:33,  1.53s/it]
 96%|█████████▌| 2982/3120 [1:37:42<03:30,  1.52s/it]
 96%|█████████▌| 2983/3120 [1:37:44<03:32,  1.55s/it]
 96%|█████████▌| 2984/3120 [1:37:45<03:28,  1.54s/it]
 96%|█████████▌| 2985/3120 [1:37:47<03:25,  1.52s/it]
 96%|█████████▌| 2986/3120 [1:37:48<03:23,  1.52s/it]
 96%|█████████▌| 2987/3120 [1:37:50<03:25,  1.55s/it]
 96%|█████████▌| 2988/3120 [1:37:51<03:22,  1.53s/it]
 96%|█████████▌| 2989/3120 [1:37:53<03:19,  1.52s/it]
 96%|█████████▌| 2990/3120 [1:37:54<03:16,  1.51s/it]
 96%|█████████▌| 2991/3120 [1:37:56<03:18,  1.54s/it]
 96%|█████████▌| 2992/3120 [1:37:58<03:15,  1.53s/it]
 96%|█████████▌| 2993/3120 [1:37:59<03:12,  1.52s/it]
 96%|█████████▌| 2994/3120 [1:38:01<03:15,  1.55s/it]
 96%|█████████▌| 2995/3120 [1:38:02<03:11,  1.54s/it]
 96%|█████████▌| 2996/3120 [1:38:04<03:08,  1.52s/it]
 96%|█████████▌| 2997/3120 [1:38:05<03:06,  1.52s/it]
 96%|█████████▌| 2998/3120 [1:38:07<03:09,  1.55s/it]
 96%|█████████▌| 2999/3120 [1:38:08<03:05,  1.54s/it]
 96%|█████████▌| 3000/3120 [1:38:10<03:03,  1.53s/it]
 96%|█████████▌| 3001/3120 [1:38:11<03:00,  1.52s/it]
 96%|█████████▌| 3002/3120 [1:38:13<03:02,  1.54s/it]
 96%|█████████▋| 3003/3120 [1:38:14<02:58,  1.53s/it]
 96%|█████████▋| 3004/3120 [1:38:16<02:56,  1.52s/it]
 96%|█████████▋| 3005/3120 [1:38:18<02:58,  1.55s/it]
 96%|█████████▋| 3006/3120 [1:38:19<02:55,  1.54s/it]
 96%|█████████▋| 3007/3120 [1:38:21<02:52,  1.53s/it]
 96%|█████████▋| 3008/3120 [1:38:22<02:50,  1.52s/it]
 96%|█████████▋| 3009/3120 [1:38:24<02:51,  1.55s/it]
 96%|█████████▋| 3010/3120 [1:38:25<02:49,  1.54s/it]
 97%|█████████▋| 3011/3120 [1:38:27<02:46,  1.53s/it]
 97%|█████████▋| 3012/3120 [1:38:28<02:44,  1.52s/it]
 97%|█████████▋| 3013/3120 [1:38:30<02:45,  1.55s/it]
 97%|█████████▋| 3014/3120 [1:38:31<02:42,  1.53s/it]
 97%|█████████▋| 3015/3120 [1:38:33<02:40,  1.53s/it]
 97%|█████████▋| 3016/3120 [1:38:34<02:41,  1.55s/it]
 97%|█████████▋| 3017/3120 [1:38:36<02:38,  1.54s/it]
 97%|█████████▋| 3018/3120 [1:38:37<02:35,  1.53s/it]
 97%|█████████▋| 3019/3120 [1:38:39<02:33,  1.52s/it]
 97%|█████████▋| 3020/3120 [1:38:41<02:34,  1.55s/it]
 97%|█████████▋| 3021/3120 [1:38:42<02:32,  1.54s/it]
 97%|█████████▋| 3022/3120 [1:38:44<02:30,  1.53s/it]
 97%|█████████▋| 3023/3120 [1:38:45<02:27,  1.53s/it]
 97%|█████████▋| 3024/3120 [1:38:47<02:29,  1.55s/it]
 97%|█████████▋| 3025/3120 [1:38:48<02:25,  1.54s/it]
 97%|█████████▋| 3026/3120 [1:38:50<02:23,  1.53s/it]
 97%|█████████▋| 3027/3120 [1:38:51<02:24,  1.55s/it]
 97%|█████████▋| 3028/3120 [1:38:53<02:21,  1.54s/it]
 97%|█████████▋| 3029/3120 [1:38:54<02:19,  1.53s/it]
 97%|█████████▋| 3030/3120 [1:38:56<02:16,  1.52s/it]
 97%|█████████▋| 3031/3120 [1:38:57<02:18,  1.56s/it]
 97%|█████████▋| 3032/3120 [1:38:59<02:15,  1.54s/it]
 97%|█████████▋| 3033/3120 [1:39:00<02:12,  1.53s/it]
 97%|█████████▋| 3034/3120 [1:39:02<02:10,  1.52s/it]
 97%|█████████▋| 3035/3120 [1:39:04<02:11,  1.55s/it]
 97%|█████████▋| 3036/3120 [1:39:05<02:09,  1.54s/it]
 97%|█████████▋| 3037/3120 [1:39:07<02:06,  1.53s/it]
 97%|█████████▋| 3038/3120 [1:39:08<02:07,  1.56s/it]
 97%|█████████▋| 3039/3120 [1:39:10<02:04,  1.54s/it]
 97%|█████████▋| 3040/3120 [1:39:11<02:02,  1.53s/it]
 97%|█████████▋| 3041/3120 [1:39:13<02:00,  1.52s/it]
 98%|█████████▊| 3042/3120 [1:39:14<02:00,  1.55s/it]
 98%|█████████▊| 3043/3120 [1:39:16<01:58,  1.55s/it]
 98%|█████████▊| 3044/3120 [1:39:17<01:56,  1.53s/it]
 98%|█████████▊| 3045/3120 [1:39:19<01:54,  1.52s/it]
 98%|█████████▊| 3046/3120 [1:39:20<01:54,  1.55s/it]
 98%|█████████▊| 3047/3120 [1:39:22<01:52,  1.54s/it]
 98%|█████████▊| 3048/3120 [1:39:23<01:50,  1.53s/it]
 98%|█████████▊| 3049/3120 [1:39:25<01:50,  1.56s/it]
 98%|█████████▊| 3050/3120 [1:39:27<01:47,  1.54s/it]
 98%|█████████▊| 3051/3120 [1:39:28<01:45,  1.53s/it]
 98%|█████████▊| 3052/3120 [1:39:30<01:43,  1.52s/it]
 98%|█████████▊| 3053/3120 [1:39:31<01:43,  1.55s/it]
 98%|█████████▊| 3054/3120 [1:39:33<01:41,  1.53s/it]
 98%|█████████▊| 3055/3120 [1:39:34<01:39,  1.53s/it]
 98%|█████████▊| 3056/3120 [1:39:36<01:37,  1.52s/it]
 98%|█████████▊| 3057/3120 [1:39:37<01:37,  1.55s/it]
 98%|█████████▊| 3058/3120 [1:39:39<01:34,  1.53s/it]
 98%|█████████▊| 3059/3120 [1:39:40<01:32,  1.52s/it]
 98%|█████████▊| 3060/3120 [1:39:42<01:32,  1.55s/it]
 98%|█████████▊| 3061/3120 [1:39:43<01:30,  1.53s/it]
 98%|█████████▊| 3062/3120 [1:39:45<01:28,  1.52s/it]
 98%|█████████▊| 3063/3120 [1:39:46<01:26,  1.52s/it]
 98%|█████████▊| 3064/3120 [1:39:48<01:27,  1.55s/it]
 98%|█████████▊| 3065/3120 [1:39:50<01:24,  1.54s/it]
 98%|█████████▊| 3066/3120 [1:39:51<01:22,  1.53s/it]
 98%|█████████▊| 3067/3120 [1:39:53<01:20,  1.52s/it]
 98%|█████████▊| 3068/3120 [1:39:54<01:20,  1.55s/it]
 98%|█████████▊| 3069/3120 [1:39:56<01:18,  1.54s/it]
 98%|█████████▊| 3070/3120 [1:39:57<01:16,  1.52s/it]
 98%|█████████▊| 3071/3120 [1:39:59<01:16,  1.55s/it]
 98%|█████████▊| 3072/3120 [1:40:00<01:13,  1.54s/it]
 98%|█████████▊| 3073/3120 [1:40:02<01:11,  1.53s/it]
 99%|█████████▊| 3074/3120 [1:40:03<01:09,  1.52s/it]
 99%|█████████▊| 3075/3120 [1:40:05<01:09,  1.55s/it]
 99%|█████████▊| 3076/3120 [1:40:06<01:07,  1.54s/it]
 99%|█████████▊| 3077/3120 [1:40:08<01:05,  1.53s/it]
 99%|█████████▊| 3078/3120 [1:40:09<01:03,  1.52s/it]
 99%|█████████▊| 3079/3120 [1:40:11<01:03,  1.55s/it]
 99%|█████████▊| 3080/3120 [1:40:13<01:01,  1.53s/it]
 99%|█████████▉| 3081/3120 [1:40:14<00:59,  1.52s/it]
 99%|█████████▉| 3082/3120 [1:40:16<00:58,  1.55s/it]
 99%|█████████▉| 3083/3120 [1:40:17<00:56,  1.54s/it]
 99%|█████████▉| 3084/3120 [1:40:19<00:54,  1.52s/it]
 99%|█████████▉| 3085/3120 [1:40:20<00:53,  1.52s/it]
 99%|█████████▉| 3086/3120 [1:40:22<00:52,  1.55s/it]
 99%|█████████▉| 3087/3120 [1:40:23<00:50,  1.53s/it]
 99%|█████████▉| 3088/3120 [1:40:25<00:48,  1.53s/it]
 99%|█████████▉| 3089/3120 [1:40:26<00:47,  1.52s/it]
 99%|█████████▉| 3090/3120 [1:40:28<00:46,  1.55s/it]
 99%|█████████▉| 3091/3120 [1:40:29<00:44,  1.53s/it]
 99%|█████████▉| 3092/3120 [1:40:31<00:42,  1.52s/it]
 99%|█████████▉| 3093/3120 [1:40:33<00:41,  1.55s/it]
 99%|█████████▉| 3094/3120 [1:40:34<00:39,  1.53s/it]
 99%|█████████▉| 3095/3120 [1:40:36<00:38,  1.53s/it]
 99%|█████████▉| 3096/3120 [1:40:37<00:36,  1.52s/it]
 99%|█████████▉| 3097/3120 [1:40:39<00:35,  1.55s/it]
 99%|█████████▉| 3098/3120 [1:40:40<00:33,  1.54s/it]
 99%|█████████▉| 3099/3120 [1:40:42<00:32,  1.53s/it]
 99%|█████████▉| 3100/3120 [1:40:43<00:30,  1.52s/it]
 99%|█████████▉| 3101/3120 [1:40:45<00:29,  1.55s/it]
 99%|█████████▉| 3102/3120 [1:40:46<00:27,  1.54s/it]
 99%|█████████▉| 3103/3120 [1:40:48<00:25,  1.53s/it]
 99%|█████████▉| 3104/3120 [1:40:49<00:24,  1.55s/it]
100%|█████████▉| 3105/3120 [1:40:51<00:23,  1.54s/it]
100%|█████████▉| 3106/3120 [1:40:52<00:21,  1.53s/it]
100%|█████████▉| 3107/3120 [1:40:54<00:19,  1.52s/it]
100%|█████████▉| 3108/3120 [1:40:56<00:18,  1.56s/it]
100%|█████████▉| 3109/3120 [1:40:57<00:16,  1.54s/it]
100%|█████████▉| 3110/3120 [1:40:59<00:15,  1.53s/it]
100%|█████████▉| 3111/3120 [1:41:00<00:13,  1.52s/it]
100%|█████████▉| 3112/3120 [1:41:02<00:12,  1.55s/it]
100%|█████████▉| 3113/3120 [1:41:03<00:10,  1.53s/it]
100%|█████████▉| 3114/31    [cl-val] closed-loop sim-RMS 1.394800e-06 m   per record [1.354e-06 1.484e-06 1.359e-06 1.379e-06]
(0,)
It 3120, sqrt loss 1.31e-05, Val sim-RMS 1.395e-06, Time Loss: 77.3%, data: 0.0%, val: 22.7%,  2.0 sec/batch
20 [1:41:05<00:09,  1.52s/it]
100%|█████████▉| 3115/3120 [1:41:06<00:07,  1.55s/it]
100%|█████████▉| 3116/3120 [1:41:08<00:06,  1.53s/it]
100%|█████████▉| 3117/3120 [1:41:09<00:04,  1.52s/it]
100%|█████████▉| 3118/3120 [1:41:11<00:03,  1.52s/it]
100%|█████████▉| 3119/3120 [1:41:12<00:01,  1.55s/it]
100%|██████████| 3120/3120 [1:43:11<00:00, 36.62s/it]
100%|██████████| 3120/3120 [1:43:11<00:00,  1.98s/it]
/dataB1/dirk_van_den_berg/conda-envs/GraduationProject/lib/python3.11/site-packages/deepSI/fit_systems/fit_system.py:501: FutureWarning: You are using `torch.load` with `weights_only=False` (the current default value), which uses the default pickle module implicitly. It is possible to construct malicious pickle data which will execute arbitrary code during unpickling (See https://github.com/pytorch/pytorch/blob/main/SECURITY.md#untrusted-models for more details). In a future release, the default value for `weights_only` will be flipped to `True`. This limits the functions that could be executed during unpickling. Arbitrary objects will no longer be allowed to be loaded via this mode unless they are explicitly allowlisted by the user via `torch.serialization.add_safe_globals`. We recommend you start setting `weights_only=True` for any use case where you don't have full control of the loaded file. Please open an issue on GitHub for any issues related to this experimental feature.
  self.__dict__ = torch.load(file)
Loaded model with best known validation sim-RMS of 1.393e-06 which happened on epoch 520 (epoch_id=2.00)
------------------------------------------------------------------------------------------------

================================================================================================
RESULT
================================================================================================
untrained            2.1865508056e-06 m
trained              1.3933723093e-06 m   +36.2753 %
trained, ANN forced 0 2.1867483015e-06 m   -0.0090 %
ANN contribution     +36.2844 %   (total minus encoder-only)
oracle floor         ~2.81e-08 m; fraction of headroom closed 36.75 %
val series (3 points): 2.1866e-06 1.3966e-06 1.3934e-06

record                 untrained     trained       ANN off       improv %   ANN %     
V1_standstill_Yp10     2.184980e-06  1.361369e-06  2.185032e-06  +37.6942   +37.6966  
V2_aprbs_Ylow          2.197467e-06  1.464054e-06  2.197958e-06  +33.3754   +33.3977  
V3_ysweep_Yp10         2.176398e-06  1.365035e-06  2.176477e-06  +37.2801   +37.2837  
V4_lissajous_Ym10      2.187308e-06  1.380523e-06  2.187473e-06  +36.8848   +36.8924  
worst record: V2_aprbs_Ylow at +33.3754 %   ALL RECORDS IMPROVED
best at validation 2 of 3   selection picked a trained checkpoint

wrote /dataB1/dirk_van_den_berg/repos/LPV-LFR-Baseline-Augmentation/scripts/gantry/closed-loop-controller/runs/step6_result_76573.json   [6668s]

========================================
Finished at Mon Aug 17 01:24:15 CEST 2026
========================================
