job_id=68676
node_list=blade4
cpus_per_task=4
cuda_visible_devices=<unset>
Fri Jul  3 02:20:45 PM CEST 2026
=== CPU info ===
CPU(s):                                  64
On-line CPU(s) list:                     0-63
Model name:                              AMD EPYC 7742 64-Core Processor
Thread(s) per core:                      1
Core(s) per socket:                      64
Socket(s):                               1
NUMA node0 CPU(s):                       0-63
=== gantry_interconnect_dynamic CPU ===
Gym has been unmaintained since 2022 and does not support NumPy 2.0 amongst other critical functionality.
Please upgrade to Gymnasium, the maintained drop-in replacement of Gym, or contact the authors of your software and request that they upgrade.
Users of this version of Gym should be able to simply replace 'import gym' with 'import gymnasium as gym' in the vast majority of cases.
See the migration guide at https://gymnasium.farama.org/introduction/migration_guide/ for additional information.
Data dir (multisine): /dataB1/dirk_van_den_berg/repos/LPV-LFR-Baseline-Augmentation/scripts/gantry/../../data/gantry/matlab/multisine
Loaded val augmented GT: x_logical=(8000, 6)  delta_a std=8.436e-05 m  vdelta_a std=8.109e-02 m/s
Loaded 8 training trajectories, 1 val, 1 test
  T1: 8000 samples  (T1_Y_sweep_conservative.mat)
  T2: 8000 samples  (T2_X_sym_Y030.mat)
  T3: 8000 samples  (T3_X_sym_Y000.mat)
  T4: 8000 samples  (T4_X_antisym_Y020.mat)
  T5: 8000 samples  (T5_X_sym_Y_sweep.mat)
  T6: 8000 samples  (T6_Y_sweep_aggressive.mat)
  T7: 8000 samples  (T7_X_antisym_Y_sweep.mat)
  T8: 8000 samples  (T8_X_sym_anti_Y_sweep.mat)

Configuration:
  MODE:           multisine
  ENCODER_INIT:   linear_map
  ANN_ACTIVATION: tanh
  save_dir:       /dataB1/dirk_van_den_berg/repos/LPV-LFR-Baseline-Augmentation/scripts/gantry/../../simulations/gantry_subnet/multisine_linear_map
  NF_SECONDS:     0.1
  na_nb (samples): 17  (4.25 ms)
  Sampling rate:  4000 Hz (D=5)
  Dtype:          float32

Default hyperparameters (may be overridden by checkpoint):
  NX_ANN: 2
  n_nodes_per_layer: 16
  n_hidden_layers: 2
  up_sample: 2
  nf: 400
  na_nb: 17
  batch_size: 256
  lr: 0.0001
  epochs: 30
WARNING: baseline_states.npz not found, using finite-diff states for normalization

Computing baseline FP RMS/NRMS (fixed reference, no MSD)...

=== Baseline FP model (val, true x0, no MSD, reference to beat) ===
            NRMS          RMS
  X1:    0.0034  2.050e-04 m
  X2:    0.0031  2.005e-04 m
  Y :    0.0037  8.492e-04 m
  aggregate sim-RMS (same formula as validation loss): 5.1750e-04 m

=== Baseline FP model (test E1, true x0, no MSD, reference to beat) ===
            NRMS          RMS
  X1:    0.0047  2.816e-04 m
  X2:    0.0044  2.803e-04 m
  Y :    0.0080  1.853e-03 m
  aggregate sim-RMS (same formula as validation loss): 1.0942e-03 m

=== Baseline FP model (val, encoder-init (untrained linear map), no MSD, reference to beat) ===
            NRMS          RMS
  X1:    0.0041  2.412e-04 m
  X2:    0.0037  2.369e-04 m
  Y :    0.0047  1.073e-03 m
  aggregate sim-RMS (same formula as validation loss): 6.4948e-04 m

=== Baseline FP model (test E1, encoder-init (untrained linear map), no MSD, reference to beat) ===
            NRMS          RMS
  X1:    0.0108  6.458e-04 m
  X2:    0.0101  6.447e-04 m
  Y :    0.0042  9.627e-04 m
  aggregate sim-RMS (same formula as validation loss): 7.6579e-04 m

Training: nf=400  epochs=30  val=sim-RMS  NX_ANN=2
Model already initilized (init_model_done=True), skipping initilizing of the model, the norm and the creation of the optimizer
Size of the training array =  580.5 MB
N_training_samples = 60672, batch_size = 256, N_batch_updates_per_epoch = 237
(0,)
Initial Validation sim-RMS= 0.0006494843

  0%|          | 0/7110 [00:00<?, ?it/s]
  0%|          | 1/7110 [00:05<11:17:29,  5.72s/it]
  0%|          | 2/7110 [00:11<11:04:55,  5.61s/it]
  0%|          | 3/7110 [00:16<11:01:22,  5.58s/it]
  0%|          | 4/7110 [00:22<10:53:07,  5.51s/it]
  0%|          | 5/7110 [00:27<10:55:25,  5.53s/it]
  0%|          | 6/7110 [00:33<10:47:59,  5.47s/it]
  0%|          | 7/7110 [00:38<10:50:01,  5.49s/it]
  0%|          | 8/7110 [00:44<10:46:38,  5.46s/it]
  0%|          | 9/7110 [00:49<10:51:06,  5.50s/it]
  0%|          | 10/7110 [00:55<10:50:47,  5.50s/it]
  0%|          | 11/7110 [01:00<10:47:08,  5.47s/it]
  0%|          | 12/7110 [01:06<10:51:14,  5.51s/it]
  0%|          | 13/7110 [01:11<10:45:31,  5.46s/it]
  0%|          | 14/7110 [01:17<10:48:20,  5.48s/it]
  0%|          | 15/7110 [01:22<10:45:32,  5.46s/it]
  0%|          | 16/7110 [01:27<10:48:00,  5.48s/it]
  0%|          | 17/7110 [01:33<10:44:56,  5.46s/it]
  0%|          | 18/7110 [01:38<10:47:53,  5.48s/it]
  0%|          | 19/7110 [01:44<10:45:12,  5.46s/it]
  0%|          | 20/7110 [01:49<10:47:40,  5.48s/it]
  0%|          | 21/7110 [01:55<10:50:54,  5.51s/it]
  0%|          | 22/7110 [02:00<10:47:01,  5.48s/it]
  0%|          | 23/7110 [02:06<10:47:26,  5.48s/it]
  0%|          | 24/7110 [02:11<10:44:20,  5.46s/it]
  0%|          | 25/7110 [02:17<10:48:37,  5.49s/it]
  0%|          | 26/7110 [02:22<10:43:28,  5.45s/it]
  0%|          | 27/7110 [02:28<10:45:59,  5.47s/it]
  0%|          | 28/7110 [02:33<10:43:14,  5.45s/it]
  0%|          | 29/7110 [02:39<10:45:46,  5.47s/it]
  0%|          | 30/7110 [02:44<10:44:41,  5.46s/it]
  0%|          | 31/7110 [02:50<10:45:19,  5.47s/it]
  0%|          | 32/7110 [02:55<10:49:38,  5.51s/it]
  0%|          | 33/7110 [03:00<10:44:09,  5.46s/it]
  0%|          | 34/7110 [03:06<10:46:51,  5.48s/it]
  0%|          | 35/7110 [03:11<10:45:26,  5.47s/it]
  1%|          | 36/7110 [03:17<10:45:41,  5.48s/it]
  1%|          | 37/7110 [03:22<10:44:50,  5.47s/it]
  1%|          | 38/7110 [03:28<10:45:16,  5.47s/it]
  1%|          | 39/7110 [03:33<10:42:49,  5.45s/it]
  1%|          | 40/7110 [03:39<10:45:39,  5.48s/it]
  1%|          | 41/7110 [03:44<10:43:08,  5.46s/it]
  1%|          | 42/7110 [03:50<10:47:30,  5.50s/it]
  1%|          | 43/7110 [03:55<10:47:16,  5.50s/it]
  1%|          | 44/7110 [04:01<10:45:30,  5.48s/it]
  1%|          | 45/7110 [04:06<10:45:51,  5.48s/it]
  1%|          | 46/7110 [04:12<10:43:08,  5.46s/it]
  1%|          | 47/7110 [04:17<10:46:00,  5.49s/it]
  1%|          | 48/7110 [04:23<10:43:20,  5.47s/it]
  1%|          | 49/7110 [04:28<10:45:06,  5.48s/it]
  1%|          | 50/7110 [04:34<10:44:17,  5.48s/it]
  1%|          | 51/7110 [04:39<10:46:40,  5.50s/it]
  1%|          | 52/7110 [04:44<10:41:17,  5.45s/it]
  1%|          | 53/7110 [04:50<10:45:43,  5.49s/it]
  1%|          | 54/7110 [04:56<10:45:50,  5.49s/it]
  1%|          | 55/7110 [05:01<10:42:28,  5.46s/it]
  1%|          | 56/7110 [05:07<10:45:03,  5.49s/it]
  1%|          | 57/7110 [05:12<10:43:53,  5.48s/it]
  1%|          | 58/7110 [05:17<10:45:03,  5.49s/it]
  1%|          | 59/7110 [05:23<10:43:58,  5.48s/it]
  1%|          | 60/7110 [05:28<10:43:54,  5.48s/it]
  1%|          | 61/7110 [05:34<10:43:18,  5.48s/it]
  1%|          | 62/7110 [05:39<10:43:42,  5.48s/it]
  1%|          | 63/7110 [05:45<10:40:57,  5.46s/it]
  1%|          | 64/7110 [05:50<10:43:17,  5.48s/it]
  1%|          | 65/7110 [05:56<10:45:11,  5.49s/it]
  1%|          | 66/7110 [06:01<10:41:32,  5.46s/it]
  1%|          | 67/7110 [06:07<10:45:28,  5.50s/it]
  1%|          | 68/7110 [06:12<10:41:33,  5.47s/it]
  1%|          | 69/7110 [06:18<10:42:07,  5.47s/it]
  1%|          | 70/7110 [06:23<10:40:57,  5.46s/it]
  1%|          | 71/7110 [06:29<10:42:48,  5.48s/it]
  1%|          | 72/7110 [06:34<10:38:04,  5.44s/it]
  1%|          | 73/7110 [06:40<10:43:02,  5.48s/it]
  1%|          | 74/7110 [06:45<10:38:07,  5.44s/it]
  1%|          | 75/7110 [06:50<10:40:57,  5.47s/it]
  1%|          | 76/7110 [06:56<10:45:24,  5.51s/it]
  1%|          | 77/7110 [07:01<10:40:02,  5.46s/it]
  1%|          | 78/7110 [07:07<10:44:35,  5.50s/it]
  1%|          | 79/7110 [07:12<10:39:45,  5.46s/it]
  1%|          | 80/7110 [07:18<10:44:08,  5.50s/it]
  1%|          | 81/7110 [07:23<10:38:54,  5.45s/it]
  1%|          | 82/7110 [07:29<10:41:30,  5.48s/it]
  1%|          | 83/7110 [07:34<10:39:07,  5.46s/it]
  1%|          | 84/7110 [07:40<10:43:26,  5.49s/it]
  1%|          | 85/7110 [07:45<10:38:14,  5.45s/it]
  1%|          | 86/7110 [07:51<10:40:49,  5.47s/it]
  1%|          | 87/7110 [07:56<10:44:50,  5.51s/it]
  1%|          | 88/7110 [08:02<10:39:16,  5.46s/it]
  1%|▏         | 89/7110 [08:07<10:43:52,  5.50s/it]
  1%|▏         | 90/7110 [08:13<10:38:53,  5.46s/it]
  1%|▏         | 91/7110 [08:18<10:41:38,  5.48s/it]
  1%|▏         | 92/7110 [08:24<10:38:13,  5.46s/it]
  1%|▏         | 93/7110 [08:29<10:40:09,  5.47s/it]
  1%|▏         | 94/7110 [08:34<10:37:23,  5.45s/it]
  1%|▏         | 95/7110 [08:40<10:40:20,  5.48s/it]
  1%|▏         | 96/7110 [08:45<10:37:44,  5.46s/it]
  1%|▏         | 97/7110 [08:51<10:42:25,  5.50s/it]
  1%|▏         | 98/7110 [08:56<10:42:17,  5.50s/it]
  1%|▏         | 99/7110 [09:02<10:38:47,  5.47s/it]
  1%|▏         | 100/7110 [09:07<10:40:57,  5.49s/it]
  1%|▏         | 101/7110 [09:13<10:39:23,  5.47s/it]
  1%|▏         | 102/7110 [09:18<10:39:29,  5.48s/it]
  1%|▏         | 103/7110 [09:24<10:36:53,  5.45s/it]
  1%|▏         | 104/7110 [09:29<10:40:54,  5.49s/it]
  1%|▏         | 105/7110 [09:35<10:35:53,  5.45s/it]
  1%|▏         | 106/7110 [09:40<10:40:28,  5.49s/it]
  2%|▏         | 107/7110 [09:46<10:35:53,  5.45s/it]
  2%|▏         | 108/7110 [09:51<10:38:45,  5.47s/it]
  2%|▏         | 109/7110 [09:57<10:41:10,  5.50s/it]
  2%|▏         | 110/7110 [10:02<10:39:54,  5.48s/it]
  2%|▏         | 111/7110 [10:08<10:39:49,  5.49s/it]
  2%|▏         | 112/7110 [10:13<10:38:43,  5.48s/it]
  2%|▏         | 113/7110 [10:19<10:39:08,  5.48s/it]
  2%|▏         | 114/7110 [10:24<10:36:21,  5.46s/it]
  2%|▏         | 115/7110 [10:29<10:38:33,  5.48s/it]
  2%|▏         | 116/7110 [10:35<10:37:48,  5.47s/it]
  2%|▏         | 117/7110 [10:40<10:38:17,  5.48s/it]
  2%|▏         | 118/7110 [10:46<10:35:42,  5.46s/it]
  2%|▏         | 119/7110 [10:51<10:37:56,  5.48s/it]
  2%|▏         | 120/7110 [10:57<10:40:03,  5.49s/it]
  2%|▏         | 121/7110 [11:02<10:36:55,  5.47s/it]
  2%|▏         | 122/7110 [11:08<10:39:08,  5.49s/it]
  2%|▏         | 123/7110 [11:13<10:36:04,  5.46s/it]
  2%|▏         | 124/7110 [11:19<10:40:38,  5.50s/it]
  2%|▏         | 125/7110 [11:24<10:35:35,  5.46s/it]
  2%|▏         | 126/7110 [11:30<10:39:47,  5.50s/it]
  2%|▏         | 127/7110 [11:35<10:34:45,  5.45s/it]
  2%|▏         | 128/7110 [11:41<10:39:12,  5.49s/it]
  2%|▏         | 129/7110 [11:46<10:36:11,  5.47s/it]
  2%|▏         | 130/7110 [11:52<10:36:27,  5.47s/it]
  2%|▏         | 131/7110 [11:57<10:38:54,  5.49s/it]
  2%|▏         | 132/7110 [12:03<10:35:43,  5.47s/it]
  2%|▏         | 133/7110 [12:08<10:38:08,  5.49s/it]
  2%|▏         | 134/7110 [12:13<10:35:00,  5.46s/it]
  2%|▏         | 135/7110 [12:19<10:37:33,  5.48s/it]
  2%|▏         | 136/7110 [12:24<10:34:38,  5.46s/it]
  2%|▏         | 137/7110 [12:30<10:38:34,  5.49s/it]
  2%|▏         | 138/7110 [12:35<10:33:31,  5.45s/it]
  2%|▏         | 139/7110 [12:41<10:38:17,  5.49s/it]
  2%|▏         | 140/7110 [12:46<10:33:15,  5.45s/it]
  2%|▏         | 141/7110 [12:52<10:35:59,  5.48s/it]
  2%|▏         | 142/7110 [12:57<10:38:17,  5.50s/it]
  2%|▏         | 143/7110 [13:03<10:36:42,  5.48s/it]
  2%|▏         | 144/7110 [13:08<10:36:43,  5.48s/it]
  2%|▏         | 145/7110 [13:14<10:35:26,  5.47s/it]
  2%|▏         | 146/7110 [13:19<10:37:31,  5.49s/it]
  2%|▏         | 147/7110 [13:25<10:32:26,  5.45s/it]
  2%|▏         | 148/7110 [13:30<10:34:56,  5.47s/it]
  2%|▏         | 149/7110 [13:36<10:32:35,  5.45s/it]
  2%|▏         | 150/7110 [13:41<10:37:09,  5.49s/it]
  2%|▏         | 151/7110 [13:47<10:32:22,  5.45s/it]
  2%|▏         | 152/7110 [13:52<10:35:09,  5.48s/it]
  2%|▏         | 153/7110 [13:58<10:37:23,  5.50s/it]
  2%|▏         | 154/7110 [14:03<10:33:44,  5.47s/it]
  2%|▏         | 155/7110 [14:09<10:35:57,  5.49s/it]
  2%|▏         | 156/7110 [14:14<10:32:51,  5.46s/it]
  2%|▏         | 157/7110 [14:19<10:35:13,  5.48s/it]
  2%|▏         | 158/7110 [14:25<10:33:44,  5.47s/it]
  2%|▏         | 159/7110 [14:30<10:35:36,  5.49s/it]
  2%|▏         | 160/7110 [14:36<10:30:37,  5.44s/it]
  2%|▏         | 161/7110 [14:41<10:33:31,  5.47s/it]
  2%|▏         | 162/7110 [14:47<10:30:41,  5.45s/it]
  2%|▏         | 163/7110 [14:52<10:33:21,  5.47s/it]
  2%|▏         | 164/7110 [14:58<10:35:28,  5.49s/it]
  2%|▏         | 165/7110 [15:03<10:33:52,  5.48s/it]
  2%|▏         | 166/7110 [15:09<10:34:05,  5.48s/it]
  2%|▏         | 167/7110 [15:14<10:31:13,  5.45s/it]
  2%|▏         | 168/7110 [15:20<10:34:01,  5.48s/it]
  2%|▏         | 169/7110 [15:25<10:31:15,  5.46s/it]
  2%|▏         | 170/7110 [15:31<10:35:27,  5.49s/it]
  2%|▏         | 171/7110 [15:36<10:30:47,  5.45s/it]
  2%|▏         | 172/7110 [15:42<10:35:25,  5.50s/it]
  2%|▏         | 173/7110 [15:47<10:30:36,  5.45s/it]
  2%|▏         | 174/7110 [15:52<10:33:07,  5.48s/it]
  2%|▏         | 175/7110 [15:58<10:35:08,  5.50s/it]
  2%|▏         | 176/7110 [16:03<10:31:39,  5.47s/it]
  2%|▏         | 177/7110 [16:09<10:33:55,  5.49s/it]
  3%|▎         | 178/7110 [16:14<10:31:09,  5.46s/it]
  3%|▎         | 179/7110 [16:20<10:33:45,  5.49s/it]
  3%|▎         | 180/7110 [16:25<10:30:21,  5.46s/it]
  3%|▎         | 181/7110 [16:31<10:32:29,  5.48s/it]
  3%|▎         | 182/7110 [16:36<10:29:41,  5.45s/it]
  3%|▎         | 183/7110 [16:42<10:32:36,  5.48s/it]
  3%|▎         | 184/7110 [16:47<10:31:37,  5.47s/it]
  3%|▎         | 185/7110 [16:53<10:32:01,  5.48s/it]
  3%|▎         | 186/7110 [16:58<10:34:27,  5.50s/it]
  3%|▎         | 187/7110 [17:04<10:32:47,  5.48s/it]
  3%|▎         | 188/7110 [17:09<10:32:48,  5.49s/it]
  3%|▎         | 189/7110 [17:15<10:31:45,  5.48s/it]
  3%|▎         | 190/7110 [17:20<10:32:05,  5.48s/it]
  3%|▎         | 191/7110 [17:26<10:30:51,  5.47s/it]
  3%|▎         | 192/7110 [17:31<10:30:56,  5.47s/it]
  3%|▎         | 193/7110 [17:36<10:28:21,  5.45s/it]
  3%|▎         | 194/7110 [17:42<10:32:44,  5.49s/it]
  3%|▎         | 195/7110 [17:47<10:27:52,  5.45s/it]
  3%|▎         | 196/7110 [17:53<10:32:07,  5.49s/it]
  3%|▎         | 197/7110 [17:58<10:31:56,  5.48s/it]
  3%|▎         | 198/7110 [18:04<10:28:57,  5.46s/it]
  3%|▎         | 199/7110 [18:09<10:31:39,  5.48s/it]
  3%|▎         | 200/7110 [18:15<10:30:43,  5.48s/it]
  3%|▎         | 201/7110 [18:20<10:30:55,  5.48s/it]
  3%|▎         | 202/7110 [18:26<10:28:07,  5.46s/it]
  3%|▎         | 203/7110 [18:31<10:30:34,  5.48s/it]
  3%|▎         | 204/7110 [18:37<10:27:42,  5.45s/it]
  3%|▎         | 205/7110 [18:42<10:29:57,  5.47s/it]
  3%|▎         | 206/7110 [18:48<10:28:57,  5.47s/it]
  3%|▎         | 207/7110 [18:53<10:29:17,  5.47s/it]
  3%|▎         | 208/7110 [18:59<10:31:34,  5.49s/it]
  3%|▎         | 209/7110 [19:04<10:28:08,  5.46s/it]
  3%|▎         | 210/7110 [19:10<10:30:35,  5.48s/it]
  3%|▎         | 211/7110 [19:15<10:29:01,  5.47s/it]
  3%|▎         | 212/7110 [19:20<10:29:35,  5.48s/it]
  3%|▎         | 213/7110 [19:26<10:28:08,  5.46s/it]
  3%|▎         | 214/7110 [19:31<10:28:36,  5.47s/it]
  3%|▎         | 215/7110 [19:37<10:25:58,  5.45s/it]
  3%|▎         | 216/7110 [19:42<10:30:16,  5.49s/it]
  3%|▎         | 217/7110 [19:48<10:25:36,  5.45s/it]
  3%|▎         | 218/7110 [19:53<10:28:08,  5.47s/it]
  3%|▎         | 219/7110 [19:59<10:31:54,  5.50s/it]
  3%|▎         | 220/7110 [20:04<10:26:34,  5.46s/it]
  3%|▎         | 221/7110 [20:10<10:31:03,  5.50s/it]
  3%|▎         | 222/7110 [20:15<10:27:26,  5.47s/it]
  3%|▎         | 223/7110 [20:21<10:29:44,  5.49s/it]
  3%|▎         | 224/7110 [20:26<10:26:1(0,)
It  237, sqrt loss 0.01014, Val sim-RMS 0.001347, Time Loss: 97.5%, data: 0.7%, val: 1.9%,  5.6 sec/batch
6,  5.46s/it]
  3%|▎         | 225/7110 [20:32<10:27:25,  5.47s/it]
  3%|▎         | 226/7110 [20:37<10:25:09,  5.45s/it]
  3%|▎         | 227/7110 [20:43<10:28:19,  5.48s/it]
  3%|▎         | 228/7110 [20:48<10:25:39,  5.45s/it]
  3%|▎         | 229/7110 [20:53<10:29:35,  5.49s/it]
  3%|▎         | 230/7110 [20:59<10:30:42,  5.50s/it]
  3%|▎         | 231/7110 [21:04<10:25:19,  5.45s/it]
  3%|▎         | 232/7110 [21:10<10:27:46,  5.48s/it]
  3%|▎         | 233/7110 [21:15<10:25:05,  5.45s/it]
  3%|▎         | 234/7110 [21:21<10:28:13,  5.48s/it]
  3%|▎         | 235/7110 [21:26<10:25:05,  5.46s/it]
  3%|▎         | 236/7110 [21:32<10:27:44,  5.48s/it]
  3%|▎         | 237/7110 [22:02<24:33:58, 12.87s/it]
  3%|▎         | 238/7110 [22:07<20:19:43, 10.65s/it]
  3%|▎         | 239/7110 [22:13<17:20:58,  9.09s/it]
  3%|▎         | 240/7110 [22:18<15:16:32,  8.00s/it]
  3%|▎         | 241/7110 [22:24<13:51:09,  7.26s/it]
  3%|▎         | 242/7110 [22:29<12:46:49,  6.70s/it]
  3%|▎         | 243/7110 [22:35<12:06:41,  6.35s/it]
  3%|▎         | 244/7110 [22:40<11:35:40,  6.08s/it]
  3%|▎         | 245/7110 [22:46<11:15:05,  5.90s/it]
  3%|▎         | 246/7110 [22:51<10:57:52,  5.75s/it]
  3%|▎         | 247/7110 [22:57<10:49:55,  5.68s/it]
  3%|▎         | 248/7110 [23:02<10:44:37,  5.64s/it]
  4%|▎         | 249/7110 [23:07<10:36:26,  5.57s/it]
  4%|▎         | 250/7110 [23:13<10:34:51,  5.55s/it]
  4%|▎         | 251/7110 [23:18<10:29:40,  5.51s/it]
  4%|▎         | 252/7110 [23:24<10:30:07,  5.51s/it]
  4%|▎         | 253/7110 [23:29<10:30:21,  5.52s/it]
  4%|▎         | 254/7110 [23:35<10:26:06,  5.48s/it]
  4%|▎         | 255/7110 [23:40<10:28:15,  5.50s/it]
  4%|▎         | 256/7110 [23:46<10:26:43,  5.49s/it]
  4%|▎         | 257/7110 [23:51<10:28:22,  5.50s/it]
  4%|▎         | 258/7110 [23:57<10:23:05,  5.46s/it]
  4%|▎         | 259/7110 [24:02<10:27:30,  5.50s/it]
  4%|▎         | 260/7110 [24:08<10:24:19,  5.47s/it]
  4%|▎         | 261/7110 [24:13<10:26:03,  5.48s/it]
  4%|▎         | 262/7110 [24:19<10:22:52,  5.46s/it]
  4%|▎         | 263/7110 [24:24<10:23:08,  5.46s/it]
  4%|▎         | 264/7110 [24:30<10:25:16,  5.48s/it]
  4%|▎         | 265/7110 [24:35<10:22:17,  5.45s/it]
  4%|▎         | 266/7110 [24:41<10:24:59,  5.48s/it]
  4%|▍         | 267/7110 [24:46<10:24:03,  5.47s/it]
  4%|▍         | 268/7110 [24:52<10:24:20,  5.48s/it]
  4%|▍         | 269/7110 [24:57<10:21:41,  5.45s/it]
  4%|▍         | 270/7110 [25:02<10:24:18,  5.48s/it]
  4%|▍         | 271/7110 [25:08<10:27:54,  5.51s/it]
  4%|▍         | 272/7110 [25:13<10:24:28,  5.48s/it]
  4%|▍         | 273/7110 [25:19<10:24:39,  5.48s/it]
  4%|▍         | 274/7110 [25:24<10:21:43,  5.46s/it]
  4%|▍         | 275/7110 [25:30<10:23:37,  5.47s/it]
  4%|▍         | 276/7110 [25:35<10:22:39,  5.47s/it]
  4%|▍         | 277/7110 [25:41<10:24:36,  5.48s/it]
  4%|▍         | 278/7110 [25:46<10:26:23,  5.50s/it]
  4%|▍         | 279/7110 [25:52<10:22:56,  5.47s/it]
  4%|▍         | 280/7110 [25:57<10:24:47,  5.49s/it]
  4%|▍         | 281/7110 [26:03<10:21:47,  5.46s/it]
  4%|▍         | 282/7110 [26:08<10:24:21,  5.49s/it]
  4%|▍         | 283/7110 [26:14<10:19:45,  5.45s/it]
  4%|▍         | 284/7110 [26:19<10:22:36,  5.47s/it]
  4%|▍         | 285/7110 [26:25<10:24:32,  5.49s/it]
  4%|▍         | 286/7110 [26:30<10:20:53,  5.46s/it]
  4%|▍         | 287/7110 [26:36<10:23:35,  5.48s/it]
  4%|▍         | 288/7110 [26:41<10:22:25,  5.47s/it]
  4%|▍         | 289/7110 [26:47<10:24:38,  5.49s/it]
  4%|▍         | 290/7110 [26:52<10:19:11,  5.45s/it]
  4%|▍         | 291/7110 [26:57<10:23:17,  5.48s/it]
  4%|▍         | 292/7110 [27:03<10:18:37,  5.44s/it]
  4%|▍         | 293/7110 [27:08<10:21:39,  5.47s/it]
  4%|▍         | 294/7110 [27:14<10:20:57,  5.47s/it]
  4%|▍         | 295/7110 [27:19<10:21:36,  5.47s/it]
  4%|▍         | 296/7110 [27:25<10:25:33,  5.51s/it]
  4%|▍         | 297/7110 [27:30<10:19:55,  5.46s/it]
  4%|▍         | 298/7110 [27:36<10:22:31,  5.48s/it]
  4%|▍         | 299/7110 [27:41<10:19:29,  5.46s/it]
  4%|▍         | 300/7110 [27:47<10:22:03,  5.48s/it]
  4%|▍         | 301/7110 [27:52<10:19:22,  5.46s/it]
  4%|▍         | 302/7110 [27:58<10:21:45,  5.48s/it]
  4%|▍         | 303/7110 [28:03<10:19:06,  5.46s/it]
  4%|▍         | 304/7110 [28:09<10:21:23,  5.48s/it]
  4%|▍         | 305/7110 [28:14<10:18:24,  5.45s/it]
  4%|▍         | 306/7110 [28:20<10:22:25,  5.49s/it]
  4%|▍         | 307/7110 [28:25<10:23:30,  5.50s/it]
  4%|▍         | 308/7110 [28:30<10:19:39,  5.47s/it]
  4%|▍         | 309/7110 [28:36<10:20:03,  5.47s/it]
  4%|▍         | 310/7110 [28:41<10:17:21,  5.45s/it]
  4%|▍         | 311/7110 [28:47<10:20:06,  5.47s/it]
  4%|▍         | 312/7110 [28:52<10:19:17,  5.47s/it]
  4%|▍         | 313/7110 [28:58<10:19:53,  5.47s/it]
  4%|▍         | 314/7110 [29:03<10:19:05,  5.47s/it]
  4%|▍         | 315/7110 [29:09<10:19:21,  5.47s/it]
  4%|▍         | 316/7110 [29:14<10:18:49,  5.47s/it]
  4%|▍         | 317/7110 [29:20<10:20:48,  5.48s/it]
  4%|▍         | 318/7110 [29:25<10:20:36,  5.48s/it]
  4%|▍         | 319/7110 [29:31<10:17:19,  5.45s/it]
  5%|▍         | 320/7110 [29:36<10:21:48,  5.49s/it]
  5%|▍         | 321/7110 [29:42<10:18:37,  5.47s/it]
  5%|▍         | 322/7110 [29:47<10:20:50,  5.49s/it]
  5%|▍         | 323/7110 [29:53<10:17:58,  5.46s/it]
  5%|▍         | 324/7110 [29:58<10:18:30,  5.47s/it]
  5%|▍         | 325/7110 [30:03<10:16:11,  5.45s/it]
  5%|▍         | 326/7110 [30:09<10:19:08,  5.48s/it]
  5%|▍         | 327/7110 [30:14<10:16:57,  5.46s/it]
  5%|▍         | 328/7110 [30:20<10:19:25,  5.48s/it]
  5%|▍         | 329/7110 [30:25<10:21:04,  5.50s/it]
  5%|▍         | 330/7110 [30:31<10:19:14,  5.48s/it]
  5%|▍         | 331/7110 [30:36<10:19:48,  5.49s/it]
  5%|▍         | 332/7110 [30:42<10:16:56,  5.46s/it]
  5%|▍         | 333/7110 [30:47<10:19:09,  5.48s/it]
  5%|▍         | 334/7110 [30:53<10:16:21,  5.46s/it]
  5%|▍         | 335/7110 [30:58<10:20:20,  5.49s/it]
  5%|▍         | 336/7110 [31:04<10:16:59,  5.46s/it]
  5%|▍         | 337/7110 [31:09<10:19:16,  5.49s/it]
  5%|▍         | 338/7110 [31:15<10:14:50,  5.45s/it]
  5%|▍         | 339/7110 [31:20<10:17:46,  5.47s/it]
  5%|▍         | 340/7110 [31:26<10:19:14,  5.49s/it]
  5%|▍         | 341/7110 [31:31<10:15:52,  5.46s/it]
  5%|▍         | 342/7110 [31:37<10:18:25,  5.48s/it]
  5%|▍         | 343/7110 [31:42<10:15:32,  5.46s/it]
  5%|▍         | 344/7110 [31:47<10:18:09,  5.48s/it]
  5%|▍         | 345/7110 [31:53<10:15:46,  5.46s/it]
  5%|▍         | 346/7110 [31:58<10:19:54,  5.50s/it]
  5%|▍         | 347/7110 [32:04<10:14:35,  5.45s/it]
  5%|▍         | 348/7110 [32:09<10:18:55,  5.49s/it]
  5%|▍         | 349/7110 [32:15<10:14:18,  5.45s/it]
  5%|▍         | 350/7110 [32:20<10:16:54,  5.48s/it]
  5%|▍         | 351/7110 [32:26<10:18:37,  5.49s/it]
  5%|▍         | 352/7110 [32:31<10:15:32,  5.47s/it]
  5%|▍         | 353/7110 [32:37<10:19:44,  5.50s/it]
  5%|▍         | 354/7110 [32:42<10:14:47,  5.46s/it]
  5%|▍         | 355/7110 [32:48<10:19:10,  5.50s/it]
  5%|▌         | 356/7110 [32:53<10:15:40,  5.47s/it]
  5%|▌         | 357/7110 [32:59<10:15:54,  5.47s/it]
  5%|▌         | 358/7110 [33:04<10:13:41,  5.45s/it]
  5%|▌         | 359/7110 [33:10<10:18:24,  5.50s/it]
  5%|▌         | 360/7110 [33:15<10:13:33,  5.45s/it]
  5%|▌         | 361/7110 [33:21<10:15:54,  5.48s/it]
  5%|▌         | 362/7110 [33:26<10:19:05,  5.50s/it]
  5%|▌         | 363/7110 [33:31<10:13:36,  5.46s/it]
  5%|▌         | 364/7110 [33:37<10:16:09,  5.48s/it]
  5%|▌         | 365/7110 [33:42<10:13:37,  5.46s/it]
  5%|▌         | 366/7110 [33:48<10:17:55,  5.50s/it]
  5%|▌         | 367/7110 [33:53<10:13:16,  5.46s/it]
  5%|▌         | 368/7110 [33:59<10:15:56,  5.48s/it]
  5%|▌         | 369/7110 [34:04<10:13:12,  5.46s/it]
  5%|▌         | 370/7110 [34:10<10:15:31,  5.48s/it]
  5%|▌         | 371/7110 [34:15<10:12:52,  5.46s/it]
  5%|▌         | 372/7110 [34:21<10:17:18,  5.50s/it]
  5%|▌         | 373/7110 [34:26<10:18:23,  5.51s/it]
  5%|▌         | 374/7110 [34:32<10:14:46,  5.48s/it]
  5%|▌         | 375/7110 [34:37<10:15:03,  5.48s/it]
  5%|▌         | 376/7110 [34:43<10:12:28,  5.46s/it]
  5%|▌         | 377/7110 [34:48<10:15:04,  5.48s/it]
  5%|▌         | 378/7110 [34:54<10:13:43,  5.47s/it]
  5%|▌         | 379/7110 [34:59<10:15:25,  5.49s/it]
  5%|▌         | 380/7110 [35:05<10:12:26,  5.46s/it]
  5%|▌         | 381/7110 [35:10<10:13:06,  5.47s/it]
  5%|▌         | 382/7110 [35:15<10:10:52,  5.45s/it]
  5%|▌         | 383/7110 [35:21<10:15:12,  5.49s/it]
  5%|▌         | 384/7110 [35:26<10:14:46,  5.48s/it]
  5%|▌         | 385/7110 [35:32<10:13:43,  5.48s/it]
  5%|▌         | 386/7110 [35:37<10:13:55,  5.48s/it]
  5%|▌         | 387/7110 [35:43<10:13:07,  5.47s/it]
  5%|▌         | 388/7110 [35:48<10:13:32,  5.48s/it]
  5%|▌         | 389/7110 [35:54<10:11:01,  5.45s/it]
  5%|▌         | 390/7110 [35:59<10:13:31,  5.48s/it]
  5%|▌         | 391/7110 [36:05<10:12:31,  5.47s/it]
  6%|▌         | 392/7110 [36:10<10:12:45,  5.47s/it]
  6%|▌         | 393/7110 [36:16<10:10:08,  5.45s/it]
  6%|▌         | 394/7110 [36:21<10:12:52,  5.48s/it]
  6%|▌         | 395/7110 [36:27<10:14:49,  5.49s/it]
  6%|▌         | 396/7110 [36:32<10:13:14,  5.48s/it]
  6%|▌         | 397/7110 [36:38<10:13:24,  5.48s/it]
  6%|▌         | 398/7110 [36:43<10:10:11,  5.45s/it]
  6%|▌         | 399/7110 [36:49<10:12:37,  5.48s/it]
  6%|▌         | 400/7110 [36:54<10:11:23,  5.47s/it]
  6%|▌         | 401/7110 [36:59<10:11:33,  5.47s/it]
  6%|▌         | 402/7110 [37:05<10:10:38,  5.46s/it]
  6%|▌         | 403/7110 [37:10<10:12:46,  5.48s/it]
  6%|▌         | 404/7110 [37:16<10:08:47,  5.45s/it]
  6%|▌         | 405/7110 [37:21<10:11:51,  5.48s/it]
  6%|▌         | 406/7110 [37:27<10:15:25,  5.51s/it]
  6%|▌         | 407/7110 [37:32<10:10:16,  5.46s/it]
  6%|▌         | 408/7110 [37:38<10:12:30,  5.48s/it]
  6%|▌         | 409/7110 [37:43<10:10:00,  5.46s/it]
  6%|▌         | 410/7110 [37:49<10:12:39,  5.49s/it]
  6%|▌         | 411/7110 [37:54<10:09:45,  5.46s/it]
  6%|▌         | 412/7110 [38:00<10:12:11,  5.48s/it]
  6%|▌         | 413/7110 [38:05<10:09:31,  5.46s/it]
  6%|▌         | 414/7110 [38:11<10:13:35,  5.50s/it]
  6%|▌         | 415/7110 [38:16<10:08:51,  5.46s/it]
  6%|▌         | 416/7110 [38:22<10:11:40,  5.48s/it]
  6%|▌         | 417/7110 [38:27<10:13:21,  5.50s/it]
  6%|▌         | 418/7110 [38:33<10:10:20,  5.47s/it]
  6%|▌         | 419/7110 [38:38<10:12:34,  5.49s/it]
  6%|▌         | 420/7110 [38:44<10:09:23,  5.47s/it]
  6%|▌         | 421/7110 [38:49<10:11:38,  5.49s/it]
  6%|▌         | 422/7110 [38:54<10:08:25,  5.46s/it]
  6%|▌         | 423/7110 [39:00<10:12:36,  5.50s/it]
  6%|▌         | 424/7110 [39:05<10:07:45,  5.45s/it]
  6%|▌         | 425/7110 [39:11<10:10:16,  5.48s/it]
  6%|▌         | 426/7110 [39:16<10:09:51,  5.47s/it]
  6%|▌         | 427/7110 [39:22<10:10:13,  5.48s/it]
  6%|▌         | 428/7110 [39:27<10:11:45,  5.49s/it]
  6%|▌         | 429/7110 [39:33<10:08:31,  5.46s/it]
  6%|▌         | 430/7110 [39:38<10:12:37,  5.50s/it]
  6%|▌         | 431/7110 [39:44<10:07:38,  5.46s/it]
  6%|▌         | 432/7110 [39:49<10:10:13,  5.48s/it]
  6%|▌         | 433/7110 [39:55<10:07:01,  5.45s/it]
  6%|▌         | 434/7110 [40:00<10:11:25,  5.50s/it]
  6%|▌         | 435/7110 [40:06<10:08:19,  5.47s/it]
  6%|▌         | 436/7110 [40:11<10:09:02,  5.48s/it]
  6%|▌         | 437/7110 [40:17<10:06:48,  5.46s/it]
  6%|▌         | 438/7110 [40:22<10:09:23,  5.48s/it]
  6%|▌         | 439/7110 [40:28<10:10:59,  5.50s/it]
  6%|▌         | 440/7110 [40:33<10:07:33,  5.47s/it]
  6%|▌         | 441/7110 [40:39<10:11:45,  5.50s/it]
  6%|▌         | 442/7110 [40:44<10:06:36,  5.46s/it]
  6%|▌         | 443/7110 [40:50<10:10:57,  5.50s/it]
  6%|▌         | 444/7110 [40:55<10:06:09,  5.46s/it]
  6%|▋         | 445/7110 [41:00<10:08:38,  5.48s/it]
  6%|▋         | 446/7110 [41:06<10:06:03,  5.46s/it]
  6%|▋         | 447/7110 [41:11<10:08:35,  5.48s/it]
  6%|▋         | 448/7110 [41:17<10:06:06,  5.46s/it]
  6%|▋         | 449/7110 [41:22<10:08:46,  5.48s/it]
  6%|▋         | 450/7110 [41:28<10:10:20,  5.50s/it]
  6%|▋         | 451/7110 [41:33<10:07:09,  5.47s/it]
  6%|▋         | 452/7110 [41:39<10:09:19,  5.49s/it]
  6%|▋         | 453/7110 [41:44<10:08:08,  5.48s/it]
  6%|▋         | 454/7110 [41:50<10:08:07,  5.48s/it]
  6%|▋         | 455/7110 [41:55<10:07:06,  5.47s/it]
  6%|▋         | 456/7110 [42:01<10:09:05,  5.49s/it]
  6%|▋         | 457/7110 [42:06<10:04:37,  5.45s/it]
  6%|▋         | 458/7110 [42:12<10:07:19,  5.48s/it]
  6%|▋         | 459/7110 [42:17<10:04:47,  5.46s/it]
  6%|▋         | 460/7110 [42:23<10:07:10,  5.48s/it]
  6%|▋         | 461/7110 [42:28<10:08:44,  5.49s/it]
  6%|▋         | 462/711(0,)
It  474, sqrt loss 0.001847, Val sim-RMS 0.001204, Time Loss: 97.5%, data: 0.6%, val: 1.9%,  5.6 sec/batch
0 [42:34<10:05:42,  5.47s/it]
  7%|▋         | 463/7110 [42:39<10:08:04,  5.49s/it]
  7%|▋         | 464/7110 [42:45<10:06:51,  5.48s/it]
  7%|▋         | 465/7110 [42:50<10:07:07,  5.48s/it]
  7%|▋         | 466/7110 [42:55<10:04:18,  5.46s/it]
  7%|▋         | 467/7110 [43:01<10:06:49,  5.48s/it]
  7%|▋         | 468/7110 [43:06<10:04:13,  5.46s/it]
  7%|▋         | 469/7110 [43:12<10:08:15,  5.50s/it]
  7%|▋         | 470/7110 [43:17<10:05:15,  5.47s/it]
  7%|▋         | 471/7110 [43:23<10:05:36,  5.47s/it]
  7%|▋         | 472/7110 [43:28<10:07:34,  5.49s/it]
  7%|▋         | 473/7110 [43:34<10:04:52,  5.47s/it]
  7%|▋         | 474/7110 [44:04<23:42:52, 12.87s/it]
  7%|▋         | 475/7110 [44:09<19:35:03, 10.63s/it]
  7%|▋         | 476/7110 [44:15<16:44:22,  9.08s/it]
  7%|▋         | 477/7110 [44:20<14:42:06,  7.98s/it]
  7%|▋         | 478/7110 [44:26<13:22:28,  7.26s/it]
  7%|▋         | 479/7110 [44:31<12:19:02,  6.69s/it]
  7%|▋         | 480/7110 [44:37<11:40:50,  6.34s/it]
  7%|▋         | 481/7110 [44:42<11:09:10,  6.06s/it]
  7%|▋         | 482/7110 [44:48<10:51:29,  5.90s/it]
  7%|▋         | 483/7110 [44:53<10:40:58,  5.80s/it]
  7%|▋         | 484/7110 [44:59<10:27:25,  5.68s/it]
  7%|▋         | 485/7110 [45:04<10:20:57,  5.62s/it]
  7%|▋         | 486/7110 [45:10<10:15:08,  5.57s/it]
  7%|▋         | 487/7110 [45:15<10:11:54,  5.54s/it]
  7%|▋         | 488/7110 [45:20<10:06:49,  5.50s/it]
  7%|▋         | 489/7110 [45:26<10:09:01,  5.52s/it]
  7%|▋         | 490/7110 [45:31<10:04:45,  5.48s/it]
  7%|▋         | 491/7110 [45:37<10:04:32,  5.48s/it]
  7%|▋         | 492/7110 [45:42<10:03:47,  5.47s/it]
  7%|▋         | 493/7110 [45:48<10:05:35,  5.49s/it]
  7%|▋         | 494/7110 [45:53<10:05:00,  5.49s/it]
  7%|▋         | 495/7110 [45:59<10:02:05,  5.46s/it]
  7%|▋         | 496/7110 [46:04<10:04:27,  5.48s/it]
  7%|▋         | 497/7110 [46:10<10:01:17,  5.46s/it]
  7%|▋         | 498/7110 [46:15<10:03:46,  5.48s/it]
  7%|▋         | 499/7110 [46:21<10:02:53,  5.47s/it]
  7%|▋         | 500/7110 [46:26<10:02:53,  5.47s/it]
  7%|▋         | 501/7110 [46:32<10:02:14,  5.47s/it]
  7%|▋         | 502/7110 [46:37<10:02:22,  5.47s/it]
  7%|▋         | 503/7110 [46:42<10:00:11,  5.45s/it]
  7%|▋         | 504/7110 [46:48<10:02:51,  5.48s/it]
  7%|▋         | 505/7110 [46:53<10:05:00,  5.50s/it]
  7%|▋         | 506/7110 [46:59<10:03:25,  5.48s/it]
  7%|▋         | 507/7110 [47:04<10:05:16,  5.50s/it]
  7%|▋         | 508/7110 [47:10<10:00:17,  5.46s/it]
  7%|▋         | 509/7110 [47:15<10:03:11,  5.48s/it]
  7%|▋         | 510/7110 [47:21<10:00:37,  5.46s/it]
  7%|▋         | 511/7110 [47:26<10:02:48,  5.48s/it]
  7%|▋         | 512/7110 [47:32<10:00:05,  5.46s/it]
  7%|▋         | 513/7110 [47:37<10:02:48,  5.48s/it]
  7%|▋         | 514/7110 [47:43<10:00:16,  5.46s/it]
  7%|▋         | 515/7110 [47:48<10:04:21,  5.50s/it]
  7%|▋         | 516/7110 [47:54<10:03:41,  5.49s/it]
  7%|▋         | 517/7110 [47:59<10:02:15,  5.48s/it]
  7%|▋         | 518/7110 [48:05<10:02:29,  5.48s/it]
  7%|▋         | 519/7110 [48:10<10:01:26,  5.48s/it]
  7%|▋         | 520/7110 [48:16<10:01:37,  5.48s/it]
  7%|▋         | 521/7110 [48:21<9:59:06,  5.46s/it] 
  7%|▋         | 522/7110 [48:27<10:01:13,  5.48s/it]
  7%|▋         | 523/7110 [48:32<10:00:25,  5.47s/it]
  7%|▋         | 524/7110 [48:37<10:01:02,  5.48s/it]
  7%|▋         | 525/7110 [48:43<9:58:48,  5.46s/it] 
  7%|▋         | 526/7110 [48:48<10:01:13,  5.48s/it]
  7%|▋         | 527/7110 [48:54<10:03:11,  5.50s/it]
  7%|▋         | 528/7110 [48:59<9:59:42,  5.47s/it] 
  7%|▋         | 529/7110 [49:05<10:02:02,  5.49s/it]
  7%|▋         | 530/7110 [49:10<9:59:18,  5.46s/it] 
  7%|▋         | 531/7110 [49:16<10:03:27,  5.50s/it]
  7%|▋         | 532/7110 [49:21<9:58:43,  5.46s/it] 
  7%|▋         | 533/7110 [49:27<10:00:54,  5.48s/it]
  8%|▊         | 534/7110 [49:32<9:58:19,  5.46s/it] 
  8%|▊         | 535/7110 [49:38<10:00:35,  5.48s/it]
  8%|▊         | 536/7110 [49:43<9:57:47,  5.46s/it] 
  8%|▊         | 537/7110 [49:49<10:01:45,  5.49s/it]
  8%|▊         | 538/7110 [49:54<10:01:20,  5.49s/it]
  8%|▊         | 539/7110 [50:00<9:58:08,  5.46s/it] 
  8%|▊         | 540/7110 [50:05<10:00:42,  5.49s/it]
  8%|▊         | 541/7110 [50:11<9:57:54,  5.46s/it] 
  8%|▊         | 542/7110 [50:16<10:01:47,  5.50s/it]
  8%|▊         | 543/7110 [50:22<9:58:27,  5.47s/it] 
  8%|▊         | 544/7110 [50:27<9:58:36,  5.47s/it]
  8%|▊         | 545/7110 [50:32<9:56:13,  5.45s/it]
  8%|▊         | 546/7110 [50:38<9:59:09,  5.48s/it]
  8%|▊         | 547/7110 [50:43<9:56:56,  5.46s/it]
  8%|▊         | 548/7110 [50:49<10:00:50,  5.49s/it]
  8%|▊         | 549/7110 [50:54<10:00:40,  5.49s/it]
  8%|▊         | 550/7110 [51:00<9:59:12,  5.48s/it] 
  8%|▊         | 551/7110 [51:05<10:01:20,  5.50s/it]
  8%|▊         | 552/7110 [51:11<9:58:07,  5.47s/it] 
  8%|▊         | 553/7110 [51:16<9:58:46,  5.48s/it]
  8%|▊         | 554/7110 [51:22<9:56:20,  5.46s/it]
  8%|▊         | 555/7110 [51:27<10:00:08,  5.49s/it]
  8%|▊         | 556/7110 [51:33<9:57:14,  5.47s/it] 
  8%|▊         | 557/7110 [51:38<9:57:45,  5.47s/it]
  8%|▊         | 558/7110 [51:44<9:56:59,  5.47s/it]
  8%|▊         | 559/7110 [51:49<9:57:29,  5.47s/it]
  8%|▊         | 560/7110 [51:55<9:59:16,  5.49s/it]
  8%|▊         | 561/7110 [52:00<9:56:14,  5.46s/it]
  8%|▊         | 562/7110 [52:06<9:58:27,  5.48s/it]
  8%|▊         | 563/7110 [52:11<9:57:30,  5.48s/it]
  8%|▊         | 564/7110 [52:17<9:57:45,  5.48s/it]
  8%|▊         | 565/7110 [52:22<9:55:11,  5.46s/it]
  8%|▊         | 566/7110 [52:27<9:57:28,  5.48s/it]
  8%|▊         | 567/7110 [52:33<9:56:19,  5.47s/it]
  8%|▊         | 568/7110 [52:38<9:56:36,  5.47s/it]
  8%|▊         | 569/7110 [52:44<9:53:56,  5.45s/it]
  8%|▊         | 570/7110 [52:49<9:57:57,  5.49s/it]
  8%|▊         | 571/7110 [52:55<9:57:55,  5.49s/it]
  8%|▊         | 572/7110 [53:00<9:55:06,  5.46s/it]
  8%|▊         | 573/7110 [53:06<9:57:35,  5.49s/it]
  8%|▊         | 574/7110 [53:11<9:55:02,  5.46s/it]
  8%|▊         | 575/7110 [53:17<9:59:00,  5.50s/it]
  8%|▊         | 576/7110 [53:22<9:55:48,  5.47s/it]
  8%|▊         | 577/7110 [53:28<9:57:37,  5.49s/it]
  8%|▊         | 578/7110 [53:33<9:53:21,  5.45s/it]
  8%|▊         | 579/7110 [53:39<9:56:04,  5.48s/it]
  8%|▊         | 580/7110 [53:44<9:53:30,  5.45s/it]
  8%|▊         | 581/7110 [53:50<9:55:51,  5.48s/it]
  8%|▊         | 582/7110 [53:55<9:57:51,  5.50s/it]
  8%|▊         | 583/7110 [54:00<9:54:41,  5.47s/it]
  8%|▊         | 584/7110 [54:06<9:57:06,  5.49s/it]
  8%|▊         | 585/7110 [54:11<9:54:28,  5.47s/it]
  8%|▊         | 586/7110 [54:17<9:56:54,  5.49s/it]
  8%|▊         | 587/7110 [54:22<9:54:03,  5.46s/it]
  8%|▊         | 588/7110 [54:28<9:56:03,  5.48s/it]
  8%|▊         | 589/7110 [54:33<9:53:31,  5.46s/it]
  8%|▊         | 590/7110 [54:39<9:55:54,  5.48s/it]
  8%|▊         | 591/7110 [54:44<9:54:45,  5.47s/it]
  8%|▊         | 592/7110 [54:50<9:56:22,  5.49s/it]
  8%|▊         | 593/7110 [54:55<9:55:56,  5.49s/it]
  8%|▊         | 594/7110 [55:01<9:52:53,  5.46s/it]
  8%|▊         | 595/7110 [55:06<9:55:06,  5.48s/it]
  8%|▊         | 596/7110 [55:12<9:52:32,  5.46s/it]
  8%|▊         | 597/7110 [55:17<9:55:08,  5.48s/it]
  8%|▊         | 598/7110 [55:23<9:52:33,  5.46s/it]
  8%|▊         | 599/7110 [55:28<9:54:30,  5.48s/it]
  8%|▊         | 600/7110 [55:34<9:51:42,  5.45s/it]
  8%|▊         | 601/7110 [55:39<9:54:01,  5.48s/it]
  8%|▊         | 602/7110 [55:44<9:51:40,  5.45s/it]
  8%|▊         | 603/7110 [55:50<9:55:29,  5.49s/it]
  8%|▊         | 604/7110 [55:56<9:55:19,  5.49s/it]
  9%|▊         | 605/7110 [56:01<9:52:35,  5.47s/it]
  9%|▊         | 606/7110 [56:06<9:54:55,  5.49s/it]
  9%|▊         | 607/7110 [56:12<9:52:20,  5.47s/it]
  9%|▊         | 608/7110 [56:17<9:54:50,  5.49s/it]
  9%|▊         | 609/7110 [56:23<9:53:51,  5.48s/it]
  9%|▊         | 610/7110 [56:28<9:53:48,  5.48s/it]
  9%|▊         | 611/7110 [56:34<9:51:36,  5.46s/it]
  9%|▊         | 612/7110 [56:39<9:54:03,  5.49s/it]
  9%|▊         | 613/7110 [56:45<9:52:39,  5.47s/it]
  9%|▊         | 614/7110 [56:50<9:54:19,  5.49s/it]
  9%|▊         | 615/7110 [56:56<9:55:27,  5.50s/it]
  9%|▊         | 616/7110 [57:01<9:50:20,  5.45s/it]
  9%|▊         | 617/7110 [57:07<9:53:01,  5.48s/it]
  9%|▊         | 618/7110 [57:12<9:50:20,  5.46s/it]
  9%|▊         | 619/7110 [57:18<9:54:37,  5.50s/it]
  9%|▊         | 620/7110 [57:23<9:51:27,  5.47s/it]
  9%|▊         | 621/7110 [57:29<9:51:32,  5.47s/it]
  9%|▊         | 622/7110 [57:34<9:51:09,  5.47s/it]
  9%|▉         | 623/7110 [57:40<9:51:45,  5.47s/it]
  9%|▉         | 624/7110 [57:45<9:49:27,  5.45s/it]
  9%|▉         | 625/7110 [57:50<9:51:55,  5.48s/it]
  9%|▉         | 626/7110 [57:56<9:53:36,  5.49s/it]
  9%|▉         | 627/7110 [58:01<9:52:20,  5.48s/it]
  9%|▉         | 628/7110 [58:07<9:52:46,  5.49s/it]
  9%|▉         | 629/7110 [58:12<9:50:06,  5.46s/it]
  9%|▉         | 630/7110 [58:18<9:54:18,  5.50s/it]
  9%|▉         | 631/7110 [58:23<9:49:24,  5.46s/it]
  9%|▉         | 632/7110 [58:29<9:51:16,  5.48s/it]
  9%|▉         | 633/7110 [58:34<9:50:10,  5.47s/it]
  9%|▉         | 634/7110 [58:40<9:50:20,  5.47s/it]
  9%|▉         | 635/7110 [58:45<9:47:50,  5.45s/it]
  9%|▉         | 636/7110 [58:51<9:50:18,  5.47s/it]
  9%|▉         | 637/7110 [58:56<9:52:08,  5.49s/it]
  9%|▉         | 638/7110 [59:02<9:48:59,  5.46s/it]
  9%|▉         | 639/7110 [59:07<9:53:01,  5.50s/it]
  9%|▉         | 640/7110 [59:13<9:48:28,  5.46s/it]
  9%|▉         | 641/7110 [59:18<9:52:29,  5.50s/it]
  9%|▉         | 642/7110 [59:23<9:47:59,  5.45s/it]
  9%|▉         | 643/7110 [59:29<9:50:09,  5.48s/it]
  9%|▉         | 644/7110 [59:34<9:49:10,  5.47s/it]
  9%|▉         | 645/7110 [59:40<9:51:06,  5.49s/it]
  9%|▉         | 646/7110 [59:45<9:46:18,  5.44s/it]
  9%|▉         | 647/7110 [59:51<9:48:43,  5.47s/it]
  9%|▉         | 648/7110 [59:56<9:50:56,  5.49s/it]
  9%|▉         | 649/7110 [1:00:02<9:48:04,  5.46s/it]
  9%|▉         | 650/7110 [1:00:07<9:50:10,  5.48s/it]
  9%|▉         | 651/7110 [1:00:13<9:47:23,  5.46s/it]
  9%|▉         | 652/7110 [1:00:18<9:50:23,  5.49s/it]
  9%|▉         | 653/7110 [1:00:24<9:48:07,  5.47s/it]
  9%|▉         | 654/7110 [1:00:29<9:50:03,  5.48s/it]
  9%|▉         | 655/7110 [1:00:35<9:47:38,  5.46s/it]
  9%|▉         | 656/7110 [1:00:40<9:50:05,  5.49s/it]
  9%|▉         | 657/7110 [1:00:46<9:49:03,  5.48s/it]
  9%|▉         | 658/7110 [1:00:51<9:49:17,  5.48s/it]
  9%|▉         | 659/7110 [1:00:57<9:51:04,  5.50s/it]
  9%|▉         | 660/7110 [1:01:02<9:49:33,  5.48s/it]
  9%|▉         | 661/7110 [1:01:08<9:49:39,  5.49s/it]
  9%|▉         | 662/7110 [1:01:13<9:46:37,  5.46s/it]
  9%|▉         | 663/7110 [1:01:19<9:50:27,  5.50s/it]
  9%|▉         | 664/7110 [1:01:24<9:45:43,  5.45s/it]
  9%|▉         | 665/7110 [1:01:29<9:48:04,  5.47s/it]
  9%|▉         | 666/7110 [1:01:35<9:45:37,  5.45s/it]
  9%|▉         | 667/7110 [1:01:40<9:48:13,  5.48s/it]
  9%|▉         | 668/7110 [1:01:46<9:45:51,  5.46s/it]
  9%|▉         | 669/7110 [1:01:51<9:50:00,  5.50s/it]
  9%|▉         | 670/7110 [1:01:57<9:49:39,  5.49s/it]
  9%|▉         | 671/7110 [1:02:02<9:46:35,  5.47s/it]
  9%|▉         | 672/7110 [1:02:08<9:48:42,  5.49s/it]
  9%|▉         | 673/7110 [1:02:13<9:47:22,  5.48s/it]
  9%|▉         | 674/7110 [1:02:19<9:47:26,  5.48s/it]
  9%|▉         | 675/7110 [1:02:24<9:45:04,  5.46s/it]
 10%|▉         | 676/7110 [1:02:30<9:47:10,  5.48s/it]
 10%|▉         | 677/7110 [1:02:35<9:44:51,  5.45s/it]
 10%|▉         | 678/7110 [1:02:41<9:47:31,  5.48s/it]
 10%|▉         | 679/7110 [1:02:46<9:44:58,  5.46s/it]
 10%|▉         | 680/7110 [1:02:52<9:47:31,  5.48s/it]
 10%|▉         | 681/7110 [1:02:57<9:49:20,  5.50s/it]
 10%|▉         | 682/7110 [1:03:03<9:47:51,  5.49s/it]
 10%|▉         | 683/7110 [1:03:08<9:47:50,  5.49s/it]
 10%|▉         | 684/7110 [1:03:13<9:47:00,  5.48s/it]
 10%|▉         | 685/7110 [1:03:19<9:47:17,  5.48s/it]
 10%|▉         | 686/7110 [1:03:24<9:44:30,  5.46s/it]
 10%|▉         | 687/7110 [1:03:30<9:46:16,  5.48s/it]
 10%|▉         | 688/7110 [1:03:35<9:45:16,  5.47s/it]
 10%|▉         | 689/7110 [1:03:41<9:47:16,  5.49s/it]
 10%|▉         | 690/7110 [1:03:46<9:44:31,  5.46s/it]
 10%|▉         | 691/7110 [1:03:52<9:45:14,  5.47s/it]
 10%|▉         | 692/7110 [1:03:57<9:49:00,  5.51s/it]
 10%|▉         | 693/7110 [1:04:03<9:43:51,  5.46s/it]
 10%|▉         | 694/7110 [1:04:08<9:46:46,  5.49s/it]
 10%|▉         | 695/7110 [1:04:14<9:43:57,  5.46s/it]
 10%|▉         | 696/7110 [1:04:19<9:46:25,  5.49s/it]
 10%|▉         | 697/7110 [1:04:25<9:43:40,  5.46s/it]
 10%|▉         | 698/7110 [1:04:30<9:47:05,  5.49s/it]
 10%|▉         | 699/7110 [1:04:36<9:42:39,  5.45s/it]
 10%|▉         | 700/7110 [1:04:41<9:46:59,  5.49s/it]
(0,)
It  711, sqrt loss 0.001833, Val sim-RMS 0.000862, Time Loss: 97.5%, data: 0.6%, val: 1.9%,  5.6 sec/batch
 10%|▉         | 701/7110 [1:04:47<9:42:44,  5.46s/it]
 10%|▉         | 702/7110 [1:04:52<9:45:18,  5.48s/it]
 10%|▉         | 703/7110 [1:04:58<9:48:47,  5.51s/it]
 10%|▉         | 704/7110 [1:05:03<9:45:28,  5.48s/it]
 10%|▉         | 705/7110 [1:05:09<9:45:38,  5.49s/it]
 10%|▉         | 706/7110 [1:05:14<9:43:10,  5.46s/it]
 10%|▉         | 707/7110 [1:05:19<9:45:39,  5.49s/it]
 10%|▉         | 708/7110 [1:05:25<9:43:05,  5.46s/it]
 10%|▉         | 709/7110 [1:05:30<9:46:47,  5.50s/it]
 10%|▉         | 710/7110 [1:05:36<9:41:36,  5.45s/it]
 10%|█         | 711/7110 [1:06:06<22:50:25, 12.85s/it]
 10%|█         | 712/7110 [1:06:11<18:50:20, 10.60s/it]
 10%|█         | 713/7110 [1:06:17<16:07:48,  9.08s/it]
 10%|█         | 714/7110 [1:06:22<14:14:34,  8.02s/it]
 10%|█         | 715/7110 [1:06:28<12:50:34,  7.23s/it]
 10%|█         | 716/7110 [1:06:33<11:56:53,  6.73s/it]
 10%|█         | 717/7110 [1:06:39<11:14:41,  6.33s/it]
 10%|█         | 718/7110 [1:06:44<10:49:05,  6.09s/it]
 10%|█         | 719/7110 [1:06:50<10:27:10,  5.89s/it]
 10%|█         | 720/7110 [1:06:55<10:16:02,  5.78s/it]
 10%|█         | 721/7110 [1:07:01<10:03:46,  5.67s/it]
 10%|█         | 722/7110 [1:07:06<9:59:02,  5.63s/it] 
 10%|█         | 723/7110 [1:07:12<9:52:05,  5.56s/it]
 10%|█         | 724/7110 [1:07:17<9:51:23,  5.56s/it]
 10%|█         | 725/7110 [1:07:23<9:50:54,  5.55s/it]
 10%|█         | 726/7110 [1:07:28<9:45:44,  5.51s/it]
 10%|█         | 727/7110 [1:07:34<9:46:32,  5.51s/it]
 10%|█         | 728/7110 [1:07:39<9:42:59,  5.48s/it]
 10%|█         | 729/7110 [1:07:45<9:46:27,  5.51s/it]
 10%|█         | 730/7110 [1:07:50<9:40:49,  5.46s/it]
 10%|█         | 731/7110 [1:07:55<9:44:38,  5.50s/it]
 10%|█         | 732/7110 [1:08:01<9:39:53,  5.46s/it]
 10%|█         | 733/7110 [1:08:06<9:42:02,  5.48s/it]
 10%|█         | 734/7110 [1:08:12<9:40:55,  5.47s/it]
 10%|█         | 735/7110 [1:08:17<9:42:42,  5.48s/it]
 10%|█         | 736/7110 [1:08:23<9:42:17,  5.48s/it]
 10%|█         | 737/7110 [1:08:28<9:39:09,  5.45s/it]
 10%|█         | 738/7110 [1:08:34<9:41:52,  5.48s/it]
 10%|█         | 739/7110 [1:08:39<9:39:33,  5.46s/it]
 10%|█         | 740/7110 [1:08:45<9:43:39,  5.50s/it]
 10%|█         | 741/7110 [1:08:50<9:38:54,  5.45s/it]
 10%|█         | 742/7110 [1:08:56<9:41:22,  5.48s/it]
 10%|█         | 743/7110 [1:09:01<9:40:21,  5.47s/it]
 10%|█         | 744/7110 [1:09:07<9:40:51,  5.47s/it]
 10%|█         | 745/7110 [1:09:12<9:40:09,  5.47s/it]
 10%|█         | 746/7110 [1:09:18<9:42:10,  5.49s/it]
 11%|█         | 747/7110 [1:09:23<9:42:00,  5.49s/it]
 11%|█         | 748/7110 [1:09:28<9:38:36,  5.46s/it]
 11%|█         | 749/7110 [1:09:34<9:41:29,  5.48s/it]
 11%|█         | 750/7110 [1:09:39<9:38:59,  5.46s/it]
 11%|█         | 751/7110 [1:09:45<9:42:56,  5.50s/it]
 11%|█         | 752/7110 [1:09:50<9:38:00,  5.45s/it]
 11%|█         | 753/7110 [1:09:56<9:40:19,  5.48s/it]
 11%|█         | 754/7110 [1:10:01<9:37:36,  5.45s/it]
 11%|█         | 755/7110 [1:10:07<9:40:12,  5.48s/it]
 11%|█         | 756/7110 [1:10:12<9:37:43,  5.46s/it]
 11%|█         | 757/7110 [1:10:18<9:40:09,  5.48s/it]
 11%|█         | 758/7110 [1:10:23<9:42:07,  5.50s/it]
 11%|█         | 759/7110 [1:10:29<9:38:37,  5.47s/it]
 11%|█         | 760/7110 [1:10:34<9:40:58,  5.49s/it]
 11%|█         | 761/7110 [1:10:40<9:40:16,  5.48s/it]
 11%|█         | 762/7110 [1:10:45<9:42:10,  5.50s/it]
 11%|█         | 763/7110 [1:10:51<9:39:10,  5.48s/it]
 11%|█         | 764/7110 [1:10:56<9:39:30,  5.48s/it]
 11%|█         | 765/7110 [1:11:02<9:38:52,  5.47s/it]
 11%|█         | 766/7110 [1:11:07<9:39:12,  5.48s/it]
 11%|█         | 767/7110 [1:11:12<9:36:53,  5.46s/it]
 11%|█         | 768/7110 [1:11:18<9:41:07,  5.50s/it]
 11%|█         | 769/7110 [1:11:24<9:42:30,  5.51s/it]
 11%|█         | 770/7110 [1:11:29<9:37:11,  5.46s/it]
 11%|█         | 771/7110 [1:11:34<9:39:48,  5.49s/it]
 11%|█         | 772/7110 [1:11:40<9:38:41,  5.48s/it]
 11%|█         | 773/7110 [1:11:45<9:38:56,  5.48s/it]
 11%|█         | 774/7110 [1:11:51<9:37:54,  5.47s/it]
 11%|█         | 775/7110 [1:11:56<9:39:47,  5.49s/it]
 11%|█         | 776/7110 [1:12:02<9:35:24,  5.45s/it]
 11%|█         | 777/7110 [1:12:07<9:38:08,  5.48s/it]
 11%|█         | 778/7110 [1:12:13<9:35:53,  5.46s/it]
 11%|█         | 779/7110 [1:12:18<9:38:13,  5.48s/it]
 11%|█         | 780/7110 [1:12:24<9:41:36,  5.51s/it]
 11%|█         | 781/7110 [1:12:29<9:36:14,  5.46s/it]
 11%|█         | 782/7110 [1:12:35<9:38:47,  5.49s/it]
 11%|█         | 783/7110 [1:12:40<9:37:50,  5.48s/it]
 11%|█         | 784/7110 [1:12:46<9:38:18,  5.48s/it]
 11%|█         | 785/7110 [1:12:51<9:35:47,  5.46s/it]
 11%|█         | 786/7110 [1:12:57<9:38:14,  5.49s/it]
 11%|█         | 787/7110 [1:13:02<9:35:46,  5.46s/it]
 11%|█         | 788/7110 [1:13:08<9:38:09,  5.49s/it]
 11%|█         | 789/7110 [1:13:13<9:35:11,  5.46s/it]
 11%|█         | 790/7110 [1:13:19<9:37:14,  5.48s/it]
 11%|█         | 791/7110 [1:13:24<9:40:35,  5.51s/it]
 11%|█         | 792/7110 [1:13:29<9:35:16,  5.46s/it]
 11%|█         | 793/7110 [1:13:35<9:38:06,  5.49s/it]
 11%|█         | 794/7110 [1:13:40<9:36:49,  5.48s/it]
 11%|█         | 795/7110 [1:13:46<9:37:01,  5.48s/it]
 11%|█         | 796/7110 [1:13:51<9:34:33,  5.46s/it]
 11%|█         | 797/7110 [1:13:57<9:36:55,  5.48s/it]
 11%|█         | 798/7110 [1:14:02<9:34:31,  5.46s/it]
 11%|█         | 799/7110 [1:14:08<9:38:29,  5.50s/it]
 11%|█▏        | 800/7110 [1:14:13<9:33:41,  5.46s/it]
 11%|█▏        | 801/7110 [1:14:19<9:35:40,  5.47s/it]
 11%|█▏        | 802/7110 [1:14:24<9:37:21,  5.49s/it]
 11%|█▏        | 803/7110 [1:14:30<9:35:46,  5.48s/it]
 11%|█▏        | 804/7110 [1:14:35<9:37:53,  5.50s/it]
 11%|█▏        | 805/7110 [1:14:41<9:33:16,  5.46s/it]
 11%|█▏        | 806/7110 [1:14:46<9:36:09,  5.48s/it]
 11%|█▏        | 807/7110 [1:14:52<9:33:36,  5.46s/it]
 11%|█▏        | 808/7110 [1:14:57<9:35:55,  5.48s/it]
 11%|█▏        | 809/7110 [1:15:03<9:34:45,  5.47s/it]
 11%|█▏        | 810/7110 [1:15:08<9:36:19,  5.49s/it]
 11%|█▏        | 811/7110 [1:15:13<9:32:02,  5.45s/it]
 11%|█▏        | 812/7110 [1:15:19<9:34:26,  5.47s/it]
 11%|█▏        | 813/7110 [1:15:25<9:36:12,  5.49s/it]
 11%|█▏        | 814/7110 [1:15:30<9:32:51,  5.46s/it]
 11%|█▏        | 815/7110 [1:15:35<9:34:59,  5.48s/it]
 11%|█▏        | 816/7110 [1:15:41<9:32:13,  5.45s/it]
 11%|█▏        | 817/7110 [1:15:46<9:34:39,  5.48s/it]
 12%|█▏        | 818/7110 [1:15:52<9:32:28,  5.46s/it]
 12%|█▏        | 819/7110 [1:15:57<9:34:52,  5.48s/it]
 12%|█▏        | 820/7110 [1:16:03<9:34:05,  5.48s/it]
 12%|█▏        | 821/7110 [1:16:08<9:35:54,  5.49s/it]
 12%|█▏        | 822/7110 [1:16:14<9:31:17,  5.45s/it]
 12%|█▏        | 823/7110 [1:16:19<9:33:46,  5.48s/it]
 12%|█▏        | 824/7110 [1:16:25<9:35:15,  5.49s/it]
 12%|█▏        | 825/7110 [1:16:30<9:33:38,  5.48s/it]
 12%|█▏        | 826/7110 [1:16:36<9:34:08,  5.48s/it]
 12%|█▏        | 827/7110 [1:16:41<9:31:46,  5.46s/it]
 12%|█▏        | 828/7110 [1:16:47<9:34:02,  5.48s/it]
 12%|█▏        | 829/7110 [1:16:52<9:31:19,  5.46s/it]
 12%|█▏        | 830/7110 [1:16:58<9:33:50,  5.48s/it]
 12%|█▏        | 831/7110 [1:17:03<9:31:22,  5.46s/it]
 12%|█▏        | 832/7110 [1:17:09<9:35:18,  5.50s/it]
 12%|█▏        | 833/7110 [1:17:14<9:32:13,  5.47s/it]
 12%|█▏        | 834/7110 [1:17:19<9:32:38,  5.47s/it]
 12%|█▏        | 835/7110 [1:17:25<9:34:46,  5.50s/it]
 12%|█▏        | 836/7110 [1:17:30<9:33:12,  5.48s/it]
 12%|█▏        | 837/7110 [1:17:36<9:33:28,  5.49s/it]
 12%|█▏        | 838/7110 [1:17:41<9:30:52,  5.46s/it]
 12%|█▏        | 839/7110 [1:17:47<9:34:51,  5.50s/it]
 12%|█▏        | 840/7110 [1:17:52<9:30:25,  5.46s/it]
 12%|█▏        | 841/7110 [1:17:58<9:32:46,  5.48s/it]
 12%|█▏        | 842/7110 [1:18:03<9:30:19,  5.46s/it]
 12%|█▏        | 843/7110 [1:18:09<9:34:18,  5.50s/it]
 12%|█▏        | 844/7110 [1:18:14<9:31:36,  5.47s/it]
 12%|█▏        | 845/7110 [1:18:20<9:33:42,  5.49s/it]
 12%|█▏        | 846/7110 [1:18:25<9:33:31,  5.49s/it]
 12%|█▏        | 847/7110 [1:18:31<9:32:11,  5.48s/it]
 12%|█▏        | 848/7110 [1:18:36<9:32:11,  5.48s/it]
 12%|█▏        | 849/7110 [1:18:42<9:29:22,  5.46s/it]
 12%|█▏        | 850/7110 [1:18:47<9:33:17,  5.49s/it]
 12%|█▏        | 851/7110 [1:18:53<9:30:52,  5.47s/it]
 12%|█▏        | 852/7110 [1:18:58<9:31:38,  5.48s/it]
 12%|█▏        | 853/7110 [1:19:04<9:30:51,  5.47s/it]
 12%|█▏        | 854/7110 [1:19:09<9:32:55,  5.49s/it]
 12%|█▏        | 855/7110 [1:19:14<9:28:14,  5.45s/it]
 12%|█▏        | 856/7110 [1:19:20<9:30:32,  5.47s/it]
 12%|█▏        | 857/7110 [1:19:26<9:33:51,  5.51s/it]
 12%|█▏        | 858/7110 [1:19:31<9:28:37,  5.46s/it]
 12%|█▏        | 859/7110 [1:19:36<9:30:56,  5.48s/it]
 12%|█▏        | 860/7110 [1:19:42<9:28:06,  5.45s/it]
 12%|█▏        | 861/7110 [1:19:47<9:32:16,  5.49s/it]
 12%|█▏        | 862/7110 [1:19:53<9:27:57,  5.45s/it]
 12%|█▏        | 863/7110 [1:19:58<9:30:03,  5.48s/it]
 12%|█▏        | 864/7110 [1:20:04<9:27:59,  5.46s/it]
 12%|█▏        | 865/7110 [1:20:09<9:32:19,  5.50s/it]
 12%|█▏        | 866/7110 [1:20:15<9:29:26,  5.47s/it]
 12%|█▏        | 867/7110 [1:20:20<9:30:00,  5.48s/it]
 12%|█▏        | 868/7110 [1:20:26<9:31:43,  5.50s/it]
 12%|█▏        | 869/7110 [1:20:31<9:28:56,  5.47s/it]
 12%|█▏        | 870/7110 [1:20:37<9:30:58,  5.49s/it]
 12%|█▏        | 871/7110 [1:20:42<9:28:34,  5.47s/it]
 12%|█▏        | 872/7110 [1:20:48<9:30:48,  5.49s/it]
 12%|█▏        | 873/7110 [1:20:53<9:27:59,  5.46s/it]
 12%|█▏        | 874/7110 [1:20:59<9:30:15,  5.49s/it]
 12%|█▏        | 875/7110 [1:21:04<9:27:51,  5.46s/it]
 12%|█▏        | 876/7110 [1:21:10<9:30:03,  5.49s/it]
 12%|█▏        | 877/7110 [1:21:15<9:29:00,  5.48s/it]
 12%|█▏        | 878/7110 [1:21:21<9:30:40,  5.49s/it]
 12%|█▏        | 879/7110 [1:21:26<9:31:50,  5.51s/it]
 12%|█▏        | 880/7110 [1:21:31<9:27:00,  5.46s/it]
 12%|█▏        | 881/7110 [1:21:37<9:29:23,  5.48s/it]
 12%|█▏        | 882/7110 [1:21:42<9:27:09,  5.46s/it]
 12%|█▏        | 883/7110 [1:21:48<9:29:38,  5.49s/it]
 12%|█▏        | 884/7110 [1:21:53<9:26:46,  5.46s/it]
 12%|█▏        | 885/7110 [1:21:59<9:28:54,  5.48s/it]
 12%|█▏        | 886/7110 [1:22:04<9:26:12,  5.46s/it]
 12%|█▏        | 887/7110 [1:22:10<9:28:32,  5.48s/it]
 12%|█▏        | 888/7110 [1:22:15<9:25:50,  5.46s/it]
 13%|█▎        | 889/7110 [1:22:21<9:27:59,  5.48s/it]
 13%|█▎        | 890/7110 [1:22:26<9:29:40,  5.50s/it]
 13%|█▎        | 891/7110 [1:22:32<9:28:22,  5.48s/it]
 13%|█▎        | 892/7110 [1:22:37<9:28:13,  5.48s/it]
 13%|█▎        | 893/7110 [1:22:43<9:25:23,  5.46s/it]
 13%|█▎        | 894/7110 [1:22:48<9:27:55,  5.48s/it]
 13%|█▎        | 895/7110 [1:22:54<9:25:00,  5.45s/it]
 13%|█▎        | 896/7110 [1:22:59<9:27:48,  5.48s/it]
 13%|█▎        | 897/7110 [1:23:05<9:27:17,  5.48s/it]
 13%|█▎        | 898/7110 [1:23:10<9:27:29,  5.48s/it]
 13%|█▎        | 899/7110 [1:23:15<9:25:15,  5.46s/it]
 13%|█▎        | 900/7110 [1:23:21<9:27:26,  5.48s/it]
 13%|█▎        | 901/7110 [1:23:27<9:28:52,  5.50s/it]
 13%|█▎        | 902/7110 [1:23:32<9:27:39,  5.49s/it]
 13%|█▎        | 903/7110 [1:23:38<9:29:16,  5.50s/it]
 13%|█▎        | 904/7110 [1:23:43<9:26:16,  5.47s/it]
 13%|█▎        | 905/7110 [1:23:48<9:28:11,  5.49s/it]
 13%|█▎        | 906/7110 [1:23:54<9:23:40,  5.45s/it]
 13%|█▎        | 907/7110 [1:23:59<9:26:45,  5.48s/it]
 13%|█▎        | 908/7110 [1:24:05<9:24:13,  5.46s/it]
 13%|█▎        | 909/7110 [1:24:10<9:28:14,  5.50s/it]
 13%|█▎        | 910/7110 [1:24:16<9:23:37,  5.45s/it]
 13%|█▎        | 911/7110 [1:24:21<9:27:31,  5.49s/it]
 13%|█▎        | 912/7110 [1:24:27<9:27:06,  5.49s/it]
 13%|█▎        | 913/7110 [1:24:32<9:24:17,  5.46s/it]
 13%|█▎        | 914/7110 [1:24:38<9:28:00,  5.50s/it]
 13%|█▎        | 915/7110 [1:24:43<9:23:29,  5.46s/it]
 13%|█▎        | 916/7110 [1:24:49<9:25:57,  5.48s/it]
 13%|█▎        | 917/7110 [1:24:54<9:25:07,  5.48s/it]
 13%|█▎        | 918/7110 [1:25:00<9:25:26,  5.48s/it]
 13%|█▎        | 919/7110 [1:25:05<9:23:36,  5.46s/it]
 13%|█▎        | 920/7110 [1:25:11<9:25:56,  5.49s/it]
 13%|█▎        | 921/7110 [1:25:16<9:23:44,  5.47s/it]
 13%|█▎        | 922/7110 [1:25:22<9:25:48,  5.49s/it]
 13%|█▎        | 923/7110 [1:25:27<9:26:59,  5.50s/it]
 13%|█▎        | 924/7110 [1:25:32<9:24:09,  5.47s/it]
 13%|█▎        | 925/7110 [1:25:38<9:25:54,  5.49s/it]
 13%|█▎        | 926/7110 [1:25:43<9:23:08,  5.46s/it]
 13%|█▎        | 927/7110 [1:25:49<9:25:12,  5.48s/it]
 13%|█▎        | 928/7110 [1:25:54<9:22:30,  5.46s/it]
 13%|█▎        | 929/7110 [1:26:00<9:24:42,  5.48s/it]
 13%|█▎        | 930/7110 [1:26:05<9:22:30,  5.46s/it]
 13%|█▎        | 931/7110 [1:26:11<9:24:54,  5.49s/it]
 13%|█▎        | 932/7110 [1:26:16<9:22:27,  5.46s/it]
 13%|█▎        | 933/7110 [1:26:22<9:24:42,  5.49s/it]
 13%|█▎        | 934/7110 [1:26:27<9:26:01,  5.50s/it]
 13%|█▎        | 935/7110 [1:26:33<9:23:15,  5.47s/it]
 13%|█▎        | 936/7110 [1:26:38<9:26:42,  5.51s/it]
 13%|█▎        | 937/7110 [1:26:44<9:23:33,  5.48s/it]
 13%|█▎        | 938/7110 [1:26:49<9:24:01,  5.48s/it]
 13%|█▎        | 939/7110 [1:26:55<9:21:01,  5.45s/it]
 13%|█▎        | 940/7110 [1:27:00<9:23:13,  5.48s/it]
 13%|█▎        | 941/7110 [1:27:06<9:20:53,  5.46s/it]
 13%|█▎        | 942/7110 [1:27:11<9:23:11,  5.48s/it]
 13%|█▎        | 943/7110 [1:27:17<9:22:12,  5.47s/it]
 13%|█▎        | 944/7110 [1:27:22<9:23:58,  5.49s/it]
 13%|█▎        | 945/7110 [1:27:28<9:23:48,  5.49s/it]
 13%|█▎        | 946/7110 [1:27:33<9:21:04,  5.46s/it]
 13%|█(0,)
It  948, sqrt loss 0.001801, Val sim-RMS 0.003421, Time Loss: 97.5%, data: 0.7%, val: 1.9%,  5.6 sec/batch
▎        | 947/7110 [1:27:38<9:22:49,  5.48s/it]
 13%|█▎        | 948/7110 [1:28:08<21:57:56, 12.83s/it]
 13%|█▎        | 949/7110 [1:28:14<18:11:34, 10.63s/it]
 13%|█▎        | 950/7110 [1:28:19<15:30:35,  9.06s/it]
 13%|█▎        | 951/7110 [1:28:25<13:41:36,  8.00s/it]
 13%|█▎        | 952/7110 [1:28:30<12:21:19,  7.22s/it]
 13%|█▎        | 953/7110 [1:28:36<11:29:28,  6.72s/it]
 13%|█▎        | 954/7110 [1:28:41<10:49:14,  6.33s/it]
 13%|█▎        | 955/7110 [1:28:47<10:26:12,  6.10s/it]
 13%|█▎        | 956/7110 [1:28:52<10:07:18,  5.92s/it]
 13%|█▎        | 957/7110 [1:28:58<9:53:01,  5.78s/it] 
 13%|█▎        | 958/7110 [1:29:03<9:43:46,  5.69s/it]
 13%|█▎        | 959/7110 [1:29:09<9:34:57,  5.61s/it]
 14%|█▎        | 960/7110 [1:29:14<9:32:47,  5.59s/it]
 14%|█▎        | 961/7110 [1:29:20<9:26:49,  5.53s/it]
 14%|█▎        | 962/7110 [1:29:25<9:26:37,  5.53s/it]
 14%|█▎        | 963/7110 [1:29:31<9:22:24,  5.49s/it]
 14%|█▎        | 964/7110 [1:29:36<9:23:30,  5.50s/it]
 14%|█▎        | 965/7110 [1:29:42<9:22:03,  5.49s/it]
 14%|█▎        | 966/7110 [1:29:47<9:21:43,  5.49s/it]
 14%|█▎        | 967/7110 [1:29:53<9:24:53,  5.52s/it]
 14%|█▎        | 968/7110 [1:29:58<9:19:42,  5.47s/it]
 14%|█▎        | 969/7110 [1:30:03<9:21:53,  5.49s/it]
 14%|█▎        | 970/7110 [1:30:09<9:19:24,  5.47s/it]
 14%|█▎        | 971/7110 [1:30:14<9:21:32,  5.49s/it]
 14%|█▎        | 972/7110 [1:30:20<9:20:35,  5.48s/it]
 14%|█▎        | 973/7110 [1:30:25<9:20:34,  5.48s/it]
 14%|█▎        | 974/7110 [1:30:31<9:18:08,  5.46s/it]
 14%|█▎        | 975/7110 [1:30:36<9:21:55,  5.50s/it]
 14%|█▎        | 976/7110 [1:30:42<9:17:35,  5.45s/it]
 14%|█▎        | 977/7110 [1:30:47<9:20:01,  5.48s/it]
 14%|█▍        | 978/7110 [1:30:53<9:23:26,  5.51s/it]
 14%|█▍        | 979/7110 [1:30:58<9:18:39,  5.47s/it]
 14%|█▍        | 980/7110 [1:31:04<9:20:51,  5.49s/it]
 14%|█▍        | 981/7110 [1:31:09<9:19:46,  5.48s/it]
 14%|█▍        | 982/7110 [1:31:15<9:20:10,  5.48s/it]
 14%|█▍        | 983/7110 [1:31:20<9:17:53,  5.46s/it]
 14%|█▍        | 984/7110 [1:31:26<9:20:09,  5.49s/it]
 14%|█▍        | 985/7110 [1:31:31<9:17:34,  5.46s/it]
 14%|█▍        | 986/7110 [1:31:37<9:19:59,  5.49s/it]
 14%|█▍        | 987/7110 [1:31:42<9:17:26,  5.46s/it]
 14%|█▍        | 988/7110 [1:31:48<9:21:07,  5.50s/it]
 14%|█▍        | 989/7110 [1:31:53<9:20:58,  5.50s/it]
 14%|█▍        | 990/7110 [1:31:59<9:17:43,  5.47s/it]
 14%|█▍        | 991/7110 [1:32:04<9:19:38,  5.49s/it]
 14%|█▍        | 992/7110 [1:32:09<9:17:07,  5.46s/it]
 14%|█▍        | 993/7110 [1:32:15<9:19:27,  5.49s/it]
 14%|█▍        | 994/7110 [1:32:20<9:16:59,  5.46s/it]
 14%|█▍        | 995/7110 [1:32:26<9:18:55,  5.48s/it]
 14%|█▍        | 996/7110 [1:32:31<9:16:22,  5.46s/it]
 14%|█▍        | 997/7110 [1:32:37<9:20:19,  5.50s/it]
 14%|█▍        | 998/7110 [1:32:42<9:16:01,  5.46s/it]
 14%|█▍        | 999/7110 [1:32:48<9:18:08,  5.48s/it]
 14%|█▍        | 1000/7110 [1:32:53<9:20:01,  5.50s/it]
 14%|█▍        | 1001/7110 [1:32:59<9:18:30,  5.49s/it]
 14%|█▍        | 1002/7110 [1:33:04<9:18:31,  5.49s/it]
 14%|█▍        | 1003/7110 [1:33:10<9:15:56,  5.46s/it]
 14%|█▍        | 1004/7110 [1:33:15<9:18:31,  5.49s/it]
 14%|█▍        | 1005/7110 [1:33:21<9:16:16,  5.47s/it]
 14%|█▍        | 1006/7110 [1:33:26<9:19:43,  5.50s/it]
 14%|█▍        | 1007/7110 [1:33:32<9:16:46,  5.47s/it]
 14%|█▍        | 1008/7110 [1:33:37<9:17:10,  5.48s/it]
 14%|█▍        | 1009/7110 [1:33:43<9:14:56,  5.46s/it]
 14%|█▍        | 1010/7110 [1:33:48<9:16:57,  5.48s/it]
 14%|█▍        | 1011/7110 [1:33:54<9:18:53,  5.50s/it]
 14%|█▍        | 1012/7110 [1:33:59<9:17:34,  5.49s/it]
 14%|█▍        | 1013/7110 [1:34:05<9:19:16,  5.50s/it]
 14%|█▍        | 1014/7110 [1:34:10<9:14:43,  5.46s/it]
 14%|█▍        | 1015/7110 [1:34:16<9:17:02,  5.48s/it]
 14%|█▍        | 1016/7110 [1:34:21<9:14:33,  5.46s/it]
 14%|█▍        | 1017/7110 [1:34:27<9:18:08,  5.50s/it]
 14%|█▍        | 1018/7110 [1:34:32<9:13:52,  5.46s/it]
 14%|█▍        | 1019/7110 [1:34:37<9:16:12,  5.48s/it]
 14%|█▍        | 1020/7110 [1:34:43<9:15:28,  5.47s/it]
 14%|█▍        | 1021/7110 [1:34:48<9:15:47,  5.48s/it]
 14%|█▍        | 1022/7110 [1:34:54<9:17:29,  5.49s/it]
 14%|█▍        | 1023/7110 [1:34:59<9:14:27,  5.47s/it]
 14%|█▍        | 1024/7110 [1:35:05<9:16:30,  5.49s/it]
 14%|█▍        | 1025/7110 [1:35:10<9:13:52,  5.46s/it]
 14%|█▍        | 1026/7110 [1:35:16<9:16:11,  5.49s/it]
 14%|█▍        | 1027/7110 [1:35:21<9:14:04,  5.47s/it]
 14%|█▍        | 1028/7110 [1:35:27<9:15:44,  5.48s/it]
 14%|█▍        | 1029/7110 [1:35:32<9:13:18,  5.46s/it]
 14%|█▍        | 1030/7110 [1:35:38<9:15:35,  5.48s/it]
 15%|█▍        | 1031/7110 [1:35:43<9:14:47,  5.48s/it]
 15%|█▍        | 1032/7110 [1:35:49<9:14:59,  5.48s/it]
 15%|█▍        | 1033/7110 [1:35:54<9:16:50,  5.50s/it]
 15%|█▍        | 1034/7110 [1:36:00<9:13:47,  5.47s/it]
 15%|█▍        | 1035/7110 [1:36:05<9:17:26,  5.51s/it]
 15%|█▍        | 1036/7110 [1:36:10<9:12:49,  5.46s/it]
 15%|█▍        | 1037/7110 [1:36:16<9:15:15,  5.49s/it]
 15%|█▍        | 1038/7110 [1:36:21<9:12:51,  5.46s/it]
 15%|█▍        | 1039/7110 [1:36:27<9:14:44,  5.48s/it]
 15%|█▍        | 1040/7110 [1:36:32<9:12:21,  5.46s/it]
 15%|█▍        | 1041/7110 [1:36:38<9:14:39,  5.48s/it]
 15%|█▍        | 1042/7110 [1:36:43<9:12:08,  5.46s/it]
 15%|█▍        | 1043/7110 [1:36:49<9:15:53,  5.50s/it]
 15%|█▍        | 1044/7110 [1:36:54<9:15:30,  5.49s/it]
 15%|█▍        | 1045/7110 [1:37:00<9:12:20,  5.46s/it]
 15%|█▍        | 1046/7110 [1:37:05<9:15:44,  5.50s/it]
 15%|█▍        | 1047/7110 [1:37:11<9:10:56,  5.45s/it]
 15%|█▍        | 1048/7110 [1:37:16<9:15:01,  5.49s/it]
 15%|█▍        | 1049/7110 [1:37:22<9:12:15,  5.47s/it]
 15%|█▍        | 1050/7110 [1:37:27<9:13:57,  5.48s/it]
 15%|█▍        | 1051/7110 [1:37:33<9:09:48,  5.44s/it]
 15%|█▍        | 1052/7110 [1:37:38<9:12:25,  5.47s/it]
 15%|█▍        | 1053/7110 [1:37:44<9:10:14,  5.45s/it]
 15%|█▍        | 1054/7110 [1:37:49<9:12:24,  5.47s/it]
 15%|█▍        | 1055/7110 [1:37:55<9:16:01,  5.51s/it]
 15%|█▍        | 1056/7110 [1:38:00<9:12:42,  5.48s/it]
 15%|█▍        | 1057/7110 [1:38:06<9:13:07,  5.48s/it]
 15%|█▍        | 1058/7110 [1:38:11<9:10:47,  5.46s/it]
 15%|█▍        | 1059/7110 [1:38:16<9:13:17,  5.49s/it]
 15%|█▍        | 1060/7110 [1:38:22<9:10:54,  5.46s/it]
 15%|█▍        | 1061/7110 [1:38:27<9:12:41,  5.48s/it]
 15%|█▍        | 1062/7110 [1:38:33<9:10:13,  5.46s/it]
 15%|█▍        | 1063/7110 [1:38:38<9:14:07,  5.50s/it]
 15%|█▍        | 1064/7110 [1:38:44<9:09:32,  5.45s/it]
 15%|█▍        | 1065/7110 [1:38:49<9:11:53,  5.48s/it]
 15%|█▍        | 1066/7110 [1:38:55<9:13:52,  5.50s/it]
 15%|█▌        | 1067/7110 [1:39:00<9:12:25,  5.48s/it]
 15%|█▌        | 1068/7110 [1:39:06<9:12:29,  5.49s/it]
 15%|█▌        | 1069/7110 [1:39:11<9:11:28,  5.48s/it]
 15%|█▌        | 1070/7110 [1:39:17<9:11:41,  5.48s/it]
 15%|█▌        | 1071/7110 [1:39:22<9:09:43,  5.46s/it]
 15%|█▌        | 1072/7110 [1:39:28<9:11:49,  5.48s/it]
 15%|█▌        | 1073/7110 [1:39:33<9:09:28,  5.46s/it]
 15%|█▌        | 1074/7110 [1:39:39<9:11:30,  5.48s/it]
 15%|█▌        | 1075/7110 [1:39:44<9:09:06,  5.46s/it]
 15%|█▌        | 1076/7110 [1:39:50<9:11:24,  5.48s/it]
 15%|█▌        | 1077/7110 [1:39:55<9:13:10,  5.50s/it]
 15%|█▌        | 1078/7110 [1:40:01<9:09:54,  5.47s/it]
 15%|█▌        | 1079/7110 [1:40:06<9:12:03,  5.49s/it]
 15%|█▌        | 1080/7110 [1:40:11<9:09:12,  5.46s/it]
 15%|█▌        | 1081/7110 [1:40:17<9:11:32,  5.49s/it]
 15%|█▌        | 1082/7110 [1:40:22<9:09:02,  5.46s/it]
 15%|█▌        | 1083/7110 [1:40:28<9:10:52,  5.48s/it]
 15%|█▌        | 1084/7110 [1:40:33<9:08:18,  5.46s/it]
 15%|█▌        | 1085/7110 [1:40:39<9:10:44,  5.48s/it]
 15%|█▌        | 1086/7110 [1:40:44<9:08:25,  5.46s/it]
 15%|█▌        | 1087/7110 [1:40:50<9:10:29,  5.48s/it]
 15%|█▌        | 1088/7110 [1:40:55<9:12:26,  5.50s/it]
 15%|█▌        | 1089/7110 [1:41:01<9:09:11,  5.47s/it]
 15%|█▌        | 1090/7110 [1:41:06<9:12:43,  5.51s/it]
 15%|█▌        | 1091/7110 [1:41:12<9:09:33,  5.48s/it]
 15%|█▌        | 1092/7110 [1:41:17<9:09:56,  5.48s/it]
 15%|█▌        | 1093/7110 [1:41:23<9:07:48,  5.46s/it]
 15%|█▌        | 1094/7110 [1:41:28<9:11:22,  5.50s/it]
 15%|█▌        | 1095/7110 [1:41:34<9:07:07,  5.46s/it]
 15%|█▌        | 1096/7110 [1:41:39<9:09:20,  5.48s/it]
 15%|█▌        | 1097/7110 [1:41:45<9:06:43,  5.46s/it]
 15%|█▌        | 1098/7110 [1:41:50<9:08:39,  5.48s/it]
 15%|█▌        | 1099/7110 [1:41:56<9:10:36,  5.50s/it]
 15%|█▌        | 1100/7110 [1:42:01<9:07:50,  5.47s/it]
 15%|█▌        | 1101/7110 [1:42:07<9:09:48,  5.49s/it]
 15%|█▌        | 1102/7110 [1:42:12<9:07:27,  5.47s/it]
 16%|█▌        | 1103/7110 [1:42:18<9:09:40,  5.49s/it]
 16%|█▌        | 1104/7110 [1:42:23<9:08:49,  5.48s/it]
 16%|█▌        | 1105/7110 [1:42:28<9:08:37,  5.48s/it]
 16%|█▌        | 1106/7110 [1:42:34<9:06:32,  5.46s/it]
 16%|█▌        | 1107/7110 [1:42:39<9:08:47,  5.49s/it]
 16%|█▌        | 1108/7110 [1:42:45<9:05:57,  5.46s/it]
 16%|█▌        | 1109/7110 [1:42:50<9:07:48,  5.48s/it]
 16%|█▌        | 1110/7110 [1:42:56<9:09:35,  5.50s/it]
 16%|█▌        | 1111/7110 [1:43:01<9:06:41,  5.47s/it]
 16%|█▌        | 1112/7110 [1:43:07<9:08:41,  5.49s/it]
 16%|█▌        | 1113/7110 [1:43:12<9:06:00,  5.46s/it]
 16%|█▌        | 1114/7110 [1:43:18<9:08:16,  5.49s/it]
 16%|█▌        | 1115/7110 [1:43:23<9:05:50,  5.46s/it]
 16%|█▌        | 1116/7110 [1:43:29<9:09:24,  5.50s/it]
 16%|█▌        | 1117/7110 [1:43:34<9:05:18,  5.46s/it]
 16%|█▌        | 1118/7110 [1:43:40<9:07:30,  5.48s/it]
 16%|█▌        | 1119/7110 [1:43:45<9:05:23,  5.46s/it]
 16%|█▌        | 1120/7110 [1:43:51<9:07:30,  5.48s/it]
 16%|█▌        | 1121/7110 [1:43:56<9:09:24,  5.50s/it]
 16%|█▌        | 1122/7110 [1:44:02<9:06:18,  5.47s/it]
 16%|█▌        | 1123/7110 [1:44:07<9:08:12,  5.49s/it]
 16%|█▌        | 1124/7110 [1:44:13<9:05:31,  5.47s/it]
 16%|█▌        | 1125/7110 [1:44:18<9:07:36,  5.49s/it]
 16%|█▌        | 1126/7110 [1:44:23<9:05:17,  5.47s/it]
 16%|█▌        | 1127/7110 [1:44:29<9:07:01,  5.49s/it]
 16%|█▌        | 1128/7110 [1:44:34<9:04:40,  5.46s/it]
 16%|█▌        | 1129/7110 [1:44:40<9:06:37,  5.48s/it]
 16%|█▌        | 1130/7110 [1:44:45<9:04:20,  5.46s/it]
 16%|█▌        | 1131/7110 [1:44:51<9:08:09,  5.50s/it]
 16%|█▌        | 1132/7110 [1:44:56<9:07:35,  5.50s/it]
 16%|█▌        | 1133/7110 [1:45:02<9:04:53,  5.47s/it]
 16%|█▌        | 1134/7110 [1:45:07<9:06:54,  5.49s/it]
 16%|█▌        | 1135/7110 [1:45:13<9:04:20,  5.47s/it]
 16%|█▌        | 1136/7110 [1:45:18<9:06:44,  5.49s/it]
 16%|█▌        | 1137/7110 [1:45:24<9:04:06,  5.47s/it]
 16%|█▌        | 1138/7110 [1:45:29<9:06:04,  5.49s/it]
 16%|█▌        | 1139/7110 [1:45:35<9:03:42,  5.46s/it]
 16%|█▌        | 1140/7110 [1:45:40<9:07:08,  5.50s/it]
 16%|█▌        | 1141/7110 [1:45:46<9:02:40,  5.45s/it]
 16%|█▌        | 1142/7110 [1:45:51<9:04:59,  5.48s/it]
 16%|█▌        | 1143/7110 [1:45:57<9:06:42,  5.50s/it]
 16%|█▌        | 1144/7110 [1:46:02<9:03:50,  5.47s/it]
 16%|█▌        | 1145/7110 [1:46:08<9:05:57,  5.49s/it]
 16%|█▌        | 1146/7110 [1:46:13<9:04:43,  5.48s/it]
 16%|█▌        | 1147/7110 [1:46:19<9:04:52,  5.48s/it]
 16%|█▌        | 1148/7110 [1:46:24<9:02:35,  5.46s/it]
 16%|█▌        | 1149/7110 [1:46:30<9:04:42,  5.48s/it]
 16%|█▌        | 1150/7110 [1:46:35<9:02:35,  5.46s/it]
 16%|█▌        | 1151/7110 [1:46:40<9:04:45,  5.49s/it]
 16%|█▌        | 1152/7110 [1:46:46<9:02:25,  5.46s/it]
 16%|█▌        | 1153/7110 [1:46:51<9:06:05,  5.50s/it]
 16%|█▌        | 1154/7110 [1:46:57<9:05:44,  5.50s/it]
 16%|█▌        | 1155/7110 [1:47:02<9:04:22,  5.48s/it]
 16%|█▋        | 1156/7110 [1:47:08<9:04:18,  5.49s/it]
 16%|█▋        | 1157/7110 [1:47:13<9:01:37,  5.46s/it]
 16%|█▋        | 1158/7110 [1:47:19<9:03:46,  5.48s/it]
 16%|█▋        | 1159/7110 [1:47:24<9:01:12,  5.46s/it]
 16%|█▋        | 1160/7110 [1:47:30<9:03:10,  5.48s/it]
 16%|█▋        | 1161/7110 [1:47:35<9:01:00,  5.46s/it]
 16%|█▋        | 1162/7110 [1:47:41<9:03:12,  5.48s/it]
 16%|█▋        | 1163/7110 [1:47:46<9:01:14,  5.46s/it]
 16%|█▋        | 1164/7110 [1:47:52<9:03:26,  5.48s/it]
 16%|█▋        | 1165/7110 [1:47:57<9:04:58,  5.50s/it]
 16%|█▋        | 1166/7110 [1:48:03<9:02:03,  5.47s/it]
 16%|█▋        | 1167/7110 [1:48:08<9:04:09,  5.49s/it]
 16%|█▋        | 1168/7110 [1:48:14<9:01:15,  5.47s/it]
 16%|█▋        | 1169/7110 [1:48:19<9:0(0,)
It 1185, sqrt loss 0.002069, Val sim-RMS 0.0008053, Time Loss: 97.5%, data: 0.7%, val: 1.9%,  5.6 sec/batch
3:14,  5.49s/it]
 16%|█▋        | 1170/7110 [1:48:25<9:00:48,  5.46s/it]
 16%|█▋        | 1171/7110 [1:48:30<9:02:43,  5.48s/it]
 16%|█▋        | 1172/7110 [1:48:35<9:01:35,  5.47s/it]
 16%|█▋        | 1173/7110 [1:48:41<9:03:12,  5.49s/it]
 17%|█▋        | 1174/7110 [1:48:46<9:00:25,  5.46s/it]
 17%|█▋        | 1175/7110 [1:48:52<9:00:56,  5.47s/it]
 17%|█▋        | 1176/7110 [1:48:57<9:04:41,  5.51s/it]
 17%|█▋        | 1177/7110 [1:49:03<9:00:11,  5.46s/it]
 17%|█▋        | 1178/7110 [1:49:08<9:02:29,  5.49s/it]
 17%|█▋        | 1179/7110 [1:49:14<9:00:01,  5.46s/it]
 17%|█▋        | 1180/7110 [1:49:19<9:03:54,  5.50s/it]
 17%|█▋        | 1181/7110 [1:49:25<8:59:30,  5.46s/it]
 17%|█▋        | 1182/7110 [1:49:30<9:01:42,  5.48s/it]
 17%|█▋        | 1183/7110 [1:49:36<9:00:39,  5.47s/it]
 17%|█▋        | 1184/7110 [1:49:41<9:00:38,  5.47s/it]
 17%|█▋        | 1185/7110 [1:50:11<21:04:41, 12.81s/it]
 17%|█▋        | 1186/7110 [1:50:17<17:27:36, 10.61s/it]
 17%|█▋        | 1187/7110 [1:50:22<14:58:38,  9.10s/it]
 17%|█▋        | 1188/7110 [1:50:28<13:07:15,  7.98s/it]
 17%|█▋        | 1189/7110 [1:50:33<11:54:39,  7.24s/it]
 17%|█▋        | 1190/7110 [1:50:38<11:00:04,  6.69s/it]
 17%|█▋        | 1191/7110 [1:50:44<10:25:39,  6.34s/it]
 17%|█▋        | 1192/7110 [1:50:49<9:58:01,  6.06s/it] 
 17%|█▋        | 1193/7110 [1:50:55<9:41:53,  5.90s/it]
 17%|█▋        | 1194/7110 [1:51:00<9:30:51,  5.79s/it]
 17%|█▋        | 1195/7110 [1:51:06<9:20:58,  5.69s/it]
 17%|█▋        | 1196/7110 [1:51:11<9:14:51,  5.63s/it]
 17%|█▋        | 1197/7110 [1:51:17<9:08:03,  5.56s/it]
 17%|█▋        | 1198/7110 [1:51:22<9:08:52,  5.57s/it]
 17%|█▋        | 1199/7110 [1:51:28<9:06:17,  5.55s/it]
 17%|█▋        | 1200/7110 [1:51:33<9:03:38,  5.52s/it]
 17%|█▋        | 1201/7110 [1:51:39<9:03:08,  5.52s/it]
 17%|█▋        | 1202/7110 [1:51:44<8:59:41,  5.48s/it]
 17%|█▋        | 1203/7110 [1:51:50<9:01:22,  5.50s/it]
 17%|█▋        | 1204/7110 [1:51:55<8:58:32,  5.47s/it]
 17%|█▋        | 1205/7110 [1:52:01<9:00:32,  5.49s/it]
 17%|█▋        | 1206/7110 [1:52:06<8:57:55,  5.47s/it]
 17%|█▋        | 1207/7110 [1:52:12<9:00:00,  5.49s/it]
 17%|█▋        | 1208/7110 [1:52:17<8:57:42,  5.47s/it]
 17%|█▋        | 1209/7110 [1:52:23<9:01:20,  5.50s/it]
 17%|█▋        | 1210/7110 [1:52:28<9:00:26,  5.50s/it]
 17%|█▋        | 1211/7110 [1:52:34<8:59:06,  5.48s/it]
 17%|█▋        | 1212/7110 [1:52:39<9:00:23,  5.50s/it]
 17%|█▋        | 1213/7110 [1:52:45<8:56:20,  5.46s/it]
 17%|█▋        | 1214/7110 [1:52:50<8:58:41,  5.48s/it]
 17%|█▋        | 1215/7110 [1:52:55<8:56:15,  5.46s/it]
 17%|█▋        | 1216/7110 [1:53:01<8:58:20,  5.48s/it]
 17%|█▋        | 1217/7110 [1:53:06<8:57:50,  5.48s/it]
 17%|█▋        | 1218/7110 [1:53:12<8:58:04,  5.48s/it]
 17%|█▋        | 1219/7110 [1:53:17<8:55:50,  5.46s/it]
 17%|█▋        | 1220/7110 [1:53:23<8:59:26,  5.50s/it]
 17%|█▋        | 1221/7110 [1:53:28<8:59:04,  5.49s/it]
 17%|█▋        | 1222/7110 [1:53:34<8:56:22,  5.47s/it]
 17%|█▋        | 1223/7110 [1:53:39<8:58:30,  5.49s/it]
 17%|█▋        | 1224/7110 [1:53:45<8:56:00,  5.46s/it]
 17%|█▋        | 1225/7110 [1:53:50<8:58:14,  5.49s/it]
 17%|█▋        | 1226/7110 [1:53:56<8:55:43,  5.46s/it]
 17%|█▋        | 1227/7110 [1:54:01<8:59:20,  5.50s/it]
 17%|█▋        | 1228/7110 [1:54:07<8:54:36,  5.45s/it]
 17%|█▋        | 1229/7110 [1:54:12<8:56:51,  5.48s/it]
 17%|█▋        | 1230/7110 [1:54:18<8:54:53,  5.46s/it]
 17%|█▋        | 1231/7110 [1:54:23<8:57:14,  5.48s/it]
 17%|█▋        | 1232/7110 [1:54:29<9:00:03,  5.51s/it]
 17%|█▋        | 1233/7110 [1:54:34<8:57:05,  5.48s/it]
 17%|█▋        | 1234/7110 [1:54:40<8:57:21,  5.49s/it]
 17%|█▋        | 1235/7110 [1:54:45<8:56:18,  5.48s/it]
 17%|█▋        | 1236/7110 [1:54:51<8:56:48,  5.48s/it]
 17%|█▋        | 1237/7110 [1:54:56<8:54:31,  5.46s/it]
 17%|█▋        | 1238/7110 [1:55:02<8:56:44,  5.48s/it]
 17%|█▋        | 1239/7110 [1:55:07<8:54:22,  5.46s/it]
 17%|█▋        | 1240/7110 [1:55:12<8:56:21,  5.48s/it]
 17%|█▋        | 1241/7110 [1:55:18<8:55:27,  5.47s/it]
 17%|█▋        | 1242/7110 [1:55:23<8:56:54,  5.49s/it]
 17%|█▋        | 1243/7110 [1:55:29<8:57:49,  5.50s/it]
 17%|█▋        | 1244/7110 [1:55:34<8:53:24,  5.46s/it]
 18%|█▊        | 1245/7110 [1:55:40<8:55:35,  5.48s/it]
 18%|█▊        | 1246/7110 [1:55:45<8:54:52,  5.47s/it]
 18%|█▊        | 1247/7110 [1:55:51<8:55:14,  5.48s/it]
 18%|█▊        | 1248/7110 [1:55:56<8:52:44,  5.45s/it]
 18%|█▊        | 1249/7110 [1:56:02<8:56:08,  5.49s/it]
 18%|█▊        | 1250/7110 [1:56:07<8:53:27,  5.46s/it]
 18%|█▊        | 1251/7110 [1:56:13<8:54:23,  5.47s/it]
 18%|█▊        | 1252/7110 [1:56:18<8:52:32,  5.45s/it]
 18%|█▊        | 1253/7110 [1:56:24<8:54:51,  5.48s/it]
 18%|█▊        | 1254/7110 [1:56:29<8:56:18,  5.50s/it]
 18%|█▊        | 1255/7110 [1:56:35<8:53:35,  5.47s/it]
 18%|█▊        | 1256/7110 [1:56:40<8:55:38,  5.49s/it]
 18%|█▊        | 1257/7110 [1:56:46<8:52:43,  5.46s/it]
 18%|█▊        | 1258/7110 [1:56:51<8:56:15,  5.50s/it]
 18%|█▊        | 1259/7110 [1:56:56<8:51:47,  5.45s/it]
 18%|█▊        | 1260/7110 [1:57:02<8:54:12,  5.48s/it]
 18%|█▊        | 1261/7110 [1:57:07<8:51:57,  5.46s/it]
 18%|█▊        | 1262/7110 [1:57:13<8:53:53,  5.48s/it]
 18%|█▊        | 1263/7110 [1:57:18<8:51:32,  5.45s/it]
 18%|█▊        | 1264/7110 [1:57:24<8:53:43,  5.48s/it]
 18%|█▊        | 1265/7110 [1:57:29<8:56:43,  5.51s/it]
 18%|█▊        | 1266/7110 [1:57:35<8:52:05,  5.46s/it]
 18%|█▊        | 1267/7110 [1:57:40<8:54:20,  5.49s/it]
 18%|█▊        | 1268/7110 [1:57:46<8:52:07,  5.47s/it]
 18%|█▊        | 1269/7110 [1:57:51<8:55:48,  5.50s/it]
 18%|█▊        | 1270/7110 [1:57:57<8:51:14,  5.46s/it]
 18%|█▊        | 1271/7110 [1:58:02<8:54:57,  5.50s/it]
 18%|█▊        | 1272/7110 [1:58:08<8:52:17,  5.47s/it]
 18%|█▊        | 1273/7110 [1:58:13<8:52:48,  5.48s/it]
 18%|█▊        | 1274/7110 [1:58:19<8:50:48,  5.46s/it]
 18%|█▊        | 1275/7110 [1:58:24<8:52:35,  5.48s/it]
 18%|█▊        | 1276/7110 [1:58:30<8:53:57,  5.49s/it]
 18%|█▊        | 1277/7110 [1:58:35<8:51:19,  5.47s/it]
 18%|█▊        | 1278/7110 [1:58:41<8:53:33,  5.49s/it]
 18%|█▊        | 1279/7110 [1:58:46<8:51:03,  5.46s/it]
 18%|█▊        | 1280/7110 [1:58:52<8:54:48,  5.50s/it]
 18%|█▊        | 1281/7110 [1:58:57<8:50:20,  5.46s/it]
 18%|█▊        | 1282/7110 [1:59:03<8:54:19,  5.50s/it]
 18%|█▊        | 1283/7110 [1:59:08<8:49:52,  5.46s/it]
 18%|█▊        | 1284/7110 [1:59:13<8:52:12,  5.48s/it]
 18%|█▊        | 1285/7110 [1:59:19<8:50:04,  5.46s/it]
 18%|█▊        | 1286/7110 [1:59:24<8:51:56,  5.48s/it]
 18%|█▊        | 1287/7110 [1:59:30<8:54:36,  5.51s/it]
 18%|█▊        | 1288/7110 [1:59:35<8:51:15,  5.47s/it]
 18%|█▊        | 1289/7110 [1:59:41<8:51:20,  5.48s/it]
 18%|█▊        | 1290/7110 [1:59:46<8:49:19,  5.46s/it]
 18%|█▊        | 1291/7110 [1:59:52<8:51:45,  5.48s/it]
 18%|█▊        | 1292/7110 [1:59:57<8:49:20,  5.46s/it]
 18%|█▊        | 1293/7110 [2:00:03<8:51:30,  5.48s/it]
 18%|█▊        | 1294/7110 [2:00:08<8:49:22,  5.46s/it]
 18%|█▊        | 1295/7110 [2:00:14<8:51:40,  5.49s/it]
 18%|█▊        | 1296/7110 [2:00:19<8:50:51,  5.48s/it]
 18%|█▊        | 1297/7110 [2:00:25<8:50:35,  5.48s/it]
 18%|█▊        | 1298/7110 [2:00:30<8:53:25,  5.51s/it]
 18%|█▊        | 1299/7110 [2:00:36<8:50:14,  5.47s/it]
 18%|█▊        | 1300/7110 [2:00:41<8:50:24,  5.48s/it]
 18%|█▊        | 1301/7110 [2:00:46<8:48:23,  5.46s/it]
 18%|█▊        | 1302/7110 [2:00:52<8:50:40,  5.48s/it]
 18%|█▊        | 1303/7110 [2:00:57<8:48:24,  5.46s/it]
 18%|█▊        | 1304/7110 [2:01:03<8:52:17,  5.50s/it]
 18%|█▊        | 1305/7110 [2:01:08<8:47:50,  5.46s/it]
 18%|█▊        | 1306/7110 [2:01:14<8:49:26,  5.47s/it]
 18%|█▊        | 1307/7110 [2:01:19<8:48:16,  5.46s/it]
 18%|█▊        | 1308/7110 [2:01:25<8:48:05,  5.46s/it]
 18%|█▊        | 1309/7110 [2:01:30<8:50:00,  5.48s/it]
 18%|█▊        | 1310/7110 [2:01:36<8:47:42,  5.46s/it]
 18%|█▊        | 1311/7110 [2:01:41<8:51:26,  5.50s/it]
 18%|█▊        | 1312/7110 [2:01:47<8:47:29,  5.46s/it]
 18%|█▊        | 1313/7110 [2:01:52<8:49:57,  5.49s/it]
 18%|█▊        | 1314/7110 [2:01:58<8:48:51,  5.47s/it]
 18%|█▊        | 1315/7110 [2:02:03<8:49:29,  5.48s/it]
 19%|█▊        | 1316/7110 [2:02:09<8:47:24,  5.46s/it]
 19%|█▊        | 1317/7110 [2:02:14<8:49:28,  5.48s/it]
 19%|█▊        | 1318/7110 [2:02:20<8:48:26,  5.47s/it]
 19%|█▊        | 1319/7110 [2:02:25<8:48:45,  5.48s/it]
 19%|█▊        | 1320/7110 [2:02:31<8:50:22,  5.50s/it]
 19%|█▊        | 1321/7110 [2:02:36<8:47:43,  5.47s/it]
 19%|█▊        | 1322/7110 [2:02:42<8:49:47,  5.49s/it]
 19%|█▊        | 1323/7110 [2:02:47<8:48:50,  5.48s/it]
 19%|█▊        | 1324/7110 [2:02:53<8:50:33,  5.50s/it]
 19%|█▊        | 1325/7110 [2:02:58<8:47:38,  5.47s/it]
 19%|█▊        | 1326/7110 [2:03:04<8:49:23,  5.49s/it]
 19%|█▊        | 1327/7110 [2:03:09<8:47:01,  5.47s/it]
 19%|█▊        | 1328/7110 [2:03:14<8:48:53,  5.49s/it]
 19%|█▊        | 1329/7110 [2:03:20<8:44:49,  5.45s/it]
 19%|█▊        | 1330/7110 [2:03:25<8:47:09,  5.47s/it]
 19%|█▊        | 1331/7110 [2:03:31<8:48:54,  5.49s/it]
 19%|█▊        | 1332/7110 [2:03:36<8:46:13,  5.46s/it]
 19%|█▊        | 1333/7110 [2:03:42<8:48:25,  5.49s/it]
 19%|█▉        | 1334/7110 [2:03:47<8:46:08,  5.47s/it]
 19%|█▉        | 1335/7110 [2:03:53<8:48:38,  5.49s/it]
 19%|█▉        | 1336/7110 [2:03:58<8:47:19,  5.48s/it]
 19%|█▉        | 1337/7110 [2:04:04<8:47:22,  5.48s/it]
 19%|█▉        | 1338/7110 [2:04:09<8:44:40,  5.45s/it]
 19%|█▉        | 1339/7110 [2:04:15<8:46:48,  5.48s/it]
 19%|█▉        | 1340/7110 [2:04:20<8:44:44,  5.46s/it]
 19%|█▉        | 1341/7110 [2:04:26<8:46:31,  5.48s/it]
 19%|█▉        | 1342/7110 [2:04:31<8:48:02,  5.49s/it]
 19%|█▉        | 1343/7110 [2:04:37<8:46:35,  5.48s/it]
 19%|█▉        | 1344/7110 [2:04:42<8:48:14,  5.50s/it]
 19%|█▉        | 1345/7110 [2:04:47<8:43:59,  5.45s/it]
 19%|█▉        | 1346/7110 [2:04:53<8:46:29,  5.48s/it]
 19%|█▉        | 1347/7110 [2:04:58<8:44:19,  5.46s/it]
 19%|█▉        | 1348/7110 [2:05:04<8:47:58,  5.50s/it]
 19%|█▉        | 1349/7110 [2:05:09<8:43:39,  5.45s/it]
 19%|█▉        | 1350/7110 [2:05:15<8:47:22,  5.49s/it]
 19%|█▉        | 1351/7110 [2:05:20<8:44:38,  5.47s/it]
 19%|█▉        | 1352/7110 [2:05:26<8:46:06,  5.48s/it]
 19%|█▉        | 1353/7110 [2:05:31<8:46:13,  5.48s/it]
 19%|█▉        | 1354/7110 [2:05:37<8:43:50,  5.46s/it]
 19%|█▉        | 1355/7110 [2:05:42<8:46:14,  5.49s/it]
 19%|█▉        | 1356/7110 [2:05:48<8:43:51,  5.46s/it]
 19%|█▉        | 1357/7110 [2:05:53<8:46:27,  5.49s/it]
 19%|█▉        | 1358/7110 [2:05:59<8:45:24,  5.48s/it]
 19%|█▉        | 1359/7110 [2:06:04<8:47:06,  5.50s/it]
 19%|█▉        | 1360/7110 [2:06:10<8:42:52,  5.46s/it]
 19%|█▉        | 1361/7110 [2:06:15<8:46:31,  5.50s/it]
 19%|█▉        | 1362/7110 [2:06:21<8:42:29,  5.45s/it]
 19%|█▉        | 1363/7110 [2:06:26<8:44:31,  5.48s/it]
 19%|█▉        | 1364/7110 [2:06:32<8:46:11,  5.49s/it]
 19%|█▉        | 1365/7110 [2:06:37<8:45:01,  5.48s/it]
 19%|█▉        | 1366/7110 [2:06:43<8:46:41,  5.50s/it]
 19%|█▉        | 1367/7110 [2:06:48<8:42:37,  5.46s/it]
 19%|█▉        | 1368/7110 [2:06:54<8:46:10,  5.50s/it]
 19%|█▉        | 1369/7110 [2:06:59<8:41:39,  5.45s/it]
 19%|█▉        | 1370/7110 [2:07:04<8:43:56,  5.48s/it]
 19%|█▉        | 1371/7110 [2:07:10<8:43:00,  5.47s/it]
 19%|█▉        | 1372/7110 [2:07:15<8:44:54,  5.49s/it]
 19%|█▉        | 1373/7110 [2:07:21<8:40:44,  5.45s/it]
 19%|█▉        | 1374/7110 [2:07:26<8:44:34,  5.49s/it]
 19%|█▉        | 1375/7110 [2:07:32<8:46:02,  5.50s/it]
 19%|█▉        | 1376/7110 [2:07:37<8:43:19,  5.48s/it]
 19%|█▉        | 1377/7110 [2:07:43<8:45:19,  5.50s/it]
 19%|█▉        | 1378/7110 [2:07:48<8:41:22,  5.46s/it]
 19%|█▉        | 1379/7110 [2:07:54<8:43:50,  5.48s/it]
 19%|█▉        | 1380/7110 [2:07:59<8:41:18,  5.46s/it]
 19%|█▉        | 1381/7110 [2:08:05<8:43:44,  5.49s/it]
 19%|█▉        | 1382/7110 [2:08:10<8:41:29,  5.46s/it]
 19%|█▉        | 1383/7110 [2:08:16<8:45:06,  5.50s/it]
 19%|█▉        | 1384/7110 [2:08:21<8:40:46,  5.46s/it]
 19%|█▉        | 1385/7110 [2:08:27<8:44:03,  5.49s/it]
 19%|█▉        | 1386/7110 [2:08:32<8:44:09,  5.49s/it]
 20%|█▉        | 1387/7110 [2:08:38<8:42:56,  5.48s/it]
 20%|█▉        | 1388/7110 [2:08:43<8:43:08,  5.49s/it]
 20%|█▉        | 1389/7110 [2:08:48<8:40:45,  5.46s/it]
 20%|█▉        | 1390/7110 [2:08:54<8:42:38,  5.48s/it]
 20%|█▉        | 1391/7110 [2:08:59<8:40:04,  5.46s/it]
 20%|█▉        | 1392/7110 [2:09:05<8:43:46,  5.50s/it]
 20%|█▉        | 1393/7110 [2:09:10<8:41:00,  5.47s/it]
 20%|█▉        | 1394/7110 [2:09:16<8:42:51,  5.49s/it]
 20%|█▉        | 1395/7110 [2:09:21<8:40:28,  5.46s/it]
 20%|█▉        | 1396/7110 [2:09:27<8:40:35,  5.47s/it]
 20%|█▉        | 1397/7110 [2:09:32<8:42:37,  5.49s/it]
 20%|█▉        | 1398/7110 [2:09:38<8:41:37,  5.48s/it]
 20%|█▉        | 1399/7110 [2:09:43<8:43:12,  5.50s/it]
 20%|█▉        | 1400/7110 [2:09:49<8:39:10,  5.46s/it]
 20%|█▉        | 1401/7110 [2:09:54<8:41:29,  5.48s/it]
 20%|█▉        | 1402/7110 [2:10:00<8:39:23,  5.46s/it]
 20%|█▉        | 1403/7110 [2:10:05<8:41:40,  5.48s/it]
 20%|█▉        | 1404/7110 [2:10:11<8:39:28,  5.46s/it]
 20%|█▉        | 1405/7110 [2:10:16<8:43:03,  5.50s/it]
 20%|█▉        | 1406/7110 [2:10:22<8:38:55,  5.46s/it]
 20%|█▉        | 1407/7110 [2:10:27<8:42:00,  5.49s/it]
 20%|█▉        | 1408/7110 (0,)
It 1422, sqrt loss 0.002095, Val sim-RMS  0.001, Time Loss: 97.5%, data: 0.7%, val: 1.9%,  5.6 sec/batch
[2:10:33<8:43:26,  5.51s/it]
 20%|█▉        | 1409/7110 [2:10:38<8:39:00,  5.46s/it]
 20%|█▉        | 1410/7110 [2:10:44<8:41:16,  5.49s/it]
 20%|█▉        | 1411/7110 [2:10:49<8:38:50,  5.46s/it]
 20%|█▉        | 1412/7110 [2:10:55<8:40:34,  5.48s/it]
 20%|█▉        | 1413/7110 [2:11:00<8:39:41,  5.47s/it]
 20%|█▉        | 1414/7110 [2:11:06<8:41:13,  5.49s/it]
 20%|█▉        | 1415/7110 [2:11:11<8:36:58,  5.45s/it]
 20%|█▉        | 1416/7110 [2:11:16<8:39:29,  5.47s/it]
 20%|█▉        | 1417/7110 [2:11:22<8:38:44,  5.47s/it]
 20%|█▉        | 1418/7110 [2:11:27<8:38:46,  5.47s/it]
 20%|█▉        | 1419/7110 [2:11:33<8:40:30,  5.49s/it]
 20%|█▉        | 1420/7110 [2:11:38<8:38:01,  5.46s/it]
 20%|█▉        | 1421/7110 [2:11:44<8:40:01,  5.48s/it]
 20%|██        | 1422/7110 [2:12:14<20:13:35, 12.80s/it]
 20%|██        | 1423/7110 [2:12:19<16:45:27, 10.61s/it]
 20%|██        | 1424/7110 [2:12:25<14:17:11,  9.05s/it]
 20%|██        | 1425/7110 [2:12:30<12:36:50,  7.99s/it]
 20%|██        | 1426/7110 [2:12:36<11:24:53,  7.23s/it]
 20%|██        | 1427/7110 [2:12:41<10:34:54,  6.70s/it]
 20%|██        | 1428/7110 [2:12:46<9:57:48,  6.31s/it] 
 20%|██        | 1429/7110 [2:12:52<9:35:16,  6.08s/it]
 20%|██        | 1430/7110 [2:12:58<9:21:12,  5.93s/it]
 20%|██        | 1431/7110 [2:13:03<9:04:44,  5.76s/it]
 20%|██        | 1432/7110 [2:13:08<8:59:52,  5.70s/it]
 20%|██        | 1433/7110 [2:13:14<8:49:54,  5.60s/it]
 20%|██        | 1434/7110 [2:13:19<8:48:13,  5.58s/it]
 20%|██        | 1435/7110 [2:13:25<8:42:40,  5.53s/it]
 20%|██        | 1436/7110 [2:13:30<8:43:52,  5.54s/it]
 20%|██        | 1437/7110 [2:13:36<8:38:23,  5.48s/it]
 20%|██        | 1438/7110 [2:13:41<8:39:52,  5.50s/it]
 20%|██        | 1439/7110 [2:13:47<8:38:54,  5.49s/it]
 20%|██        | 1440/7110 [2:13:52<8:40:12,  5.50s/it]
 20%|██        | 1441/7110 [2:13:58<8:39:50,  5.50s/it]
 20%|██        | 1442/7110 [2:14:03<8:37:26,  5.48s/it]
 20%|██        | 1443/7110 [2:14:09<8:39:22,  5.50s/it]
 20%|██        | 1444/7110 [2:14:14<8:36:21,  5.47s/it]
 20%|██        | 1445/7110 [2:14:20<8:38:07,  5.49s/it]
 20%|██        | 1446/7110 [2:14:25<8:35:21,  5.46s/it]
 20%|██        | 1447/7110 [2:14:31<8:37:02,  5.48s/it]
 20%|██        | 1448/7110 [2:14:36<8:34:46,  5.45s/it]
 20%|██        | 1449/7110 [2:14:42<8:38:16,  5.49s/it]
 20%|██        | 1450/7110 [2:14:47<8:34:12,  5.45s/it]
 20%|██        | 1451/7110 [2:14:52<8:36:16,  5.47s/it]
 20%|██        | 1452/7110 [2:14:58<8:39:20,  5.51s/it]
 20%|██        | 1453/7110 [2:15:03<8:34:57,  5.46s/it]
 20%|██        | 1454/7110 [2:15:09<8:36:57,  5.48s/it]
 20%|██        | 1455/7110 [2:15:14<8:34:30,  5.46s/it]
 20%|██        | 1456/7110 [2:15:20<8:36:37,  5.48s/it]
 20%|██        | 1457/7110 [2:15:25<8:33:57,  5.46s/it]
 21%|██        | 1458/7110 [2:15:31<8:37:17,  5.49s/it]
 21%|██        | 1459/7110 [2:15:36<8:33:01,  5.45s/it]
 21%|██        | 1460/7110 [2:15:42<8:35:21,  5.47s/it]
 21%|██        | 1461/7110 [2:15:47<8:33:18,  5.45s/it]
 21%|██        | 1462/7110 [2:15:53<8:35:13,  5.47s/it]
 21%|██        | 1463/7110 [2:15:58<8:37:01,  5.49s/it]
 21%|██        | 1464/7110 [2:16:04<8:34:43,  5.47s/it]
 21%|██        | 1465/7110 [2:16:09<8:37:57,  5.51s/it]
 21%|██        | 1466/7110 [2:16:14<8:33:43,  5.46s/it]
 21%|██        | 1467/7110 [2:16:20<8:37:25,  5.50s/it]
 21%|██        | 1468/7110 [2:16:25<8:33:08,  5.46s/it]
 21%|██        | 1469/7110 [2:16:31<8:36:33,  5.49s/it]
 21%|██        | 1470/7110 [2:16:36<8:32:36,  5.45s/it]
 21%|██        | 1471/7110 [2:16:42<8:34:53,  5.48s/it]
 21%|██        | 1472/7110 [2:16:47<8:32:47,  5.46s/it]
 21%|██        | 1473/7110 [2:16:53<8:34:49,  5.48s/it]
 21%|██        | 1474/7110 [2:16:58<8:36:34,  5.50s/it]
 21%|██        | 1475/7110 [2:17:04<8:33:32,  5.47s/it]
 21%|██        | 1476/7110 [2:17:09<8:36:42,  5.50s/it]
 21%|██        | 1477/7110 [2:17:15<8:32:12,  5.46s/it]
 21%|██        | 1478/7110 [2:17:20<8:34:11,  5.48s/it]
 21%|██        | 1479/7110 [2:17:26<8:31:48,  5.45s/it]
 21%|██        | 1480/7110 [2:17:31<8:35:28,  5.49s/it]
 21%|██        | 1481/7110 [2:17:37<8:32:59,  5.47s/it]
 21%|██        | 1482/7110 [2:17:42<8:33:30,  5.47s/it]
 21%|██        | 1483/7110 [2:17:48<8:31:25,  5.45s/it]
 21%|██        | 1484/7110 [2:17:53<8:33:39,  5.48s/it]
 21%|██        | 1485/7110 [2:17:59<8:35:30,  5.50s/it]
 21%|██        | 1486/7110 [2:18:04<8:33:08,  5.47s/it]
 21%|██        | 1487/7110 [2:18:10<8:35:17,  5.50s/it]
 21%|██        | 1488/7110 [2:18:15<8:32:48,  5.47s/it]
 21%|██        | 1489/7110 [2:18:21<8:36:12,  5.51s/it]
 21%|██        | 1490/7110 [2:18:26<8:31:33,  5.46s/it]
 21%|██        | 1491/7110 [2:18:31<8:33:46,  5.49s/it]
 21%|██        | 1492/7110 [2:18:37<8:31:26,  5.46s/it]
 21%|██        | 1493/7110 [2:18:42<8:34:57,  5.50s/it]
 21%|██        | 1494/7110 [2:18:48<8:32:13,  5.47s/it]
 21%|██        | 1495/7110 [2:18:53<8:33:48,  5.49s/it]
 21%|██        | 1496/7110 [2:18:59<8:33:29,  5.49s/it]
 21%|██        | 1497/7110 [2:19:04<8:32:39,  5.48s/it]
 21%|██        | 1498/7110 [2:19:10<8:32:55,  5.48s/it]
 21%|██        | 1499/7110 [2:19:15<8:30:35,  5.46s/it]
 21%|██        | 1500/7110 [2:19:21<8:32:32,  5.48s/it]
 21%|██        | 1501/7110 [2:19:26<8:29:47,  5.45s/it]
 21%|██        | 1502/7110 [2:19:32<8:32:07,  5.48s/it]
 21%|██        | 1503/7110 [2:19:37<8:31:28,  5.47s/it]
 21%|██        | 1504/7110 [2:19:43<8:31:48,  5.48s/it]
 21%|██        | 1505/7110 [2:19:48<8:31:09,  5.47s/it]
 21%|██        | 1506/7110 [2:19:54<8:31:07,  5.47s/it]
 21%|██        | 1507/7110 [2:19:59<8:32:55,  5.49s/it]
 21%|██        | 1508/7110 [2:20:05<8:30:39,  5.47s/it]
 21%|██        | 1509/7110 [2:20:10<8:34:20,  5.51s/it]
 21%|██        | 1510/7110 [2:20:16<8:31:44,  5.48s/it]
 21%|██▏       | 1511/7110 [2:20:21<8:32:00,  5.49s/it]
 21%|██▏       | 1512/7110 [2:20:26<8:29:24,  5.46s/it]
 21%|██▏       | 1513/7110 [2:20:32<8:33:11,  5.50s/it]
 21%|██▏       | 1514/7110 [2:20:37<8:30:30,  5.47s/it]
 21%|██▏       | 1515/7110 [2:20:43<8:30:58,  5.48s/it]
 21%|██▏       | 1516/7110 [2:20:48<8:29:01,  5.46s/it]
 21%|██▏       | 1517/7110 [2:20:54<8:31:01,  5.48s/it]
 21%|██▏       | 1518/7110 [2:21:00<8:34:08,  5.52s/it]
 21%|██▏       | 1519/7110 [2:21:05<8:31:04,  5.48s/it]
 21%|██▏       | 1520/7110 [2:21:10<8:32:40,  5.50s/it]
 21%|██▏       | 1521/7110 [2:21:16<8:28:22,  5.46s/it]
 21%|██▏       | 1522/7110 [2:21:21<8:30:42,  5.48s/it]
 21%|██▏       | 1523/7110 [2:21:27<8:29:33,  5.47s/it]
 21%|██▏       | 1524/7110 [2:21:32<8:31:28,  5.49s/it]
 21%|██▏       | 1525/7110 [2:21:38<8:27:37,  5.45s/it]
 21%|██▏       | 1526/7110 [2:21:43<8:31:09,  5.49s/it]
 21%|██▏       | 1527/7110 [2:21:49<8:27:05,  5.45s/it]
 21%|██▏       | 1528/7110 [2:21:54<8:30:22,  5.49s/it]
 22%|██▏       | 1529/7110 [2:22:00<8:30:01,  5.48s/it]
 22%|██▏       | 1530/7110 [2:22:05<8:27:40,  5.46s/it]
 22%|██▏       | 1531/7110 [2:22:11<8:29:51,  5.48s/it]
 22%|██▏       | 1532/7110 [2:22:16<8:27:22,  5.46s/it]
 22%|██▏       | 1533/7110 [2:22:22<8:29:34,  5.48s/it]
 22%|██▏       | 1534/7110 [2:22:27<8:28:29,  5.47s/it]
 22%|██▏       | 1535/7110 [2:22:33<8:29:05,  5.48s/it]
 22%|██▏       | 1536/7110 [2:22:38<8:27:13,  5.46s/it]
 22%|██▏       | 1537/7110 [2:22:44<8:30:57,  5.50s/it]
 22%|██▏       | 1538/7110 [2:22:49<8:28:15,  5.47s/it]
 22%|██▏       | 1539/7110 [2:22:54<8:28:36,  5.48s/it]
 22%|██▏       | 1540/7110 [2:23:00<8:30:23,  5.50s/it]
 22%|██▏       | 1541/7110 [2:23:05<8:27:45,  5.47s/it]
 22%|██▏       | 1542/7110 [2:23:11<8:29:36,  5.49s/it]
 22%|██▏       | 1543/7110 [2:23:16<8:28:47,  5.48s/it]
 22%|██▏       | 1544/7110 [2:23:22<8:28:55,  5.49s/it]
 22%|██▏       | 1545/7110 [2:23:27<8:26:15,  5.46s/it]
 22%|██▏       | 1546/7110 [2:23:33<8:29:46,  5.50s/it]
 22%|██▏       | 1547/7110 [2:23:38<8:25:58,  5.46s/it]
 22%|██▏       | 1548/7110 [2:23:44<8:29:40,  5.50s/it]
 22%|██▏       | 1549/7110 [2:23:49<8:25:37,  5.46s/it]
 22%|██▏       | 1550/7110 [2:23:55<8:27:16,  5.47s/it]
 22%|██▏       | 1551/7110 [2:24:00<8:30:47,  5.51s/it]
 22%|██▏       | 1552/7110 [2:24:06<8:26:28,  5.47s/it]
 22%|██▏       | 1553/7110 [2:24:11<8:29:45,  5.50s/it]
 22%|██▏       | 1554/7110 [2:24:17<8:25:26,  5.46s/it]
 22%|██▏       | 1555/7110 [2:24:22<8:27:39,  5.48s/it]
 22%|██▏       | 1556/7110 [2:24:28<8:26:36,  5.47s/it]
 22%|██▏       | 1557/7110 [2:24:33<8:26:47,  5.48s/it]
 22%|██▏       | 1558/7110 [2:24:38<8:24:37,  5.45s/it]
 22%|██▏       | 1559/7110 [2:24:44<8:28:08,  5.49s/it]
 22%|██▏       | 1560/7110 [2:24:49<8:24:03,  5.45s/it]
 22%|██▏       | 1561/7110 [2:24:55<8:26:24,  5.48s/it]
 22%|██▏       | 1562/7110 [2:25:00<8:28:16,  5.50s/it]
 22%|██▏       | 1563/7110 [2:25:06<8:25:49,  5.47s/it]
 22%|██▏       | 1564/7110 [2:25:11<8:27:51,  5.49s/it]
 22%|██▏       | 1565/7110 [2:25:17<8:25:21,  5.47s/it]
 22%|██▏       | 1566/7110 [2:25:22<8:28:51,  5.51s/it]
 22%|██▏       | 1567/7110 [2:25:28<8:24:15,  5.46s/it]
 22%|██▏       | 1568/7110 [2:25:33<8:26:07,  5.48s/it]
 22%|██▏       | 1569/7110 [2:25:39<8:23:43,  5.45s/it]
 22%|██▏       | 1570/7110 [2:25:44<8:25:47,  5.48s/it]
 22%|██▏       | 1571/7110 [2:25:50<8:23:42,  5.46s/it]
 22%|██▏       | 1572/7110 [2:25:55<8:25:42,  5.48s/it]
 22%|██▏       | 1573/7110 [2:26:01<8:27:04,  5.49s/it]
 22%|██▏       | 1574/7110 [2:26:06<8:25:45,  5.48s/it]
 22%|██▏       | 1575/7110 [2:26:12<8:26:01,  5.49s/it]
 22%|██▏       | 1576/7110 [2:26:17<8:23:52,  5.46s/it]
 22%|██▏       | 1577/7110 [2:26:23<8:26:09,  5.49s/it]
 22%|██▏       | 1578/7110 [2:26:28<8:24:55,  5.48s/it]
 22%|██▏       | 1579/7110 [2:26:34<8:26:18,  5.49s/it]
 22%|██▏       | 1580/7110 [2:26:39<8:22:17,  5.45s/it]
 22%|██▏       | 1581/7110 [2:26:45<8:26:02,  5.49s/it]
 22%|██▏       | 1582/7110 [2:26:50<8:22:21,  5.45s/it]
 22%|██▏       | 1583/7110 [2:26:55<8:25:55,  5.49s/it]
 22%|██▏       | 1584/7110 [2:27:01<8:26:05,  5.49s/it]
 22%|██▏       | 1585/7110 [2:27:06<8:23:32,  5.47s/it]
 22%|██▏       | 1586/7110 [2:27:12<8:25:36,  5.49s/it]
 22%|██▏       | 1587/7110 [2:27:17<8:23:20,  5.47s/it]
 22%|██▏       | 1588/7110 [2:27:23<8:25:11,  5.49s/it]
 22%|██▏       | 1589/7110 [2:27:28<8:22:42,  5.46s/it]
 22%|██▏       | 1590/7110 [2:27:34<8:26:04,  5.50s/it]
 22%|██▏       | 1591/7110 [2:27:39<8:23:37,  5.48s/it]
 22%|██▏       | 1592/7110 [2:27:45<8:24:19,  5.48s/it]
 22%|██▏       | 1593/7110 [2:27:50<8:22:19,  5.46s/it]
 22%|██▏       | 1594/7110 [2:27:56<8:24:18,  5.49s/it]
 22%|██▏       | 1595/7110 [2:28:01<8:25:59,  5.50s/it]
 22%|██▏       | 1596/7110 [2:28:07<8:23:28,  5.48s/it]
 22%|██▏       | 1597/7110 [2:28:12<8:25:13,  5.50s/it]
 22%|██▏       | 1598/7110 [2:28:18<8:22:42,  5.47s/it]
 22%|██▏       | 1599/7110 [2:28:23<8:24:40,  5.49s/it]
 23%|██▎       | 1600/7110 [2:28:29<8:21:33,  5.46s/it]
 23%|██▎       | 1601/7110 [2:28:34<8:23:29,  5.48s/it]
 23%|██▎       | 1602/7110 [2:28:40<8:21:03,  5.46s/it]
 23%|██▎       | 1603/7110 [2:28:45<8:24:25,  5.50s/it]
 23%|██▎       | 1604/7110 [2:28:50<8:20:19,  5.45s/it]
 23%|██▎       | 1605/7110 [2:28:56<8:22:14,  5.47s/it]
 23%|██▎       | 1606/7110 [2:29:02<8:23:48,  5.49s/it]
 23%|██▎       | 1607/7110 [2:29:07<8:21:03,  5.46s/it]
 23%|██▎       | 1608/7110 [2:29:12<8:23:19,  5.49s/it]
 23%|██▎       | 1609/7110 [2:29:18<8:22:17,  5.48s/it]
 23%|██▎       | 1610/7110 [2:29:23<8:23:56,  5.50s/it]
 23%|██▎       | 1611/7110 [2:29:29<8:20:57,  5.47s/it]
 23%|██▎       | 1612/7110 [2:29:34<8:22:33,  5.48s/it]
 23%|██▎       | 1613/7110 [2:29:40<8:20:08,  5.46s/it]
 23%|██▎       | 1614/7110 [2:29:45<8:20:46,  5.47s/it]
 23%|██▎       | 1615/7110 [2:29:51<8:18:55,  5.45s/it]
 23%|██▎       | 1616/7110 [2:29:56<8:22:37,  5.49s/it]
 23%|██▎       | 1617/7110 [2:30:02<8:22:38,  5.49s/it]
 23%|██▎       | 1618/7110 [2:30:07<8:21:35,  5.48s/it]
 23%|██▎       | 1619/7110 [2:30:13<8:21:48,  5.48s/it]
 23%|██▎       | 1620/7110 [2:30:18<8:21:00,  5.48s/it]
 23%|██▎       | 1621/7110 [2:30:24<8:22:42,  5.50s/it]
 23%|██▎       | 1622/7110 [2:30:29<8:19:49,  5.46s/it]
 23%|██▎       | 1623/7110 [2:30:35<8:21:50,  5.49s/it]
 23%|██▎       | 1624/7110 [2:30:40<8:19:32,  5.46s/it]
 23%|██▎       | 1625/7110 [2:30:46<8:21:15,  5.48s/it]
 23%|██▎       | 1626/7110 [2:30:51<8:17:32,  5.44s/it]
 23%|██▎       | 1627/7110 [2:30:56<8:19:52,  5.47s/it]
 23%|██▎       | 1628/7110 [2:31:02<8:21:41,  5.49s/it]
 23%|██▎       | 1629/7110 [2:31:07<8:20:42,  5.48s/it]
 23%|██▎       | 1630/7110 [2:31:13<8:21:00,  5.49s/it]
 23%|██▎       | 1631/7110 [2:31:18<8:19:59,  5.48s/it]
 23%|██▎       | 1632/7110 [2:31:24<8:20:05,  5.48s/it]
 23%|██▎       | 1633/7110 [2:31:29<8:17:37,  5.45s/it]
 23%|██▎       | 1634/7110 [2:31:35<8:21:13,  5.49s/it]
 23%|██▎       | 1635/7110 [2:31:40<8:18:46,  5.47s/it]
 23%|██▎       | 1636/7110 [2:31:46<8:19:29,  5.47s/it]
 23%|██▎       | 1637/7110 [2:31:51<8:17:32,  5.45s/it]
 23%|██▎       | 1638/7110 [2:31:57<8:19:44,  5.48s/it]
 23%|██▎       | 1639/7110 [2:32:02<8:22:50,  5.51s/it]
 23%|██▎       | 1640/7110 [2:32:08<8:18:22,  5.47s/it]
 23%|██▎       | 1641/7110 [2:32:13<8:21:41,  5.50s/it]
 23%|██▎       | 1642/7110 [2:32:19<8:18:51,  5.47s/(0,)
It 1659, sqrt loss 0.003026, Val sim-RMS 0.001368, Time Loss: 97.5%, data: 0.7%, val: 1.9%,  5.6 sec/batch
it]
 23%|██▎       | 1643/7110 [2:32:24<8:19:18,  5.48s/it]
 23%|██▎       | 1644/7110 [2:32:30<8:16:52,  5.45s/it]
 23%|██▎       | 1645/7110 [2:32:35<8:19:09,  5.48s/it]
 23%|██▎       | 1646/7110 [2:32:40<8:17:04,  5.46s/it]
 23%|██▎       | 1647/7110 [2:32:46<8:19:22,  5.48s/it]
 23%|██▎       | 1648/7110 [2:32:51<8:17:16,  5.46s/it]
 23%|██▎       | 1649/7110 [2:32:57<8:20:30,  5.50s/it]
 23%|██▎       | 1650/7110 [2:33:03<8:20:18,  5.50s/it]
 23%|██▎       | 1651/7110 [2:33:08<8:19:09,  5.49s/it]
 23%|██▎       | 1652/7110 [2:33:13<8:18:47,  5.48s/it]
 23%|██▎       | 1653/7110 [2:33:19<8:16:28,  5.46s/it]
 23%|██▎       | 1654/7110 [2:33:24<8:18:34,  5.48s/it]
 23%|██▎       | 1655/7110 [2:33:30<8:16:06,  5.46s/it]
 23%|██▎       | 1656/7110 [2:33:35<8:19:45,  5.50s/it]
 23%|██▎       | 1657/7110 [2:33:41<8:15:46,  5.45s/it]
 23%|██▎       | 1658/7110 [2:33:46<8:17:52,  5.48s/it]
 23%|██▎       | 1659/7110 [2:34:16<19:22:21, 12.79s/it]
 23%|██▎       | 1660/7110 [2:34:22<16:04:08, 10.61s/it]
 23%|██▎       | 1661/7110 [2:34:27<13:45:10,  9.09s/it]
 23%|██▎       | 1662/7110 [2:34:33<12:03:11,  7.96s/it]
 23%|██▎       | 1663/7110 [2:34:38<10:56:53,  7.24s/it]
 23%|██▎       | 1664/7110 [2:34:44<10:08:09,  6.70s/it]
 23%|██▎       | 1665/7110 [2:34:49<9:34:43,  6.33s/it] 
 23%|██▎       | 1666/7110 [2:34:54<9:09:10,  6.05s/it]
 23%|██▎       | 1667/7110 [2:35:00<8:54:52,  5.90s/it]
 23%|██▎       | 1668/7110 [2:35:05<8:41:14,  5.75s/it]
 23%|██▎       | 1669/7110 [2:35:11<8:35:19,  5.68s/it]
 23%|██▎       | 1670/7110 [2:35:16<8:27:48,  5.60s/it]
 24%|██▎       | 1671/7110 [2:35:22<8:25:56,  5.58s/it]
 24%|██▎       | 1672/7110 [2:35:27<8:25:43,  5.58s/it]
 24%|██▎       | 1673/7110 [2:35:33<8:19:17,  5.51s/it]
 24%|██▎       | 1674/7110 [2:35:38<8:20:00,  5.52s/it]
 24%|██▎       | 1675/7110 [2:35:44<8:18:00,  5.50s/it]
 24%|██▎       | 1676/7110 [2:35:49<8:17:39,  5.49s/it]
 24%|██▎       | 1677/7110 [2:35:55<8:14:56,  5.47s/it]
 24%|██▎       | 1678/7110 [2:36:00<8:18:08,  5.50s/it]
 24%|██▎       | 1679/7110 [2:36:06<8:15:07,  5.47s/it]
 24%|██▎       | 1680/7110 [2:36:11<8:15:17,  5.47s/it]
 24%|██▎       | 1681/7110 [2:36:17<8:14:40,  5.47s/it]
 24%|██▎       | 1682/7110 [2:36:22<8:15:15,  5.47s/it]
 24%|██▎       | 1683/7110 [2:36:28<8:18:10,  5.51s/it]
 24%|██▎       | 1684/7110 [2:36:33<8:15:31,  5.48s/it]
 24%|██▎       | 1685/7110 [2:36:39<8:17:11,  5.50s/it]
 24%|██▎       | 1686/7110 [2:36:44<8:13:03,  5.45s/it]
 24%|██▎       | 1687/7110 [2:36:50<8:16:31,  5.49s/it]
 24%|██▎       | 1688/7110 [2:36:55<8:13:49,  5.46s/it]
 24%|██▍       | 1689/7110 [2:37:00<8:15:42,  5.49s/it]
 24%|██▍       | 1690/7110 [2:37:06<8:12:00,  5.45s/it]
 24%|██▍       | 1691/7110 [2:37:11<8:14:36,  5.48s/it]
 24%|██▍       | 1692/7110 [2:37:17<8:14:09,  5.47s/it]
 24%|██▍       | 1693/7110 [2:37:22<8:14:29,  5.48s/it]
 24%|██▍       | 1694/7110 [2:37:28<8:17:24,  5.51s/it]
 24%|██▍       | 1695/7110 [2:37:33<8:14:43,  5.48s/it]
 24%|██▍       | 1696/7110 [2:37:39<8:15:08,  5.49s/it]
 24%|██▍       | 1697/7110 [2:37:44<8:12:50,  5.46s/it]
 24%|██▍       | 1698/7110 [2:37:50<8:14:58,  5.49s/it]
 24%|██▍       | 1699/7110 [2:37:55<8:14:09,  5.48s/it]
 24%|██▍       | 1700/7110 [2:38:01<8:15:33,  5.50s/it]
 24%|██▍       | 1701/7110 [2:38:06<8:11:37,  5.45s/it]
 24%|██▍       | 1702/7110 [2:38:12<8:15:23,  5.50s/it]
 24%|██▍       | 1703/7110 [2:38:17<8:11:32,  5.45s/it]
 24%|██▍       | 1704/7110 [2:38:23<8:13:43,  5.48s/it]
 24%|██▍       | 1705/7110 [2:38:28<8:15:00,  5.50s/it]
 24%|██▍       | 1706/7110 [2:38:34<8:13:56,  5.48s/it]
 24%|██▍       | 1707/7110 [2:38:39<8:14:08,  5.49s/it]
 24%|██▍       | 1708/7110 [2:38:44<8:11:52,  5.46s/it]
 24%|██▍       | 1709/7110 [2:38:50<8:13:57,  5.49s/it]
 24%|██▍       | 1710/7110 [2:38:55<8:11:49,  5.46s/it]
 24%|██▍       | 1711/7110 [2:39:01<8:15:04,  5.50s/it]
 24%|██▍       | 1712/7110 [2:39:06<8:11:00,  5.46s/it]
 24%|██▍       | 1713/7110 [2:39:12<8:12:49,  5.48s/it]
 24%|██▍       | 1714/7110 [2:39:17<8:10:47,  5.46s/it]
 24%|██▍       | 1715/7110 [2:39:23<8:14:08,  5.50s/it]
 24%|██▍       | 1716/7110 [2:39:28<8:13:46,  5.49s/it]
 24%|██▍       | 1717/7110 [2:39:34<8:11:35,  5.47s/it]
 24%|██▍       | 1718/7110 [2:39:39<8:13:35,  5.49s/it]
 24%|██▍       | 1719/7110 [2:39:45<8:11:20,  5.47s/it]
 24%|██▍       | 1720/7110 [2:39:50<8:14:48,  5.51s/it]
 24%|██▍       | 1721/7110 [2:39:56<8:10:33,  5.46s/it]
 24%|██▍       | 1722/7110 [2:40:01<8:12:43,  5.49s/it]
 24%|██▍       | 1723/7110 [2:40:07<8:11:47,  5.48s/it]
 24%|██▍       | 1724/7110 [2:40:12<8:13:29,  5.50s/it]
 24%|██▍       | 1725/7110 [2:40:18<8:09:37,  5.46s/it]
 24%|██▍       | 1726/7110 [2:40:23<8:11:42,  5.48s/it]
 24%|██▍       | 1727/7110 [2:40:29<8:14:21,  5.51s/it]
 24%|██▍       | 1728/7110 [2:40:34<8:09:56,  5.46s/it]
 24%|██▍       | 1729/7110 [2:40:40<8:13:12,  5.50s/it]
 24%|██▍       | 1730/7110 [2:40:45<8:08:59,  5.45s/it]
 24%|██▍       | 1731/7110 [2:40:51<8:12:16,  5.49s/it]
 24%|██▍       | 1732/7110 [2:40:56<8:09:44,  5.46s/it]
 24%|██▍       | 1733/7110 [2:41:02<8:11:42,  5.49s/it]
 24%|██▍       | 1734/7110 [2:41:07<8:07:57,  5.45s/it]
 24%|██▍       | 1735/7110 [2:41:12<8:11:48,  5.49s/it]
 24%|██▍       | 1736/7110 [2:41:18<8:09:36,  5.47s/it]
 24%|██▍       | 1737/7110 [2:41:23<8:10:12,  5.47s/it]
 24%|██▍       | 1738/7110 [2:41:29<8:11:51,  5.49s/it]
 24%|██▍       | 1739/7110 [2:41:34<8:11:05,  5.49s/it]
 24%|██▍       | 1740/7110 [2:41:40<8:11:11,  5.49s/it]
 24%|██▍       | 1741/7110 [2:41:45<8:10:13,  5.48s/it]
 25%|██▍       | 1742/7110 [2:41:51<8:11:54,  5.50s/it]
 25%|██▍       | 1743/7110 [2:41:56<8:07:57,  5.46s/it]
 25%|██▍       | 1744/7110 [2:42:02<8:11:30,  5.50s/it]
 25%|██▍       | 1745/7110 [2:42:07<8:07:41,  5.45s/it]
 25%|██▍       | 1746/7110 [2:42:13<8:10:03,  5.48s/it]
 25%|██▍       | 1747/7110 [2:42:18<8:09:11,  5.47s/it]
 25%|██▍       | 1748/7110 [2:42:24<8:09:32,  5.48s/it]
 25%|██▍       | 1749/7110 [2:42:29<8:10:43,  5.49s/it]
 25%|██▍       | 1750/7110 [2:42:35<8:08:03,  5.46s/it]
 25%|██▍       | 1751/7110 [2:42:40<8:09:56,  5.49s/it]
 25%|██▍       | 1752/7110 [2:42:46<8:07:42,  5.46s/it]
 25%|██▍       | 1753/7110 [2:42:51<8:09:57,  5.49s/it]
 25%|██▍       | 1754/7110 [2:42:57<8:09:13,  5.48s/it]
 25%|██▍       | 1755/7110 [2:43:02<8:09:23,  5.48s/it]
 25%|██▍       | 1756/7110 [2:43:07<8:08:32,  5.47s/it]
 25%|██▍       | 1757/7110 [2:43:13<8:08:45,  5.48s/it]
 25%|██▍       | 1758/7110 [2:43:18<8:07:51,  5.47s/it]
 25%|██▍       | 1759/7110 [2:43:24<8:08:19,  5.48s/it]
 25%|██▍       | 1760/7110 [2:43:29<8:09:47,  5.49s/it]
 25%|██▍       | 1761/7110 [2:43:35<8:07:34,  5.47s/it]
 25%|██▍       | 1762/7110 [2:43:40<8:09:26,  5.49s/it]
 25%|██▍       | 1763/7110 [2:43:46<8:08:27,  5.48s/it]
 25%|██▍       | 1764/7110 [2:43:51<8:08:40,  5.48s/it]
 25%|██▍       | 1765/7110 [2:43:57<8:06:20,  5.46s/it]
 25%|██▍       | 1766/7110 [2:44:02<8:08:23,  5.48s/it]
 25%|██▍       | 1767/7110 [2:44:08<8:07:27,  5.47s/it]
 25%|██▍       | 1768/7110 [2:44:13<8:08:59,  5.49s/it]
 25%|██▍       | 1769/7110 [2:44:19<8:06:45,  5.47s/it]
 25%|██▍       | 1770/7110 [2:44:24<8:07:08,  5.47s/it]
 25%|██▍       | 1771/7110 [2:44:30<8:08:40,  5.49s/it]
 25%|██▍       | 1772/7110 [2:44:35<8:07:40,  5.48s/it]
 25%|██▍       | 1773/7110 [2:44:41<8:07:30,  5.48s/it]
 25%|██▍       | 1774/7110 [2:44:46<8:05:17,  5.46s/it]
 25%|██▍       | 1775/7110 [2:44:52<8:08:51,  5.50s/it]
 25%|██▍       | 1776/7110 [2:44:57<8:05:12,  5.46s/it]
 25%|██▍       | 1777/7110 [2:45:03<8:07:25,  5.48s/it]
 25%|██▌       | 1778/7110 [2:45:08<8:05:19,  5.46s/it]
 25%|██▌       | 1779/7110 [2:45:14<8:08:49,  5.50s/it]
 25%|██▌       | 1780/7110 [2:45:19<8:04:54,  5.46s/it]
 25%|██▌       | 1781/7110 [2:45:25<8:08:24,  5.50s/it]
 25%|██▌       | 1782/7110 [2:45:30<8:09:15,  5.51s/it]
 25%|██▌       | 1783/7110 [2:45:35<8:06:20,  5.48s/it]
 25%|██▌       | 1784/7110 [2:45:41<8:06:27,  5.48s/it]
 25%|██▌       | 1785/7110 [2:45:46<8:05:35,  5.47s/it]
 25%|██▌       | 1786/7110 [2:45:52<8:07:19,  5.49s/it]
 25%|██▌       | 1787/7110 [2:45:57<8:04:56,  5.47s/it]
 25%|██▌       | 1788/7110 [2:46:03<8:06:51,  5.49s/it]
 25%|██▌       | 1789/7110 [2:46:08<8:04:32,  5.46s/it]
 25%|██▌       | 1790/7110 [2:46:14<8:04:57,  5.47s/it]
 25%|██▌       | 1791/7110 [2:46:19<8:04:23,  5.46s/it]
 25%|██▌       | 1792/7110 [2:46:25<8:04:56,  5.47s/it]
 25%|██▌       | 1793/7110 [2:46:30<8:06:27,  5.49s/it]
 25%|██▌       | 1794/7110 [2:46:36<8:04:07,  5.46s/it]
 25%|██▌       | 1795/7110 [2:46:41<8:06:03,  5.49s/it]
 25%|██▌       | 1796/7110 [2:46:47<8:03:50,  5.46s/it]
 25%|██▌       | 1797/7110 [2:46:52<8:07:12,  5.50s/it]
 25%|██▌       | 1798/7110 [2:46:58<8:03:13,  5.46s/it]
 25%|██▌       | 1799/7110 [2:47:03<8:06:40,  5.50s/it]
 25%|██▌       | 1800/7110 [2:47:08<8:02:41,  5.45s/it]
 25%|██▌       | 1801/7110 [2:47:14<8:05:50,  5.49s/it]
 25%|██▌       | 1802/7110 [2:47:19<8:03:20,  5.46s/it]
 25%|██▌       | 1803/7110 [2:47:25<8:03:56,  5.47s/it]
 25%|██▌       | 1804/7110 [2:47:31<8:07:16,  5.51s/it]
 25%|██▌       | 1805/7110 [2:47:36<8:04:56,  5.48s/it]
 25%|██▌       | 1806/7110 [2:47:41<8:05:08,  5.49s/it]
 25%|██▌       | 1807/7110 [2:47:47<8:03:07,  5.47s/it]
 25%|██▌       | 1808/7110 [2:47:52<8:05:08,  5.49s/it]
 25%|██▌       | 1809/7110 [2:47:58<8:02:56,  5.47s/it]
 25%|██▌       | 1810/7110 [2:48:03<8:04:55,  5.49s/it]
 25%|██▌       | 1811/7110 [2:48:09<8:03:58,  5.48s/it]
 25%|██▌       | 1812/7110 [2:48:14<8:03:52,  5.48s/it]
 25%|██▌       | 1813/7110 [2:48:20<8:03:01,  5.47s/it]
 26%|██▌       | 1814/7110 [2:48:25<8:04:35,  5.49s/it]
 26%|██▌       | 1815/7110 [2:48:31<8:04:18,  5.49s/it]
 26%|██▌       | 1816/7110 [2:48:36<8:03:26,  5.48s/it]
 26%|██▌       | 1817/7110 [2:48:42<8:04:53,  5.50s/it]
 26%|██▌       | 1818/7110 [2:48:47<8:01:11,  5.46s/it]
 26%|██▌       | 1819/7110 [2:48:53<8:03:15,  5.48s/it]
 26%|██▌       | 1820/7110 [2:48:58<8:02:24,  5.47s/it]
 26%|██▌       | 1821/7110 [2:49:04<8:02:46,  5.48s/it]
 26%|██▌       | 1822/7110 [2:49:09<8:00:55,  5.46s/it]
 26%|██▌       | 1823/7110 [2:49:15<8:04:17,  5.50s/it]
 26%|██▌       | 1824/7110 [2:49:20<8:01:56,  5.47s/it]
 26%|██▌       | 1825/7110 [2:49:25<8:01:50,  5.47s/it]
 26%|██▌       | 1826/7110 [2:49:31<8:03:32,  5.49s/it]
 26%|██▌       | 1827/7110 [2:49:36<8:01:33,  5.47s/it]
 26%|██▌       | 1828/7110 [2:49:42<8:04:53,  5.51s/it]
 26%|██▌       | 1829/7110 [2:49:47<8:00:52,  5.46s/it]
 26%|██▌       | 1830/7110 [2:49:53<8:04:16,  5.50s/it]
 26%|██▌       | 1831/7110 [2:49:58<8:00:20,  5.46s/it]
 26%|██▌       | 1832/7110 [2:50:04<8:03:44,  5.50s/it]
 26%|██▌       | 1833/7110 [2:50:09<7:59:51,  5.46s/it]
 26%|██▌       | 1834/7110 [2:50:15<8:03:02,  5.49s/it]
 26%|██▌       | 1835/7110 [2:50:20<8:00:27,  5.46s/it]
 26%|██▌       | 1836/7110 [2:50:26<8:00:46,  5.47s/it]
 26%|██▌       | 1837/7110 [2:50:31<8:03:40,  5.50s/it]
 26%|██▌       | 1838/7110 [2:50:37<7:59:44,  5.46s/it]
 26%|██▌       | 1839/7110 [2:50:42<8:01:48,  5.48s/it]
 26%|██▌       | 1840/7110 [2:50:48<8:00:59,  5.48s/it]
 26%|██▌       | 1841/7110 [2:50:53<8:01:28,  5.48s/it]
 26%|██▌       | 1842/7110 [2:50:59<7:59:32,  5.46s/it]
 26%|██▌       | 1843/7110 [2:51:04<8:01:31,  5.49s/it]
 26%|██▌       | 1844/7110 [2:51:10<8:00:37,  5.48s/it]
 26%|██▌       | 1845/7110 [2:51:15<8:00:32,  5.48s/it]
 26%|██▌       | 1846/7110 [2:51:20<7:58:34,  5.45s/it]
 26%|██▌       | 1847/7110 [2:51:26<8:01:45,  5.49s/it]
 26%|██▌       | 1848/7110 [2:51:32<8:01:56,  5.50s/it]
 26%|██▌       | 1849/7110 [2:51:37<8:01:07,  5.49s/it]
 26%|██▌       | 1850/7110 [2:51:43<8:02:36,  5.51s/it]
 26%|██▌       | 1851/7110 [2:51:48<8:00:12,  5.48s/it]
 26%|██▌       | 1852/7110 [2:51:54<8:01:42,  5.50s/it]
 26%|██▌       | 1853/7110 [2:51:59<7:59:17,  5.47s/it]
 26%|██▌       | 1854/7110 [2:52:04<7:59:47,  5.48s/it]
 26%|██▌       | 1855/7110 [2:52:10<7:57:52,  5.46s/it]
 26%|██▌       | 1856/7110 [2:52:15<7:59:53,  5.48s/it]
 26%|██▌       | 1857/7110 [2:52:21<7:58:02,  5.46s/it]
 26%|██▌       | 1858/7110 [2:52:26<8:01:02,  5.50s/it]
 26%|██▌       | 1859/7110 [2:52:32<8:00:55,  5.50s/it]
 26%|██▌       | 1860/7110 [2:52:37<7:58:31,  5.47s/it]
 26%|██▌       | 1861/7110 [2:52:43<8:00:24,  5.49s/it]
 26%|██▌       | 1862/7110 [2:52:48<7:59:35,  5.48s/it]
 26%|██▌       | 1863/7110 [2:52:54<7:59:53,  5.49s/it]
 26%|██▌       | 1864/7110 [2:52:59<7:59:01,  5.48s/it]
 26%|██▌       | 1865/7110 [2:53:05<7:59:04,  5.48s/it]
 26%|██▌       | 1866/7110 [2:53:10<7:56:54,  5.46s/it]
 26%|██▋       | 1867/7110 [2:53:16<7:58:52,  5.48s/it]
 26%|██▋       | 1868/7110 [2:53:21<7:58:00,  5.47s/it]
 26%|██▋       | 1869/7110 [2:53:27<7:57:47,  5.47s/it]
 26%|██▋       | 1870/7110 [2:53:32<7:59:31,  5.49s/it]
 26%|██▋       | 1871/7110 [2:53:38<7:58:46,  5.48s/it]
 26%|██▋       | 1872/7110 [2:53:43<7:59:00,  5.49s/it]
 26%|██▋       | 1873/7110 [2:53:49<7:58:03,  5.48s/it]
 26%|██▋       | 1874/7110 [2:53:54<7:58:08,  5.48s/it]
 26%|██▋       | 1875/7110 [2:53:59<7:56:12,  5.46s/it]
 26%|██▋       | 1876/7110 [2:54:05<7:59:44,  5.50s/it]
 26%|██▋       | 1877/7110 [2:54:10<7:55:54,  5.46s/it]
 26%|██▋       | 1878/7110 [2:54:16<7:59:06,  5.49s/it]
 26%|██▋       | 1879/7110 [2:54:21<7:55:25,  5.45s/it]
 26%|██▋       | 1880/7110 [2:54:27<7:57:11,  5.47s/it]
 26%|██▋       | 1881/7110 [2:54:32<8:00:04,  5.51s/it]
 26%|██▋       | 1882/7110 [2:54:38<7:56:06,  5.46s/it]
 26%|██▋       | 1883/7110 [2:54:43<7:58:16,  5.49s/it]
 26%|██▋       | 1884/7110 [2:54:49<7:57:28,  5.48s/it]
 27%|██▋       | 1885/7110 [2:54:54<7:57:37,  5.48s/it]
 27%|██▋       | 1886/7110 [2:55:00<7:56:45,  5.48s/it]
 27%|██▋       | 1887/7110 [2:55:05<7:57:04,  5.48s/it]
 27%|██▋       | 1888/7110 [2:55:11<7:56:24,  5.47s/it]
 27%|██▋       | 1889/7110 [2:55:16<7:56:43,  5.48s/it]
 27%|██▋       | 1890/7110 [2(0,)
It 1896, sqrt loss 0.003163, Val sim-RMS 0.001243, Time Loss: 97.5%, data: 0.6%, val: 1.9%,  5.6 sec/batch
:55:22<7:54:39,  5.46s/it]
 27%|██▋       | 1891/7110 [2:55:27<7:56:23,  5.48s/it]
 27%|██▋       | 1892/7110 [2:55:33<7:58:07,  5.50s/it]
 27%|██▋       | 1893/7110 [2:55:38<7:57:08,  5.49s/it]
 27%|██▋       | 1894/7110 [2:55:44<7:57:13,  5.49s/it]
 27%|██▋       | 1895/7110 [2:55:49<7:54:43,  5.46s/it]
 27%|██▋       | 1896/7110 [2:56:19<18:33:57, 12.82s/it]
 27%|██▋       | 1897/7110 [2:56:24<15:20:32, 10.60s/it]
 27%|██▋       | 1898/7110 [2:56:30<13:06:46,  9.06s/it]
 27%|██▋       | 1899/7110 [2:56:35<11:32:42,  7.98s/it]
 27%|██▋       | 1900/7110 [2:56:41<10:27:35,  7.23s/it]
 27%|██▋       | 1901/7110 [2:56:46<9:43:25,  6.72s/it] 
 27%|██▋       | 1902/7110 [2:56:52<9:09:00,  6.32s/it]
 27%|██▋       | 1903/7110 [2:56:57<8:48:33,  6.09s/it]
 27%|██▋       | 1904/7110 [2:57:03<8:30:33,  5.88s/it]
 27%|██▋       | 1905/7110 [2:57:08<8:21:32,  5.78s/it]
 27%|██▋       | 1906/7110 [2:57:14<8:11:43,  5.67s/it]
 27%|██▋       | 1907/7110 [2:57:19<8:08:29,  5.63s/it]
 27%|██▋       | 1908/7110 [2:57:25<8:03:44,  5.58s/it]
 27%|██▋       | 1909/7110 [2:57:30<8:00:51,  5.55s/it]
 27%|██▋       | 1910/7110 [2:57:36<7:56:57,  5.50s/it]
 27%|██▋       | 1911/7110 [2:57:41<7:57:39,  5.51s/it]
 27%|██▋       | 1912/7110 [2:57:47<7:58:33,  5.52s/it]
 27%|██▋       | 1913/7110 [2:57:52<7:55:21,  5.49s/it]
 27%|██▋       | 1914/7110 [2:57:58<7:56:12,  5.50s/it]
 27%|██▋       | 1915/7110 [2:58:03<7:54:54,  5.49s/it]
 27%|██▋       | 1916/7110 [2:58:08<7:54:42,  5.48s/it]
 27%|██▋       | 1917/7110 [2:58:14<7:52:24,  5.46s/it]
 27%|██▋       | 1918/7110 [2:58:19<7:54:08,  5.48s/it]
 27%|██▋       | 1919/7110 [2:58:25<7:56:43,  5.51s/it]
 27%|██▋       | 1920/7110 [2:58:30<7:52:16,  5.46s/it]
 27%|██▋       | 1921/7110 [2:58:36<7:54:17,  5.48s/it]
 27%|██▋       | 1922/7110 [2:58:41<7:52:08,  5.46s/it]
 27%|██▋       | 1923/7110 [2:58:47<7:54:02,  5.48s/it]
 27%|██▋       | 1924/7110 [2:58:52<7:53:03,  5.47s/it]
 27%|██▋       | 1925/7110 [2:58:58<7:54:11,  5.49s/it]
 27%|██▋       | 1926/7110 [2:59:03<7:53:53,  5.48s/it]
 27%|██▋       | 1927/7110 [2:59:09<7:51:47,  5.46s/it]
 27%|██▋       | 1928/7110 [2:59:14<7:53:34,  5.48s/it]
 27%|██▋       | 1929/7110 [2:59:20<7:51:13,  5.46s/it]
 27%|██▋       | 1930/7110 [2:59:25<7:53:04,  5.48s/it]
 27%|██▋       | 1931/7110 [2:59:31<7:50:45,  5.45s/it]
 27%|██▋       | 1932/7110 [2:59:36<7:52:48,  5.48s/it]
 27%|██▋       | 1933/7110 [2:59:42<7:54:21,  5.50s/it]
 27%|██▋       | 1934/7110 [2:59:47<7:52:04,  5.47s/it]
 27%|██▋       | 1935/7110 [2:59:53<7:55:06,  5.51s/it]
 27%|██▋       | 1936/7110 [2:59:58<7:52:17,  5.48s/it]
 27%|██▋       | 1937/7110 [3:00:04<7:52:43,  5.48s/it]
 27%|██▋       | 1938/7110 [3:00:09<7:50:30,  5.46s/it]
 27%|██▋       | 1939/7110 [3:00:14<7:52:19,  5.48s/it]
 27%|██▋       | 1940/7110 [3:00:20<7:50:18,  5.46s/it]
 27%|██▋       | 1941/7110 [3:00:25<7:52:08,  5.48s/it]
 27%|██▋       | 1942/7110 [3:00:31<7:50:13,  5.46s/it]
 27%|██▋       | 1943/7110 [3:00:36<7:52:04,  5.48s/it]
 27%|██▋       | 1944/7110 [3:00:42<7:54:59,  5.52s/it]
 27%|██▋       | 1945/7110 [3:00:47<7:50:50,  5.47s/it]
 27%|██▋       | 1946/7110 [3:00:53<7:52:31,  5.49s/it]
 27%|██▋       | 1947/7110 [3:00:58<7:51:31,  5.48s/it]
 27%|██▋       | 1948/7110 [3:01:04<7:51:25,  5.48s/it]
 27%|██▋       | 1949/7110 [3:01:09<7:50:27,  5.47s/it]
 27%|██▋       | 1950/7110 [3:01:15<7:50:44,  5.47s/it]
 27%|██▋       | 1951/7110 [3:01:20<7:48:55,  5.45s/it]
 27%|██▋       | 1952/7110 [3:01:26<7:50:51,  5.48s/it]
 27%|██▋       | 1953/7110 [3:01:31<7:49:02,  5.46s/it]
 27%|██▋       | 1954/7110 [3:01:37<7:50:58,  5.48s/it]
 27%|██▋       | 1955/7110 [3:01:42<7:53:54,  5.52s/it]
 28%|██▊       | 1956/7110 [3:01:48<7:49:37,  5.47s/it]
 28%|██▊       | 1957/7110 [3:01:53<7:52:37,  5.50s/it]
 28%|██▊       | 1958/7110 [3:01:58<7:48:44,  5.46s/it]
 28%|██▊       | 1959/7110 [3:02:04<7:52:10,  5.50s/it]
 28%|██▊       | 1960/7110 [3:02:09<7:48:44,  5.46s/it]
 28%|██▊       | 1961/7110 [3:02:15<7:51:01,  5.49s/it]
 28%|██▊       | 1962/7110 [3:02:20<7:49:04,  5.47s/it]
 28%|██▊       | 1963/7110 [3:02:26<7:50:36,  5.49s/it]
 28%|██▊       | 1964/7110 [3:02:31<7:48:20,  5.46s/it]
 28%|██▊       | 1965/7110 [3:02:37<7:51:33,  5.50s/it]
 28%|██▊       | 1966/7110 [3:02:42<7:52:49,  5.52s/it]
 28%|██▊       | 1967/7110 [3:02:48<7:48:39,  5.47s/it]
 28%|██▊       | 1968/7110 [3:02:53<7:50:23,  5.49s/it]
 28%|██▊       | 1969/7110 [3:02:59<7:48:12,  5.46s/it]
 28%|██▊       | 1970/7110 [3:03:04<7:51:23,  5.50s/it]
 28%|██▊       | 1971/7110 [3:03:10<7:50:03,  5.49s/it]
 28%|██▊       | 1972/7110 [3:03:15<7:51:20,  5.50s/it]
 28%|██▊       | 1973/7110 [3:03:21<7:48:56,  5.48s/it]
 28%|██▊       | 1974/7110 [3:03:26<7:50:21,  5.49s/it]
 28%|██▊       | 1975/7110 [3:03:32<7:47:58,  5.47s/it]
 28%|██▊       | 1976/7110 [3:03:37<7:50:55,  5.50s/it]
 28%|██▊       | 1977/7110 [3:03:43<7:50:43,  5.50s/it]
 28%|██▊       | 1978/7110 [3:03:48<7:48:23,  5.48s/it]
 28%|██▊       | 1979/7110 [3:03:54<7:50:08,  5.50s/it]
 28%|██▊       | 1980/7110 [3:03:59<7:47:29,  5.47s/it]
 28%|██▊       | 1981/7110 [3:04:05<7:50:11,  5.50s/it]
 28%|██▊       | 1982/7110 [3:04:10<7:46:07,  5.45s/it]
 28%|██▊       | 1983/7110 [3:04:16<7:49:12,  5.49s/it]
 28%|██▊       | 1984/7110 [3:04:21<7:45:29,  5.45s/it]
 28%|██▊       | 1985/7110 [3:04:27<7:47:22,  5.47s/it]
 28%|██▊       | 1986/7110 [3:04:32<7:45:33,  5.45s/it]
 28%|██▊       | 1987/7110 [3:04:37<7:47:39,  5.48s/it]
 28%|██▊       | 1988/7110 [3:04:43<7:50:31,  5.51s/it]
 28%|██▊       | 1989/7110 [3:04:48<7:46:28,  5.47s/it]
 28%|██▊       | 1990/7110 [3:04:54<7:47:54,  5.48s/it]
 28%|██▊       | 1991/7110 [3:04:59<7:45:41,  5.46s/it]
 28%|██▊       | 1992/7110 [3:05:05<7:47:28,  5.48s/it]
 28%|██▊       | 1993/7110 [3:05:10<7:46:28,  5.47s/it]
 28%|██▊       | 1994/7110 [3:05:16<7:46:59,  5.48s/it]
 28%|██▊       | 1995/7110 [3:05:21<7:46:33,  5.47s/it]
 28%|██▊       | 1996/7110 [3:05:27<7:46:29,  5.47s/it]
 28%|██▊       | 1997/7110 [3:05:32<7:44:56,  5.46s/it]
 28%|██▊       | 1998/7110 [3:05:38<7:47:03,  5.48s/it]
 28%|██▊       | 1999/7110 [3:05:43<7:48:22,  5.50s/it]
 28%|██▊       | 2000/7110 [3:05:49<7:45:42,  5.47s/it]
 28%|██▊       | 2001/7110 [3:05:54<7:47:24,  5.49s/it]
 28%|██▊       | 2002/7110 [3:06:00<7:44:56,  5.46s/it]
 28%|██▊       | 2003/7110 [3:06:05<7:46:34,  5.48s/it]
 28%|██▊       | 2004/7110 [3:06:11<7:44:39,  5.46s/it]
 28%|██▊       | 2005/7110 [3:06:16<7:46:40,  5.48s/it]
 28%|██▊       | 2006/7110 [3:06:22<7:46:02,  5.48s/it]
 28%|██▊       | 2007/7110 [3:06:27<7:47:06,  5.49s/it]
 28%|██▊       | 2008/7110 [3:06:32<7:43:27,  5.45s/it]
 28%|██▊       | 2009/7110 [3:06:38<7:46:47,  5.49s/it]
 28%|██▊       | 2010/7110 [3:06:44<7:48:09,  5.51s/it]
 28%|██▊       | 2011/7110 [3:06:49<7:44:16,  5.46s/it]
 28%|██▊       | 2012/7110 [3:06:54<7:46:07,  5.49s/it]
 28%|██▊       | 2013/7110 [3:07:00<7:43:59,  5.46s/it]
 28%|██▊       | 2014/7110 [3:07:05<7:47:22,  5.50s/it]
 28%|██▊       | 2015/7110 [3:07:11<7:45:01,  5.48s/it]
 28%|██▊       | 2016/7110 [3:07:16<7:45:41,  5.49s/it]
 28%|██▊       | 2017/7110 [3:07:22<7:43:54,  5.47s/it]
 28%|██▊       | 2018/7110 [3:07:27<7:45:23,  5.48s/it]
 28%|██▊       | 2019/7110 [3:07:33<7:43:32,  5.46s/it]
 28%|██▊       | 2020/7110 [3:07:38<7:45:22,  5.49s/it]
 28%|██▊       | 2021/7110 [3:07:44<7:46:27,  5.50s/it]
 28%|██▊       | 2022/7110 [3:07:49<7:43:59,  5.47s/it]
 28%|██▊       | 2023/7110 [3:07:55<7:45:45,  5.49s/it]
 28%|██▊       | 2024/7110 [3:08:00<7:43:18,  5.47s/it]
 28%|██▊       | 2025/7110 [3:08:06<7:45:05,  5.49s/it]
 28%|██▊       | 2026/7110 [3:08:11<7:43:02,  5.46s/it]
 29%|██▊       | 2027/7110 [3:08:17<7:46:12,  5.50s/it]
 29%|██▊       | 2028/7110 [3:08:22<7:43:42,  5.47s/it]
 29%|██▊       | 2029/7110 [3:08:28<7:43:41,  5.48s/it]
 29%|██▊       | 2030/7110 [3:08:33<7:42:00,  5.46s/it]
 29%|██▊       | 2031/7110 [3:08:39<7:43:54,  5.48s/it]
 29%|██▊       | 2032/7110 [3:08:44<7:46:36,  5.51s/it]
 29%|██▊       | 2033/7110 [3:08:50<7:44:01,  5.48s/it]
 29%|██▊       | 2034/7110 [3:08:55<7:44:07,  5.49s/it]
 29%|██▊       | 2035/7110 [3:09:00<7:42:11,  5.46s/it]
 29%|██▊       | 2036/7110 [3:09:06<7:44:16,  5.49s/it]
 29%|██▊       | 2037/7110 [3:09:11<7:42:17,  5.47s/it]
 29%|██▊       | 2038/7110 [3:09:17<7:45:23,  5.51s/it]
 29%|██▊       | 2039/7110 [3:09:22<7:41:29,  5.46s/it]
 29%|██▊       | 2040/7110 [3:09:28<7:43:01,  5.48s/it]
 29%|██▊       | 2041/7110 [3:09:33<7:42:19,  5.47s/it]
 29%|██▊       | 2042/7110 [3:09:39<7:43:39,  5.49s/it]
 29%|██▊       | 2043/7110 [3:09:44<7:43:38,  5.49s/it]
 29%|██▊       | 2044/7110 [3:09:50<7:41:18,  5.46s/it]
 29%|██▉       | 2045/7110 [3:09:55<7:42:53,  5.48s/it]
 29%|██▉       | 2046/7110 [3:10:01<7:42:01,  5.47s/it]
 29%|██▉       | 2047/7110 [3:10:06<7:43:18,  5.49s/it]
 29%|██▉       | 2048/7110 [3:10:12<7:39:43,  5.45s/it]
 29%|██▉       | 2049/7110 [3:10:17<7:41:42,  5.47s/it]
 29%|██▉       | 2050/7110 [3:10:23<7:41:02,  5.47s/it]
 29%|██▉       | 2051/7110 [3:10:28<7:42:24,  5.48s/it]
 29%|██▉       | 2052/7110 [3:10:33<7:39:10,  5.45s/it]
 29%|██▉       | 2053/7110 [3:10:39<7:41:23,  5.47s/it]
 29%|██▉       | 2054/7110 [3:10:45<7:43:07,  5.50s/it]
 29%|██▉       | 2055/7110 [3:10:50<7:40:38,  5.47s/it]
 29%|██▉       | 2056/7110 [3:10:56<7:42:34,  5.49s/it]
 29%|██▉       | 2057/7110 [3:11:01<7:40:09,  5.46s/it]
 29%|██▉       | 2058/7110 [3:11:07<7:43:00,  5.50s/it]
 29%|██▉       | 2059/7110 [3:11:12<7:39:10,  5.45s/it]
 29%|██▉       | 2060/7110 [3:11:17<7:41:11,  5.48s/it]
 29%|██▉       | 2061/7110 [3:11:23<7:38:59,  5.45s/it]
 29%|██▉       | 2062/7110 [3:11:28<7:40:41,  5.48s/it]
 29%|██▉       | 2063/7110 [3:11:34<7:38:51,  5.46s/it]
 29%|██▉       | 2064/7110 [3:11:39<7:40:37,  5.48s/it]
 29%|██▉       | 2065/7110 [3:11:45<7:42:19,  5.50s/it]
 29%|██▉       | 2066/7110 [3:11:50<7:40:01,  5.47s/it]
 29%|██▉       | 2067/7110 [3:11:56<7:41:27,  5.49s/it]
 29%|██▉       | 2068/7110 [3:12:01<7:39:12,  5.46s/it]
 29%|██▉       | 2069/7110 [3:12:07<7:41:03,  5.49s/it]
 29%|██▉       | 2070/7110 [3:12:12<7:40:22,  5.48s/it]
 29%|██▉       | 2071/7110 [3:12:18<7:40:28,  5.48s/it]
 29%|██▉       | 2072/7110 [3:12:23<7:39:48,  5.48s/it]
 29%|██▉       | 2073/7110 [3:12:29<7:39:48,  5.48s/it]
 29%|██▉       | 2074/7110 [3:12:34<7:38:05,  5.46s/it]
 29%|██▉       | 2075/7110 [3:12:40<7:40:04,  5.48s/it]
 29%|██▉       | 2076/7110 [3:12:45<7:41:43,  5.50s/it]
 29%|██▉       | 2077/7110 [3:12:50<7:39:21,  5.48s/it]
 29%|██▉       | 2078/7110 [3:12:56<7:42:14,  5.51s/it]
 29%|██▉       | 2079/7110 [3:13:02<7:39:33,  5.48s/it]
 29%|██▉       | 2080/7110 [3:13:07<7:39:42,  5.48s/it]
 29%|██▉       | 2081/7110 [3:13:12<7:37:39,  5.46s/it]
 29%|██▉       | 2082/7110 [3:13:18<7:39:36,  5.48s/it]
 29%|██▉       | 2083/7110 [3:13:23<7:37:38,  5.46s/it]
 29%|██▉       | 2084/7110 [3:13:29<7:40:24,  5.50s/it]
 29%|██▉       | 2085/7110 [3:13:34<7:36:49,  5.45s/it]
 29%|██▉       | 2086/7110 [3:13:40<7:38:41,  5.48s/it]
 29%|██▉       | 2087/7110 [3:13:45<7:40:16,  5.50s/it]
 29%|██▉       | 2088/7110 [3:13:51<7:37:50,  5.47s/it]
 29%|██▉       | 2089/7110 [3:13:56<7:39:39,  5.49s/it]
 29%|██▉       | 2090/7110 [3:14:02<7:37:20,  5.47s/it]
 29%|██▉       | 2091/7110 [3:14:07<7:38:58,  5.49s/it]
 29%|██▉       | 2092/7110 [3:14:13<7:36:54,  5.46s/it]
 29%|██▉       | 2093/7110 [3:14:18<7:38:48,  5.49s/it]
 29%|██▉       | 2094/7110 [3:14:24<7:36:56,  5.47s/it]
 29%|██▉       | 2095/7110 [3:14:29<7:38:26,  5.48s/it]
 29%|██▉       | 2096/7110 [3:14:35<7:36:28,  5.46s/it]
 29%|██▉       | 2097/7110 [3:14:40<7:38:21,  5.49s/it]
 30%|██▉       | 2098/7110 [3:14:46<7:40:57,  5.52s/it]
 30%|██▉       | 2099/7110 [3:14:51<7:37:43,  5.48s/it]
 30%|██▉       | 2100/7110 [3:14:57<7:38:19,  5.49s/it]
 30%|██▉       | 2101/7110 [3:15:02<7:37:23,  5.48s/it]
 30%|██▉       | 2102/7110 [3:15:08<7:37:38,  5.48s/it]
 30%|██▉       | 2103/7110 [3:15:13<7:35:50,  5.46s/it]
 30%|██▉       | 2104/7110 [3:15:18<7:37:40,  5.49s/it]
 30%|██▉       | 2105/7110 [3:15:24<7:35:12,  5.46s/it]
 30%|██▉       | 2106/7110 [3:15:29<7:36:49,  5.48s/it]
 30%|██▉       | 2107/7110 [3:15:35<7:36:15,  5.47s/it]
 30%|██▉       | 2108/7110 [3:15:40<7:37:47,  5.49s/it]
 30%|██▉       | 2109/7110 [3:15:46<7:37:53,  5.49s/it]
 30%|██▉       | 2110/7110 [3:15:51<7:35:33,  5.47s/it]
 30%|██▉       | 2111/7110 [3:15:57<7:37:19,  5.49s/it]
 30%|██▉       | 2112/7110 [3:16:02<7:35:07,  5.46s/it]
 30%|██▉       | 2113/7110 [3:16:08<7:36:52,  5.49s/it]
 30%|██▉       | 2114/7110 [3:16:13<7:34:43,  5.46s/it]
 30%|██▉       | 2115/7110 [3:16:19<7:36:36,  5.48s/it]
 30%|██▉       | 2116/7110 [3:16:24<7:35:40,  5.47s/it]
 30%|██▉       | 2117/7110 [3:16:30<7:35:20,  5.47s/it]
 30%|██▉       | 2118/7110 [3:16:35<7:35:00,  5.47s/it]
 30%|██▉       | 2119/7110 [3:16:41<7:35:17,  5.47s/it]
 30%|██▉       | 2120/7110 [3:16:46<7:37:06,  5.50s/it]
 30%|██▉       | 2121/7110 [3:16:52<7(0,)
It 2133, sqrt loss 0.002022, Val sim-RMS 0.002023, Time Loss: 97.5%, data: 0.6%, val: 1.9%,  5.6 sec/batch
:34:46,  5.47s/it]
 30%|██▉       | 2122/7110 [3:16:57<7:36:31,  5.49s/it]
 30%|██▉       | 2123/7110 [3:17:03<7:35:28,  5.48s/it]
 30%|██▉       | 2124/7110 [3:17:08<7:35:21,  5.48s/it]
 30%|██▉       | 2125/7110 [3:17:13<7:33:17,  5.46s/it]
 30%|██▉       | 2126/7110 [3:17:19<7:35:16,  5.48s/it]
 30%|██▉       | 2127/7110 [3:17:24<7:34:26,  5.47s/it]
 30%|██▉       | 2128/7110 [3:17:30<7:35:38,  5.49s/it]
 30%|██▉       | 2129/7110 [3:17:35<7:31:53,  5.44s/it]
 30%|██▉       | 2130/7110 [3:17:41<7:34:56,  5.48s/it]
 30%|██▉       | 2131/7110 [3:17:46<7:36:01,  5.50s/it]
 30%|██▉       | 2132/7110 [3:17:52<7:32:25,  5.45s/it]
 30%|███       | 2133/7110 [3:18:22<17:42:38, 12.81s/it]
 30%|███       | 2134/7110 [3:18:27<14:36:42, 10.57s/it]
 30%|███       | 2135/7110 [3:18:33<12:32:46,  9.08s/it]
 30%|███       | 2136/7110 [3:18:38<11:00:05,  7.96s/it]
 30%|███       | 2137/7110 [3:18:44<9:59:36,  7.23s/it] 
 30%|███       | 2138/7110 [3:18:49<9:15:23,  6.70s/it]
 30%|███       | 2139/7110 [3:18:54<8:44:52,  6.34s/it]
 30%|███       | 2140/7110 [3:19:00<8:23:03,  6.07s/it]
 30%|███       | 2141/7110 [3:19:05<8:09:31,  5.91s/it]
 30%|███       | 2142/7110 [3:19:11<7:58:56,  5.78s/it]
 30%|███       | 2143/7110 [3:19:16<7:49:18,  5.67s/it]
 30%|███       | 2144/7110 [3:19:22<7:45:47,  5.63s/it]
 30%|███       | 2145/7110 [3:19:27<7:39:40,  5.56s/it]
 30%|███       | 2146/7110 [3:19:33<7:38:54,  5.55s/it]
 30%|███       | 2147/7110 [3:19:38<7:35:07,  5.50s/it]
 30%|███       | 2148/7110 [3:19:44<7:35:43,  5.51s/it]
 30%|███       | 2149/7110 [3:19:49<7:34:07,  5.49s/it]
 30%|███       | 2150/7110 [3:19:55<7:33:43,  5.49s/it]
 30%|███       | 2151/7110 [3:20:00<7:31:42,  5.47s/it]
 30%|███       | 2152/7110 [3:20:06<7:33:33,  5.49s/it]
 30%|███       | 2153/7110 [3:20:11<7:34:50,  5.51s/it]
 30%|███       | 2154/7110 [3:20:17<7:33:32,  5.49s/it]
 30%|███       | 2155/7110 [3:20:22<7:34:32,  5.50s/it]
 30%|███       | 2156/7110 [3:20:28<7:30:18,  5.45s/it]
 30%|███       | 2157/7110 [3:20:33<7:32:12,  5.48s/it]
 30%|███       | 2158/7110 [3:20:38<7:31:18,  5.47s/it]
 30%|███       | 2159/7110 [3:20:44<7:31:43,  5.47s/it]
 30%|███       | 2160/7110 [3:20:49<7:30:04,  5.46s/it]
 30%|███       | 2161/7110 [3:20:55<7:33:11,  5.49s/it]
 30%|███       | 2162/7110 [3:21:00<7:31:02,  5.47s/it]
 30%|███       | 2163/7110 [3:21:06<7:31:19,  5.47s/it]
 30%|███       | 2164/7110 [3:21:11<7:32:46,  5.49s/it]
 30%|███       | 2165/7110 [3:21:17<7:30:35,  5.47s/it]
 30%|███       | 2166/7110 [3:21:22<7:33:34,  5.50s/it]
 30%|███       | 2167/7110 [3:21:28<7:30:47,  5.47s/it]
 30%|███       | 2168/7110 [3:21:33<7:32:25,  5.49s/it]
 31%|███       | 2169/7110 [3:21:39<7:28:53,  5.45s/it]
 31%|███       | 2170/7110 [3:21:44<7:31:53,  5.49s/it]
 31%|███       | 2171/7110 [3:21:50<7:29:35,  5.46s/it]
 31%|███       | 2172/7110 [3:21:55<7:30:07,  5.47s/it]
 31%|███       | 2173/7110 [3:22:01<7:28:37,  5.45s/it]
 31%|███       | 2174/7110 [3:22:06<7:31:45,  5.49s/it]
 31%|███       | 2175/7110 [3:22:12<7:31:34,  5.49s/it]
 31%|███       | 2176/7110 [3:22:17<7:29:09,  5.46s/it]
 31%|███       | 2177/7110 [3:22:23<7:31:02,  5.49s/it]
 31%|███       | 2178/7110 [3:22:28<7:29:56,  5.47s/it]
 31%|███       | 2179/7110 [3:22:34<7:31:13,  5.49s/it]
 31%|███       | 2180/7110 [3:22:39<7:28:51,  5.46s/it]
 31%|███       | 2181/7110 [3:22:44<7:30:46,  5.49s/it]
 31%|███       | 2182/7110 [3:22:50<7:28:29,  5.46s/it]
 31%|███       | 2183/7110 [3:22:55<7:30:03,  5.48s/it]
 31%|███       | 2184/7110 [3:23:01<7:26:31,  5.44s/it]
 31%|███       | 2185/7110 [3:23:06<7:30:09,  5.48s/it]
 31%|███       | 2186/7110 [3:23:12<7:30:12,  5.49s/it]
 31%|███       | 2187/7110 [3:23:17<7:28:07,  5.46s/it]
 31%|███       | 2188/7110 [3:23:23<7:30:09,  5.49s/it]
 31%|███       | 2189/7110 [3:23:28<7:27:56,  5.46s/it]
 31%|███       | 2190/7110 [3:23:34<7:29:53,  5.49s/it]
 31%|███       | 2191/7110 [3:23:39<7:29:18,  5.48s/it]
 31%|███       | 2192/7110 [3:23:45<7:29:29,  5.48s/it]
 31%|███       | 2193/7110 [3:23:50<7:27:28,  5.46s/it]
 31%|███       | 2194/7110 [3:23:56<7:30:09,  5.49s/it]
 31%|███       | 2195/7110 [3:24:01<7:26:24,  5.45s/it]
 31%|███       | 2196/7110 [3:24:07<7:29:41,  5.49s/it]
 31%|███       | 2197/7110 [3:24:12<7:29:41,  5.49s/it]
 31%|███       | 2198/7110 [3:24:18<7:27:34,  5.47s/it]
 31%|███       | 2199/7110 [3:24:23<7:29:23,  5.49s/it]
 31%|███       | 2200/7110 [3:24:28<7:27:08,  5.46s/it]
 31%|███       | 2201/7110 [3:24:34<7:28:48,  5.49s/it]
 31%|███       | 2202/7110 [3:24:39<7:26:46,  5.46s/it]
 31%|███       | 2203/7110 [3:24:45<7:30:00,  5.50s/it]
 31%|███       | 2204/7110 [3:24:50<7:27:38,  5.47s/it]
 31%|███       | 2205/7110 [3:24:56<7:27:51,  5.48s/it]
 31%|███       | 2206/7110 [3:25:01<7:25:54,  5.46s/it]
 31%|███       | 2207/7110 [3:25:07<7:27:52,  5.48s/it]
 31%|███       | 2208/7110 [3:25:12<7:30:38,  5.52s/it]
 31%|███       | 2209/7110 [3:25:18<7:26:39,  5.47s/it]
 31%|███       | 2210/7110 [3:25:23<7:29:30,  5.50s/it]
 31%|███       | 2211/7110 [3:25:29<7:26:51,  5.47s/it]
 31%|███       | 2212/7110 [3:25:34<7:27:00,  5.48s/it]
 31%|███       | 2213/7110 [3:25:40<7:25:14,  5.46s/it]
 31%|███       | 2214/7110 [3:25:45<7:28:37,  5.50s/it]
 31%|███       | 2215/7110 [3:25:51<7:25:01,  5.45s/it]
 31%|███       | 2216/7110 [3:25:56<7:27:04,  5.48s/it]
 31%|███       | 2217/7110 [3:26:02<7:25:13,  5.46s/it]
 31%|███       | 2218/7110 [3:26:07<7:28:13,  5.50s/it]
 31%|███       | 2219/7110 [3:26:13<7:28:07,  5.50s/it]
 31%|███       | 2220/7110 [3:26:18<7:27:09,  5.49s/it]
 31%|███       | 2221/7110 [3:26:24<7:28:19,  5.50s/it]
 31%|███▏      | 2222/7110 [3:26:29<7:24:19,  5.45s/it]
 31%|███▏      | 2223/7110 [3:26:35<7:26:11,  5.48s/it]
 31%|███▏      | 2224/7110 [3:26:40<7:24:13,  5.46s/it]
 31%|███▏      | 2225/7110 [3:26:45<7:26:14,  5.48s/it]
 31%|███▏      | 2226/7110 [3:26:51<7:24:14,  5.46s/it]
 31%|███▏      | 2227/7110 [3:26:56<7:27:19,  5.50s/it]
 31%|███▏      | 2228/7110 [3:27:02<7:25:13,  5.47s/it]
 31%|███▏      | 2229/7110 [3:27:07<7:25:14,  5.47s/it]
 31%|███▏      | 2230/7110 [3:27:13<7:28:00,  5.51s/it]
 31%|███▏      | 2231/7110 [3:27:18<7:24:05,  5.46s/it]
 31%|███▏      | 2232/7110 [3:27:24<7:27:16,  5.50s/it]
 31%|███▏      | 2233/7110 [3:27:29<7:23:26,  5.46s/it]
 31%|███▏      | 2234/7110 [3:27:35<7:25:19,  5.48s/it]
 31%|███▏      | 2235/7110 [3:27:40<7:23:33,  5.46s/it]
 31%|███▏      | 2236/7110 [3:27:46<7:25:35,  5.49s/it]
 31%|███▏      | 2237/7110 [3:27:51<7:23:43,  5.46s/it]
 31%|███▏      | 2238/7110 [3:27:57<7:26:43,  5.50s/it]
 31%|███▏      | 2239/7110 [3:28:02<7:24:22,  5.47s/it]
 32%|███▏      | 2240/7110 [3:28:08<7:24:21,  5.47s/it]
 32%|███▏      | 2241/7110 [3:28:13<7:25:48,  5.49s/it]
 32%|███▏      | 2242/7110 [3:28:19<7:23:25,  5.47s/it]
 32%|███▏      | 2243/7110 [3:28:24<7:24:56,  5.49s/it]
 32%|███▏      | 2244/7110 [3:28:30<7:23:45,  5.47s/it]
 32%|███▏      | 2245/7110 [3:28:35<7:23:59,  5.48s/it]
 32%|███▏      | 2246/7110 [3:28:40<7:21:58,  5.45s/it]
 32%|███▏      | 2247/7110 [3:28:46<7:23:43,  5.47s/it]
 32%|███▏      | 2248/7110 [3:28:51<7:21:42,  5.45s/it]
 32%|███▏      | 2249/7110 [3:28:57<7:24:41,  5.49s/it]
 32%|███▏      | 2250/7110 [3:29:02<7:20:59,  5.44s/it]
 32%|███▏      | 2251/7110 [3:29:08<7:22:47,  5.47s/it]
 32%|███▏      | 2252/7110 [3:29:13<7:24:20,  5.49s/it]
 32%|███▏      | 2253/7110 [3:29:19<7:23:25,  5.48s/it]
 32%|███▏      | 2254/7110 [3:29:24<7:23:33,  5.48s/it]
 32%|███▏      | 2255/7110 [3:29:30<7:22:33,  5.47s/it]
 32%|███▏      | 2256/7110 [3:29:35<7:22:56,  5.48s/it]
 32%|███▏      | 2257/7110 [3:29:41<7:21:13,  5.46s/it]
 32%|███▏      | 2258/7110 [3:29:46<7:23:19,  5.48s/it]
 32%|███▏      | 2259/7110 [3:29:52<7:21:18,  5.46s/it]
 32%|███▏      | 2260/7110 [3:29:57<7:22:56,  5.48s/it]
 32%|███▏      | 2261/7110 [3:30:03<7:22:03,  5.47s/it]
 32%|███▏      | 2262/7110 [3:30:08<7:22:06,  5.47s/it]
 32%|███▏      | 2263/7110 [3:30:14<7:23:30,  5.49s/it]
 32%|███▏      | 2264/7110 [3:30:19<7:22:34,  5.48s/it]
 32%|███▏      | 2265/7110 [3:30:24<7:22:45,  5.48s/it]
 32%|███▏      | 2266/7110 [3:30:30<7:20:48,  5.46s/it]
 32%|███▏      | 2267/7110 [3:30:35<7:22:41,  5.48s/it]
 32%|███▏      | 2268/7110 [3:30:41<7:21:57,  5.48s/it]
 32%|███▏      | 2269/7110 [3:30:46<7:23:34,  5.50s/it]
 32%|███▏      | 2270/7110 [3:30:52<7:20:10,  5.46s/it]
 32%|███▏      | 2271/7110 [3:30:57<7:21:59,  5.48s/it]
 32%|███▏      | 2272/7110 [3:31:03<7:21:21,  5.47s/it]
 32%|███▏      | 2273/7110 [3:31:08<7:22:45,  5.49s/it]
 32%|███▏      | 2274/7110 [3:31:14<7:23:54,  5.51s/it]
 32%|███▏      | 2275/7110 [3:31:19<7:20:05,  5.46s/it]
 32%|███▏      | 2276/7110 [3:31:25<7:22:03,  5.49s/it]
 32%|███▏      | 2277/7110 [3:31:30<7:20:05,  5.46s/it]
 32%|███▏      | 2278/7110 [3:31:36<7:23:14,  5.50s/it]
 32%|███▏      | 2279/7110 [3:31:41<7:19:25,  5.46s/it]
 32%|███▏      | 2280/7110 [3:31:47<7:21:14,  5.48s/it]
 32%|███▏      | 2281/7110 [3:31:52<7:19:01,  5.45s/it]
 32%|███▏      | 2282/7110 [3:31:58<7:20:39,  5.48s/it]
 32%|███▏      | 2283/7110 [3:32:03<7:18:30,  5.45s/it]
 32%|███▏      | 2284/7110 [3:32:09<7:21:28,  5.49s/it]
 32%|███▏      | 2285/7110 [3:32:14<7:21:06,  5.49s/it]
 32%|███▏      | 2286/7110 [3:32:19<7:20:08,  5.47s/it]
 32%|███▏      | 2287/7110 [3:32:25<7:20:22,  5.48s/it]
 32%|███▏      | 2288/7110 [3:32:30<7:18:30,  5.46s/it]
 32%|███▏      | 2289/7110 [3:32:36<7:20:21,  5.48s/it]
 32%|███▏      | 2290/7110 [3:32:41<7:19:25,  5.47s/it]
 32%|███▏      | 2291/7110 [3:32:47<7:19:38,  5.47s/it]
 32%|███▏      | 2292/7110 [3:32:52<7:18:00,  5.45s/it]
 32%|███▏      | 2293/7110 [3:32:58<7:21:12,  5.50s/it]
 32%|███▏      | 2294/7110 [3:33:03<7:17:55,  5.46s/it]
 32%|███▏      | 2295/7110 [3:33:09<7:19:47,  5.48s/it]
 32%|███▏      | 2296/7110 [3:33:14<7:21:13,  5.50s/it]
 32%|███▏      | 2297/7110 [3:33:20<7:18:52,  5.47s/it]
 32%|███▏      | 2298/7110 [3:33:25<7:20:21,  5.49s/it]
 32%|███▏      | 2299/7110 [3:33:31<7:19:21,  5.48s/it]
 32%|███▏      | 2300/7110 [3:33:36<7:19:32,  5.48s/it]
 32%|███▏      | 2301/7110 [3:33:42<7:18:51,  5.48s/it]
 32%|███▏      | 2302/7110 [3:33:47<7:19:19,  5.48s/it]
 32%|███▏      | 2303/7110 [3:33:53<7:17:33,  5.46s/it]
 32%|███▏      | 2304/7110 [3:33:58<7:20:37,  5.50s/it]
 32%|███▏      | 2305/7110 [3:34:03<7:17:03,  5.46s/it]
 32%|███▏      | 2306/7110 [3:34:09<7:19:59,  5.50s/it]
 32%|███▏      | 2307/7110 [3:34:15<7:20:59,  5.51s/it]
 32%|███▏      | 2308/7110 [3:34:20<7:17:19,  5.46s/it]
 32%|███▏      | 2309/7110 [3:34:25<7:18:50,  5.48s/it]
 32%|███▏      | 2310/7110 [3:34:31<7:16:54,  5.46s/it]
 33%|███▎      | 2311/7110 [3:34:36<7:18:37,  5.48s/it]
 33%|███▎      | 2312/7110 [3:34:42<7:16:41,  5.46s/it]
 33%|███▎      | 2313/7110 [3:34:47<7:18:29,  5.48s/it]
 33%|███▎      | 2314/7110 [3:34:53<7:16:38,  5.46s/it]
 33%|███▎      | 2315/7110 [3:34:58<7:18:17,  5.48s/it]
 33%|███▎      | 2316/7110 [3:35:04<7:16:21,  5.46s/it]
 33%|███▎      | 2317/7110 [3:35:09<7:18:08,  5.48s/it]
 33%|███▎      | 2318/7110 [3:35:15<7:19:24,  5.50s/it]
 33%|███▎      | 2319/7110 [3:35:20<7:17:47,  5.48s/it]
 33%|███▎      | 2320/7110 [3:35:26<7:18:47,  5.50s/it]
 33%|███▎      | 2321/7110 [3:35:31<7:15:03,  5.45s/it]
 33%|███▎      | 2322/7110 [3:35:37<7:17:06,  5.48s/it]
 33%|███▎      | 2323/7110 [3:35:42<7:15:09,  5.45s/it]
 33%|███▎      | 2324/7110 [3:35:48<7:17:07,  5.48s/it]
 33%|███▎      | 2325/7110 [3:35:53<7:15:05,  5.46s/it]
 33%|███▎      | 2326/7110 [3:35:59<7:16:49,  5.48s/it]
 33%|███▎      | 2327/7110 [3:36:04<7:15:03,  5.46s/it]
 33%|███▎      | 2328/7110 [3:36:10<7:18:06,  5.50s/it]
 33%|███▎      | 2329/7110 [3:36:15<7:18:51,  5.51s/it]
 33%|███▎      | 2330/7110 [3:36:20<7:15:06,  5.46s/it]
 33%|███▎      | 2331/7110 [3:36:26<7:16:28,  5.48s/it]
 33%|███▎      | 2332/7110 [3:36:31<7:14:23,  5.45s/it]
 33%|███▎      | 2333/7110 [3:36:37<7:16:23,  5.48s/it]
 33%|███▎      | 2334/7110 [3:36:42<7:15:50,  5.48s/it]
 33%|███▎      | 2335/7110 [3:36:48<7:15:57,  5.48s/it]
 33%|███▎      | 2336/7110 [3:36:53<7:15:14,  5.47s/it]
 33%|███▎      | 2337/7110 [3:36:59<7:15:20,  5.47s/it]
 33%|███▎      | 2338/7110 [3:37:04<7:14:49,  5.47s/it]
 33%|███▎      | 2339/7110 [3:37:10<7:16:23,  5.49s/it]
 33%|███▎      | 2340/7110 [3:37:15<7:17:34,  5.50s/it]
 33%|███▎      | 2341/7110 [3:37:21<7:14:02,  5.46s/it]
 33%|███▎      | 2342/7110 [3:37:26<7:15:39,  5.48s/it]
 33%|███▎      | 2343/7110 [3:37:32<7:14:44,  5.47s/it]
 33%|███▎      | 2344/7110 [3:37:37<7:15:14,  5.48s/it]
 33%|███▎      | 2345/7110 [3:37:43<7:13:26,  5.46s/it]
 33%|███▎      | 2346/7110 [3:37:48<7:15:17,  5.48s/it]
 33%|███▎      | 2347/7110 [3:37:54<7:14:38,  5.48s/it]
 33%|███▎      | 2348/7110 [3:37:59<7:14:46,  5.48s/it]
 33%|███▎      | 2349/7110 [3:38:04<7:14:05,  5.47s/it]
 33%|███▎      | 2350/7110 [3:38:10<7:14:31,  5.48s/it]
 33%|███▎      | 2351/7110 [3:38:16<7:15:59,  5.50s/it]
 33%|███▎      | 2352/7110 [3:38:21<7:14:46,  5.48s/it]
 33%|███▎      | 2353/7110 [3:38:26<7:14:27,  5.48s/it]
 33%|███▎      | 2354/7110 [3:38:32<7:12:30,  5.46s/it]
 33%|███▎      | 2355/7110 [3:38:37<7:15:30,  5.50s/it]
 33%|███▎      | 2356/7110 [3:38:43<7:12:15,  5.46s/it]
 33%|███▎      | 2357/7110 [3:38:48<7:14:12,  5.48s/it]
 33%|███▎      | 2358/7110 [3:38:54<7:12:23,  5.46s/it]
 33%|███▎      | 2359/7110 [3:38:59<7:14:06,  5.48s/it]
 33%|███▎      | 2360/7110 [3:39:05<7:12:16,  5.46s/it]
 33%|███▎      | 2361/7110 [3:39:10<7:13:57,  5.48s/it]
 33%|███▎      | 2362/7110 [3:39:16<7:15:27,  5.50s/it]
 33%|███▎      | 2363/7110 [3:39:21<7:13:04,  5.47s/it]
 33%|███▎      | 2364/7110 [3:39:27<7:14(0,)
It 2370, sqrt loss 0.003439, Val sim-RMS 0.001013, Time Loss: 97.5%, data: 0.6%, val: 1.9%,  5.6 sec/batch
:24,  5.49s/it]
 33%|███▎      | 2365/7110 [3:39:32<7:12:14,  5.47s/it]
 33%|███▎      | 2366/7110 [3:39:38<7:13:54,  5.49s/it]
 33%|███▎      | 2367/7110 [3:39:43<7:11:50,  5.46s/it]
 33%|███▎      | 2368/7110 [3:39:49<7:13:24,  5.48s/it]
 33%|███▎      | 2369/7110 [3:39:54<7:11:23,  5.46s/it]
 33%|███▎      | 2370/7110 [3:40:24<16:53:42, 12.83s/it]
 33%|███▎      | 2371/7110 [3:40:29<13:56:13, 10.59s/it]
 33%|███▎      | 2372/7110 [3:40:35<11:56:11,  9.07s/it]
 33%|███▎      | 2373/7110 [3:40:40<10:32:11,  8.01s/it]
 33%|███▎      | 2374/7110 [3:40:46<9:30:36,  7.23s/it] 
 33%|███▎      | 2375/7110 [3:40:51<8:50:41,  6.72s/it]
 33%|███▎      | 2376/7110 [3:40:57<8:19:22,  6.33s/it]
 33%|███▎      | 2377/7110 [3:41:02<8:00:45,  6.09s/it]
 33%|███▎      | 2378/7110 [3:41:08<7:44:24,  5.89s/it]
 33%|███▎      | 2379/7110 [3:41:13<7:37:22,  5.80s/it]
 33%|███▎      | 2380/7110 [3:41:19<7:28:05,  5.68s/it]
 33%|███▎      | 2381/7110 [3:41:24<7:24:17,  5.64s/it]
 34%|███▎      | 2382/7110 [3:41:30<7:18:22,  5.56s/it]
 34%|███▎      | 2383/7110 [3:41:35<7:16:12,  5.54s/it]
 34%|███▎      | 2384/7110 [3:41:41<7:16:00,  5.54s/it]
 34%|███▎      | 2385/7110 [3:41:46<7:12:45,  5.50s/it]
 34%|███▎      | 2386/7110 [3:41:52<7:13:35,  5.51s/it]
 34%|███▎      | 2387/7110 [3:41:57<7:11:58,  5.49s/it]
 34%|███▎      | 2388/7110 [3:42:03<7:12:00,  5.49s/it]
 34%|███▎      | 2389/7110 [3:42:08<7:09:53,  5.46s/it]
 34%|███▎      | 2390/7110 [3:42:14<7:11:50,  5.49s/it]
 34%|███▎      | 2391/7110 [3:42:19<7:09:56,  5.47s/it]
 34%|███▎      | 2392/7110 [3:42:24<7:11:34,  5.49s/it]
 34%|███▎      | 2393/7110 [3:42:30<7:10:20,  5.47s/it]
 34%|███▎      | 2394/7110 [3:42:35<7:10:30,  5.48s/it]
 34%|███▎      | 2395/7110 [3:42:41<7:11:49,  5.50s/it]
 34%|███▎      | 2396/7110 [3:42:46<7:09:52,  5.47s/it]
 34%|███▎      | 2397/7110 [3:42:52<7:11:23,  5.49s/it]
 34%|███▎      | 2398/7110 [3:42:57<7:10:28,  5.48s/it]
 34%|███▎      | 2399/7110 [3:43:03<7:11:50,  5.50s/it]
 34%|███▍      | 2400/7110 [3:43:08<7:08:19,  5.46s/it]
 34%|███▍      | 2401/7110 [3:43:14<7:10:11,  5.48s/it]
 34%|███▍      | 2402/7110 [3:43:19<7:08:19,  5.46s/it]
 34%|███▍      | 2403/7110 [3:43:25<7:10:07,  5.48s/it]
 34%|███▍      | 2404/7110 [3:43:30<7:08:09,  5.46s/it]
 34%|███▍      | 2405/7110 [3:43:36<7:09:48,  5.48s/it]
 34%|███▍      | 2406/7110 [3:43:41<7:11:01,  5.50s/it]
 34%|███▍      | 2407/7110 [3:43:47<7:08:31,  5.47s/it]
 34%|███▍      | 2408/7110 [3:43:52<7:11:05,  5.50s/it]
 34%|███▍      | 2409/7110 [3:43:58<7:08:34,  5.47s/it]
 34%|███▍      | 2410/7110 [3:44:03<7:09:53,  5.49s/it]
 34%|███▍      | 2411/7110 [3:44:08<7:06:42,  5.45s/it]
 34%|███▍      | 2412/7110 [3:44:14<7:08:52,  5.48s/it]
 34%|███▍      | 2413/7110 [3:44:19<7:08:18,  5.47s/it]
 34%|███▍      | 2414/7110 [3:44:25<7:09:59,  5.49s/it]
 34%|███▍      | 2415/7110 [3:44:30<7:06:29,  5.45s/it]
 34%|███▍      | 2416/7110 [3:44:36<7:09:49,  5.49s/it]
 34%|███▍      | 2417/7110 [3:44:41<7:10:53,  5.51s/it]
 34%|███▍      | 2418/7110 [3:44:47<7:07:18,  5.46s/it]
 34%|███▍      | 2419/7110 [3:44:52<7:09:05,  5.49s/it]
 34%|███▍      | 2420/7110 [3:44:58<7:07:10,  5.46s/it]
 34%|███▍      | 2421/7110 [3:45:03<7:09:02,  5.49s/it]
 34%|███▍      | 2422/7110 [3:45:09<7:08:19,  5.48s/it]
 34%|███▍      | 2423/7110 [3:45:14<7:08:36,  5.49s/it]
 34%|███▍      | 2424/7110 [3:45:20<7:06:41,  5.46s/it]
 34%|███▍      | 2425/7110 [3:45:25<7:09:26,  5.50s/it]
 34%|███▍      | 2426/7110 [3:45:31<7:05:47,  5.45s/it]
 34%|███▍      | 2427/7110 [3:45:36<7:07:30,  5.48s/it]
 34%|███▍      | 2428/7110 [3:45:42<7:08:49,  5.50s/it]
 34%|███▍      | 2429/7110 [3:45:47<7:07:55,  5.49s/it]
 34%|███▍      | 2430/7110 [3:45:53<7:08:05,  5.49s/it]
 34%|███▍      | 2431/7110 [3:45:58<7:07:13,  5.48s/it]
 34%|███▍      | 2432/7110 [3:46:04<7:07:37,  5.48s/it]
 34%|███▍      | 2433/7110 [3:46:09<7:06:58,  5.48s/it]
 34%|███▍      | 2434/7110 [3:46:15<7:08:32,  5.50s/it]
 34%|███▍      | 2435/7110 [3:46:20<7:05:24,  5.46s/it]
 34%|███▍      | 2436/7110 [3:46:26<7:07:12,  5.48s/it]
 34%|███▍      | 2437/7110 [3:46:31<7:06:40,  5.48s/it]
 34%|███▍      | 2438/7110 [3:46:37<7:06:50,  5.48s/it]
 34%|███▍      | 2439/7110 [3:46:42<7:08:17,  5.50s/it]
 34%|███▍      | 2440/7110 [3:46:48<7:07:17,  5.49s/it]
 34%|███▍      | 2441/7110 [3:46:53<7:08:30,  5.51s/it]
 34%|███▍      | 2442/7110 [3:46:58<7:04:41,  5.46s/it]
 34%|███▍      | 2443/7110 [3:47:04<7:06:36,  5.48s/it]
 34%|███▍      | 2444/7110 [3:47:09<7:04:46,  5.46s/it]
 34%|███▍      | 2445/7110 [3:47:15<7:06:08,  5.48s/it]
 34%|███▍      | 2446/7110 [3:47:20<7:05:30,  5.47s/it]
 34%|███▍      | 2447/7110 [3:47:26<7:05:34,  5.48s/it]
 34%|███▍      | 2448/7110 [3:47:31<7:03:54,  5.46s/it]
 34%|███▍      | 2449/7110 [3:47:37<7:05:42,  5.48s/it]
 34%|███▍      | 2450/7110 [3:47:42<7:07:07,  5.50s/it]
 34%|███▍      | 2451/7110 [3:47:48<7:04:46,  5.47s/it]
 34%|███▍      | 2452/7110 [3:47:53<7:06:20,  5.49s/it]
 35%|███▍      | 2453/7110 [3:47:59<7:05:27,  5.48s/it]
 35%|███▍      | 2454/7110 [3:48:04<7:05:16,  5.48s/it]
 35%|███▍      | 2455/7110 [3:48:10<7:04:24,  5.47s/it]
 35%|███▍      | 2456/7110 [3:48:15<7:04:40,  5.48s/it]
 35%|███▍      | 2457/7110 [3:48:21<7:02:48,  5.45s/it]
 35%|███▍      | 2458/7110 [3:48:26<7:05:35,  5.49s/it]
 35%|███▍      | 2459/7110 [3:48:31<7:02:21,  5.45s/it]
 35%|███▍      | 2460/7110 [3:48:37<7:05:19,  5.49s/it]
 35%|███▍      | 2461/7110 [3:48:43<7:06:22,  5.50s/it]
 35%|███▍      | 2462/7110 [3:48:48<7:02:55,  5.46s/it]
 35%|███▍      | 2463/7110 [3:48:54<7:05:52,  5.50s/it]
 35%|███▍      | 2464/7110 [3:48:59<7:03:36,  5.47s/it]
 35%|███▍      | 2465/7110 [3:49:04<7:05:03,  5.49s/it]
 35%|███▍      | 2466/7110 [3:49:10<7:01:39,  5.45s/it]
 35%|███▍      | 2467/7110 [3:49:15<7:03:22,  5.47s/it]
 35%|███▍      | 2468/7110 [3:49:21<7:01:32,  5.45s/it]
 35%|███▍      | 2469/7110 [3:49:26<7:04:40,  5.49s/it]
 35%|███▍      | 2470/7110 [3:49:32<7:01:27,  5.45s/it]
 35%|███▍      | 2471/7110 [3:49:37<7:04:33,  5.49s/it]
 35%|███▍      | 2472/7110 [3:49:43<7:04:35,  5.49s/it]
 35%|███▍      | 2473/7110 [3:49:48<7:02:20,  5.46s/it]
 35%|███▍      | 2474/7110 [3:49:54<7:03:49,  5.49s/it]
 35%|███▍      | 2475/7110 [3:49:59<7:01:42,  5.46s/it]
 35%|███▍      | 2476/7110 [3:50:05<7:03:14,  5.48s/it]
 35%|███▍      | 2477/7110 [3:50:10<7:01:31,  5.46s/it]
 35%|███▍      | 2478/7110 [3:50:16<7:04:36,  5.50s/it]
 35%|███▍      | 2479/7110 [3:50:21<7:02:28,  5.47s/it]
 35%|███▍      | 2480/7110 [3:50:27<7:02:26,  5.47s/it]
 35%|███▍      | 2481/7110 [3:50:32<7:00:49,  5.45s/it]
 35%|███▍      | 2482/7110 [3:50:37<7:02:27,  5.48s/it]
 35%|███▍      | 2483/7110 [3:50:43<7:04:49,  5.51s/it]
 35%|███▍      | 2484/7110 [3:50:48<7:01:15,  5.46s/it]
 35%|███▍      | 2485/7110 [3:50:54<7:03:02,  5.49s/it]
 35%|███▍      | 2486/7110 [3:50:59<7:00:58,  5.46s/it]
 35%|███▍      | 2487/7110 [3:51:05<7:02:43,  5.49s/it]
 35%|███▍      | 2488/7110 [3:51:10<7:01:44,  5.47s/it]
 35%|███▌      | 2489/7110 [3:51:16<7:01:52,  5.48s/it]
 35%|███▌      | 2490/7110 [3:51:21<7:01:06,  5.47s/it]
 35%|███▌      | 2491/7110 [3:51:27<7:01:14,  5.47s/it]
 35%|███▌      | 2492/7110 [3:51:32<6:59:38,  5.45s/it]
 35%|███▌      | 2493/7110 [3:51:38<7:01:24,  5.48s/it]
 35%|███▌      | 2494/7110 [3:51:43<7:02:52,  5.50s/it]
 35%|███▌      | 2495/7110 [3:51:49<7:00:41,  5.47s/it]
 35%|███▌      | 2496/7110 [3:51:54<7:02:16,  5.49s/it]
 35%|███▌      | 2497/7110 [3:52:00<7:01:19,  5.48s/it]
 35%|███▌      | 2498/7110 [3:52:05<7:02:14,  5.49s/it]
 35%|███▌      | 2499/7110 [3:52:11<7:00:00,  5.47s/it]
 35%|███▌      | 2500/7110 [3:52:16<7:00:34,  5.47s/it]
 35%|███▌      | 2501/7110 [3:52:21<7:00:01,  5.47s/it]
 35%|███▌      | 2502/7110 [3:52:27<7:00:14,  5.47s/it]
 35%|███▌      | 2503/7110 [3:52:32<6:59:45,  5.47s/it]
 35%|███▌      | 2504/7110 [3:52:38<7:01:21,  5.49s/it]
 35%|███▌      | 2505/7110 [3:52:43<7:01:25,  5.49s/it]
 35%|███▌      | 2506/7110 [3:52:49<7:00:33,  5.48s/it]
 35%|███▌      | 2507/7110 [3:52:54<7:00:30,  5.48s/it]
 35%|███▌      | 2508/7110 [3:53:00<6:58:25,  5.46s/it]
 35%|███▌      | 2509/7110 [3:53:05<7:00:18,  5.48s/it]
 35%|███▌      | 2510/7110 [3:53:11<6:58:28,  5.46s/it]
 35%|███▌      | 2511/7110 [3:53:16<7:00:14,  5.48s/it]
 35%|███▌      | 2512/7110 [3:53:22<6:59:20,  5.47s/it]
 35%|███▌      | 2513/7110 [3:53:27<6:59:17,  5.47s/it]
 35%|███▌      | 2514/7110 [3:53:33<6:57:35,  5.45s/it]
 35%|███▌      | 2515/7110 [3:53:38<6:59:31,  5.48s/it]
 35%|███▌      | 2516/7110 [3:53:44<7:00:41,  5.49s/it]
 35%|███▌      | 2517/7110 [3:53:49<6:58:39,  5.47s/it]
 35%|███▌      | 2518/7110 [3:53:55<7:00:13,  5.49s/it]
 35%|███▌      | 2519/7110 [3:54:00<6:58:02,  5.46s/it]
 35%|███▌      | 2520/7110 [3:54:06<6:59:49,  5.49s/it]
 35%|███▌      | 2521/7110 [3:54:11<6:58:49,  5.48s/it]
 35%|███▌      | 2522/7110 [3:54:17<6:59:12,  5.48s/it]
 35%|███▌      | 2523/7110 [3:54:22<6:57:24,  5.46s/it]
 35%|███▌      | 2524/7110 [3:54:28<7:00:10,  5.50s/it]
 36%|███▌      | 2525/7110 [3:54:33<6:56:53,  5.46s/it]
 36%|███▌      | 2526/7110 [3:54:38<6:58:33,  5.48s/it]
 36%|███▌      | 2527/7110 [3:54:44<7:01:02,  5.51s/it]
 36%|███▌      | 2528/7110 [3:54:49<6:57:27,  5.47s/it]
 36%|███▌      | 2529/7110 [3:54:55<6:59:00,  5.49s/it]
 36%|███▌      | 2530/7110 [3:55:00<6:57:05,  5.46s/it]
 36%|███▌      | 2531/7110 [3:55:06<6:58:53,  5.49s/it]
 36%|███▌      | 2532/7110 [3:55:11<6:56:48,  5.46s/it]
 36%|███▌      | 2533/7110 [3:55:17<6:58:21,  5.48s/it]
 36%|███▌      | 2534/7110 [3:55:22<6:57:39,  5.48s/it]
 36%|███▌      | 2535/7110 [3:55:28<6:58:45,  5.49s/it]
 36%|███▌      | 2536/7110 [3:55:33<6:56:30,  5.46s/it]
 36%|███▌      | 2537/7110 [3:55:39<6:56:47,  5.47s/it]
 36%|███▌      | 2538/7110 [3:55:44<6:58:15,  5.49s/it]
 36%|███▌      | 2539/7110 [3:55:50<6:57:19,  5.48s/it]
 36%|███▌      | 2540/7110 [3:55:55<6:57:12,  5.48s/it]
 36%|███▌      | 2541/7110 [3:56:01<6:55:34,  5.46s/it]
 36%|███▌      | 2542/7110 [3:56:06<6:57:10,  5.48s/it]
 36%|███▌      | 2543/7110 [3:56:12<6:56:12,  5.47s/it]
 36%|███▌      | 2544/7110 [3:56:17<6:56:35,  5.47s/it]
 36%|███▌      | 2545/7110 [3:56:22<6:55:04,  5.46s/it]
 36%|███▌      | 2546/7110 [3:56:28<6:56:47,  5.48s/it]
 36%|███▌      | 2547/7110 [3:56:33<6:54:51,  5.45s/it]
 36%|███▌      | 2548/7110 [3:56:39<6:56:35,  5.48s/it]
 36%|███▌      | 2549/7110 [3:56:44<6:57:53,  5.50s/it]
 36%|███▌      | 2550/7110 [3:56:50<6:55:37,  5.47s/it]
 36%|███▌      | 2551/7110 [3:56:55<6:57:10,  5.49s/it]
 36%|███▌      | 2552/7110 [3:57:01<6:55:00,  5.46s/it]
 36%|███▌      | 2553/7110 [3:57:06<6:56:36,  5.49s/it]
 36%|███▌      | 2554/7110 [3:57:12<6:54:42,  5.46s/it]
 36%|███▌      | 2555/7110 [3:57:17<6:57:42,  5.50s/it]
 36%|███▌      | 2556/7110 [3:57:23<6:54:18,  5.46s/it]
 36%|███▌      | 2557/7110 [3:57:28<6:56:54,  5.49s/it]
 36%|███▌      | 2558/7110 [3:57:34<6:53:21,  5.45s/it]
 36%|███▌      | 2559/7110 [3:57:39<6:56:14,  5.49s/it]
 36%|███▌      | 2560/7110 [3:57:45<6:57:26,  5.50s/it]
 36%|███▌      | 2561/7110 [3:57:50<6:55:09,  5.48s/it]
 36%|███▌      | 2562/7110 [3:57:56<6:55:23,  5.48s/it]
 36%|███▌      | 2563/7110 [3:58:01<6:53:30,  5.46s/it]
 36%|███▌      | 2564/7110 [3:58:07<6:55:27,  5.48s/it]
 36%|███▌      | 2565/7110 [3:58:12<6:53:39,  5.46s/it]
 36%|███▌      | 2566/7110 [3:58:17<6:55:14,  5.48s/it]
 36%|███▌      | 2567/7110 [3:58:23<6:53:32,  5.46s/it]
 36%|███▌      | 2568/7110 [3:58:28<6:56:15,  5.50s/it]
 36%|███▌      | 2569/7110 [3:58:34<6:53:10,  5.46s/it]
 36%|███▌      | 2570/7110 [3:58:39<6:54:53,  5.48s/it]
 36%|███▌      | 2571/7110 [3:58:45<6:57:16,  5.52s/it]
 36%|███▌      | 2572/7110 [3:58:50<6:53:48,  5.47s/it]
 36%|███▌      | 2573/7110 [3:58:56<6:55:19,  5.49s/it]
 36%|███▌      | 2574/7110 [3:59:01<6:53:11,  5.47s/it]
 36%|███▌      | 2575/7110 [3:59:07<6:55:56,  5.50s/it]
 36%|███▌      | 2576/7110 [3:59:12<6:52:37,  5.46s/it]
 36%|███▌      | 2577/7110 [3:59:18<6:55:26,  5.50s/it]
 36%|███▋      | 2578/7110 [3:59:23<6:52:05,  5.46s/it]
 36%|███▋      | 2579/7110 [3:59:29<6:53:29,  5.48s/it]
 36%|███▋      | 2580/7110 [3:59:34<6:51:45,  5.45s/it]
 36%|███▋      | 2581/7110 [3:59:40<6:53:24,  5.48s/it]
 36%|███▋      | 2582/7110 [3:59:45<6:54:46,  5.50s/it]
 36%|███▋      | 2583/7110 [3:59:51<6:53:47,  5.48s/it]
 36%|███▋      | 2584/7110 [3:59:56<6:53:46,  5.49s/it]
 36%|███▋      | 2585/7110 [4:00:02<6:51:47,  5.46s/it]
 36%|███▋      | 2586/7110 [4:00:07<6:53:30,  5.48s/it]
 36%|███▋      | 2587/7110 [4:00:12<6:51:33,  5.46s/it]
 36%|███▋      | 2588/7110 [4:00:18<6:53:23,  5.49s/it]
 36%|███▋      | 2589/7110 [4:00:23<6:51:42,  5.46s/it]
 36%|███▋      | 2590/7110 [4:00:29<6:52:53,  5.48s/it]
 36%|███▋      | 2591/7110 [4:00:34<6:51:08,  5.46s/it]
 36%|███▋      | 2592/7110 [4:00:40<6:52:52,  5.48s/it]
 36%|███▋      | 2593/7110 [4:00:45<6:55:26,  5.52s/it]
 36%|███▋      | 2594/7110 [4:00:51<6:51:35,  5.47s/it]
 36%|███▋      | 2595/7110 [4:00:56<6:52:56,  5.49s/it]
 37%|███▋      | 2596/7110 [4:01:02<6:50:49,  5.46s/it]
 37%|███▋      | 2597/7110 [4:01:07<6:53:46,  5.50s/it]
 37%|███▋      | 2598/7110 [4:01:13<6:50:24,  5.46s/it]
 37%|███▋      | 2599/7110 [4:01:18<6:52:06,  5.48s/it]
 37%|███▋      | 2600/7110 [4:01:24<6:51:20,  5.47s/it]
 37%|███▋      | 2601/7110 [4:01:29<6:51:21,  5.47s/it]
 37%|███▋      | 2602/7110 [4:01:35<6:50:46,  5.47s/it]
 37%|███▋      | 2603/7110 [4:01:40<6:52:08,  5.49s/it]
 37%|███▋      | 2604/7110 [4:01:46(0,)
It 2607, sqrt loss 0.003638, Val sim-RMS 0.008258, Time Loss: 97.5%, data: 0.6%, val: 1.9%,  5.6 sec/batch
<6:52:11,  5.49s/it]
 37%|███▋      | 2605/7110 [4:01:51<6:51:14,  5.48s/it]
 37%|███▋      | 2606/7110 [4:01:57<6:51:24,  5.48s/it]
 37%|███▋      | 2607/7110 [4:02:26<15:59:48, 12.79s/it]
 37%|███▋      | 2608/7110 [4:02:32<13:16:19, 10.61s/it]
 37%|███▋      | 2609/7110 [4:02:37<11:17:46,  9.03s/it]
 37%|███▋      | 2610/7110 [4:02:43<9:58:47,  7.98s/it] 
 37%|███▋      | 2611/7110 [4:02:48<9:00:25,  7.21s/it]
 37%|███▋      | 2612/7110 [4:02:54<8:22:37,  6.70s/it]
 37%|███▋      | 2613/7110 [4:02:59<7:54:29,  6.33s/it]
 37%|███▋      | 2614/7110 [4:03:05<7:35:14,  6.08s/it]
 37%|███▋      | 2615/7110 [4:03:10<7:24:23,  5.93s/it]
 37%|███▋      | 2616/7110 [4:03:16<7:12:20,  5.77s/it]
 37%|███▋      | 2617/7110 [4:03:21<7:06:50,  5.70s/it]
 37%|███▋      | 2618/7110 [4:03:27<6:58:44,  5.59s/it]
 37%|███▋      | 2619/7110 [4:03:32<6:57:28,  5.58s/it]
 37%|███▋      | 2620/7110 [4:03:38<6:53:31,  5.53s/it]
 37%|███▋      | 2621/7110 [4:03:43<6:54:56,  5.55s/it]
 37%|███▋      | 2622/7110 [4:03:49<6:51:40,  5.50s/it]
 37%|███▋      | 2623/7110 [4:03:54<6:51:09,  5.50s/it]
 37%|███▋      | 2624/7110 [4:03:59<6:49:44,  5.48s/it]
 37%|███▋      | 2625/7110 [4:04:05<6:50:49,  5.50s/it]
 37%|███▋      | 2626/7110 [4:04:11<6:50:42,  5.50s/it]
 37%|███▋      | 2627/7110 [4:04:16<6:49:57,  5.49s/it]
 37%|███▋      | 2628/7110 [4:04:21<6:50:20,  5.49s/it]
 37%|███▋      | 2629/7110 [4:04:27<6:48:06,  5.46s/it]
 37%|███▋      | 2630/7110 [4:04:32<6:49:48,  5.49s/it]
 37%|███▋      | 2631/7110 [4:04:38<6:48:01,  5.47s/it]
 37%|███▋      | 2632/7110 [4:04:43<6:50:44,  5.50s/it]
 37%|███▋      | 2633/7110 [4:04:49<6:47:28,  5.46s/it]
 37%|███▋      | 2634/7110 [4:04:54<6:49:07,  5.48s/it]
 37%|███▋      | 2635/7110 [4:05:00<6:47:15,  5.46s/it]
 37%|███▋      | 2636/7110 [4:05:05<6:48:37,  5.48s/it]
 37%|███▋      | 2637/7110 [4:05:11<6:49:59,  5.50s/it]
 37%|███▋      | 2638/7110 [4:05:16<6:47:53,  5.47s/it]
 37%|███▋      | 2639/7110 [4:05:22<6:49:25,  5.49s/it]
 37%|███▋      | 2640/7110 [4:05:27<6:46:54,  5.46s/it]
 37%|███▋      | 2641/7110 [4:05:33<6:49:36,  5.50s/it]
 37%|███▋      | 2642/7110 [4:05:38<6:46:28,  5.46s/it]
 37%|███▋      | 2643/7110 [4:05:44<6:48:21,  5.49s/it]
 37%|███▋      | 2644/7110 [4:05:49<6:46:28,  5.46s/it]
 37%|███▋      | 2645/7110 [4:05:55<6:48:05,  5.48s/it]
 37%|███▋      | 2646/7110 [4:06:00<6:46:17,  5.46s/it]
 37%|███▋      | 2647/7110 [4:06:06<6:49:02,  5.50s/it]
 37%|███▋      | 2648/7110 [4:06:11<6:48:56,  5.50s/it]
 37%|███▋      | 2649/7110 [4:06:17<6:48:04,  5.49s/it]
 37%|███▋      | 2650/7110 [4:06:22<6:48:07,  5.49s/it]
 37%|███▋      | 2651/7110 [4:06:27<6:45:55,  5.46s/it]
 37%|███▋      | 2652/7110 [4:06:33<6:47:39,  5.49s/it]
 37%|███▋      | 2653/7110 [4:06:38<6:45:53,  5.46s/it]
 37%|███▋      | 2654/7110 [4:06:44<6:48:38,  5.50s/it]
 37%|███▋      | 2655/7110 [4:06:49<6:46:28,  5.47s/it]
 37%|███▋      | 2656/7110 [4:06:55<6:46:42,  5.48s/it]
 37%|███▋      | 2657/7110 [4:07:00<6:44:57,  5.46s/it]
 37%|███▋      | 2658/7110 [4:07:06<6:46:37,  5.48s/it]
 37%|███▋      | 2659/7110 [4:07:11<6:48:59,  5.51s/it]
 37%|███▋      | 2660/7110 [4:07:17<6:45:27,  5.47s/it]
 37%|███▋      | 2661/7110 [4:07:22<6:47:17,  5.49s/it]
 37%|███▋      | 2662/7110 [4:07:28<6:45:06,  5.46s/it]
 37%|███▋      | 2663/7110 [4:07:33<6:46:52,  5.49s/it]
 37%|███▋      | 2664/7110 [4:07:39<6:45:00,  5.47s/it]
 37%|███▋      | 2665/7110 [4:07:44<6:47:41,  5.50s/it]
 37%|███▋      | 2666/7110 [4:07:50<6:45:24,  5.47s/it]
 38%|███▊      | 2667/7110 [4:07:55<6:46:37,  5.49s/it]
 38%|███▊      | 2668/7110 [4:08:01<6:43:22,  5.45s/it]
 38%|███▊      | 2669/7110 [4:08:06<6:45:25,  5.48s/it]
 38%|███▊      | 2670/7110 [4:08:12<6:46:54,  5.50s/it]
 38%|███▊      | 2671/7110 [4:08:17<6:44:46,  5.47s/it]
 38%|███▊      | 2672/7110 [4:08:23<6:46:15,  5.49s/it]
 38%|███▊      | 2673/7110 [4:08:28<6:43:59,  5.46s/it]
 38%|███▊      | 2674/7110 [4:08:34<6:46:51,  5.50s/it]
 38%|███▊      | 2675/7110 [4:08:39<6:44:36,  5.47s/it]
 38%|███▊      | 2676/7110 [4:08:44<6:44:52,  5.48s/it]
 38%|███▊      | 2677/7110 [4:08:50<6:43:09,  5.46s/it]
 38%|███▊      | 2678/7110 [4:08:55<6:45:49,  5.49s/it]
 38%|███▊      | 2679/7110 [4:09:01<6:42:38,  5.45s/it]
 38%|███▊      | 2680/7110 [4:09:06<6:44:30,  5.48s/it]
 38%|███▊      | 2681/7110 [4:09:12<6:46:01,  5.50s/it]
 38%|███▊      | 2682/7110 [4:09:17<6:43:55,  5.47s/it]
 38%|███▊      | 2683/7110 [4:09:23<6:46:17,  5.51s/it]
 38%|███▊      | 2684/7110 [4:09:28<6:43:38,  5.47s/it]
 38%|███▊      | 2685/7110 [4:09:34<6:44:55,  5.49s/it]
 38%|███▊      | 2686/7110 [4:09:39<6:42:49,  5.46s/it]
 38%|███▊      | 2687/7110 [4:09:45<6:43:06,  5.47s/it]
 38%|███▊      | 2688/7110 [4:09:50<6:41:31,  5.45s/it]
 38%|███▊      | 2689/7110 [4:09:56<6:43:08,  5.47s/it]
 38%|███▊      | 2690/7110 [4:10:01<6:42:39,  5.47s/it]
 38%|███▊      | 2691/7110 [4:10:07<6:42:50,  5.47s/it]
 38%|███▊      | 2692/7110 [4:10:12<6:44:23,  5.49s/it]
 38%|███▊      | 2693/7110 [4:10:18<6:42:25,  5.47s/it]
 38%|███▊      | 2694/7110 [4:10:23<6:44:03,  5.49s/it]
 38%|███▊      | 2695/7110 [4:10:29<6:42:57,  5.48s/it]
 38%|███▊      | 2696/7110 [4:10:34<6:43:10,  5.48s/it]
 38%|███▊      | 2697/7110 [4:10:39<6:42:17,  5.47s/it]
 38%|███▊      | 2698/7110 [4:10:45<6:43:47,  5.49s/it]
 38%|███▊      | 2699/7110 [4:10:50<6:41:48,  5.47s/it]
 38%|███▊      | 2700/7110 [4:10:56<6:42:12,  5.47s/it]
 38%|███▊      | 2701/7110 [4:11:01<6:40:27,  5.45s/it]
 38%|███▊      | 2702/7110 [4:11:07<6:42:10,  5.47s/it]
 38%|███▊      | 2703/7110 [4:11:12<6:43:32,  5.49s/it]
 38%|███▊      | 2704/7110 [4:11:18<6:41:40,  5.47s/it]
 38%|███▊      | 2705/7110 [4:11:23<6:44:21,  5.51s/it]
 38%|███▊      | 2706/7110 [4:11:29<6:40:45,  5.46s/it]
 38%|███▊      | 2707/7110 [4:11:34<6:42:14,  5.48s/it]
 38%|███▊      | 2708/7110 [4:11:40<6:40:18,  5.46s/it]
 38%|███▊      | 2709/7110 [4:11:45<6:41:51,  5.48s/it]
 38%|███▊      | 2710/7110 [4:11:51<6:41:11,  5.47s/it]
 38%|███▊      | 2711/7110 [4:11:56<6:41:26,  5.48s/it]
 38%|███▊      | 2712/7110 [4:12:02<6:41:02,  5.47s/it]
 38%|███▊      | 2713/7110 [4:12:07<6:42:22,  5.49s/it]
 38%|███▊      | 2714/7110 [4:12:13<6:42:27,  5.49s/it]
 38%|███▊      | 2715/7110 [4:12:18<6:40:42,  5.47s/it]
 38%|███▊      | 2716/7110 [4:12:24<6:43:20,  5.51s/it]
 38%|███▊      | 2717/7110 [4:12:29<6:40:43,  5.47s/it]
 38%|███▊      | 2718/7110 [4:12:34<6:41:00,  5.48s/it]
 38%|███▊      | 2719/7110 [4:12:40<6:39:19,  5.46s/it]
 38%|███▊      | 2720/7110 [4:12:45<6:41:06,  5.48s/it]
 38%|███▊      | 2721/7110 [4:12:51<6:39:16,  5.46s/it]
 38%|███▊      | 2722/7110 [4:12:56<6:40:40,  5.48s/it]
 38%|███▊      | 2723/7110 [4:13:02<6:40:06,  5.47s/it]
 38%|███▊      | 2724/7110 [4:13:07<6:40:21,  5.48s/it]
 38%|███▊      | 2725/7110 [4:13:13<6:41:44,  5.50s/it]
 38%|███▊      | 2726/7110 [4:13:18<6:39:36,  5.47s/it]
 38%|███▊      | 2727/7110 [4:13:24<6:41:14,  5.49s/it]
 38%|███▊      | 2728/7110 [4:13:29<6:38:56,  5.46s/it]
 38%|███▊      | 2729/7110 [4:13:35<6:40:17,  5.48s/it]
 38%|███▊      | 2730/7110 [4:13:40<6:39:28,  5.47s/it]
 38%|███▊      | 2731/7110 [4:13:46<6:39:47,  5.48s/it]
 38%|███▊      | 2732/7110 [4:13:51<6:38:07,  5.46s/it]
 38%|███▊      | 2733/7110 [4:13:57<6:39:45,  5.48s/it]
 38%|███▊      | 2734/7110 [4:14:02<6:39:13,  5.47s/it]
 38%|███▊      | 2735/7110 [4:14:08<6:39:22,  5.48s/it]
 38%|███▊      | 2736/7110 [4:14:13<6:40:39,  5.50s/it]
 38%|███▊      | 2737/7110 [4:14:19<6:38:33,  5.47s/it]
 39%|███▊      | 2738/7110 [4:14:24<6:40:12,  5.49s/it]
 39%|███▊      | 2739/7110 [4:14:29<6:37:54,  5.46s/it]
 39%|███▊      | 2740/7110 [4:14:35<6:39:33,  5.49s/it]
 39%|███▊      | 2741/7110 [4:14:40<6:37:48,  5.46s/it]
 39%|███▊      | 2742/7110 [4:14:46<6:39:18,  5.48s/it]
 39%|███▊      | 2743/7110 [4:14:51<6:37:29,  5.46s/it]
 39%|███▊      | 2744/7110 [4:14:57<6:39:10,  5.49s/it]
 39%|███▊      | 2745/7110 [4:15:02<6:38:24,  5.48s/it]
 39%|███▊      | 2746/7110 [4:15:08<6:38:31,  5.48s/it]
 39%|███▊      | 2747/7110 [4:15:13<6:39:53,  5.50s/it]
 39%|███▊      | 2748/7110 [4:15:19<6:37:54,  5.47s/it]
 39%|███▊      | 2749/7110 [4:15:24<6:39:14,  5.49s/it]
 39%|███▊      | 2750/7110 [4:15:30<6:37:07,  5.46s/it]
 39%|███▊      | 2751/7110 [4:15:35<6:38:30,  5.49s/it]
 39%|███▊      | 2752/7110 [4:15:41<6:37:40,  5.48s/it]
 39%|███▊      | 2753/7110 [4:15:46<6:37:43,  5.48s/it]
 39%|███▊      | 2754/7110 [4:15:52<6:35:54,  5.45s/it]
 39%|███▊      | 2755/7110 [4:15:57<6:37:42,  5.48s/it]
 39%|███▉      | 2756/7110 [4:16:03<6:36:04,  5.46s/it]
 39%|███▉      | 2757/7110 [4:16:08<6:37:41,  5.48s/it]
 39%|███▉      | 2758/7110 [4:16:14<6:40:08,  5.52s/it]
 39%|███▉      | 2759/7110 [4:16:19<6:36:39,  5.47s/it]
 39%|███▉      | 2760/7110 [4:16:25<6:38:54,  5.50s/it]
 39%|███▉      | 2761/7110 [4:16:30<6:35:14,  5.45s/it]
 39%|███▉      | 2762/7110 [4:16:35<6:36:55,  5.48s/it]
 39%|███▉      | 2763/7110 [4:16:41<6:35:14,  5.46s/it]
 39%|███▉      | 2764/7110 [4:16:46<6:38:10,  5.50s/it]
 39%|███▉      | 2765/7110 [4:16:52<6:35:01,  5.45s/it]
 39%|███▉      | 2766/7110 [4:16:57<6:37:32,  5.49s/it]
 39%|███▉      | 2767/7110 [4:17:03<6:34:33,  5.45s/it]
 39%|███▉      | 2768/7110 [4:17:08<6:36:07,  5.47s/it]
 39%|███▉      | 2769/7110 [4:17:14<6:37:34,  5.50s/it]
 39%|███▉      | 2770/7110 [4:17:19<6:35:23,  5.47s/it]
 39%|███▉      | 2771/7110 [4:17:25<6:37:57,  5.50s/it]
 39%|███▉      | 2772/7110 [4:17:30<6:35:33,  5.47s/it]
 39%|███▉      | 2773/7110 [4:17:36<6:35:49,  5.48s/it]
 39%|███▉      | 2774/7110 [4:17:41<6:34:12,  5.45s/it]
 39%|███▉      | 2775/7110 [4:17:47<6:37:13,  5.50s/it]
 39%|███▉      | 2776/7110 [4:17:52<6:34:14,  5.46s/it]
 39%|███▉      | 2777/7110 [4:17:58<6:35:55,  5.48s/it]
 39%|███▉      | 2778/7110 [4:18:03<6:34:10,  5.46s/it]
 39%|███▉      | 2779/7110 [4:18:09<6:36:56,  5.50s/it]
 39%|███▉      | 2780/7110 [4:18:14<6:36:53,  5.50s/it]
 39%|███▉      | 2781/7110 [4:18:20<6:35:56,  5.49s/it]
 39%|███▉      | 2782/7110 [4:18:25<6:35:57,  5.49s/it]
 39%|███▉      | 2783/7110 [4:18:30<6:33:38,  5.46s/it]
 39%|███▉      | 2784/7110 [4:18:36<6:35:07,  5.48s/it]
 39%|███▉      | 2785/7110 [4:18:41<6:33:09,  5.45s/it]
 39%|███▉      | 2786/7110 [4:18:47<6:34:44,  5.48s/it]
 39%|███▉      | 2787/7110 [4:18:52<6:32:59,  5.45s/it]
 39%|███▉      | 2788/7110 [4:18:58<6:35:30,  5.49s/it]
 39%|███▉      | 2789/7110 [4:19:03<6:32:18,  5.45s/it]
 39%|███▉      | 2790/7110 [4:19:09<6:35:22,  5.49s/it]
 39%|███▉      | 2791/7110 [4:19:14<6:35:06,  5.49s/it]
 39%|███▉      | 2792/7110 [4:19:20<6:34:16,  5.48s/it]
 39%|███▉      | 2793/7110 [4:19:25<6:34:08,  5.48s/it]
 39%|███▉      | 2794/7110 [4:19:31<6:32:04,  5.45s/it]
 39%|███▉      | 2795/7110 [4:19:36<6:33:46,  5.48s/it]
 39%|███▉      | 2796/7110 [4:19:42<6:33:11,  5.47s/it]
 39%|███▉      | 2797/7110 [4:19:47<6:33:43,  5.48s/it]
 39%|███▉      | 2798/7110 [4:19:53<6:32:10,  5.46s/it]
 39%|███▉      | 2799/7110 [4:19:58<6:34:01,  5.48s/it]
 39%|███▉      | 2800/7110 [4:20:03<6:32:17,  5.46s/it]
 39%|███▉      | 2801/7110 [4:20:09<6:34:50,  5.50s/it]
 39%|███▉      | 2802/7110 [4:20:15<6:35:50,  5.51s/it]
 39%|███▉      | 2803/7110 [4:20:20<6:32:26,  5.47s/it]
 39%|███▉      | 2804/7110 [4:20:25<6:33:48,  5.49s/it]
 39%|███▉      | 2805/7110 [4:20:31<6:31:49,  5.46s/it]
 39%|███▉      | 2806/7110 [4:20:36<6:33:27,  5.49s/it]
 39%|███▉      | 2807/7110 [4:20:42<6:31:41,  5.46s/it]
 39%|███▉      | 2808/7110 [4:20:47<6:33:04,  5.48s/it]
 40%|███▉      | 2809/7110 [4:20:53<6:31:17,  5.46s/it]
 40%|███▉      | 2810/7110 [4:20:58<6:32:50,  5.48s/it]
 40%|███▉      | 2811/7110 [4:21:04<6:31:20,  5.46s/it]
 40%|███▉      | 2812/7110 [4:21:09<6:32:54,  5.48s/it]
 40%|███▉      | 2813/7110 [4:21:15<6:33:51,  5.50s/it]
 40%|███▉      | 2814/7110 [4:21:20<6:31:37,  5.47s/it]
 40%|███▉      | 2815/7110 [4:21:26<6:32:50,  5.49s/it]
 40%|███▉      | 2816/7110 [4:21:31<6:32:01,  5.48s/it]
 40%|███▉      | 2817/7110 [4:21:37<6:32:07,  5.48s/it]
 40%|███▉      | 2818/7110 [4:21:42<6:30:25,  5.46s/it]
 40%|███▉      | 2819/7110 [4:21:48<6:32:16,  5.49s/it]
 40%|███▉      | 2820/7110 [4:21:53<6:30:28,  5.46s/it]
 40%|███▉      | 2821/7110 [4:21:59<6:31:53,  5.48s/it]
 40%|███▉      | 2822/7110 [4:22:04<6:31:04,  5.47s/it]
 40%|███▉      | 2823/7110 [4:22:09<6:31:01,  5.47s/it]
 40%|███▉      | 2824/7110 [4:22:15<6:32:16,  5.49s/it]
 40%|███▉      | 2825/7110 [4:22:20<6:30:13,  5.46s/it]
 40%|███▉      | 2826/7110 [4:22:26<6:31:35,  5.48s/it]
 40%|███▉      | 2827/7110 [4:22:31<6:29:36,  5.46s/it]
 40%|███▉      | 2828/7110 [4:2(0,)
It 2844, sqrt loss 0.002122, Val sim-RMS 0.00148, Time Loss: 97.5%, data: 0.6%, val: 1.9%,  5.6 sec/batch
2:37<6:31:20,  5.48s/it]
 40%|███▉      | 2829/7110 [4:22:42<6:30:43,  5.48s/it]
 40%|███▉      | 2830/7110 [4:22:48<6:32:01,  5.50s/it]
 40%|███▉      | 2831/7110 [4:22:53<6:29:04,  5.46s/it]
 40%|███▉      | 2832/7110 [4:22:59<6:31:46,  5.49s/it]
 40%|███▉      | 2833/7110 [4:23:04<6:29:48,  5.47s/it]
 40%|███▉      | 2834/7110 [4:23:10<6:30:04,  5.47s/it]
 40%|███▉      | 2835/7110 [4:23:15<6:31:25,  5.49s/it]
 40%|███▉      | 2836/7110 [4:23:21<6:29:27,  5.47s/it]
 40%|███▉      | 2837/7110 [4:23:26<6:30:53,  5.49s/it]
 40%|███▉      | 2838/7110 [4:23:32<6:28:57,  5.46s/it]
 40%|███▉      | 2839/7110 [4:23:37<6:30:13,  5.48s/it]
 40%|███▉      | 2840/7110 [4:23:43<6:28:19,  5.46s/it]
 40%|███▉      | 2841/7110 [4:23:48<6:29:52,  5.48s/it]
 40%|███▉      | 2842/7110 [4:23:53<6:28:06,  5.46s/it]
 40%|███▉      | 2843/7110 [4:23:59<6:30:50,  5.50s/it]
 40%|████      | 2844/7110 [4:24:29<15:09:46, 12.80s/it]
 40%|████      | 2845/7110 [4:24:34<12:34:45, 10.62s/it]
 40%|████      | 2846/7110 [4:24:40<10:46:11,  9.09s/it]
 40%|████      | 2847/7110 [4:24:45<9:27:23,  7.99s/it] 
 40%|████      | 2848/7110 [4:24:51<8:34:03,  7.24s/it]
 40%|████      | 2849/7110 [4:24:56<7:55:05,  6.69s/it]
 40%|████      | 2850/7110 [4:25:02<7:30:17,  6.34s/it]
 40%|████      | 2851/7110 [4:25:07<7:10:15,  6.06s/it]
 40%|████      | 2852/7110 [4:25:13<6:58:57,  5.90s/it]
 40%|████      | 2853/7110 [4:25:18<6:51:07,  5.79s/it]
 40%|████      | 2854/7110 [4:25:24<6:43:55,  5.69s/it]
 40%|████      | 2855/7110 [4:25:29<6:39:18,  5.63s/it]
 40%|████      | 2856/7110 [4:25:35<6:35:20,  5.58s/it]
 40%|████      | 2857/7110 [4:25:40<6:34:31,  5.57s/it]
 40%|████      | 2858/7110 [4:25:46<6:34:10,  5.56s/it]
 40%|████      | 2859/7110 [4:25:51<6:29:45,  5.50s/it]
 40%|████      | 2860/7110 [4:25:57<6:30:28,  5.51s/it]
 40%|████      | 2861/7110 [4:26:02<6:28:16,  5.48s/it]
 40%|████      | 2862/7110 [4:26:08<6:29:19,  5.50s/it]
 40%|████      | 2863/7110 [4:26:13<6:27:18,  5.47s/it]
 40%|████      | 2864/7110 [4:26:19<6:28:46,  5.49s/it]
 40%|████      | 2865/7110 [4:26:24<6:27:47,  5.48s/it]
 40%|████      | 2866/7110 [4:26:30<6:27:34,  5.48s/it]
 40%|████      | 2867/7110 [4:26:35<6:25:45,  5.45s/it]
 40%|████      | 2868/7110 [4:26:40<6:27:25,  5.48s/it]
 40%|████      | 2869/7110 [4:26:46<6:29:42,  5.51s/it]
 40%|████      | 2870/7110 [4:26:51<6:27:24,  5.48s/it]
 40%|████      | 2871/7110 [4:26:57<6:28:23,  5.50s/it]
 40%|████      | 2872/7110 [4:27:02<6:26:07,  5.47s/it]
 40%|████      | 2873/7110 [4:27:08<6:27:35,  5.49s/it]
 40%|████      | 2874/7110 [4:27:13<6:25:35,  5.46s/it]
 40%|████      | 2875/7110 [4:27:19<6:26:58,  5.48s/it]
 40%|████      | 2876/7110 [4:27:24<6:24:08,  5.44s/it]
 40%|████      | 2877/7110 [4:27:30<6:25:53,  5.47s/it]
 40%|████      | 2878/7110 [4:27:35<6:24:43,  5.45s/it]
 40%|████      | 2879/7110 [4:27:41<6:27:36,  5.50s/it]
 41%|████      | 2880/7110 [4:27:46<6:27:32,  5.50s/it]
 41%|████      | 2881/7110 [4:27:52<6:25:37,  5.47s/it]
 41%|████      | 2882/7110 [4:27:57<6:27:02,  5.49s/it]
 41%|████      | 2883/7110 [4:28:03<6:25:00,  5.46s/it]
 41%|████      | 2884/7110 [4:28:08<6:26:33,  5.49s/it]
 41%|████      | 2885/7110 [4:28:14<6:24:50,  5.47s/it]
 41%|████      | 2886/7110 [4:28:19<6:26:18,  5.49s/it]
 41%|████      | 2887/7110 [4:28:25<6:25:17,  5.47s/it]
 41%|████      | 2888/7110 [4:28:30<6:26:24,  5.49s/it]
 41%|████      | 2889/7110 [4:28:35<6:23:36,  5.45s/it]
 41%|████      | 2890/7110 [4:28:41<6:25:13,  5.48s/it]
 41%|████      | 2891/7110 [4:28:47<6:27:40,  5.51s/it]
 41%|████      | 2892/7110 [4:28:52<6:25:26,  5.48s/it]
 41%|████      | 2893/7110 [4:28:57<6:25:32,  5.49s/it]
 41%|████      | 2894/7110 [4:29:03<6:24:52,  5.48s/it]
 41%|████      | 2895/7110 [4:29:08<6:25:08,  5.48s/it]
 41%|████      | 2896/7110 [4:29:14<6:24:22,  5.47s/it]
 41%|████      | 2897/7110 [4:29:19<6:24:40,  5.48s/it]
 41%|████      | 2898/7110 [4:29:25<6:22:50,  5.45s/it]
 41%|████      | 2899/7110 [4:29:30<6:25:22,  5.49s/it]
 41%|████      | 2900/7110 [4:29:36<6:22:27,  5.45s/it]
 41%|████      | 2901/7110 [4:29:41<6:24:56,  5.49s/it]
 41%|████      | 2902/7110 [4:29:47<6:26:06,  5.51s/it]
 41%|████      | 2903/7110 [4:29:52<6:22:51,  5.46s/it]
 41%|████      | 2904/7110 [4:29:58<6:25:32,  5.50s/it]
 41%|████      | 2905/7110 [4:30:03<6:22:27,  5.46s/it]
 41%|████      | 2906/7110 [4:30:09<6:25:11,  5.50s/it]
 41%|████      | 2907/7110 [4:30:14<6:23:24,  5.47s/it]
 41%|████      | 2908/7110 [4:30:20<6:23:29,  5.48s/it]
 41%|████      | 2909/7110 [4:30:25<6:21:45,  5.45s/it]
 41%|████      | 2910/7110 [4:30:31<6:23:14,  5.47s/it]
 41%|████      | 2911/7110 [4:30:36<6:21:49,  5.46s/it]
 41%|████      | 2912/7110 [4:30:41<6:23:22,  5.48s/it]
 41%|████      | 2913/7110 [4:30:47<6:24:50,  5.50s/it]
 41%|████      | 2914/7110 [4:30:52<6:22:47,  5.47s/it]
 41%|████      | 2915/7110 [4:30:58<6:24:08,  5.49s/it]
 41%|████      | 2916/7110 [4:31:03<6:23:10,  5.48s/it]
 41%|████      | 2917/7110 [4:31:09<6:23:15,  5.48s/it]
 41%|████      | 2918/7110 [4:31:14<6:21:34,  5.46s/it]
 41%|████      | 2919/7110 [4:31:20<6:23:05,  5.48s/it]
 41%|████      | 2920/7110 [4:31:25<6:22:11,  5.47s/it]
 41%|████      | 2921/7110 [4:31:31<6:22:14,  5.47s/it]
 41%|████      | 2922/7110 [4:31:36<6:20:55,  5.46s/it]
 41%|████      | 2923/7110 [4:31:42<6:22:30,  5.48s/it]
 41%|████      | 2924/7110 [4:31:47<6:24:47,  5.52s/it]
 41%|████      | 2925/7110 [4:31:53<6:21:26,  5.47s/it]
 41%|████      | 2926/7110 [4:31:58<6:23:56,  5.51s/it]
 41%|████      | 2927/7110 [4:32:04<6:20:42,  5.46s/it]
 41%|████      | 2928/7110 [4:32:09<6:22:18,  5.49s/it]
 41%|████      | 2929/7110 [4:32:15<6:20:35,  5.46s/it]
 41%|████      | 2930/7110 [4:32:20<6:23:03,  5.50s/it]
 41%|████      | 2931/7110 [4:32:26<6:19:41,  5.45s/it]
 41%|████      | 2932/7110 [4:32:31<6:22:27,  5.49s/it]
 41%|████▏     | 2933/7110 [4:32:36<6:19:14,  5.45s/it]
 41%|████▏     | 2934/7110 [4:32:42<6:20:38,  5.47s/it]
 41%|████▏     | 2935/7110 [4:32:48<6:22:02,  5.49s/it]
 41%|████▏     | 2936/7110 [4:32:53<6:20:12,  5.47s/it]
 41%|████▏     | 2937/7110 [4:32:59<6:22:42,  5.50s/it]
 41%|████▏     | 2938/7110 [4:33:04<6:20:30,  5.47s/it]
 41%|████▏     | 2939/7110 [4:33:09<6:20:49,  5.48s/it]
 41%|████▏     | 2940/7110 [4:33:15<6:20:24,  5.47s/it]
 41%|████▏     | 2941/7110 [4:33:20<6:20:52,  5.48s/it]
 41%|████▏     | 2942/7110 [4:33:26<6:20:17,  5.47s/it]
 41%|████▏     | 2943/7110 [4:33:31<6:20:38,  5.48s/it]
 41%|████▏     | 2944/7110 [4:33:37<6:20:15,  5.48s/it]
 41%|████▏     | 2945/7110 [4:33:42<6:21:24,  5.49s/it]
 41%|████▏     | 2946/7110 [4:33:48<6:22:14,  5.51s/it]
 41%|████▏     | 2947/7110 [4:33:53<6:20:01,  5.48s/it]
 41%|████▏     | 2948/7110 [4:33:59<6:20:11,  5.48s/it]
 41%|████▏     | 2949/7110 [4:34:04<6:18:29,  5.46s/it]
 41%|████▏     | 2950/7110 [4:34:10<6:19:51,  5.48s/it]
 42%|████▏     | 2951/7110 [4:34:15<6:17:59,  5.45s/it]
 42%|████▏     | 2952/7110 [4:34:21<6:20:38,  5.49s/it]
 42%|████▏     | 2953/7110 [4:34:26<6:17:21,  5.45s/it]
 42%|████▏     | 2954/7110 [4:34:32<6:19:16,  5.48s/it]
 42%|████▏     | 2955/7110 [4:34:37<6:17:44,  5.45s/it]
 42%|████▏     | 2956/7110 [4:34:42<6:19:25,  5.48s/it]
 42%|████▏     | 2957/7110 [4:34:48<6:20:47,  5.50s/it]
 42%|████▏     | 2958/7110 [4:34:53<6:19:38,  5.49s/it]
 42%|████▏     | 2959/7110 [4:34:59<6:19:40,  5.49s/it]
 42%|████▏     | 2960/7110 [4:35:04<6:17:45,  5.46s/it]
 42%|████▏     | 2961/7110 [4:35:10<6:20:25,  5.50s/it]
 42%|████▏     | 2962/7110 [4:35:15<6:18:26,  5.47s/it]
 42%|████▏     | 2963/7110 [4:35:21<6:19:45,  5.49s/it]
 42%|████▏     | 2964/7110 [4:35:26<6:16:48,  5.45s/it]
 42%|████▏     | 2965/7110 [4:35:32<6:18:32,  5.48s/it]
 42%|████▏     | 2966/7110 [4:35:37<6:17:05,  5.46s/it]
 42%|████▏     | 2967/7110 [4:35:43<6:19:51,  5.50s/it]
 42%|████▏     | 2968/7110 [4:35:48<6:19:39,  5.50s/it]
 42%|████▏     | 2969/7110 [4:35:54<6:18:40,  5.49s/it]
 42%|████▏     | 2970/7110 [4:35:59<6:19:41,  5.50s/it]
 42%|████▏     | 2971/7110 [4:36:05<6:17:33,  5.47s/it]
 42%|████▏     | 2972/7110 [4:36:10<6:18:53,  5.49s/it]
 42%|████▏     | 2973/7110 [4:36:16<6:15:49,  5.45s/it]
 42%|████▏     | 2974/7110 [4:36:21<6:17:30,  5.48s/it]
 42%|████▏     | 2975/7110 [4:36:27<6:16:45,  5.47s/it]
 42%|████▏     | 2976/7110 [4:36:32<6:17:06,  5.47s/it]
 42%|████▏     | 2977/7110 [4:36:37<6:15:31,  5.45s/it]
 42%|████▏     | 2978/7110 [4:36:43<6:18:06,  5.49s/it]
 42%|████▏     | 2979/7110 [4:36:49<6:18:54,  5.50s/it]
 42%|████▏     | 2980/7110 [4:36:54<6:15:30,  5.46s/it]
 42%|████▏     | 2981/7110 [4:36:59<6:17:12,  5.48s/it]
 42%|████▏     | 2982/7110 [4:37:05<6:15:34,  5.46s/it]
 42%|████▏     | 2983/7110 [4:37:10<6:17:04,  5.48s/it]
 42%|████▏     | 2984/7110 [4:37:16<6:16:33,  5.48s/it]
 42%|████▏     | 2985/7110 [4:37:21<6:16:57,  5.48s/it]
 42%|████▏     | 2986/7110 [4:37:27<6:15:14,  5.46s/it]
 42%|████▏     | 2987/7110 [4:37:32<6:17:52,  5.50s/it]
 42%|████▏     | 2988/7110 [4:37:38<6:15:03,  5.46s/it]
 42%|████▏     | 2989/7110 [4:37:43<6:16:22,  5.48s/it]
 42%|████▏     | 2990/7110 [4:37:49<6:17:32,  5.50s/it]
 42%|████▏     | 2991/7110 [4:37:54<6:15:45,  5.47s/it]
 42%|████▏     | 2992/7110 [4:38:00<6:17:59,  5.51s/it]
 42%|████▏     | 2993/7110 [4:38:05<6:14:37,  5.46s/it]
 42%|████▏     | 2994/7110 [4:38:11<6:16:04,  5.48s/it]
 42%|████▏     | 2995/7110 [4:38:16<6:14:26,  5.46s/it]
 42%|████▏     | 2996/7110 [4:38:22<6:15:56,  5.48s/it]
 42%|████▏     | 2997/7110 [4:38:27<6:13:59,  5.46s/it]
 42%|████▏     | 2998/7110 [4:38:33<6:15:35,  5.48s/it]
 42%|████▏     | 2999/7110 [4:38:38<6:14:59,  5.47s/it]
 42%|████▏     | 3000/7110 [4:38:44<6:15:05,  5.48s/it]
 42%|████▏     | 3001/7110 [4:38:49<6:16:21,  5.50s/it]
 42%|████▏     | 3002/7110 [4:38:54<6:14:15,  5.47s/it]
 42%|████▏     | 3003/7110 [4:39:00<6:16:46,  5.50s/it]
 42%|████▏     | 3004/7110 [4:39:05<6:13:23,  5.46s/it]
 42%|████▏     | 3005/7110 [4:39:11<6:15:04,  5.48s/it]
 42%|████▏     | 3006/7110 [4:39:16<6:13:27,  5.46s/it]
 42%|████▏     | 3007/7110 [4:39:22<6:15:09,  5.49s/it]
 42%|████▏     | 3008/7110 [4:39:27<6:13:17,  5.46s/it]
 42%|████▏     | 3009/7110 [4:39:33<6:15:51,  5.50s/it]
 42%|████▏     | 3010/7110 [4:39:38<6:13:50,  5.47s/it]
 42%|████▏     | 3011/7110 [4:39:44<6:14:06,  5.48s/it]
 42%|████▏     | 3012/7110 [4:39:49<6:16:30,  5.51s/it]
 42%|████▏     | 3013/7110 [4:39:55<6:14:10,  5.48s/it]
 42%|████▏     | 3014/7110 [4:40:00<6:14:14,  5.48s/it]
 42%|████▏     | 3015/7110 [4:40:06<6:13:30,  5.47s/it]
 42%|████▏     | 3016/7110 [4:40:11<6:13:55,  5.48s/it]
 42%|████▏     | 3017/7110 [4:40:17<6:12:32,  5.46s/it]
 42%|████▏     | 3018/7110 [4:40:22<6:14:11,  5.49s/it]
 42%|████▏     | 3019/7110 [4:40:28<6:12:18,  5.46s/it]
 42%|████▏     | 3020/7110 [4:40:33<6:13:56,  5.49s/it]
 42%|████▏     | 3021/7110 [4:40:39<6:12:12,  5.46s/it]
 43%|████▎     | 3022/7110 [4:40:44<6:13:33,  5.48s/it]
 43%|████▎     | 3023/7110 [4:40:50<6:14:38,  5.50s/it]
 43%|████▎     | 3024/7110 [4:40:55<6:12:32,  5.47s/it]
 43%|████▎     | 3025/7110 [4:41:01<6:13:57,  5.49s/it]
 43%|████▎     | 3026/7110 [4:41:06<6:13:05,  5.48s/it]
 43%|████▎     | 3027/7110 [4:41:12<6:13:16,  5.49s/it]
 43%|████▎     | 3028/7110 [4:41:17<6:12:24,  5.47s/it]
 43%|████▎     | 3029/7110 [4:41:22<6:12:36,  5.48s/it]
 43%|████▎     | 3030/7110 [4:41:28<6:10:42,  5.45s/it]
 43%|████▎     | 3031/7110 [4:41:33<6:12:23,  5.48s/it]
 43%|████▎     | 3032/7110 [4:41:39<6:10:49,  5.46s/it]
 43%|████▎     | 3033/7110 [4:41:44<6:12:24,  5.48s/it]
 43%|████▎     | 3034/7110 [4:41:50<6:13:31,  5.50s/it]
 43%|████▎     | 3035/7110 [4:41:55<6:11:23,  5.47s/it]
 43%|████▎     | 3036/7110 [4:42:01<6:13:35,  5.50s/it]
 43%|████▎     | 3037/7110 [4:42:06<6:10:30,  5.46s/it]
 43%|████▎     | 3038/7110 [4:42:12<6:12:04,  5.48s/it]
 43%|████▎     | 3039/7110 [4:42:17<6:11:44,  5.48s/it]
 43%|████▎     | 3040/7110 [4:42:23<6:12:57,  5.50s/it]
 43%|████▎     | 3041/7110 [4:42:28<6:09:41,  5.45s/it]
 43%|████▎     | 3042/7110 [4:42:34<6:11:21,  5.48s/it]
 43%|████▎     | 3043/7110 [4:42:39<6:10:47,  5.47s/it]
 43%|████▎     | 3044/7110 [4:42:45<6:12:01,  5.49s/it]
 43%|████▎     | 3045/7110 [4:42:50<6:13:06,  5.51s/it]
 43%|████▎     | 3046/7110 [4:42:56<6:09:56,  5.46s/it]
 43%|████▎     | 3047/7110 [4:43:01<6:11:34,  5.49s/it]
 43%|████▎     | 3048/7110 [4:43:06<6:09:47,  5.46s/it]
 43%|████▎     | 3049/7110 [4:43:12<6:12:10,  5.50s/it]
 43%|████▎     | 3050/7110 [4:43:17<6:10:18,  5.47s/it]
 43%|████▎     | 3051/7110 [4:43:23<6:11:31,  5.49s/it]
 43%|████▎     | 3052/7110 [4:43:28<6:09:22,  5.46s/it]
 43%|████▎     | 3053/7110 [4:43:34<6:09:48,  5.47s/it]
 43%|████▎     | 3054/7110 [4:43:39<6:08:26,  5.45s/it]
 43%|████▎     | 3055/7110 [4:43:45<6:10:05,  5.48s/it]
 43%|████▎     | 3056/7110 [4:43:50<6:11:13,  5.49s/it]
 43%|████▎     | 3057/7110 [4:43:56<6:09:13,  5.47s/it]
 43%|████▎     | 3058/7110 [4:44:01<6:11:38,  5.50s/it]
 43%|████▎     | 3059/7110 [4:44:07<6:08:31,  5.46s/it]
 43%|████▎     | 3060/7110 [4:44:12<6:10:13,  5.48s/it]
 43%|████▎     | 3061/7110 [4:44:18<6:09:17,  5.47s/it]
 43%|████▎     | 3062/7110 [4:44:23<6:10:22,  5.49s/it]
 43%|████▎     | 3063/7110 [4:44:29<6:08:09,  5.46s/it]
 43%|████▎     | 3064/7110 [4:44:34<6:09:40,  5.48s/it]
 43%|████▎     | 3065/7110 [4:44:40<6:08:04,  5.46s/it]
 43%|████▎     | 3066/7110 [4:44:45<6:08:26,  5.47s/it]
 43%|████▎     | 3067/7110 [4:44:51<6:09:41,  5.49s/it]
 43%|████▎     | 3068/7110 [4:44:56<6:08:52,  5.48s/it]
 43%|████▎     | 3069/7110 [4:45:02<6:09:14,  5.48s/it]
 43%|████▎     | 3070/7110 [4:45:07<6:08:30,  5.47s/it]
 43%|████▎     | 3071/7110 [4:45:12<6:08:48,  5.48s/it]
 43%|████▎     | 3072/7110 [4:45:18<6:07:20,  5.46s/it]
 43%|████▎     | 3073/7110 [4:45:23<6:08:53,  5.48s/it]
 43%|████▎     | 3074/7110 [4:45:29<6:07:18,  5.46s/it]
 43%|████▎     | 3075/7110 [4:45:34<6:08:33,  5.48s/it]
 43%|████▎     | 3076/7110 [4:45:40<6:06:55,  5.46s/it]
 43%|████▎     | 3077/7110 [4:45:45<6:08:20,  5.48s/it]
 43%|████▎     | 3078/7110 [4:45:51<6:09:31,  5.50s/it]
 43%|████▎     | 3079/7110 [4:45:56<6:08:36,  5.49s/i(0,)
########## New lowest validation loss achieved ########### sim-RMS = 0.0005472056218422949
It 3081, sqrt loss 0.001997, Val sim-RMS 0.0005472, Time Loss: 97.5%, data: 0.6%, val: 1.9%,  5.6 sec/batch
t]
 43%|████▎     | 3080/7110 [4:46:02<6:08:40,  5.49s/it]
 43%|████▎     | 3081/7110 [4:46:32<14:21:04, 12.82s/it]
 43%|████▎     | 3082/7110 [4:46:37<11:53:16, 10.62s/it]
 43%|████▎     | 3083/7110 [4:46:43<10:08:01,  9.06s/it]
 43%|████▎     | 3084/7110 [4:46:48<8:57:01,  8.00s/it] 
 43%|████▎     | 3085/7110 [4:46:54<8:04:29,  7.22s/it]
 43%|████▎     | 3086/7110 [4:46:59<7:31:11,  6.73s/it]
 43%|████▎     | 3087/7110 [4:47:04<7:03:20,  6.31s/it]
 43%|████▎     | 3088/7110 [4:47:10<6:47:39,  6.08s/it]
 43%|████▎     | 3089/7110 [4:47:16<6:37:41,  5.93s/it]
 43%|████▎     | 3090/7110 [4:47:21<6:25:58,  5.76s/it]
 43%|████▎     | 3091/7110 [4:47:26<6:21:22,  5.69s/it]
 43%|████▎     | 3092/7110 [4:47:32<6:15:31,  5.61s/it]
 44%|████▎     | 3093/7110 [4:47:37<6:15:09,  5.60s/it]
 44%|████▎     | 3094/7110 [4:47:43<6:11:14,  5.55s/it]
 44%|████▎     | 3095/7110 [4:47:48<6:10:02,  5.53s/it]
 44%|████▎     | 3096/7110 [4:47:54<6:08:31,  5.51s/it]
 44%|████▎     | 3097/7110 [4:47:59<6:08:02,  5.50s/it]
 44%|████▎     | 3098/7110 [4:48:05<6:06:57,  5.49s/it]
 44%|████▎     | 3099/7110 [4:48:10<6:06:55,  5.49s/it]
 44%|████▎     | 3100/7110 [4:48:16<6:07:48,  5.50s/it]
 44%|████▎     | 3101/7110 [4:48:21<6:05:54,  5.48s/it]
 44%|████▎     | 3102/7110 [4:48:27<6:06:49,  5.49s/it]
 44%|████▎     | 3103/7110 [4:48:32<6:05:04,  5.47s/it]
 44%|████▎     | 3104/7110 [4:48:38<6:07:27,  5.50s/it]
 44%|████▎     | 3105/7110 [4:48:43<6:04:17,  5.46s/it]
 44%|████▎     | 3106/7110 [4:48:49<6:06:43,  5.50s/it]
 44%|████▎     | 3107/7110 [4:48:54<6:07:35,  5.51s/it]
 44%|████▎     | 3108/7110 [4:49:00<6:04:21,  5.46s/it]
 44%|████▎     | 3109/7110 [4:49:05<6:06:40,  5.50s/it]
 44%|████▎     | 3110/7110 [4:49:11<6:03:45,  5.46s/it]
 44%|████▍     | 3111/7110 [4:49:16<6:05:07,  5.48s/it]
 44%|████▍     | 3112/7110 [4:49:21<6:03:30,  5.46s/it]
 44%|████▍     | 3113/7110 [4:49:27<6:04:39,  5.47s/it]
 44%|████▍     | 3114/7110 [4:49:33<6:05:57,  5.49s/it]
 44%|████▍     | 3115/7110 [4:49:38<6:04:14,  5.47s/it]
 44%|████▍     | 3116/7110 [4:49:43<6:05:51,  5.50s/it]
 44%|████▍     | 3117/7110 [4:49:49<6:04:05,  5.47s/it]
 44%|████▍     | 3118/7110 [4:49:54<6:05:32,  5.49s/it]
 44%|████▍     | 3119/7110 [4:50:00<6:04:49,  5.48s/it]
 44%|████▍     | 3120/7110 [4:50:05<6:05:54,  5.50s/it]
 44%|████▍     | 3121/7110 [4:50:11<6:06:45,  5.52s/it]
 44%|████▍     | 3122/7110 [4:50:16<6:03:23,  5.47s/it]
 44%|████▍     | 3123/7110 [4:50:22<6:05:43,  5.50s/it]
 44%|████▍     | 3124/7110 [4:50:27<6:02:17,  5.45s/it]
 44%|████▍     | 3125/7110 [4:50:33<6:03:43,  5.48s/it]
 44%|████▍     | 3126/7110 [4:50:38<6:03:06,  5.47s/it]
 44%|████▍     | 3127/7110 [4:50:44<6:03:29,  5.48s/it]
 44%|████▍     | 3128/7110 [4:50:49<6:02:58,  5.47s/it]
 44%|████▍     | 3129/7110 [4:50:55<6:02:58,  5.47s/it]
 44%|████▍     | 3130/7110 [4:51:00<6:01:20,  5.45s/it]
 44%|████▍     | 3131/7110 [4:51:06<6:03:47,  5.49s/it]
 44%|████▍     | 3132/7110 [4:51:11<6:03:47,  5.49s/it]
 44%|████▍     | 3133/7110 [4:51:17<6:02:17,  5.47s/it]
 44%|████▍     | 3134/7110 [4:51:22<6:03:55,  5.49s/it]
 44%|████▍     | 3135/7110 [4:51:28<6:01:52,  5.46s/it]
 44%|████▍     | 3136/7110 [4:51:33<6:04:20,  5.50s/it]
 44%|████▍     | 3137/7110 [4:51:38<6:01:18,  5.46s/it]
 44%|████▍     | 3138/7110 [4:51:44<6:02:54,  5.48s/it]
 44%|████▍     | 3139/7110 [4:51:49<6:01:18,  5.46s/it]
 44%|████▍     | 3140/7110 [4:51:55<6:02:45,  5.48s/it]
 44%|████▍     | 3141/7110 [4:52:00<6:01:10,  5.46s/it]
 44%|████▍     | 3142/7110 [4:52:06<6:02:42,  5.48s/it]
 44%|████▍     | 3143/7110 [4:52:11<6:03:46,  5.50s/it]
 44%|████▍     | 3144/7110 [4:52:17<6:01:49,  5.47s/it]
 44%|████▍     | 3145/7110 [4:52:22<6:04:11,  5.51s/it]
 44%|████▍     | 3146/7110 [4:52:28<6:01:51,  5.48s/it]
 44%|████▍     | 3147/7110 [4:52:33<6:03:00,  5.50s/it]
 44%|████▍     | 3148/7110 [4:52:39<6:00:16,  5.46s/it]
 44%|████▍     | 3149/7110 [4:52:44<6:02:06,  5.49s/it]
 44%|████▍     | 3150/7110 [4:52:50<6:00:23,  5.46s/it]
 44%|████▍     | 3151/7110 [4:52:55<6:01:52,  5.48s/it]
 44%|████▍     | 3152/7110 [4:53:01<6:01:25,  5.48s/it]
 44%|████▍     | 3153/7110 [4:53:06<6:01:31,  5.48s/it]
 44%|████▍     | 3154/7110 [4:53:12<6:02:32,  5.50s/it]
 44%|████▍     | 3155/7110 [4:53:17<6:01:41,  5.49s/it]
 44%|████▍     | 3156/7110 [4:53:23<6:01:38,  5.49s/it]
 44%|████▍     | 3157/7110 [4:53:28<6:00:43,  5.48s/it]
 44%|████▍     | 3158/7110 [4:53:34<6:01:01,  5.48s/it]
 44%|████▍     | 3159/7110 [4:53:39<5:59:25,  5.46s/it]
 44%|████▍     | 3160/7110 [4:53:45<6:00:57,  5.48s/it]
 44%|████▍     | 3161/7110 [4:53:50<5:59:25,  5.46s/it]
 44%|████▍     | 3162/7110 [4:53:56<6:00:43,  5.48s/it]
 44%|████▍     | 3163/7110 [4:54:01<5:59:54,  5.47s/it]
 45%|████▍     | 3164/7110 [4:54:06<6:00:55,  5.49s/it]
 45%|████▍     | 3165/7110 [4:54:12<6:00:40,  5.49s/it]
 45%|████▍     | 3166/7110 [4:54:17<5:58:51,  5.46s/it]
 45%|████▍     | 3167/7110 [4:54:23<6:00:21,  5.48s/it]
 45%|████▍     | 3168/7110 [4:54:28<5:58:33,  5.46s/it]
 45%|████▍     | 3169/7110 [4:54:34<6:01:12,  5.50s/it]
 45%|████▍     | 3170/7110 [4:54:39<5:58:22,  5.46s/it]
 45%|████▍     | 3171/7110 [4:54:45<6:00:00,  5.48s/it]
 45%|████▍     | 3172/7110 [4:54:50<5:58:33,  5.46s/it]
 45%|████▍     | 3173/7110 [4:54:56<6:00:02,  5.49s/it]
 45%|████▍     | 3174/7110 [4:55:01<5:58:20,  5.46s/it]
 45%|████▍     | 3175/7110 [4:55:07<5:59:34,  5.48s/it]
 45%|████▍     | 3176/7110 [4:55:12<6:00:32,  5.50s/it]
 45%|████▍     | 3177/7110 [4:55:18<5:58:29,  5.47s/it]
 45%|████▍     | 3178/7110 [4:55:23<6:00:45,  5.50s/it]
 45%|████▍     | 3179/7110 [4:55:29<5:57:34,  5.46s/it]
 45%|████▍     | 3180/7110 [4:55:34<5:59:13,  5.48s/it]
 45%|████▍     | 3181/7110 [4:55:40<5:58:31,  5.47s/it]
 45%|████▍     | 3182/7110 [4:55:45<5:58:50,  5.48s/it]
 45%|████▍     | 3183/7110 [4:55:51<5:58:14,  5.47s/it]
 45%|████▍     | 3184/7110 [4:55:56<5:58:30,  5.48s/it]
 45%|████▍     | 3185/7110 [4:56:01<5:57:05,  5.46s/it]
 45%|████▍     | 3186/7110 [4:56:07<5:58:28,  5.48s/it]
 45%|████▍     | 3187/7110 [4:56:13<6:00:38,  5.52s/it]
 45%|████▍     | 3188/7110 [4:56:18<5:58:35,  5.49s/it]
 45%|████▍     | 3189/7110 [4:56:23<5:58:45,  5.49s/it]
 45%|████▍     | 3190/7110 [4:56:29<5:57:49,  5.48s/it]
 45%|████▍     | 3191/7110 [4:56:34<5:59:01,  5.50s/it]
 45%|████▍     | 3192/7110 [4:56:40<5:56:13,  5.46s/it]
 45%|████▍     | 3193/7110 [4:56:45<5:57:48,  5.48s/it]
 45%|████▍     | 3194/7110 [4:56:51<5:57:17,  5.47s/it]
 45%|████▍     | 3195/7110 [4:56:56<5:57:19,  5.48s/it]
 45%|████▍     | 3196/7110 [4:57:02<5:55:57,  5.46s/it]
 45%|████▍     | 3197/7110 [4:57:07<5:57:24,  5.48s/it]
 45%|████▍     | 3198/7110 [4:57:13<5:58:32,  5.50s/it]
 45%|████▍     | 3199/7110 [4:57:18<5:56:35,  5.47s/it]
 45%|████▌     | 3200/7110 [4:57:24<5:57:58,  5.49s/it]
 45%|████▌     | 3201/7110 [4:57:29<5:55:58,  5.46s/it]
 45%|████▌     | 3202/7110 [4:57:35<5:57:30,  5.49s/it]
 45%|████▌     | 3203/7110 [4:57:40<5:55:54,  5.47s/it]
 45%|████▌     | 3204/7110 [4:57:46<5:57:29,  5.49s/it]
 45%|████▌     | 3205/7110 [4:57:51<5:56:51,  5.48s/it]
 45%|████▌     | 3206/7110 [4:57:57<5:57:41,  5.50s/it]
 45%|████▌     | 3207/7110 [4:58:02<5:55:38,  5.47s/it]
 45%|████▌     | 3208/7110 [4:58:08<5:56:03,  5.48s/it]
 45%|████▌     | 3209/7110 [4:58:13<5:57:20,  5.50s/it]
 45%|████▌     | 3210/7110 [4:58:18<5:55:35,  5.47s/it]
 45%|████▌     | 3211/7110 [4:58:24<5:57:12,  5.50s/it]
 45%|████▌     | 3212/7110 [4:58:29<5:56:16,  5.48s/it]
 45%|████▌     | 3213/7110 [4:58:35<5:56:21,  5.49s/it]
 45%|████▌     | 3214/7110 [4:58:40<5:54:45,  5.46s/it]
 45%|████▌     | 3215/7110 [4:58:46<5:57:16,  5.50s/it]
 45%|████▌     | 3216/7110 [4:58:51<5:54:17,  5.46s/it]
 45%|████▌     | 3217/7110 [4:58:57<5:56:45,  5.50s/it]
 45%|████▌     | 3218/7110 [4:59:02<5:53:56,  5.46s/it]
 45%|████▌     | 3219/7110 [4:59:08<5:56:24,  5.50s/it]
 45%|████▌     | 3220/7110 [4:59:13<5:56:14,  5.49s/it]
 45%|████▌     | 3221/7110 [4:59:19<5:54:31,  5.47s/it]
 45%|████▌     | 3222/7110 [4:59:24<5:56:56,  5.51s/it]
 45%|████▌     | 3223/7110 [4:59:30<5:53:41,  5.46s/it]
 45%|████▌     | 3224/7110 [4:59:35<5:55:10,  5.48s/it]
 45%|████▌     | 3225/7110 [4:59:41<5:54:35,  5.48s/it]
 45%|████▌     | 3226/7110 [4:59:46<5:54:58,  5.48s/it]
 45%|████▌     | 3227/7110 [4:59:52<5:53:30,  5.46s/it]
 45%|████▌     | 3228/7110 [4:59:57<5:55:01,  5.49s/it]
 45%|████▌     | 3229/7110 [5:00:03<5:53:27,  5.46s/it]
 45%|████▌     | 3230/7110 [5:00:08<5:54:46,  5.49s/it]
 45%|████▌     | 3231/7110 [5:00:14<5:55:55,  5.51s/it]
 45%|████▌     | 3232/7110 [5:00:19<5:54:58,  5.49s/it]
 45%|████▌     | 3233/7110 [5:00:25<5:54:52,  5.49s/it]
 45%|████▌     | 3234/7110 [5:00:30<5:53:04,  5.47s/it]
 45%|████▌     | 3235/7110 [5:00:36<5:54:27,  5.49s/it]
 46%|████▌     | 3236/7110 [5:00:41<5:52:38,  5.46s/it]
 46%|████▌     | 3237/7110 [5:00:47<5:54:08,  5.49s/it]
 46%|████▌     | 3238/7110 [5:00:52<5:52:21,  5.46s/it]
 46%|████▌     | 3239/7110 [5:00:57<5:53:45,  5.48s/it]
 46%|████▌     | 3240/7110 [5:01:03<5:52:05,  5.46s/it]
 46%|████▌     | 3241/7110 [5:01:08<5:53:27,  5.48s/it]
 46%|████▌     | 3242/7110 [5:01:14<5:54:37,  5.50s/it]
 46%|████▌     | 3243/7110 [5:01:19<5:52:40,  5.47s/it]
 46%|████▌     | 3244/7110 [5:01:25<5:53:48,  5.49s/it]
 46%|████▌     | 3245/7110 [5:01:30<5:51:42,  5.46s/it]
 46%|████▌     | 3246/7110 [5:01:36<5:53:16,  5.49s/it]
 46%|████▌     | 3247/7110 [5:01:41<5:51:38,  5.46s/it]
 46%|████▌     | 3248/7110 [5:01:47<5:53:06,  5.49s/it]
 46%|████▌     | 3249/7110 [5:01:52<5:51:30,  5.46s/it]
 46%|████▌     | 3250/7110 [5:01:58<5:53:02,  5.49s/it]
 46%|████▌     | 3251/7110 [5:02:03<5:51:28,  5.46s/it]
 46%|████▌     | 3252/7110 [5:02:09<5:52:49,  5.49s/it]
 46%|████▌     | 3253/7110 [5:02:14<5:53:50,  5.50s/it]
 46%|████▌     | 3254/7110 [5:02:20<5:52:55,  5.49s/it]
 46%|████▌     | 3255/7110 [5:02:25<5:52:49,  5.49s/it]
 46%|████▌     | 3256/7110 [5:02:31<5:51:06,  5.47s/it]
 46%|████▌     | 3257/7110 [5:02:36<5:52:37,  5.49s/it]
 46%|████▌     | 3258/7110 [5:02:42<5:51:50,  5.48s/it]
 46%|████▌     | 3259/7110 [5:02:47<5:53:01,  5.50s/it]
 46%|████▌     | 3260/7110 [5:02:52<5:50:11,  5.46s/it]
 46%|████▌     | 3261/7110 [5:02:58<5:51:34,  5.48s/it]
 46%|████▌     | 3262/7110 [5:03:03<5:51:04,  5.47s/it]
 46%|████▌     | 3263/7110 [5:03:09<5:51:10,  5.48s/it]
 46%|████▌     | 3264/7110 [5:03:15<5:53:29,  5.51s/it]
 46%|████▌     | 3265/7110 [5:03:20<5:50:25,  5.47s/it]
 46%|████▌     | 3266/7110 [5:03:25<5:52:25,  5.50s/it]
 46%|████▌     | 3267/7110 [5:03:31<5:49:32,  5.46s/it]
 46%|████▌     | 3268/7110 [5:03:36<5:51:11,  5.48s/it]
 46%|████▌     | 3269/7110 [5:03:42<5:49:35,  5.46s/it]
 46%|████▌     | 3270/7110 [5:03:47<5:51:10,  5.49s/it]
 46%|████▌     | 3271/7110 [5:03:53<5:49:40,  5.47s/it]
 46%|████▌     | 3272/7110 [5:03:58<5:51:00,  5.49s/it]
 46%|████▌     | 3273/7110 [5:04:04<5:49:25,  5.46s/it]
 46%|████▌     | 3274/7110 [5:04:09<5:51:47,  5.50s/it]
 46%|████▌     | 3275/7110 [5:04:15<5:51:31,  5.50s/it]
 46%|████▌     | 3276/7110 [5:04:20<5:50:38,  5.49s/it]
 46%|████▌     | 3277/7110 [5:04:26<5:51:23,  5.50s/it]
 46%|████▌     | 3278/7110 [5:04:31<5:48:28,  5.46s/it]
 46%|████▌     | 3279/7110 [5:04:37<5:49:52,  5.48s/it]
 46%|████▌     | 3280/7110 [5:04:42<5:48:30,  5.46s/it]
 46%|████▌     | 3281/7110 [5:04:48<5:50:07,  5.49s/it]
 46%|████▌     | 3282/7110 [5:04:53<5:49:36,  5.48s/it]
 46%|████▌     | 3283/7110 [5:04:59<5:49:44,  5.48s/it]
 46%|████▌     | 3284/7110 [5:05:04<5:48:17,  5.46s/it]
 46%|████▌     | 3285/7110 [5:05:10<5:49:45,  5.49s/it]
 46%|████▌     | 3286/7110 [5:05:15<5:50:43,  5.50s/it]
 46%|████▌     | 3287/7110 [5:05:20<5:48:44,  5.47s/it]
 46%|████▌     | 3288/7110 [5:05:26<5:49:47,  5.49s/it]
 46%|████▋     | 3289/7110 [5:05:31<5:49:00,  5.48s/it]
 46%|████▋     | 3290/7110 [5:05:37<5:49:08,  5.48s/it]
 46%|████▋     | 3291/7110 [5:05:42<5:47:25,  5.46s/it]
 46%|████▋     | 3292/7110 [5:05:48<5:48:58,  5.48s/it]
 46%|████▋     | 3293/7110 [5:05:53<5:48:19,  5.48s/it]
 46%|████▋     | 3294/7110 [5:05:59<5:49:21,  5.49s/it]
 46%|████▋     | 3295/7110 [5:06:04<5:47:40,  5.47s/it]
 46%|████▋     | 3296/7110 [5:06:10<5:49:01,  5.49s/it]
 46%|████▋     | 3297/7110 [5:06:15<5:50:03,  5.51s/it]
 46%|████▋     | 3298/7110 [5:06:21<5:48:04,  5.48s/it]
 46%|████▋     | 3299/7110 [5:06:26<5:49:01,  5.50s/it]
 46%|████▋     | 3300/7110 [5:06:32<5:46:13,  5.45s/it]
 46%|████▋     | 3301/7110 [5:06:37<5:47:47,  5.48s/it]
 46%|████▋     | 3302/7110 [5:06:43<5:46:20,  5.46s/it]
 46%|████▋     | 3303/7110 [5:06:48<5:47:58,  5.48s/it]
 46%|████▋     | 3304/7110 [5:06:54<5:46:27,  5.46s/it]
 46%|████▋     | 3305/7110 [5:06:59<5:47:49,  5.48s/it]
 46%|████▋     | 3306/7110 [5:07:05<5:47:11,  5.48s/it]
 47%|████▋     | 3307/7110 [5:07:10<5:47:18,  5.48s/it]
 47%|████▋     | 3308/7110 [5:07:16<5:48:26,  5.50s/it]
 47%|████▋     | 3309/7110 [5:07:21<5:46:31,  5.47s/it]
 47%|████▋     | 3310/7110 [5:07:27<5:48:04,  5.50s/it]
 47%|████▋     | 3311/7110 [5:07:32<5:46:14,  5.47s/it]
 47%|████▋     | 3312/7110 [5:0(0,)
It 3318, sqrt loss 0.002104, Val sim-RMS 0.002576, Time Loss: 97.5%, data: 0.6%, val: 1.9%,  5.6 sec/batch
7:38<5:47:23,  5.49s/it]
 47%|████▋     | 3313/7110 [5:07:43<5:45:35,  5.46s/it]
 47%|████▋     | 3314/7110 [5:07:48<5:46:55,  5.48s/it]
 47%|████▋     | 3315/7110 [5:07:54<5:46:13,  5.47s/it]
 47%|████▋     | 3316/7110 [5:07:59<5:46:25,  5.48s/it]
 47%|████▋     | 3317/7110 [5:08:05<5:44:53,  5.46s/it]
 47%|████▋     | 3318/7110 [5:08:35<13:31:23, 12.84s/it]
 47%|████▋     | 3319/7110 [5:08:40<11:11:49, 10.63s/it]
 47%|████▋     | 3320/7110 [5:08:46<9:32:29,  9.06s/it] 
 47%|████▋     | 3321/7110 [5:08:51<8:26:32,  8.02s/it]
 47%|████▋     | 3322/7110 [5:08:57<7:35:53,  7.22s/it]
 47%|████▋     | 3323/7110 [5:09:02<7:03:53,  6.72s/it]
 47%|████▋     | 3324/7110 [5:09:08<6:39:03,  6.32s/it]
 47%|████▋     | 3325/7110 [5:09:13<6:25:01,  6.10s/it]
 47%|████▋     | 3326/7110 [5:09:19<6:10:48,  5.88s/it]
 47%|████▋     | 3327/7110 [5:09:24<6:04:14,  5.78s/it]
 47%|████▋     | 3328/7110 [5:09:30<5:59:36,  5.71s/it]
 47%|████▋     | 3329/7110 [5:09:35<5:54:45,  5.63s/it]
 47%|████▋     | 3330/7110 [5:09:41<5:52:03,  5.59s/it]
 47%|████▋     | 3331/7110 [5:09:46<5:49:34,  5.55s/it]
 47%|████▋     | 3332/7110 [5:09:52<5:48:20,  5.53s/it]
 47%|████▋     | 3333/7110 [5:09:57<5:46:46,  5.51s/it]
 47%|████▋     | 3334/7110 [5:10:03<5:46:16,  5.50s/it]
 47%|████▋     | 3335/7110 [5:10:08<5:44:23,  5.47s/it]
 47%|████▋     | 3336/7110 [5:10:13<5:45:53,  5.50s/it]
 47%|████▋     | 3337/7110 [5:10:19<5:44:08,  5.47s/it]
 47%|████▋     | 3338/7110 [5:10:24<5:45:07,  5.49s/it]
 47%|████▋     | 3339/7110 [5:10:30<5:45:49,  5.50s/it]
 47%|████▋     | 3340/7110 [5:10:35<5:43:35,  5.47s/it]
 47%|████▋     | 3341/7110 [5:10:41<5:44:40,  5.49s/it]
 47%|████▋     | 3342/7110 [5:10:46<5:42:57,  5.46s/it]
 47%|████▋     | 3343/7110 [5:10:52<5:44:19,  5.48s/it]
 47%|████▋     | 3344/7110 [5:10:57<5:42:52,  5.46s/it]
 47%|████▋     | 3345/7110 [5:11:03<5:45:07,  5.50s/it]
 47%|████▋     | 3346/7110 [5:11:08<5:42:10,  5.45s/it]
 47%|████▋     | 3347/7110 [5:11:14<5:43:40,  5.48s/it]
 47%|████▋     | 3348/7110 [5:11:19<5:42:04,  5.46s/it]
 47%|████▋     | 3349/7110 [5:11:25<5:43:25,  5.48s/it]
 47%|████▋     | 3350/7110 [5:11:30<5:44:29,  5.50s/it]
 47%|████▋     | 3351/7110 [5:11:36<5:42:46,  5.47s/it]
 47%|████▋     | 3352/7110 [5:11:41<5:44:01,  5.49s/it]
 47%|████▋     | 3353/7110 [5:11:47<5:42:10,  5.46s/it]
 47%|████▋     | 3354/7110 [5:11:52<5:43:32,  5.49s/it]
 47%|████▋     | 3355/7110 [5:11:57<5:41:51,  5.46s/it]
 47%|████▋     | 3356/7110 [5:12:03<5:43:11,  5.49s/it]
 47%|████▋     | 3357/7110 [5:12:08<5:42:37,  5.48s/it]
 47%|████▋     | 3358/7110 [5:12:14<5:43:39,  5.50s/it]
 47%|████▋     | 3359/7110 [5:12:19<5:42:01,  5.47s/it]
 47%|████▋     | 3360/7110 [5:12:25<5:41:59,  5.47s/it]
 47%|████▋     | 3361/7110 [5:12:30<5:43:59,  5.51s/it]
 47%|████▋     | 3362/7110 [5:12:36<5:40:48,  5.46s/it]
 47%|████▋     | 3363/7110 [5:12:41<5:42:19,  5.48s/it]
 47%|████▋     | 3364/7110 [5:12:47<5:40:53,  5.46s/it]
 47%|████▋     | 3365/7110 [5:12:52<5:42:21,  5.49s/it]
 47%|████▋     | 3366/7110 [5:12:58<5:40:47,  5.46s/it]
 47%|████▋     | 3367/7110 [5:13:03<5:42:05,  5.48s/it]
 47%|████▋     | 3368/7110 [5:13:09<5:41:27,  5.47s/it]
 47%|████▋     | 3369/7110 [5:13:14<5:41:33,  5.48s/it]
 47%|████▋     | 3370/7110 [5:13:20<5:41:03,  5.47s/it]
 47%|████▋     | 3371/7110 [5:13:25<5:41:04,  5.47s/it]
 47%|████▋     | 3372/7110 [5:13:31<5:43:08,  5.51s/it]
 47%|████▋     | 3373/7110 [5:13:36<5:40:00,  5.46s/it]
 47%|████▋     | 3374/7110 [5:13:42<5:41:29,  5.48s/it]
 47%|████▋     | 3375/7110 [5:13:47<5:39:55,  5.46s/it]
 47%|████▋     | 3376/7110 [5:13:53<5:42:15,  5.50s/it]
 47%|████▋     | 3377/7110 [5:13:58<5:39:26,  5.46s/it]
 48%|████▊     | 3378/7110 [5:14:04<5:41:49,  5.50s/it]
 48%|████▊     | 3379/7110 [5:14:09<5:40:10,  5.47s/it]
 48%|████▊     | 3380/7110 [5:14:14<5:40:20,  5.47s/it]
 48%|████▊     | 3381/7110 [5:14:20<5:38:52,  5.45s/it]
 48%|████▊     | 3382/7110 [5:14:25<5:40:08,  5.47s/it]
 48%|████▊     | 3383/7110 [5:14:31<5:41:18,  5.49s/it]
 48%|████▊     | 3384/7110 [5:14:36<5:39:29,  5.47s/it]
 48%|████▊     | 3385/7110 [5:14:42<5:40:47,  5.49s/it]
 48%|████▊     | 3386/7110 [5:14:47<5:39:17,  5.47s/it]
 48%|████▊     | 3387/7110 [5:14:53<5:40:33,  5.49s/it]
 48%|████▊     | 3388/7110 [5:14:58<5:38:51,  5.46s/it]
 48%|████▊     | 3389/7110 [5:15:04<5:40:15,  5.49s/it]
 48%|████▊     | 3390/7110 [5:15:09<5:39:38,  5.48s/it]
 48%|████▊     | 3391/7110 [5:15:15<5:40:00,  5.49s/it]
 48%|████▊     | 3392/7110 [5:15:20<5:39:31,  5.48s/it]
 48%|████▊     | 3393/7110 [5:15:26<5:39:25,  5.48s/it]
 48%|████▊     | 3394/7110 [5:15:31<5:40:34,  5.50s/it]
 48%|████▊     | 3395/7110 [5:15:37<5:38:42,  5.47s/it]
 48%|████▊     | 3396/7110 [5:15:42<5:40:01,  5.49s/it]
 48%|████▊     | 3397/7110 [5:15:48<5:39:19,  5.48s/it]
 48%|████▊     | 3398/7110 [5:15:53<5:39:17,  5.48s/it]
 48%|████▊     | 3399/7110 [5:15:59<5:38:41,  5.48s/it]
 48%|████▊     | 3400/7110 [5:16:04<5:38:48,  5.48s/it]
 48%|████▊     | 3401/7110 [5:16:09<5:37:30,  5.46s/it]
 48%|████▊     | 3402/7110 [5:16:15<5:39:52,  5.50s/it]
 48%|████▊     | 3403/7110 [5:16:20<5:37:06,  5.46s/it]
 48%|████▊     | 3404/7110 [5:16:26<5:38:07,  5.47s/it]
 48%|████▊     | 3405/7110 [5:16:31<5:39:09,  5.49s/it]
 48%|████▊     | 3406/7110 [5:16:37<5:37:25,  5.47s/it]
 48%|████▊     | 3407/7110 [5:16:42<5:38:43,  5.49s/it]
 48%|████▊     | 3408/7110 [5:16:48<5:38:00,  5.48s/it]
 48%|████▊     | 3409/7110 [5:16:53<5:39:15,  5.50s/it]
 48%|████▊     | 3410/7110 [5:16:59<5:36:29,  5.46s/it]
 48%|████▊     | 3411/7110 [5:17:04<5:37:51,  5.48s/it]
 48%|████▊     | 3412/7110 [5:17:10<5:37:10,  5.47s/it]
 48%|████▊     | 3413/7110 [5:17:15<5:37:22,  5.48s/it]
 48%|████▊     | 3414/7110 [5:17:21<5:36:44,  5.47s/it]
 48%|████▊     | 3415/7110 [5:17:26<5:36:32,  5.46s/it]
 48%|████▊     | 3416/7110 [5:17:32<5:37:47,  5.49s/it]
 48%|████▊     | 3417/7110 [5:17:37<5:36:17,  5.46s/it]
 48%|████▊     | 3418/7110 [5:17:43<5:37:41,  5.49s/it]
 48%|████▊     | 3419/7110 [5:17:48<5:36:09,  5.46s/it]
 48%|████▊     | 3420/7110 [5:17:54<5:37:31,  5.49s/it]
 48%|████▊     | 3421/7110 [5:17:59<5:35:55,  5.46s/it]
 48%|████▊     | 3422/7110 [5:18:05<5:38:06,  5.50s/it]
 48%|████▊     | 3423/7110 [5:18:10<5:36:12,  5.47s/it]
 48%|████▊     | 3424/7110 [5:18:16<5:37:20,  5.49s/it]
 48%|████▊     | 3425/7110 [5:18:21<5:35:48,  5.47s/it]
 48%|████▊     | 3426/7110 [5:18:26<5:35:45,  5.47s/it]
 48%|████▊     | 3427/7110 [5:18:32<5:37:02,  5.49s/it]
 48%|████▊     | 3428/7110 [5:18:37<5:35:30,  5.47s/it]
 48%|████▊     | 3429/7110 [5:18:43<5:37:47,  5.51s/it]
 48%|████▊     | 3430/7110 [5:18:48<5:35:02,  5.46s/it]
 48%|████▊     | 3431/7110 [5:18:54<5:36:24,  5.49s/it]
 48%|████▊     | 3432/7110 [5:18:59<5:34:54,  5.46s/it]
 48%|████▊     | 3433/7110 [5:19:05<5:36:14,  5.49s/it]
 48%|████▊     | 3434/7110 [5:19:10<5:34:40,  5.46s/it]
 48%|████▊     | 3435/7110 [5:19:16<5:35:49,  5.48s/it]
 48%|████▊     | 3436/7110 [5:19:21<5:34:09,  5.46s/it]
 48%|████▊     | 3437/7110 [5:19:27<5:36:07,  5.49s/it]
 48%|████▊     | 3438/7110 [5:19:32<5:36:02,  5.49s/it]
 48%|████▊     | 3439/7110 [5:19:38<5:34:24,  5.47s/it]
 48%|████▊     | 3440/7110 [5:19:43<5:36:45,  5.51s/it]
 48%|████▊     | 3441/7110 [5:19:49<5:34:10,  5.46s/it]
 48%|████▊     | 3442/7110 [5:19:54<5:36:42,  5.51s/it]
 48%|████▊     | 3443/7110 [5:20:00<5:34:50,  5.48s/it]
 48%|████▊     | 3444/7110 [5:20:05<5:36:04,  5.50s/it]
 48%|████▊     | 3445/7110 [5:20:11<5:33:31,  5.46s/it]
 48%|████▊     | 3446/7110 [5:20:16<5:34:54,  5.48s/it]
 48%|████▊     | 3447/7110 [5:20:21<5:33:17,  5.46s/it]
 48%|████▊     | 3448/7110 [5:20:27<5:34:18,  5.48s/it]
 49%|████▊     | 3449/7110 [5:20:33<5:36:06,  5.51s/it]
 49%|████▊     | 3450/7110 [5:20:38<5:33:10,  5.46s/it]
 49%|████▊     | 3451/7110 [5:20:43<5:35:34,  5.50s/it]
 49%|████▊     | 3452/7110 [5:20:49<5:32:51,  5.46s/it]
 49%|████▊     | 3453/7110 [5:20:54<5:35:17,  5.50s/it]
 49%|████▊     | 3454/7110 [5:21:00<5:32:44,  5.46s/it]
 49%|████▊     | 3455/7110 [5:21:05<5:35:05,  5.50s/it]
 49%|████▊     | 3456/7110 [5:21:11<5:32:28,  5.46s/it]
 49%|████▊     | 3457/7110 [5:21:16<5:33:50,  5.48s/it]
 49%|████▊     | 3458/7110 [5:21:22<5:33:20,  5.48s/it]
 49%|████▊     | 3459/7110 [5:21:27<5:33:20,  5.48s/it]
 49%|████▊     | 3460/7110 [5:21:33<5:35:34,  5.52s/it]
 49%|████▊     | 3461/7110 [5:21:38<5:32:32,  5.47s/it]
 49%|████▊     | 3462/7110 [5:21:44<5:34:40,  5.50s/it]
 49%|████▊     | 3463/7110 [5:21:49<5:31:54,  5.46s/it]
 49%|████▊     | 3464/7110 [5:21:55<5:33:20,  5.49s/it]
 49%|████▊     | 3465/7110 [5:22:00<5:32:40,  5.48s/it]
 49%|████▊     | 3466/7110 [5:22:06<5:33:02,  5.48s/it]
 49%|████▉     | 3467/7110 [5:22:11<5:31:39,  5.46s/it]
 49%|████▉     | 3468/7110 [5:22:17<5:34:03,  5.50s/it]
 49%|████▉     | 3469/7110 [5:22:22<5:32:21,  5.48s/it]
 49%|████▉     | 3470/7110 [5:22:28<5:32:07,  5.47s/it]
 49%|████▉     | 3471/7110 [5:22:33<5:34:20,  5.51s/it]
 49%|████▉     | 3472/7110 [5:22:39<5:32:27,  5.48s/it]
 49%|████▉     | 3473/7110 [5:22:44<5:33:27,  5.50s/it]
 49%|████▉     | 3474/7110 [5:22:49<5:30:46,  5.46s/it]
 49%|████▉     | 3475/7110 [5:22:55<5:33:10,  5.50s/it]
 49%|████▉     | 3476/7110 [5:23:00<5:30:33,  5.46s/it]
 49%|████▉     | 3477/7110 [5:23:06<5:32:50,  5.50s/it]
 49%|████▉     | 3478/7110 [5:23:11<5:31:01,  5.47s/it]
 49%|████▉     | 3479/7110 [5:23:17<5:31:09,  5.47s/it]
 49%|████▉     | 3480/7110 [5:23:22<5:29:56,  5.45s/it]
 49%|████▉     | 3481/7110 [5:23:28<5:31:14,  5.48s/it]
 49%|████▉     | 3482/7110 [5:23:33<5:32:23,  5.50s/it]
 49%|████▉     | 3483/7110 [5:23:39<5:30:46,  5.47s/it]
 49%|████▉     | 3484/7110 [5:23:44<5:32:53,  5.51s/it]
 49%|████▉     | 3485/7110 [5:23:50<5:30:04,  5.46s/it]
 49%|████▉     | 3486/7110 [5:23:55<5:32:19,  5.50s/it]
 49%|████▉     | 3487/7110 [5:24:01<5:29:35,  5.46s/it]
 49%|████▉     | 3488/7110 [5:24:06<5:31:56,  5.50s/it]
 49%|████▉     | 3489/7110 [5:24:12<5:30:18,  5.47s/it]
 49%|████▉     | 3490/7110 [5:24:17<5:30:42,  5.48s/it]
 49%|████▉     | 3491/7110 [5:24:23<5:29:26,  5.46s/it]
 49%|████▉     | 3492/7110 [5:24:28<5:30:32,  5.48s/it]
 49%|████▉     | 3493/7110 [5:24:34<5:32:28,  5.52s/it]
 49%|████▉     | 3494/7110 [5:24:39<5:30:29,  5.48s/it]
 49%|████▉     | 3495/7110 [5:24:45<5:31:36,  5.50s/it]
 49%|████▉     | 3496/7110 [5:24:50<5:29:00,  5.46s/it]
 49%|████▉     | 3497/7110 [5:24:56<5:30:26,  5.49s/it]
 49%|████▉     | 3498/7110 [5:25:01<5:29:41,  5.48s/it]
 49%|████▉     | 3499/7110 [5:25:07<5:29:35,  5.48s/it]
 49%|████▉     | 3500/7110 [5:25:12<5:28:11,  5.45s/it]
 49%|████▉     | 3501/7110 [5:25:17<5:29:28,  5.48s/it]
 49%|████▉     | 3502/7110 [5:25:23<5:29:04,  5.47s/it]
 49%|████▉     | 3503/7110 [5:25:28<5:29:01,  5.47s/it]
 49%|████▉     | 3504/7110 [5:25:34<5:31:15,  5.51s/it]
 49%|████▉     | 3505/7110 [5:25:39<5:28:31,  5.47s/it]
 49%|████▉     | 3506/7110 [5:25:45<5:30:39,  5.50s/it]
 49%|████▉     | 3507/7110 [5:25:50<5:27:57,  5.46s/it]
 49%|████▉     | 3508/7110 [5:25:56<5:29:17,  5.49s/it]
 49%|████▉     | 3509/7110 [5:26:01<5:27:42,  5.46s/it]
 49%|████▉     | 3510/7110 [5:26:07<5:28:56,  5.48s/it]
 49%|████▉     | 3511/7110 [5:26:12<5:27:32,  5.46s/it]
 49%|████▉     | 3512/7110 [5:26:18<5:29:49,  5.50s/it]
 49%|████▉     | 3513/7110 [5:26:23<5:27:22,  5.46s/it]
 49%|████▉     | 3514/7110 [5:26:29<5:28:27,  5.48s/it]
 49%|████▉     | 3515/7110 [5:26:34<5:30:24,  5.51s/it]
 49%|████▉     | 3516/7110 [5:26:40<5:27:25,  5.47s/it]
 49%|████▉     | 3517/7110 [5:26:45<5:28:35,  5.49s/it]
 49%|████▉     | 3518/7110 [5:26:51<5:27:56,  5.48s/it]
 49%|████▉     | 3519/7110 [5:26:56<5:28:00,  5.48s/it]
 50%|████▉     | 3520/7110 [5:27:02<5:27:36,  5.48s/it]
 50%|████▉     | 3521/7110 [5:27:07<5:27:54,  5.48s/it]
 50%|████▉     | 3522/7110 [5:27:13<5:26:31,  5.46s/it]
 50%|████▉     | 3523/7110 [5:27:18<5:27:54,  5.49s/it]
 50%|████▉     | 3524/7110 [5:27:24<5:27:25,  5.48s/it]
 50%|████▉     | 3525/7110 [5:27:29<5:27:14,  5.48s/it]
 50%|████▉     | 3526/7110 [5:27:35<5:29:23,  5.51s/it]
 50%|████▉     | 3527/7110 [5:27:40<5:27:32,  5.48s/it]
 50%|████▉     | 3528/7110 [5:27:45<5:27:30,  5.49s/it]
 50%|████▉     | 3529/7110 [5:27:51<5:26:52,  5.48s/it]
 50%|████▉     | 3530/7110 [5:27:56<5:27:02,  5.48s/it]
 50%|████▉     | 3531/7110 [5:28:02<5:25:43,  5.46s/it]
 50%|████▉     | 3532/7110 [5:28:07<5:27:02,  5.48s/it]
 50%|████▉     | 3533/7110 [5:28:13<5:25:43,  5.46s/it]
 50%|████▉     | 3534/7110 [5:28:18<5:27:52,  5.50s/it]
 50%|████▉     | 3535/7110 [5:28:24<5:26:12,  5.47s/it]
 50%|████▉     | 3536/7110 [5:28:29<5:26:11,  5.48s/it]
 50%|████▉     | 3537/7110 [5:28:35<5:28:30,  5.52s/it]
 50%|████▉     | 3538/7110 [5:28:40<5:25:37,  5.47s/it]
 50%|████▉     | 3539/7110 [5:28:46<5:26:44,  5.49s/it]
 50%|████▉     | 3540/7110 [5:28:51<5:24:58,  5.46s/it]
 50%|████▉     | 3541/7110 [5:28:57<5:26:12,  5.48s/it]
 50%|████▉     | 3542/7110 [5:29:02<5:24:46,  5.46s/it]
 50%|████▉     | 3543/7110 [5:29:08<5:26:13,  5.49s/it]
 50%|████▉     | 3544/7110 [5:29:13<5:24:53,  5.47s/it]
 50%|████▉(0,)
It 3555, sqrt loss 0.002888, Val sim-RMS 0.000744, Time Loss: 97.5%, data: 0.6%, val: 1.9%,  5.6 sec/batch
     | 3545/7110 [5:29:19<5:26:12,  5.49s/it]
 50%|████▉     | 3546/7110 [5:29:24<5:24:36,  5.46s/it]
 50%|████▉     | 3547/7110 [5:29:30<5:25:47,  5.49s/it]
 50%|████▉     | 3548/7110 [5:29:35<5:26:30,  5.50s/it]
 50%|████▉     | 3549/7110 [5:29:41<5:24:29,  5.47s/it]
 50%|████▉     | 3550/7110 [5:29:46<5:25:36,  5.49s/it]
 50%|████▉     | 3551/7110 [5:29:51<5:24:49,  5.48s/it]
 50%|████▉     | 3552/7110 [5:29:57<5:25:52,  5.50s/it]
 50%|████▉     | 3553/7110 [5:30:02<5:23:10,  5.45s/it]
 50%|████▉     | 3554/7110 [5:30:08<5:25:33,  5.49s/it]
 50%|█████     | 3555/7110 [5:30:38<12:38:37, 12.80s/it]
 50%|█████     | 3556/7110 [5:30:43<10:29:24, 10.63s/it]
 50%|█████     | 3557/7110 [5:30:49<8:56:38,  9.06s/it] 
 50%|█████     | 3558/7110 [5:30:54<7:52:52,  7.99s/it]
 50%|█████     | 3559/7110 [5:31:00<7:09:21,  7.25s/it]
 50%|█████     | 3560/7110 [5:31:05<6:37:14,  6.71s/it]
 50%|█████     | 3561/7110 [5:31:11<6:16:09,  6.36s/it]
 50%|█████     | 3562/7110 [5:31:16<5:58:27,  6.06s/it]
 50%|█████     | 3563/7110 [5:31:22<5:49:09,  5.91s/it]
 50%|█████     | 3564/7110 [5:31:27<5:40:02,  5.75s/it]
 50%|█████     | 3565/7110 [5:31:33<5:36:04,  5.69s/it]
 50%|█████     | 3566/7110 [5:31:38<5:33:18,  5.64s/it]
 50%|█████     | 3567/7110 [5:31:44<5:29:02,  5.57s/it]
 50%|█████     | 3568/7110 [5:31:49<5:28:21,  5.56s/it]
 50%|█████     | 3569/7110 [5:31:55<5:26:28,  5.53s/it]
 50%|█████     | 3570/7110 [5:32:00<5:26:30,  5.53s/it]
 50%|█████     | 3571/7110 [5:32:06<5:25:49,  5.52s/it]
 50%|█████     | 3572/7110 [5:32:11<5:23:47,  5.49s/it]
 50%|█████     | 3573/7110 [5:32:17<5:25:32,  5.52s/it]
 50%|█████     | 3574/7110 [5:32:22<5:23:25,  5.49s/it]
 50%|█████     | 3575/7110 [5:32:28<5:24:04,  5.50s/it]
 50%|█████     | 3576/7110 [5:32:33<5:22:18,  5.47s/it]
 50%|█████     | 3577/7110 [5:32:38<5:22:36,  5.48s/it]
 50%|█████     | 3578/7110 [5:32:44<5:21:29,  5.46s/it]
 50%|█████     | 3579/7110 [5:32:49<5:22:56,  5.49s/it]
 50%|█████     | 3580/7110 [5:32:55<5:21:29,  5.46s/it]
 50%|█████     | 3581/7110 [5:33:00<5:23:32,  5.50s/it]
 50%|█████     | 3582/7110 [5:33:06<5:24:18,  5.52s/it]
 50%|█████     | 3583/7110 [5:33:11<5:21:28,  5.47s/it]
 50%|█████     | 3584/7110 [5:33:17<5:22:45,  5.49s/it]
 50%|█████     | 3585/7110 [5:33:22<5:22:06,  5.48s/it]
 50%|█████     | 3586/7110 [5:33:28<5:21:51,  5.48s/it]
 50%|█████     | 3587/7110 [5:33:33<5:20:34,  5.46s/it]
 50%|█████     | 3588/7110 [5:33:39<5:21:54,  5.48s/it]
 50%|█████     | 3589/7110 [5:33:44<5:22:51,  5.50s/it]
 50%|█████     | 3590/7110 [5:33:50<5:21:06,  5.47s/it]
 51%|█████     | 3591/7110 [5:33:55<5:22:10,  5.49s/it]
 51%|█████     | 3592/7110 [5:34:01<5:21:26,  5.48s/it]
 51%|█████     | 3593/7110 [5:34:06<5:22:19,  5.50s/it]
 51%|█████     | 3594/7110 [5:34:12<5:19:51,  5.46s/it]
 51%|█████     | 3595/7110 [5:34:17<5:21:14,  5.48s/it]
 51%|█████     | 3596/7110 [5:34:23<5:22:20,  5.50s/it]
 51%|█████     | 3597/7110 [5:34:28<5:21:20,  5.49s/it]
 51%|█████     | 3598/7110 [5:34:34<5:21:05,  5.49s/it]
 51%|█████     | 3599/7110 [5:34:39<5:19:29,  5.46s/it]
 51%|█████     | 3600/7110 [5:34:45<5:20:45,  5.48s/it]
 51%|█████     | 3601/7110 [5:34:50<5:19:32,  5.46s/it]
 51%|█████     | 3602/7110 [5:34:56<5:21:35,  5.50s/it]
 51%|█████     | 3603/7110 [5:35:01<5:21:27,  5.50s/it]
 51%|█████     | 3604/7110 [5:35:07<5:19:46,  5.47s/it]
 51%|█████     | 3605/7110 [5:35:12<5:20:51,  5.49s/it]
 51%|█████     | 3606/7110 [5:35:17<5:19:23,  5.47s/it]
 51%|█████     | 3607/7110 [5:35:23<5:20:25,  5.49s/it]
 51%|█████     | 3608/7110 [5:35:28<5:18:48,  5.46s/it]
 51%|█████     | 3609/7110 [5:35:34<5:20:51,  5.50s/it]
 51%|█████     | 3610/7110 [5:35:39<5:18:10,  5.45s/it]
 51%|█████     | 3611/7110 [5:35:45<5:19:26,  5.48s/it]
 51%|█████     | 3612/7110 [5:35:50<5:18:02,  5.46s/it]
 51%|█████     | 3613/7110 [5:35:56<5:20:11,  5.49s/it]
 51%|█████     | 3614/7110 [5:36:01<5:20:03,  5.49s/it]
 51%|█████     | 3615/7110 [5:36:07<5:18:21,  5.47s/it]
 51%|█████     | 3616/7110 [5:36:12<5:19:44,  5.49s/it]
 51%|█████     | 3617/7110 [5:36:18<5:18:15,  5.47s/it]
 51%|█████     | 3618/7110 [5:36:23<5:19:33,  5.49s/it]
 51%|█████     | 3619/7110 [5:36:29<5:18:46,  5.48s/it]
 51%|█████     | 3620/7110 [5:36:34<5:19:47,  5.50s/it]
 51%|█████     | 3621/7110 [5:36:40<5:18:05,  5.47s/it]
 51%|█████     | 3622/7110 [5:36:45<5:19:10,  5.49s/it]
 51%|█████     | 3623/7110 [5:36:51<5:16:44,  5.45s/it]
 51%|█████     | 3624/7110 [5:36:56<5:18:05,  5.48s/it]
 51%|█████     | 3625/7110 [5:37:02<5:19:16,  5.50s/it]
 51%|█████     | 3626/7110 [5:37:07<5:17:47,  5.47s/it]
 51%|█████     | 3627/7110 [5:37:13<5:19:00,  5.50s/it]
 51%|█████     | 3628/7110 [5:37:18<5:17:31,  5.47s/it]
 51%|█████     | 3629/7110 [5:37:24<5:18:37,  5.49s/it]
 51%|█████     | 3630/7110 [5:37:29<5:17:52,  5.48s/it]
 51%|█████     | 3631/7110 [5:37:34<5:17:57,  5.48s/it]
 51%|█████     | 3632/7110 [5:37:40<5:16:39,  5.46s/it]
 51%|█████     | 3633/7110 [5:37:45<5:17:45,  5.48s/it]
 51%|█████     | 3634/7110 [5:37:51<5:16:25,  5.46s/it]
 51%|█████     | 3635/7110 [5:37:56<5:17:34,  5.48s/it]
 51%|█████     | 3636/7110 [5:38:02<5:19:33,  5.52s/it]
 51%|█████     | 3637/7110 [5:38:07<5:16:49,  5.47s/it]
 51%|█████     | 3638/7110 [5:38:13<5:18:06,  5.50s/it]
 51%|█████     | 3639/7110 [5:38:18<5:16:30,  5.47s/it]
 51%|█████     | 3640/7110 [5:38:24<5:17:36,  5.49s/it]
 51%|█████     | 3641/7110 [5:38:29<5:15:52,  5.46s/it]
 51%|█████     | 3642/7110 [5:38:35<5:18:06,  5.50s/it]
 51%|█████     | 3643/7110 [5:38:40<5:16:24,  5.48s/it]
 51%|█████▏    | 3644/7110 [5:38:46<5:16:27,  5.48s/it]
 51%|█████▏    | 3645/7110 [5:38:51<5:15:12,  5.46s/it]
 51%|█████▏    | 3646/7110 [5:38:57<5:16:28,  5.48s/it]
 51%|█████▏    | 3647/7110 [5:39:02<5:17:27,  5.50s/it]
 51%|█████▏    | 3648/7110 [5:39:08<5:15:54,  5.48s/it]
 51%|█████▏    | 3649/7110 [5:39:13<5:17:06,  5.50s/it]
 51%|█████▏    | 3650/7110 [5:39:19<5:15:32,  5.47s/it]
 51%|█████▏    | 3651/7110 [5:39:24<5:16:46,  5.49s/it]
 51%|█████▏    | 3652/7110 [5:39:30<5:15:03,  5.47s/it]
 51%|█████▏    | 3653/7110 [5:39:35<5:17:13,  5.51s/it]
 51%|█████▏    | 3654/7110 [5:39:41<5:14:35,  5.46s/it]
 51%|█████▏    | 3655/7110 [5:39:46<5:16:44,  5.50s/it]
 51%|█████▏    | 3656/7110 [5:39:51<5:14:11,  5.46s/it]
 51%|█████▏    | 3657/7110 [5:39:57<5:16:14,  5.49s/it]
 51%|█████▏    | 3658/7110 [5:40:03<5:15:59,  5.49s/it]
 51%|█████▏    | 3659/7110 [5:40:08<5:14:31,  5.47s/it]
 51%|█████▏    | 3660/7110 [5:40:14<5:16:38,  5.51s/it]
 51%|█████▏    | 3661/7110 [5:40:19<5:14:04,  5.46s/it]
 52%|█████▏    | 3662/7110 [5:40:24<5:15:18,  5.49s/it]
 52%|█████▏    | 3663/7110 [5:40:30<5:14:34,  5.48s/it]
 52%|█████▏    | 3664/7110 [5:40:35<5:15:40,  5.50s/it]
 52%|█████▏    | 3665/7110 [5:40:41<5:13:18,  5.46s/it]
 52%|█████▏    | 3666/7110 [5:40:46<5:15:33,  5.50s/it]
 52%|█████▏    | 3667/7110 [5:40:52<5:13:53,  5.47s/it]
 52%|█████▏    | 3668/7110 [5:40:57<5:13:58,  5.47s/it]
 52%|█████▏    | 3669/7110 [5:41:03<5:14:56,  5.49s/it]
 52%|█████▏    | 3670/7110 [5:41:08<5:13:27,  5.47s/it]
 52%|█████▏    | 3671/7110 [5:41:14<5:14:54,  5.49s/it]
 52%|█████▏    | 3672/7110 [5:41:19<5:13:35,  5.47s/it]
 52%|█████▏    | 3673/7110 [5:41:25<5:14:43,  5.49s/it]
 52%|█████▏    | 3674/7110 [5:41:30<5:13:59,  5.48s/it]
 52%|█████▏    | 3675/7110 [5:41:36<5:14:02,  5.49s/it]
 52%|█████▏    | 3676/7110 [5:41:41<5:13:34,  5.48s/it]
 52%|█████▏    | 3677/7110 [5:41:47<5:13:53,  5.49s/it]
 52%|█████▏    | 3678/7110 [5:41:52<5:12:33,  5.46s/it]
 52%|█████▏    | 3679/7110 [5:41:58<5:13:34,  5.48s/it]
 52%|█████▏    | 3680/7110 [5:42:03<5:14:46,  5.51s/it]
 52%|█████▏    | 3681/7110 [5:42:09<5:13:06,  5.48s/it]
 52%|█████▏    | 3682/7110 [5:42:14<5:14:07,  5.50s/it]
 52%|█████▏    | 3683/7110 [5:42:20<5:12:30,  5.47s/it]
 52%|█████▏    | 3684/7110 [5:42:25<5:14:26,  5.51s/it]
 52%|█████▏    | 3685/7110 [5:42:31<5:12:44,  5.48s/it]
 52%|█████▏    | 3686/7110 [5:42:36<5:13:54,  5.50s/it]
 52%|█████▏    | 3687/7110 [5:42:41<5:11:24,  5.46s/it]
 52%|█████▏    | 3688/7110 [5:42:47<5:12:34,  5.48s/it]
 52%|█████▏    | 3689/7110 [5:42:52<5:11:18,  5.46s/it]
 52%|█████▏    | 3690/7110 [5:42:58<5:12:21,  5.48s/it]
 52%|█████▏    | 3691/7110 [5:43:03<5:13:18,  5.50s/it]
 52%|█████▏    | 3692/7110 [5:43:09<5:12:33,  5.49s/it]
 52%|█████▏    | 3693/7110 [5:43:14<5:12:32,  5.49s/it]
 52%|█████▏    | 3694/7110 [5:43:20<5:12:01,  5.48s/it]
 52%|█████▏    | 3695/7110 [5:43:25<5:12:08,  5.48s/it]
 52%|█████▏    | 3696/7110 [5:43:31<5:11:30,  5.47s/it]
 52%|█████▏    | 3697/7110 [5:43:36<5:12:36,  5.50s/it]
 52%|█████▏    | 3698/7110 [5:43:42<5:10:15,  5.46s/it]
 52%|█████▏    | 3699/7110 [5:43:47<5:12:24,  5.50s/it]
 52%|█████▏    | 3700/7110 [5:43:53<5:10:38,  5.47s/it]
 52%|█████▏    | 3701/7110 [5:43:58<5:11:32,  5.48s/it]
 52%|█████▏    | 3702/7110 [5:44:04<5:12:12,  5.50s/it]
 52%|█████▏    | 3703/7110 [5:44:09<5:10:27,  5.47s/it]
 52%|█████▏    | 3704/7110 [5:44:15<5:10:40,  5.47s/it]
 52%|█████▏    | 3705/7110 [5:44:20<5:09:18,  5.45s/it]
 52%|█████▏    | 3706/7110 [5:44:26<5:11:23,  5.49s/it]
 52%|█████▏    | 3707/7110 [5:44:31<5:09:51,  5.46s/it]
 52%|█████▏    | 3708/7110 [5:44:37<5:10:14,  5.47s/it]
 52%|█████▏    | 3709/7110 [5:44:42<5:09:03,  5.45s/it]
 52%|█████▏    | 3710/7110 [5:44:47<5:10:28,  5.48s/it]
 52%|█████▏    | 3711/7110 [5:44:53<5:10:02,  5.47s/it]
 52%|█████▏    | 3712/7110 [5:44:58<5:10:07,  5.48s/it]
 52%|█████▏    | 3713/7110 [5:45:04<5:11:11,  5.50s/it]
 52%|█████▏    | 3714/7110 [5:45:09<5:10:33,  5.49s/it]
 52%|█████▏    | 3715/7110 [5:45:15<5:10:27,  5.49s/it]
 52%|█████▏    | 3716/7110 [5:45:20<5:09:52,  5.48s/it]
 52%|█████▏    | 3717/7110 [5:45:26<5:10:40,  5.49s/it]
 52%|█████▏    | 3718/7110 [5:45:31<5:08:19,  5.45s/it]
 52%|█████▏    | 3719/7110 [5:45:37<5:09:48,  5.48s/it]
 52%|█████▏    | 3720/7110 [5:45:42<5:08:43,  5.46s/it]
 52%|█████▏    | 3721/7110 [5:45:48<5:10:39,  5.50s/it]
 52%|█████▏    | 3722/7110 [5:45:53<5:08:08,  5.46s/it]
 52%|█████▏    | 3723/7110 [5:45:59<5:09:25,  5.48s/it]
 52%|█████▏    | 3724/7110 [5:46:04<5:10:23,  5.50s/it]
 52%|█████▏    | 3725/7110 [5:46:10<5:08:48,  5.47s/it]
 52%|█████▏    | 3726/7110 [5:46:15<5:10:00,  5.50s/it]
 52%|█████▏    | 3727/7110 [5:46:21<5:08:29,  5.47s/it]
 52%|█████▏    | 3728/7110 [5:46:26<5:09:27,  5.49s/it]
 52%|█████▏    | 3729/7110 [5:46:32<5:07:56,  5.46s/it]
 52%|█████▏    | 3730/7110 [5:46:37<5:09:06,  5.49s/it]
 52%|█████▏    | 3731/7110 [5:46:43<5:07:41,  5.46s/it]
 52%|█████▏    | 3732/7110 [5:46:48<5:08:53,  5.49s/it]
 53%|█████▎    | 3733/7110 [5:46:53<5:07:30,  5.46s/it]
 53%|█████▎    | 3734/7110 [5:46:59<5:08:41,  5.49s/it]
 53%|█████▎    | 3735/7110 [5:47:05<5:09:34,  5.50s/it]
 53%|█████▎    | 3736/7110 [5:47:10<5:08:44,  5.49s/it]
 53%|█████▎    | 3737/7110 [5:47:15<5:08:25,  5.49s/it]
 53%|█████▎    | 3738/7110 [5:47:21<5:06:58,  5.46s/it]
 53%|█████▎    | 3739/7110 [5:47:26<5:08:02,  5.48s/it]
 53%|█████▎    | 3740/7110 [5:47:32<5:06:51,  5.46s/it]
 53%|█████▎    | 3741/7110 [5:47:37<5:08:59,  5.50s/it]
 53%|█████▎    | 3742/7110 [5:47:43<5:06:29,  5.46s/it]
 53%|█████▎    | 3743/7110 [5:47:48<5:07:39,  5.48s/it]
 53%|█████▎    | 3744/7110 [5:47:54<5:06:19,  5.46s/it]
 53%|█████▎    | 3745/7110 [5:47:59<5:07:42,  5.49s/it]
 53%|█████▎    | 3746/7110 [5:48:05<5:08:32,  5.50s/it]
 53%|█████▎    | 3747/7110 [5:48:10<5:06:54,  5.48s/it]
 53%|█████▎    | 3748/7110 [5:48:16<5:08:52,  5.51s/it]
 53%|█████▎    | 3749/7110 [5:48:21<5:06:12,  5.47s/it]
 53%|█████▎    | 3750/7110 [5:48:27<5:08:05,  5.50s/it]
 53%|█████▎    | 3751/7110 [5:48:32<5:05:42,  5.46s/it]
 53%|█████▎    | 3752/7110 [5:48:38<5:07:50,  5.50s/it]
 53%|█████▎    | 3753/7110 [5:48:43<5:05:20,  5.46s/it]
 53%|█████▎    | 3754/7110 [5:48:49<5:06:43,  5.48s/it]
 53%|█████▎    | 3755/7110 [5:48:54<5:06:16,  5.48s/it]
 53%|█████▎    | 3756/7110 [5:49:00<5:06:12,  5.48s/it]
 53%|█████▎    | 3757/7110 [5:49:05<5:07:52,  5.51s/it]
 53%|█████▎    | 3758/7110 [5:49:11<5:06:00,  5.48s/it]
 53%|█████▎    | 3759/7110 [5:49:16<5:06:15,  5.48s/it]
 53%|█████▎    | 3760/7110 [5:49:22<5:05:54,  5.48s/it]
 53%|█████▎    | 3761/7110 [5:49:27<5:06:30,  5.49s/it]
 53%|█████▎    | 3762/7110 [5:49:32<5:04:16,  5.45s/it]
 53%|█████▎    | 3763/7110 [5:49:38<5:06:39,  5.50s/it]
 53%|█████▎    | 3764/7110 [5:49:43<5:04:19,  5.46s/it]
 53%|█████▎    | 3765/7110 [5:49:49<5:05:43,  5.48s/it]
 53%|█████▎    | 3766/7110 [5:49:54<5:05:14,  5.48s/it]
 53%|█████▎    | 3767/7110 [5:50:00<5:05:12,  5.48s/it]
 53%|█████▎    | 3768/7110 [5:50:05<5:06:06,  5.50s/it]
 53%|█████▎    | 3769/7110 [5:50:11<5:04:28,  5.47s/it]
 53%|█████▎    | 3770/7110 [5:50:16<5:05:45,  5.49s/it]
 53%|█████▎    | 3771/7110 [5:50:22<5:04:10,  5.47s/it]
 53%|█████▎    | 3772/7110 [5:50:27<5:05:13,  5.49s/it]
 53%|█████▎    | 3773/7110 [5:50:33<5:03:51,  5.46s/it]
 53%|█████▎    | 3774/7110 [5:50:38<5:05:02,  5.49s/it]
 53%|█████▎    | 3775/7110 [5:50:44<5:03:33,  5.46s/it]
 53%|█████▎    | 3776/7110 [5:50:49<5:04:46,  5.48s/it]
 53%|█████▎    | 3777/7110 [5:50:55<5:03:27,  5.46s/it]
 53%|█████▎    | 3778/7110 [5:51:00<5:04:36,  5.49s/it]
 53%|█████▎    | 3779/7110 [5:51:06<5:05:19,  5.50s/it]
 53%|█████▎    | 3780/7110 [5:51:11<5:03:37,  5.47s/it]
 53%|█████▎    | 3781/7110 [5:51:17<5:05:38,  5.51s/it]
 53%|█████▎    | 3782/7110 [5:51:22<5:03:00,  5.46s/it]
 53%|█████▎    | 3783/7110 [5:51:28<5:05:13,  5.50s/it]
 53%|█████▎    | 3784/7110 [5:51:33<5:03:31,  5.48s/it]
 53%|█████▎    | 3785/7110 [5:51:39<5:03:37,  5.48s/it]
 53%|█████▎    | 3786/7110 [5:51:44<5:03:08,  5.47s/it]
 53%|█████▎    | 3787/7110 [5:51:50<5:04:14,  5.49s/it]
 53%|█████▎    | 3788/7110 [5:51:55<5:02:43,  5.47s/it]
 53%|�(0,)
It 3792, sqrt loss 0.002243, Val sim-RMS 0.0005594, Time Loss: 97.5%, data: 0.6%, val: 1.9%,  5.6 sec/batch
�████▎    | 3789/7110 [5:52:00<5:02:54,  5.47s/it]
 53%|█████▎    | 3790/7110 [5:52:06<5:03:58,  5.49s/it]
 53%|█████▎    | 3791/7110 [5:52:11<5:03:19,  5.48s/it]
 53%|█████▎    | 3792/7110 [5:52:41<11:50:35, 12.85s/it]
 53%|█████▎    | 3793/7110 [5:52:47<9:46:58, 10.62s/it] 
 53%|█████▎    | 3794/7110 [5:52:52<8:21:36,  9.08s/it]
 53%|█████▎    | 3795/7110 [5:52:58<7:20:26,  7.97s/it]
 53%|█████▎    | 3796/7110 [5:53:03<6:39:54,  7.24s/it]
 53%|█████▎    | 3797/7110 [5:53:09<6:10:04,  6.70s/it]
 53%|█████▎    | 3798/7110 [5:53:14<5:50:57,  6.36s/it]
 53%|█████▎    | 3799/7110 [5:53:20<5:34:24,  6.06s/it]
 53%|█████▎    | 3800/7110 [5:53:25<5:26:15,  5.91s/it]
 53%|█████▎    | 3801/7110 [5:53:31<5:19:03,  5.79s/it]
 53%|█████▎    | 3802/7110 [5:53:36<5:12:31,  5.67s/it]
 53%|█████▎    | 3803/7110 [5:53:42<5:10:25,  5.63s/it]
 54%|█████▎    | 3804/7110 [5:53:47<5:06:28,  5.56s/it]
 54%|█████▎    | 3805/7110 [5:53:53<5:06:57,  5.57s/it]
 54%|█████▎    | 3806/7110 [5:53:58<5:03:26,  5.51s/it]
 54%|█████▎    | 3807/7110 [5:54:04<5:03:42,  5.52s/it]
 54%|█████▎    | 3808/7110 [5:54:09<5:01:50,  5.48s/it]
 54%|█████▎    | 3809/7110 [5:54:14<5:02:40,  5.50s/it]
 54%|█████▎    | 3810/7110 [5:54:20<5:00:57,  5.47s/it]
 54%|█████▎    | 3811/7110 [5:54:25<5:02:45,  5.51s/it]
 54%|█████▎    | 3812/7110 [5:54:31<5:03:16,  5.52s/it]
 54%|█████▎    | 3813/7110 [5:54:36<5:00:33,  5.47s/it]
 54%|█████▎    | 3814/7110 [5:54:42<5:01:38,  5.49s/it]
 54%|█████▎    | 3815/7110 [5:54:47<5:00:12,  5.47s/it]
 54%|█████▎    | 3816/7110 [5:54:53<5:02:08,  5.50s/it]
 54%|█████▎    | 3817/7110 [5:54:58<4:59:41,  5.46s/it]
 54%|█████▎    | 3818/7110 [5:55:04<5:00:59,  5.49s/it]
 54%|█████▎    | 3819/7110 [5:55:09<4:59:38,  5.46s/it]
 54%|█████▎    | 3820/7110 [5:55:15<5:00:53,  5.49s/it]
 54%|█████▎    | 3821/7110 [5:55:20<4:59:39,  5.47s/it]
 54%|█████▍    | 3822/7110 [5:55:26<5:00:32,  5.48s/it]
 54%|█████▍    | 3823/7110 [5:55:31<5:01:12,  5.50s/it]
 54%|█████▍    | 3824/7110 [5:55:37<4:59:38,  5.47s/it]
 54%|█████▍    | 3825/7110 [5:55:42<5:00:47,  5.49s/it]
 54%|█████▍    | 3826/7110 [5:55:48<5:00:09,  5.48s/it]
 54%|█████▍    | 3827/7110 [5:55:53<5:00:10,  5.49s/it]
 54%|█████▍    | 3828/7110 [5:55:59<4:59:38,  5.48s/it]
 54%|█████▍    | 3829/7110 [5:56:04<5:00:37,  5.50s/it]
 54%|█████▍    | 3830/7110 [5:56:10<4:59:05,  5.47s/it]
 54%|█████▍    | 3831/7110 [5:56:15<4:59:11,  5.47s/it]
 54%|█████▍    | 3832/7110 [5:56:20<4:58:39,  5.47s/it]
 54%|█████▍    | 3833/7110 [5:56:26<4:58:39,  5.47s/it]
 54%|█████▍    | 3834/7110 [5:56:32<4:59:50,  5.49s/it]
 54%|█████▍    | 3835/7110 [5:56:37<4:59:11,  5.48s/it]
 54%|█████▍    | 3836/7110 [5:56:43<5:00:07,  5.50s/it]
 54%|█████▍    | 3837/7110 [5:56:48<4:57:36,  5.46s/it]
 54%|█████▍    | 3838/7110 [5:56:53<4:58:48,  5.48s/it]
 54%|█████▍    | 3839/7110 [5:56:59<4:57:26,  5.46s/it]
 54%|█████▍    | 3840/7110 [5:57:04<4:58:39,  5.48s/it]
 54%|█████▍    | 3841/7110 [5:57:10<4:58:20,  5.48s/it]
 54%|█████▍    | 3842/7110 [5:57:15<4:58:35,  5.48s/it]
 54%|█████▍    | 3843/7110 [5:57:21<4:57:16,  5.46s/it]
 54%|█████▍    | 3844/7110 [5:57:26<4:58:13,  5.48s/it]
 54%|█████▍    | 3845/7110 [5:57:32<4:59:56,  5.51s/it]
 54%|█████▍    | 3846/7110 [5:57:37<4:58:01,  5.48s/it]
 54%|█████▍    | 3847/7110 [5:57:43<4:58:09,  5.48s/it]
 54%|█████▍    | 3848/7110 [5:57:48<4:56:41,  5.46s/it]
 54%|█████▍    | 3849/7110 [5:57:54<4:57:51,  5.48s/it]
 54%|█████▍    | 3850/7110 [5:57:59<4:56:36,  5.46s/it]
 54%|█████▍    | 3851/7110 [5:58:05<4:57:55,  5.49s/it]
 54%|█████▍    | 3852/7110 [5:58:10<4:57:21,  5.48s/it]
 54%|█████▍    | 3853/7110 [5:58:16<4:57:34,  5.48s/it]
 54%|█████▍    | 3854/7110 [5:58:21<4:56:20,  5.46s/it]
 54%|█████▍    | 3855/7110 [5:58:26<4:57:23,  5.48s/it]
 54%|█████▍    | 3856/7110 [5:58:32<4:59:15,  5.52s/it]
 54%|█████▍    | 3857/7110 [5:58:38<4:57:28,  5.49s/it]
 54%|█████▍    | 3858/7110 [5:58:43<4:57:29,  5.49s/it]
 54%|█████▍    | 3859/7110 [5:58:48<4:56:08,  5.47s/it]
 54%|█████▍    | 3860/7110 [5:58:54<4:57:11,  5.49s/it]
 54%|█████▍    | 3861/7110 [5:58:59<4:55:37,  5.46s/it]
 54%|█████▍    | 3862/7110 [5:59:05<4:56:53,  5.48s/it]
 54%|█████▍    | 3863/7110 [5:59:10<4:56:26,  5.48s/it]
 54%|█████▍    | 3864/7110 [5:59:16<4:56:34,  5.48s/it]
 54%|█████▍    | 3865/7110 [5:59:21<4:55:17,  5.46s/it]
 54%|█████▍    | 3866/7110 [5:59:27<4:56:11,  5.48s/it]
 54%|█████▍    | 3867/7110 [5:59:32<4:56:51,  5.49s/it]
 54%|█████▍    | 3868/7110 [5:59:38<4:56:03,  5.48s/it]
 54%|█████▍    | 3869/7110 [5:59:43<4:56:04,  5.48s/it]
 54%|█████▍    | 3870/7110 [5:59:49<4:54:36,  5.46s/it]
 54%|█████▍    | 3871/7110 [5:59:54<4:56:43,  5.50s/it]
 54%|█████▍    | 3872/7110 [6:00:00<4:54:18,  5.45s/it]
 54%|█████▍    | 3873/7110 [6:00:05<4:56:26,  5.49s/it]
 54%|█████▍    | 3874/7110 [6:00:11<4:54:15,  5.46s/it]
 55%|█████▍    | 3875/7110 [6:00:16<4:55:38,  5.48s/it]
 55%|█████▍    | 3876/7110 [6:00:21<4:54:20,  5.46s/it]
 55%|█████▍    | 3877/7110 [6:00:27<4:56:11,  5.50s/it]
 55%|█████▍    | 3878/7110 [6:00:33<4:56:02,  5.50s/it]
 55%|█████▍    | 3879/7110 [6:00:38<4:54:34,  5.47s/it]
 55%|█████▍    | 3880/7110 [6:00:44<4:56:30,  5.51s/it]
 55%|█████▍    | 3881/7110 [6:00:49<4:54:01,  5.46s/it]
 55%|█████▍    | 3882/7110 [6:00:55<4:56:01,  5.50s/it]
 55%|█████▍    | 3883/7110 [6:01:00<4:53:39,  5.46s/it]
 55%|█████▍    | 3884/7110 [6:01:05<4:54:50,  5.48s/it]
 55%|█████▍    | 3885/7110 [6:01:11<4:53:38,  5.46s/it]
 55%|█████▍    | 3886/7110 [6:01:16<4:55:03,  5.49s/it]
 55%|█████▍    | 3887/7110 [6:01:22<4:53:39,  5.47s/it]
 55%|█████▍    | 3888/7110 [6:01:27<4:54:32,  5.48s/it]
 55%|█████▍    | 3889/7110 [6:01:33<4:55:28,  5.50s/it]
 55%|█████▍    | 3890/7110 [6:01:38<4:53:52,  5.48s/it]
 55%|█████▍    | 3891/7110 [6:01:44<4:54:51,  5.50s/it]
 55%|█████▍    | 3892/7110 [6:01:49<4:53:27,  5.47s/it]
 55%|█████▍    | 3893/7110 [6:01:55<4:54:28,  5.49s/it]
 55%|█████▍    | 3894/7110 [6:02:00<4:53:02,  5.47s/it]
 55%|█████▍    | 3895/7110 [6:02:06<4:54:10,  5.49s/it]
 55%|█████▍    | 3896/7110 [6:02:11<4:53:39,  5.48s/it]
 55%|█████▍    | 3897/7110 [6:02:17<4:54:27,  5.50s/it]
 55%|█████▍    | 3898/7110 [6:02:22<4:52:08,  5.46s/it]
 55%|█████▍    | 3899/7110 [6:02:28<4:54:00,  5.49s/it]
 55%|█████▍    | 3900/7110 [6:02:33<4:53:56,  5.49s/it]
 55%|█████▍    | 3901/7110 [6:02:39<4:52:32,  5.47s/it]
 55%|█████▍    | 3902/7110 [6:02:44<4:53:39,  5.49s/it]
 55%|█████▍    | 3903/7110 [6:02:50<4:52:17,  5.47s/it]
 55%|█████▍    | 3904/7110 [6:02:55<4:53:22,  5.49s/it]
 55%|█████▍    | 3905/7110 [6:03:01<4:52:45,  5.48s/it]
 55%|█████▍    | 3906/7110 [6:03:06<4:53:36,  5.50s/it]
 55%|█████▍    | 3907/7110 [6:03:11<4:51:07,  5.45s/it]
 55%|█████▍    | 3908/7110 [6:03:17<4:52:26,  5.48s/it]
 55%|█████▍    | 3909/7110 [6:03:22<4:51:57,  5.47s/it]
 55%|█████▍    | 3910/7110 [6:03:28<4:51:57,  5.47s/it]
 55%|█████▌    | 3911/7110 [6:03:33<4:52:58,  5.50s/it]
 55%|█████▌    | 3912/7110 [6:03:39<4:51:19,  5.47s/it]
 55%|█████▌    | 3913/7110 [6:03:44<4:53:12,  5.50s/it]
 55%|█████▌    | 3914/7110 [6:03:50<4:50:45,  5.46s/it]
 55%|█████▌    | 3915/7110 [6:03:55<4:52:49,  5.50s/it]
 55%|█████▌    | 3916/7110 [6:04:01<4:50:21,  5.45s/it]
 55%|█████▌    | 3917/7110 [6:04:06<4:51:32,  5.48s/it]
 55%|█████▌    | 3918/7110 [6:04:12<4:51:05,  5.47s/it]
 55%|█████▌    | 3919/7110 [6:04:17<4:51:11,  5.48s/it]
 55%|█████▌    | 3920/7110 [6:04:23<4:49:47,  5.45s/it]
 55%|█████▌    | 3921/7110 [6:04:28<4:50:43,  5.47s/it]
 55%|█████▌    | 3922/7110 [6:04:34<4:51:48,  5.49s/it]
 55%|█████▌    | 3923/7110 [6:04:39<4:50:19,  5.47s/it]
 55%|█████▌    | 3924/7110 [6:04:45<4:51:31,  5.49s/it]
 55%|█████▌    | 3925/7110 [6:04:50<4:50:12,  5.47s/it]
 55%|█████▌    | 3926/7110 [6:04:56<4:51:09,  5.49s/it]
 55%|█████▌    | 3927/7110 [6:05:01<4:49:43,  5.46s/it]
 55%|█████▌    | 3928/7110 [6:05:06<4:50:50,  5.48s/it]
 55%|█████▌    | 3929/7110 [6:05:12<4:49:37,  5.46s/it]
 55%|█████▌    | 3930/7110 [6:05:18<4:51:42,  5.50s/it]
 55%|█████▌    | 3931/7110 [6:05:23<4:49:21,  5.46s/it]
 55%|█████▌    | 3932/7110 [6:05:28<4:50:26,  5.48s/it]
 55%|█████▌    | 3933/7110 [6:05:34<4:52:05,  5.52s/it]
 55%|█████▌    | 3934/7110 [6:05:39<4:49:28,  5.47s/it]
 55%|█████▌    | 3935/7110 [6:05:45<4:51:18,  5.50s/it]
 55%|█████▌    | 3936/7110 [6:05:50<4:49:37,  5.48s/it]
 55%|█████▌    | 3937/7110 [6:05:56<4:49:44,  5.48s/it]
 55%|█████▌    | 3938/7110 [6:06:01<4:49:17,  5.47s/it]
 55%|█████▌    | 3939/7110 [6:06:07<4:49:39,  5.48s/it]
 55%|█████▌    | 3940/7110 [6:06:12<4:48:37,  5.46s/it]
 55%|█████▌    | 3941/7110 [6:06:18<4:49:46,  5.49s/it]
 55%|█████▌    | 3942/7110 [6:06:23<4:48:33,  5.47s/it]
 55%|█████▌    | 3943/7110 [6:06:29<4:49:29,  5.48s/it]
 55%|█████▌    | 3944/7110 [6:06:34<4:50:24,  5.50s/it]
 55%|█████▌    | 3945/7110 [6:06:40<4:49:34,  5.49s/it]
 55%|█████▌    | 3946/7110 [6:06:45<4:50:28,  5.51s/it]
 56%|█████▌    | 3947/7110 [6:06:51<4:48:54,  5.48s/it]
 56%|█████▌    | 3948/7110 [6:06:56<4:48:53,  5.48s/it]
 56%|█████▌    | 3949/7110 [6:07:02<4:47:34,  5.46s/it]
 56%|█████▌    | 3950/7110 [6:07:07<4:48:41,  5.48s/it]
 56%|█████▌    | 3951/7110 [6:07:13<4:47:28,  5.46s/it]
 56%|█████▌    | 3952/7110 [6:07:18<4:48:54,  5.49s/it]
 56%|█████▌    | 3953/7110 [6:07:24<4:48:28,  5.48s/it]
 56%|█████▌    | 3954/7110 [6:07:29<4:48:23,  5.48s/it]
 56%|█████▌    | 3955/7110 [6:07:35<4:49:26,  5.50s/it]
 56%|█████▌    | 3956/7110 [6:07:40<4:47:53,  5.48s/it]
 56%|█████▌    | 3957/7110 [6:07:46<4:49:40,  5.51s/it]
 56%|█████▌    | 3958/7110 [6:07:51<4:47:19,  5.47s/it]
 56%|█████▌    | 3959/7110 [6:07:57<4:49:16,  5.51s/it]
 56%|█████▌    | 3960/7110 [6:08:02<4:47:37,  5.48s/it]
 56%|█████▌    | 3961/7110 [6:08:07<4:47:34,  5.48s/it]
 56%|█████▌    | 3962/7110 [6:08:13<4:47:04,  5.47s/it]
 56%|█████▌    | 3963/7110 [6:08:18<4:47:15,  5.48s/it]
 56%|█████▌    | 3964/7110 [6:08:24<4:46:57,  5.47s/it]
 56%|█████▌    | 3965/7110 [6:08:29<4:46:42,  5.47s/it]
 56%|█████▌    | 3966/7110 [6:08:35<4:47:40,  5.49s/it]
 56%|█████▌    | 3967/7110 [6:08:40<4:46:15,  5.46s/it]
 56%|█████▌    | 3968/7110 [6:08:46<4:48:21,  5.51s/it]
 56%|█████▌    | 3969/7110 [6:08:51<4:46:40,  5.48s/it]
 56%|█████▌    | 3970/7110 [6:08:57<4:47:30,  5.49s/it]
 56%|█████▌    | 3971/7110 [6:09:02<4:45:04,  5.45s/it]
 56%|█████▌    | 3972/7110 [6:09:08<4:46:22,  5.48s/it]
 56%|█████▌    | 3973/7110 [6:09:13<4:45:24,  5.46s/it]
 56%|█████▌    | 3974/7110 [6:09:19<4:47:28,  5.50s/it]
 56%|█████▌    | 3975/7110 [6:09:24<4:46:08,  5.48s/it]
 56%|█████▌    | 3976/7110 [6:09:30<4:46:56,  5.49s/it]
 56%|█████▌    | 3977/7110 [6:09:35<4:46:56,  5.50s/it]
 56%|█████▌    | 3978/7110 [6:09:41<4:45:35,  5.47s/it]
 56%|█████▌    | 3979/7110 [6:09:46<4:46:46,  5.50s/it]
 56%|█████▌    | 3980/7110 [6:09:52<4:45:24,  5.47s/it]
 56%|█████▌    | 3981/7110 [6:09:57<4:46:20,  5.49s/it]
 56%|█████▌    | 3982/7110 [6:10:02<4:44:46,  5.46s/it]
 56%|█████▌    | 3983/7110 [6:10:08<4:45:55,  5.49s/it]
 56%|█████▌    | 3984/7110 [6:10:13<4:44:42,  5.46s/it]
 56%|█████▌    | 3985/7110 [6:10:19<4:46:41,  5.50s/it]
 56%|█████▌    | 3986/7110 [6:10:24<4:44:17,  5.46s/it]
 56%|█████▌    | 3987/7110 [6:10:30<4:45:12,  5.48s/it]
 56%|█████▌    | 3988/7110 [6:10:35<4:46:53,  5.51s/it]
 56%|█████▌    | 3989/7110 [6:10:41<4:44:20,  5.47s/it]
 56%|█████▌    | 3990/7110 [6:10:46<4:46:21,  5.51s/it]
 56%|█████▌    | 3991/7110 [6:10:52<4:45:00,  5.48s/it]
 56%|█████▌    | 3992/7110 [6:10:57<4:45:38,  5.50s/it]
 56%|█████▌    | 3993/7110 [6:11:03<4:43:54,  5.47s/it]
 56%|█████▌    | 3994/7110 [6:11:08<4:44:03,  5.47s/it]
 56%|█████▌    | 3995/7110 [6:11:14<4:42:52,  5.45s/it]
 56%|█████▌    | 3996/7110 [6:11:19<4:44:52,  5.49s/it]
 56%|█████▌    | 3997/7110 [6:11:25<4:43:36,  5.47s/it]
 56%|█████▌    | 3998/7110 [6:11:30<4:43:41,  5.47s/it]
 56%|█████▌    | 3999/7110 [6:11:36<4:44:37,  5.49s/it]
 56%|█████▋    | 4000/7110 [6:11:41<4:43:13,  5.46s/it]
 56%|█████▋    | 4001/7110 [6:11:47<4:45:08,  5.50s/it]
 56%|█████▋    | 4002/7110 [6:11:52<4:43:31,  5.47s/it]
 56%|█████▋    | 4003/7110 [6:11:58<4:43:35,  5.48s/it]
 56%|█████▋    | 4004/7110 [6:12:03<4:43:15,  5.47s/it]
 56%|█████▋    | 4005/7110 [6:12:09<4:43:27,  5.48s/it]
 56%|█████▋    | 4006/7110 [6:12:14<4:42:20,  5.46s/it]
 56%|█████▋    | 4007/7110 [6:12:19<4:43:39,  5.48s/it]
 56%|█████▋    | 4008/7110 [6:12:25<4:42:22,  5.46s/it]
 56%|█████▋    | 4009/7110 [6:12:30<4:43:21,  5.48s/it]
 56%|█████▋    | 4010/7110 [6:12:36<4:44:54,  5.51s/it]
 56%|█████▋    | 4011/7110 [6:12:41<4:42:12,  5.46s/it]
 56%|█████▋    | 4012/7110 [6:12:47<4:43:18,  5.49s/it]
 56%|█████▋    | 4013/7110 [6:12:52<4:42:02,  5.46s/it]
 56%|█████▋    | 4014/7110 [6:12:58<4:43:06,  5.49s/i(0,)
It 4029, sqrt loss 0.002861, Val sim-RMS 0.00113, Time Loss: 97.5%, data: 0.6%, val: 1.9%,  5.6 sec/batch
t]
 56%|█████▋    | 4015/7110 [6:13:03<4:42:32,  5.48s/it]
 56%|█████▋    | 4016/7110 [6:13:09<4:42:36,  5.48s/it]
 56%|█████▋    | 4017/7110 [6:13:14<4:42:16,  5.48s/it]
 57%|█████▋    | 4018/7110 [6:13:20<4:43:16,  5.50s/it]
 57%|█████▋    | 4019/7110 [6:13:25<4:41:05,  5.46s/it]
 57%|█████▋    | 4020/7110 [6:13:31<4:42:31,  5.49s/it]
 57%|█████▋    | 4021/7110 [6:13:36<4:43:17,  5.50s/it]
 57%|█████▋    | 4022/7110 [6:13:42<4:41:41,  5.47s/it]
 57%|█████▋    | 4023/7110 [6:13:47<4:42:39,  5.49s/it]
 57%|█████▋    | 4024/7110 [6:13:53<4:41:22,  5.47s/it]
 57%|█████▋    | 4025/7110 [6:13:58<4:42:25,  5.49s/it]
 57%|█████▋    | 4026/7110 [6:14:04<4:41:51,  5.48s/it]
 57%|█████▋    | 4027/7110 [6:14:09<4:41:54,  5.49s/it]
 57%|█████▋    | 4028/7110 [6:14:15<4:40:34,  5.46s/it]
 57%|█████▋    | 4029/7110 [6:14:45<10:58:27, 12.82s/it]
 57%|█████▋    | 4030/7110 [6:14:50<9:04:03, 10.60s/it] 
 57%|█████▋    | 4031/7110 [6:14:55<7:45:51,  9.08s/it]
 57%|█████▋    | 4032/7110 [6:15:01<6:51:09,  8.01s/it]
 57%|█████▋    | 4033/7110 [6:15:06<6:09:55,  7.21s/it]
 57%|█████▋    | 4034/7110 [6:15:12<5:44:43,  6.72s/it]
 57%|█████▋    | 4035/7110 [6:15:17<5:23:33,  6.31s/it]
 57%|█████▋    | 4036/7110 [6:15:23<5:11:23,  6.08s/it]
 57%|█████▋    | 4037/7110 [6:15:28<5:01:28,  5.89s/it]
 57%|█████▋    | 4038/7110 [6:15:34<4:55:34,  5.77s/it]
 57%|█████▋    | 4039/7110 [6:15:39<4:50:36,  5.68s/it]
 57%|█████▋    | 4040/7110 [6:15:45<4:47:37,  5.62s/it]
 57%|█████▋    | 4041/7110 [6:15:50<4:44:17,  5.56s/it]
 57%|█████▋    | 4042/7110 [6:15:56<4:43:46,  5.55s/it]
 57%|█████▋    | 4043/7110 [6:16:01<4:43:22,  5.54s/it]
 57%|█████▋    | 4044/7110 [6:16:07<4:41:02,  5.50s/it]
 57%|█████▋    | 4045/7110 [6:16:12<4:41:42,  5.51s/it]
 57%|█████▋    | 4046/7110 [6:16:18<4:39:59,  5.48s/it]
 57%|█████▋    | 4047/7110 [6:16:23<4:41:41,  5.52s/it]
 57%|█████▋    | 4048/7110 [6:16:28<4:38:59,  5.47s/it]
 57%|█████▋    | 4049/7110 [6:16:34<4:40:45,  5.50s/it]
 57%|█████▋    | 4050/7110 [6:16:39<4:38:28,  5.46s/it]
 57%|█████▋    | 4051/7110 [6:16:45<4:39:38,  5.48s/it]
 57%|█████▋    | 4052/7110 [6:16:50<4:39:12,  5.48s/it]
 57%|█████▋    | 4053/7110 [6:16:56<4:39:13,  5.48s/it]
 57%|█████▋    | 4054/7110 [6:17:01<4:40:09,  5.50s/it]
 57%|█████▋    | 4055/7110 [6:17:07<4:38:42,  5.47s/it]
 57%|█████▋    | 4056/7110 [6:17:12<4:39:44,  5.50s/it]
 57%|█████▋    | 4057/7110 [6:17:18<4:39:04,  5.48s/it]
 57%|█████▋    | 4058/7110 [6:17:23<4:38:52,  5.48s/it]
 57%|█████▋    | 4059/7110 [6:17:29<4:37:25,  5.46s/it]
 57%|█████▋    | 4060/7110 [6:17:34<4:38:47,  5.48s/it]
 57%|█████▋    | 4061/7110 [6:17:40<4:37:32,  5.46s/it]
 57%|█████▋    | 4062/7110 [6:17:45<4:38:36,  5.48s/it]
 57%|█████▋    | 4063/7110 [6:17:51<4:37:20,  5.46s/it]
 57%|█████▋    | 4064/7110 [6:17:56<4:39:05,  5.50s/it]
 57%|█████▋    | 4065/7110 [6:18:02<4:39:29,  5.51s/it]
 57%|█████▋    | 4066/7110 [6:18:07<4:37:00,  5.46s/it]
 57%|█████▋    | 4067/7110 [6:18:13<4:38:12,  5.49s/it]
 57%|█████▋    | 4068/7110 [6:18:18<4:36:48,  5.46s/it]
 57%|█████▋    | 4069/7110 [6:18:24<4:37:49,  5.48s/it]
 57%|█████▋    | 4070/7110 [6:18:29<4:37:04,  5.47s/it]
 57%|█████▋    | 4071/7110 [6:18:35<4:38:00,  5.49s/it]
 57%|█████▋    | 4072/7110 [6:18:40<4:35:41,  5.44s/it]
 57%|█████▋    | 4073/7110 [6:18:45<4:36:58,  5.47s/it]
 57%|█████▋    | 4074/7110 [6:18:51<4:36:37,  5.47s/it]
 57%|█████▋    | 4075/7110 [6:18:56<4:36:37,  5.47s/it]
 57%|█████▋    | 4076/7110 [6:19:02<4:38:20,  5.50s/it]
 57%|█████▋    | 4077/7110 [6:19:07<4:35:51,  5.46s/it]
 57%|█████▋    | 4078/7110 [6:19:13<4:37:06,  5.48s/it]
 57%|█████▋    | 4079/7110 [6:19:18<4:35:57,  5.46s/it]
 57%|█████▋    | 4080/7110 [6:19:24<4:37:03,  5.49s/it]
 57%|█████▋    | 4081/7110 [6:19:29<4:36:21,  5.47s/it]
 57%|█████▋    | 4082/7110 [6:19:35<4:36:35,  5.48s/it]
 57%|█████▋    | 4083/7110 [6:19:40<4:35:39,  5.46s/it]
 57%|█████▋    | 4084/7110 [6:19:46<4:36:38,  5.49s/it]
 57%|█████▋    | 4085/7110 [6:19:51<4:35:21,  5.46s/it]
 57%|█████▋    | 4086/7110 [6:19:57<4:37:03,  5.50s/it]
 57%|█████▋    | 4087/7110 [6:20:02<4:37:33,  5.51s/it]
 57%|█████▋    | 4088/7110 [6:20:08<4:34:59,  5.46s/it]
 58%|█████▊    | 4089/7110 [6:20:13<4:36:06,  5.48s/it]
 58%|█████▊    | 4090/7110 [6:20:19<4:34:45,  5.46s/it]
 58%|█████▊    | 4091/7110 [6:20:24<4:35:57,  5.48s/it]
 58%|█████▊    | 4092/7110 [6:20:29<4:34:30,  5.46s/it]
 58%|█████▊    | 4093/7110 [6:20:35<4:35:38,  5.48s/it]
 58%|█████▊    | 4094/7110 [6:20:40<4:35:07,  5.47s/it]
 58%|█████▊    | 4095/7110 [6:20:46<4:35:06,  5.47s/it]
 58%|█████▊    | 4096/7110 [6:20:51<4:34:43,  5.47s/it]
 58%|█████▊    | 4097/7110 [6:20:57<4:34:52,  5.47s/it]
 58%|█████▊    | 4098/7110 [6:21:02<4:36:42,  5.51s/it]
 58%|█████▊    | 4099/7110 [6:21:08<4:34:22,  5.47s/it]
 58%|█████▊    | 4100/7110 [6:21:13<4:35:25,  5.49s/it]
 58%|█████▊    | 4101/7110 [6:21:19<4:34:00,  5.46s/it]
 58%|█████▊    | 4102/7110 [6:21:24<4:35:09,  5.49s/it]
 58%|█████▊    | 4103/7110 [6:21:30<4:34:20,  5.47s/it]
 58%|█████▊    | 4104/7110 [6:21:35<4:34:27,  5.48s/it]
 58%|█████▊    | 4105/7110 [6:21:41<4:33:21,  5.46s/it]
 58%|█████▊    | 4106/7110 [6:21:46<4:34:35,  5.48s/it]
 58%|█████▊    | 4107/7110 [6:21:52<4:33:22,  5.46s/it]
 58%|█████▊    | 4108/7110 [6:21:57<4:34:52,  5.49s/it]
 58%|█████▊    | 4109/7110 [6:22:03<4:35:33,  5.51s/it]
 58%|█████▊    | 4110/7110 [6:22:08<4:32:59,  5.46s/it]
 58%|█████▊    | 4111/7110 [6:22:14<4:34:10,  5.49s/it]
 58%|█████▊    | 4112/7110 [6:22:19<4:32:52,  5.46s/it]
 58%|█████▊    | 4113/7110 [6:22:25<4:33:54,  5.48s/it]
 58%|█████▊    | 4114/7110 [6:22:30<4:33:13,  5.47s/it]
 58%|█████▊    | 4115/7110 [6:22:35<4:33:16,  5.47s/it]
 58%|█████▊    | 4116/7110 [6:22:41<4:32:11,  5.45s/it]
 58%|█████▊    | 4117/7110 [6:22:46<4:34:01,  5.49s/it]
 58%|█████▊    | 4118/7110 [6:22:52<4:32:34,  5.47s/it]
 58%|█████▊    | 4119/7110 [6:22:57<4:33:25,  5.49s/it]
 58%|█████▊    | 4120/7110 [6:23:03<4:33:19,  5.48s/it]
 58%|█████▊    | 4121/7110 [6:23:08<4:32:40,  5.47s/it]
 58%|█████▊    | 4122/7110 [6:23:14<4:32:43,  5.48s/it]
 58%|█████▊    | 4123/7110 [6:23:19<4:31:32,  5.45s/it]
 58%|█████▊    | 4124/7110 [6:23:25<4:32:38,  5.48s/it]
 58%|█████▊    | 4125/7110 [6:23:30<4:31:07,  5.45s/it]
 58%|█████▊    | 4126/7110 [6:23:36<4:32:08,  5.47s/it]
 58%|█████▊    | 4127/7110 [6:23:41<4:31:05,  5.45s/it]
 58%|█████▊    | 4128/7110 [6:23:47<4:32:11,  5.48s/it]
 58%|█████▊    | 4129/7110 [6:23:52<4:31:00,  5.45s/it]
 58%|█████▊    | 4130/7110 [6:23:58<4:31:56,  5.48s/it]
 58%|█████▊    | 4131/7110 [6:24:03<4:33:33,  5.51s/it]
 58%|█████▊    | 4132/7110 [6:24:08<4:31:04,  5.46s/it]
 58%|█████▊    | 4133/7110 [6:24:14<4:32:48,  5.50s/it]
 58%|█████▊    | 4134/7110 [6:24:19<4:30:21,  5.45s/it]
 58%|█████▊    | 4135/7110 [6:24:25<4:31:28,  5.48s/it]
 58%|█████▊    | 4136/7110 [6:24:30<4:30:15,  5.45s/it]
 58%|█████▊    | 4137/7110 [6:24:36<4:31:30,  5.48s/it]
 58%|█████▊    | 4138/7110 [6:24:41<4:31:08,  5.47s/it]
 58%|█████▊    | 4139/7110 [6:24:47<4:31:09,  5.48s/it]
 58%|█████▊    | 4140/7110 [6:24:52<4:30:00,  5.45s/it]
 58%|█████▊    | 4141/7110 [6:24:58<4:31:09,  5.48s/it]
 58%|█████▊    | 4142/7110 [6:25:03<4:32:04,  5.50s/it]
 58%|█████▊    | 4143/7110 [6:25:09<4:30:28,  5.47s/it]
 58%|█████▊    | 4144/7110 [6:25:14<4:31:36,  5.49s/it]
 58%|█████▊    | 4145/7110 [6:25:20<4:30:13,  5.47s/it]
 58%|█████▊    | 4146/7110 [6:25:25<4:31:07,  5.49s/it]
 58%|█████▊    | 4147/7110 [6:25:31<4:30:28,  5.48s/it]
 58%|█████▊    | 4148/7110 [6:25:36<4:30:25,  5.48s/it]
 58%|█████▊    | 4149/7110 [6:25:42<4:29:12,  5.46s/it]
 58%|█████▊    | 4150/7110 [6:25:47<4:30:14,  5.48s/it]
 58%|█████▊    | 4151/7110 [6:25:52<4:29:15,  5.46s/it]
 58%|█████▊    | 4152/7110 [6:25:58<4:30:20,  5.48s/it]
 58%|█████▊    | 4153/7110 [6:26:04<4:31:06,  5.50s/it]
 58%|█████▊    | 4154/7110 [6:26:09<4:29:36,  5.47s/it]
 58%|█████▊    | 4155/7110 [6:26:15<4:30:30,  5.49s/it]
 58%|█████▊    | 4156/7110 [6:26:20<4:29:10,  5.47s/it]
 58%|█████▊    | 4157/7110 [6:26:25<4:30:03,  5.49s/it]
 58%|█████▊    | 4158/7110 [6:26:31<4:29:13,  5.47s/it]
 58%|█████▊    | 4159/7110 [6:26:36<4:29:12,  5.47s/it]
 59%|█████▊    | 4160/7110 [6:26:42<4:28:01,  5.45s/it]
 59%|█████▊    | 4161/7110 [6:26:47<4:29:58,  5.49s/it]
 59%|█████▊    | 4162/7110 [6:26:53<4:27:52,  5.45s/it]
 59%|█████▊    | 4163/7110 [6:26:58<4:29:32,  5.49s/it]
 59%|█████▊    | 4164/7110 [6:27:04<4:29:22,  5.49s/it]
 59%|█████▊    | 4165/7110 [6:27:09<4:28:06,  5.46s/it]
 59%|█████▊    | 4166/7110 [6:27:15<4:29:19,  5.49s/it]
 59%|█████▊    | 4167/7110 [6:27:20<4:28:01,  5.46s/it]
 59%|█████▊    | 4168/7110 [6:27:26<4:29:37,  5.50s/it]
 59%|█████▊    | 4169/7110 [6:27:31<4:27:19,  5.45s/it]
 59%|█████▊    | 4170/7110 [6:27:37<4:28:21,  5.48s/it]
 59%|█████▊    | 4171/7110 [6:27:42<4:27:07,  5.45s/it]
 59%|█████▊    | 4172/7110 [6:27:48<4:28:06,  5.48s/it]
 59%|█████▊    | 4173/7110 [6:27:53<4:27:37,  5.47s/it]
 59%|█████▊    | 4174/7110 [6:27:58<4:27:41,  5.47s/it]
 59%|█████▊    | 4175/7110 [6:28:04<4:28:42,  5.49s/it]
 59%|█████▊    | 4176/7110 [6:28:09<4:27:27,  5.47s/it]
 59%|█████▊    | 4177/7110 [6:28:15<4:29:08,  5.51s/it]
 59%|█████▉    | 4178/7110 [6:28:20<4:26:42,  5.46s/it]
 59%|█████▉    | 4179/7110 [6:28:26<4:27:38,  5.48s/it]
 59%|█████▉    | 4180/7110 [6:28:31<4:27:05,  5.47s/it]
 59%|█████▉    | 4181/7110 [6:28:37<4:27:11,  5.47s/it]
 59%|█████▉    | 4182/7110 [6:28:42<4:26:08,  5.45s/it]
 59%|█████▉    | 4183/7110 [6:28:48<4:27:17,  5.48s/it]
 59%|█████▉    | 4184/7110 [6:28:53<4:26:10,  5.46s/it]
 59%|█████▉    | 4185/7110 [6:28:59<4:27:12,  5.48s/it]
 59%|█████▉    | 4186/7110 [6:29:04<4:28:47,  5.52s/it]
 59%|█████▉    | 4187/7110 [6:29:10<4:26:18,  5.47s/it]
 59%|█████▉    | 4188/7110 [6:29:15<4:27:26,  5.49s/it]
 59%|█████▉    | 4189/7110 [6:29:21<4:26:17,  5.47s/it]
 59%|█████▉    | 4190/7110 [6:29:26<4:27:40,  5.50s/it]
 59%|█████▉    | 4191/7110 [6:29:32<4:25:25,  5.46s/it]
 59%|█████▉    | 4192/7110 [6:29:37<4:26:18,  5.48s/it]
 59%|█████▉    | 4193/7110 [6:29:42<4:25:04,  5.45s/it]
 59%|█████▉    | 4194/7110 [6:29:48<4:26:48,  5.49s/it]
 59%|█████▉    | 4195/7110 [6:29:53<4:25:26,  5.46s/it]
 59%|█████▉    | 4196/7110 [6:29:59<4:25:35,  5.47s/it]
 59%|█████▉    | 4197/7110 [6:30:04<4:26:35,  5.49s/it]
 59%|█████▉    | 4198/7110 [6:30:10<4:25:58,  5.48s/it]
 59%|█████▉    | 4199/7110 [6:30:15<4:26:44,  5.50s/it]
 59%|█████▉    | 4200/7110 [6:30:21<4:25:23,  5.47s/it]
 59%|█████▉    | 4201/7110 [6:30:26<4:25:14,  5.47s/it]
 59%|█████▉    | 4202/7110 [6:30:32<4:24:04,  5.45s/it]
 59%|█████▉    | 4203/7110 [6:30:37<4:25:15,  5.47s/it]
 59%|█████▉    | 4204/7110 [6:30:43<4:24:51,  5.47s/it]
 59%|█████▉    | 4205/7110 [6:30:48<4:25:01,  5.47s/it]
 59%|█████▉    | 4206/7110 [6:30:54<4:23:46,  5.45s/it]
 59%|█████▉    | 4207/7110 [6:30:59<4:24:55,  5.48s/it]
 59%|█████▉    | 4208/7110 [6:31:05<4:26:29,  5.51s/it]
 59%|█████▉    | 4209/7110 [6:31:10<4:24:10,  5.46s/it]
 59%|█████▉    | 4210/7110 [6:31:16<4:25:03,  5.48s/it]
 59%|█████▉    | 4211/7110 [6:31:21<4:24:36,  5.48s/it]
 59%|█████▉    | 4212/7110 [6:31:27<4:25:15,  5.49s/it]
 59%|█████▉    | 4213/7110 [6:31:32<4:23:58,  5.47s/it]
 59%|█████▉    | 4214/7110 [6:31:38<4:24:50,  5.49s/it]
 59%|█████▉    | 4215/7110 [6:31:43<4:22:40,  5.44s/it]
 59%|█████▉    | 4216/7110 [6:31:48<4:23:46,  5.47s/it]
 59%|█████▉    | 4217/7110 [6:31:54<4:22:38,  5.45s/it]
 59%|█████▉    | 4218/7110 [6:31:59<4:23:31,  5.47s/it]
 59%|█████▉    | 4219/7110 [6:32:05<4:25:12,  5.50s/it]
 59%|█████▉    | 4220/7110 [6:32:10<4:23:06,  5.46s/it]
 59%|█████▉    | 4221/7110 [6:32:16<4:24:12,  5.49s/it]
 59%|█████▉    | 4222/7110 [6:32:21<4:22:51,  5.46s/it]
 59%|█████▉    | 4223/7110 [6:32:27<4:23:41,  5.48s/it]
 59%|█████▉    | 4224/7110 [6:32:32<4:23:12,  5.47s/it]
 59%|█████▉    | 4225/7110 [6:32:38<4:23:10,  5.47s/it]
 59%|█████▉    | 4226/7110 [6:32:43<4:21:59,  5.45s/it]
 59%|█████▉    | 4227/7110 [6:32:49<4:22:55,  5.47s/it]
 59%|█████▉    | 4228/7110 [6:32:54<4:21:48,  5.45s/it]
 59%|█████▉    | 4229/7110 [6:33:00<4:22:52,  5.47s/it]
 59%|█████▉    | 4230/7110 [6:33:05<4:24:32,  5.51s/it]
 60%|█████▉    | 4231/7110 [6:33:11<4:22:50,  5.48s/it]
 60%|█████▉    | 4232/7110 [6:33:16<4:22:51,  5.48s/it]
 60%|█████▉    | 4233/7110 [6:33:21<4:21:35,  5.46s/it]
 60%|█████▉    | 4234/7110 [6:33:27<4:22:25,  5.47s/it]
 60%|█████▉    | 4235/7110 [6:33:32<4:21:15,  5.45s/it]
 60%|█████▉    | 4236/7110 [6:33:38<4:22:58,  5.49s/it]
 60%|█████▉    | 4237/7110 [6:33:43<4:21:32,  5.46s/it]
 60%|█████▉    | 4238/7110 [6:33:49<4:22:23,  5.48s/it]
 60%|█████▉    | 4239/7110 [6:33:54<4:20:21,  5.44s/it]
 60%|█████▉    | 4240/7110 [6:34:00<4:21:23,  5.46s/it]
 60%|█████▉    | 4241/7110 [6:34:05<4:23:13,  5.50s/it]
 60%|█████▉    | 4242/7110 [6:34:11<4:21:49,  5.48s/it]
 60%|█████▉    | 4243/7110 [6:34:16<4:22:47,  5.50s/it]
 60%|█████▉    | 4244/7110 [6:34:22<4:20:37,  5.46s/it]
 60%|█████▉    | 4245/7110 [6:34:27<4:21:34,  5.48s/it]
 60%|█████▉    | 4246/7110 [6:34:33<4:20:20,  5.45s/it]
 60%|█████▉    | 4247/7110 [6:34:38<4:21:23,  5.48s/it]
 60%|█████▉    | 4248/7110 [6:34:43<4:20:12,  5.45s/it]
 60%|█████▉    | 4249/7110 [6:34:49<4:21:06,  5.48s/it]
 60%|█████▉    | 4250/7110 [6:34:54<4:19:54,  5.45s/it]
 60%|█████▉    | 4251/7110 [6:35:00<4:21:39,  5.49s/it]
 60%|█████▉    | 4252/7110 [6:35:05<4:21:34,  5.49s/it]
 60%|█████▉    | 4253/7110 [6:35:11<4:20:16,  5.47s/it]
 60%|█████▉    | 4254/7110 [6:35:16<4:21:20,  5.49s/it]
 60%|█████▉    | 4255/7110 [6:35:22<4:20:03,  5(0,)
It 4266, sqrt loss 0.002239, Val sim-RMS 0.0009167, Time Loss: 97.5%, data: 0.6%, val: 1.9%,  5.6 sec/batch
.47s/it]
 60%|█████▉    | 4256/7110 [6:35:27<4:20:56,  5.49s/it]
 60%|█████▉    | 4257/7110 [6:35:33<4:20:14,  5.47s/it]
 60%|█████▉    | 4258/7110 [6:35:38<4:20:17,  5.48s/it]
 60%|█████▉    | 4259/7110 [6:35:44<4:19:07,  5.45s/it]
 60%|█████▉    | 4260/7110 [6:35:49<4:20:17,  5.48s/it]
 60%|█████▉    | 4261/7110 [6:35:55<4:19:51,  5.47s/it]
 60%|█████▉    | 4262/7110 [6:36:00<4:20:34,  5.49s/it]
 60%|█████▉    | 4263/7110 [6:36:06<4:21:19,  5.51s/it]
 60%|█████▉    | 4264/7110 [6:36:11<4:19:57,  5.48s/it]
 60%|█████▉    | 4265/7110 [6:36:17<4:20:09,  5.49s/it]
 60%|██████    | 4266/7110 [6:36:47<10:06:49, 12.80s/it]
 60%|██████    | 4267/7110 [6:36:52<8:23:10, 10.62s/it] 
 60%|██████    | 4268/7110 [6:36:57<7:08:04,  9.04s/it]
 60%|██████    | 4269/7110 [6:37:03<6:18:11,  7.99s/it]
 60%|██████    | 4270/7110 [6:37:08<5:41:19,  7.21s/it]
 60%|██████    | 4271/7110 [6:37:14<5:18:18,  6.73s/it]
 60%|██████    | 4272/7110 [6:37:19<4:59:26,  6.33s/it]
 60%|██████    | 4273/7110 [6:37:25<4:47:23,  6.08s/it]
 60%|██████    | 4274/7110 [6:37:30<4:39:33,  5.91s/it]
 60%|██████    | 4275/7110 [6:37:36<4:32:14,  5.76s/it]
 60%|██████    | 4276/7110 [6:37:41<4:28:54,  5.69s/it]
 60%|██████    | 4277/7110 [6:37:47<4:24:48,  5.61s/it]
 60%|██████    | 4278/7110 [6:37:52<4:24:33,  5.60s/it]
 60%|██████    | 4279/7110 [6:37:58<4:20:45,  5.53s/it]
 60%|██████    | 4280/7110 [6:38:03<4:20:37,  5.53s/it]
 60%|██████    | 4281/7110 [6:38:09<4:18:47,  5.49s/it]
 60%|██████    | 4282/7110 [6:38:14<4:19:15,  5.50s/it]
 60%|██████    | 4283/7110 [6:38:20<4:17:56,  5.47s/it]
 60%|██████    | 4284/7110 [6:38:25<4:18:51,  5.50s/it]
 60%|██████    | 4285/7110 [6:38:31<4:19:20,  5.51s/it]
 60%|██████    | 4286/7110 [6:38:36<4:17:53,  5.48s/it]
 60%|██████    | 4287/7110 [6:38:42<4:19:18,  5.51s/it]
 60%|██████    | 4288/7110 [6:38:47<4:17:00,  5.46s/it]
 60%|██████    | 4289/7110 [6:38:53<4:17:53,  5.48s/it]
 60%|██████    | 4290/7110 [6:38:58<4:16:44,  5.46s/it]
 60%|██████    | 4291/7110 [6:39:03<4:17:48,  5.49s/it]
 60%|██████    | 4292/7110 [6:39:09<4:16:30,  5.46s/it]
 60%|██████    | 4293/7110 [6:39:14<4:17:29,  5.48s/it]
 60%|██████    | 4294/7110 [6:39:20<4:16:17,  5.46s/it]
 60%|██████    | 4295/7110 [6:39:25<4:17:10,  5.48s/it]
 60%|██████    | 4296/7110 [6:39:31<4:18:26,  5.51s/it]
 60%|██████    | 4297/7110 [6:39:36<4:16:08,  5.46s/it]
 60%|██████    | 4298/7110 [6:39:42<4:17:47,  5.50s/it]
 60%|██████    | 4299/7110 [6:39:47<4:16:30,  5.48s/it]
 60%|██████    | 4300/7110 [6:39:53<4:16:36,  5.48s/it]
 60%|██████    | 4301/7110 [6:39:58<4:16:07,  5.47s/it]
 61%|██████    | 4302/7110 [6:40:04<4:17:03,  5.49s/it]
 61%|██████    | 4303/7110 [6:40:09<4:15:02,  5.45s/it]
 61%|██████    | 4304/7110 [6:40:15<4:16:16,  5.48s/it]
 61%|██████    | 4305/7110 [6:40:20<4:15:55,  5.47s/it]
 61%|██████    | 4306/7110 [6:40:26<4:15:53,  5.48s/it]
 61%|██████    | 4307/7110 [6:40:31<4:16:44,  5.50s/it]
 61%|██████    | 4308/7110 [6:40:37<4:15:25,  5.47s/it]
 61%|██████    | 4309/7110 [6:40:42<4:16:25,  5.49s/it]
 61%|██████    | 4310/7110 [6:40:48<4:15:08,  5.47s/it]
 61%|██████    | 4311/7110 [6:40:53<4:16:00,  5.49s/it]
 61%|██████    | 4312/7110 [6:40:58<4:14:50,  5.46s/it]
 61%|██████    | 4313/7110 [6:41:04<4:15:50,  5.49s/it]
 61%|██████    | 4314/7110 [6:41:09<4:14:36,  5.46s/it]
 61%|██████    | 4315/7110 [6:41:15<4:16:17,  5.50s/it]
 61%|██████    | 4316/7110 [6:41:20<4:14:53,  5.47s/it]
 61%|██████    | 4317/7110 [6:41:26<4:14:53,  5.48s/it]
 61%|██████    | 4318/7110 [6:41:31<4:15:40,  5.49s/it]
 61%|██████    | 4319/7110 [6:41:37<4:15:08,  5.48s/it]
 61%|██████    | 4320/7110 [6:41:42<4:15:18,  5.49s/it]
 61%|██████    | 4321/7110 [6:41:48<4:13:52,  5.46s/it]
 61%|██████    | 4322/7110 [6:41:53<4:14:46,  5.48s/it]
 61%|██████    | 4323/7110 [6:41:59<4:13:38,  5.46s/it]
 61%|██████    | 4324/7110 [6:42:04<4:14:35,  5.48s/it]
 61%|██████    | 4325/7110 [6:42:10<4:13:18,  5.46s/it]
 61%|██████    | 4326/7110 [6:42:15<4:15:02,  5.50s/it]
 61%|██████    | 4327/7110 [6:42:21<4:13:00,  5.45s/it]
 61%|██████    | 4328/7110 [6:42:26<4:14:40,  5.49s/it]
 61%|██████    | 4329/7110 [6:42:32<4:14:41,  5.50s/it]
 61%|██████    | 4330/7110 [6:42:37<4:13:33,  5.47s/it]
 61%|██████    | 4331/7110 [6:42:43<4:15:16,  5.51s/it]
 61%|██████    | 4332/7110 [6:42:48<4:13:06,  5.47s/it]
 61%|██████    | 4333/7110 [6:42:54<4:14:06,  5.49s/it]
 61%|██████    | 4334/7110 [6:42:59<4:12:50,  5.46s/it]
 61%|██████    | 4335/7110 [6:43:05<4:13:53,  5.49s/it]
 61%|██████    | 4336/7110 [6:43:10<4:12:38,  5.46s/it]
 61%|██████    | 4337/7110 [6:43:16<4:13:32,  5.49s/it]
 61%|██████    | 4338/7110 [6:43:21<4:12:20,  5.46s/it]
 61%|██████    | 4339/7110 [6:43:26<4:13:07,  5.48s/it]
 61%|██████    | 4340/7110 [6:43:32<4:13:54,  5.50s/it]
 61%|██████    | 4341/7110 [6:43:37<4:12:37,  5.47s/it]
 61%|██████    | 4342/7110 [6:43:43<4:13:31,  5.50s/it]
 61%|██████    | 4343/7110 [6:43:48<4:12:11,  5.47s/it]
 61%|██████    | 4344/7110 [6:43:54<4:13:05,  5.49s/it]
 61%|██████    | 4345/7110 [6:43:59<4:11:54,  5.47s/it]
 61%|██████    | 4346/7110 [6:44:05<4:12:49,  5.49s/it]
 61%|██████    | 4347/7110 [6:44:10<4:11:40,  5.47s/it]
 61%|██████    | 4348/7110 [6:44:16<4:12:44,  5.49s/it]
 61%|██████    | 4349/7110 [6:44:21<4:12:14,  5.48s/it]
 61%|██████    | 4350/7110 [6:44:27<4:12:43,  5.49s/it]
 61%|██████    | 4351/7110 [6:44:32<4:12:41,  5.50s/it]
 61%|██████    | 4352/7110 [6:44:38<4:11:31,  5.47s/it]
 61%|██████    | 4353/7110 [6:44:43<4:12:24,  5.49s/it]
 61%|██████    | 4354/7110 [6:44:49<4:11:48,  5.48s/it]
 61%|██████▏   | 4355/7110 [6:44:54<4:12:29,  5.50s/it]
 61%|██████▏   | 4356/7110 [6:45:00<4:11:04,  5.47s/it]
 61%|██████▏   | 4357/7110 [6:45:05<4:11:20,  5.48s/it]
 61%|██████▏   | 4358/7110 [6:45:11<4:10:19,  5.46s/it]
 61%|██████▏   | 4359/7110 [6:45:16<4:11:20,  5.48s/it]
 61%|██████▏   | 4360/7110 [6:45:21<4:10:15,  5.46s/it]
 61%|██████▏   | 4361/7110 [6:45:27<4:11:08,  5.48s/it]
 61%|██████▏   | 4362/7110 [6:45:33<4:11:59,  5.50s/it]
 61%|██████▏   | 4363/7110 [6:45:38<4:11:27,  5.49s/it]
 61%|██████▏   | 4364/7110 [6:45:44<4:11:24,  5.49s/it]
 61%|██████▏   | 4365/7110 [6:45:49<4:10:08,  5.47s/it]
 61%|██████▏   | 4366/7110 [6:45:54<4:11:03,  5.49s/it]
 61%|██████▏   | 4367/7110 [6:46:00<4:10:32,  5.48s/it]
 61%|██████▏   | 4368/7110 [6:46:05<4:10:29,  5.48s/it]
 61%|██████▏   | 4369/7110 [6:46:11<4:09:23,  5.46s/it]
 61%|██████▏   | 4370/7110 [6:46:16<4:10:21,  5.48s/it]
 61%|██████▏   | 4371/7110 [6:46:22<4:09:18,  5.46s/it]
 61%|██████▏   | 4372/7110 [6:46:27<4:10:39,  5.49s/it]
 62%|██████▏   | 4373/7110 [6:46:33<4:11:12,  5.51s/it]
 62%|██████▏   | 4374/7110 [6:46:38<4:09:01,  5.46s/it]
 62%|██████▏   | 4375/7110 [6:46:44<4:10:07,  5.49s/it]
 62%|██████▏   | 4376/7110 [6:46:49<4:09:00,  5.46s/it]
 62%|██████▏   | 4377/7110 [6:46:55<4:10:38,  5.50s/it]
 62%|██████▏   | 4378/7110 [6:47:00<4:08:40,  5.46s/it]
 62%|██████▏   | 4379/7110 [6:47:06<4:09:40,  5.49s/it]
 62%|██████▏   | 4380/7110 [6:47:11<4:08:29,  5.46s/it]
 62%|██████▏   | 4381/7110 [6:47:17<4:09:29,  5.49s/it]
 62%|██████▏   | 4382/7110 [6:47:22<4:08:26,  5.46s/it]
 62%|██████▏   | 4383/7110 [6:47:28<4:08:57,  5.48s/it]
 62%|██████▏   | 4384/7110 [6:47:33<4:09:48,  5.50s/it]
 62%|██████▏   | 4385/7110 [6:47:39<4:08:23,  5.47s/it]
 62%|██████▏   | 4386/7110 [6:47:44<4:09:18,  5.49s/it]
 62%|██████▏   | 4387/7110 [6:47:49<4:08:03,  5.47s/it]
 62%|██████▏   | 4388/7110 [6:47:55<4:09:04,  5.49s/it]
 62%|██████▏   | 4389/7110 [6:48:00<4:08:34,  5.48s/it]
 62%|██████▏   | 4390/7110 [6:48:06<4:08:31,  5.48s/it]
 62%|██████▏   | 4391/7110 [6:48:11<4:08:04,  5.47s/it]
 62%|██████▏   | 4392/7110 [6:48:17<4:08:02,  5.48s/it]
 62%|██████▏   | 4393/7110 [6:48:22<4:06:58,  5.45s/it]
 62%|██████▏   | 4394/7110 [6:48:28<4:08:31,  5.49s/it]
 62%|██████▏   | 4395/7110 [6:48:33<4:08:36,  5.49s/it]
 62%|██████▏   | 4396/7110 [6:48:39<4:07:59,  5.48s/it]
 62%|██████▏   | 4397/7110 [6:48:44<4:08:04,  5.49s/it]
 62%|██████▏   | 4398/7110 [6:48:50<4:06:56,  5.46s/it]
 62%|██████▏   | 4399/7110 [6:48:55<4:08:32,  5.50s/it]
 62%|██████▏   | 4400/7110 [6:49:01<4:06:35,  5.46s/it]
 62%|██████▏   | 4401/7110 [6:49:06<4:07:32,  5.48s/it]
 62%|██████▏   | 4402/7110 [6:49:12<4:06:55,  5.47s/it]
 62%|██████▏   | 4403/7110 [6:49:17<4:07:06,  5.48s/it]
 62%|██████▏   | 4404/7110 [6:49:23<4:06:00,  5.45s/it]
 62%|██████▏   | 4405/7110 [6:49:28<4:07:29,  5.49s/it]
 62%|██████▏   | 4406/7110 [6:49:34<4:07:29,  5.49s/it]
 62%|██████▏   | 4407/7110 [6:49:39<4:06:11,  5.46s/it]
 62%|██████▏   | 4408/7110 [6:49:45<4:07:07,  5.49s/it]
 62%|██████▏   | 4409/7110 [6:49:50<4:06:31,  5.48s/it]
 62%|██████▏   | 4410/7110 [6:49:56<4:07:15,  5.49s/it]
 62%|██████▏   | 4411/7110 [6:50:01<4:05:14,  5.45s/it]
 62%|██████▏   | 4412/7110 [6:50:06<4:06:11,  5.47s/it]
 62%|██████▏   | 4413/7110 [6:50:12<4:05:05,  5.45s/it]
 62%|██████▏   | 4414/7110 [6:50:17<4:06:44,  5.49s/it]
 62%|██████▏   | 4415/7110 [6:50:23<4:04:43,  5.45s/it]
 62%|██████▏   | 4416/7110 [6:50:28<4:06:11,  5.48s/it]
 62%|██████▏   | 4417/7110 [6:50:34<4:06:06,  5.48s/it]
 62%|██████▏   | 4418/7110 [6:50:39<4:05:05,  5.46s/it]
 62%|██████▏   | 4419/7110 [6:50:45<4:06:09,  5.49s/it]
 62%|██████▏   | 4420/7110 [6:50:50<4:05:08,  5.47s/it]
 62%|██████▏   | 4421/7110 [6:50:56<4:06:08,  5.49s/it]
 62%|██████▏   | 4422/7110 [6:51:01<4:05:40,  5.48s/it]
 62%|██████▏   | 4423/7110 [6:51:07<4:05:40,  5.49s/it]
 62%|██████▏   | 4424/7110 [6:51:12<4:04:40,  5.47s/it]
 62%|██████▏   | 4425/7110 [6:51:18<4:05:36,  5.49s/it]
 62%|██████▏   | 4426/7110 [6:51:23<4:04:31,  5.47s/it]
 62%|██████▏   | 4427/7110 [6:51:29<4:05:54,  5.50s/it]
 62%|██████▏   | 4428/7110 [6:51:34<4:05:45,  5.50s/it]
 62%|██████▏   | 4429/7110 [6:51:40<4:04:28,  5.47s/it]
 62%|██████▏   | 4430/7110 [6:51:45<4:05:20,  5.49s/it]
 62%|██████▏   | 4431/7110 [6:51:51<4:04:11,  5.47s/it]
 62%|██████▏   | 4432/7110 [6:51:56<4:05:47,  5.51s/it]
 62%|██████▏   | 4433/7110 [6:52:01<4:03:44,  5.46s/it]
 62%|██████▏   | 4434/7110 [6:52:07<4:05:23,  5.50s/it]
 62%|██████▏   | 4435/7110 [6:52:12<4:03:29,  5.46s/it]
 62%|██████▏   | 4436/7110 [6:52:18<4:04:23,  5.48s/it]
 62%|██████▏   | 4437/7110 [6:52:23<4:03:47,  5.47s/it]
 62%|██████▏   | 4438/7110 [6:52:29<4:04:16,  5.49s/it]
 62%|██████▏   | 4439/7110 [6:52:34<4:04:47,  5.50s/it]
 62%|██████▏   | 4440/7110 [6:52:40<4:02:42,  5.45s/it]
 62%|██████▏   | 4441/7110 [6:52:45<4:03:45,  5.48s/it]
 62%|██████▏   | 4442/7110 [6:52:51<4:03:25,  5.47s/it]
 62%|██████▏   | 4443/7110 [6:52:56<4:03:23,  5.48s/it]
 63%|██████▎   | 4444/7110 [6:53:02<4:02:56,  5.47s/it]
 63%|██████▎   | 4445/7110 [6:53:07<4:03:04,  5.47s/it]
 63%|██████▎   | 4446/7110 [6:53:13<4:02:43,  5.47s/it]
 63%|██████▎   | 4447/7110 [6:53:18<4:03:23,  5.48s/it]
 63%|██████▎   | 4448/7110 [6:53:24<4:01:31,  5.44s/it]
 63%|██████▎   | 4449/7110 [6:53:29<4:02:34,  5.47s/it]
 63%|██████▎   | 4450/7110 [6:53:35<4:03:30,  5.49s/it]
 63%|██████▎   | 4451/7110 [6:53:40<4:02:18,  5.47s/it]
 63%|██████▎   | 4452/7110 [6:53:46<4:03:18,  5.49s/it]
 63%|██████▎   | 4453/7110 [6:53:51<4:02:06,  5.47s/it]
 63%|██████▎   | 4454/7110 [6:53:57<4:02:55,  5.49s/it]
 63%|██████▎   | 4455/7110 [6:54:02<4:02:14,  5.47s/it]
 63%|██████▎   | 4456/7110 [6:54:08<4:02:57,  5.49s/it]
 63%|██████▎   | 4457/7110 [6:54:13<4:01:01,  5.45s/it]
 63%|██████▎   | 4458/7110 [6:54:18<4:02:12,  5.48s/it]
 63%|██████▎   | 4459/7110 [6:54:24<4:01:53,  5.47s/it]
 63%|██████▎   | 4460/7110 [6:54:29<4:01:42,  5.47s/it]
 63%|██████▎   | 4461/7110 [6:54:35<4:03:11,  5.51s/it]
 63%|██████▎   | 4462/7110 [6:54:40<4:01:09,  5.46s/it]
 63%|██████▎   | 4463/7110 [6:54:46<4:02:04,  5.49s/it]
 63%|██████▎   | 4464/7110 [6:54:51<4:01:38,  5.48s/it]
 63%|██████▎   | 4465/7110 [6:54:57<4:01:43,  5.48s/it]
 63%|██████▎   | 4466/7110 [6:55:02<4:01:16,  5.48s/it]
 63%|██████▎   | 4467/7110 [6:55:08<4:02:06,  5.50s/it]
 63%|██████▎   | 4468/7110 [6:55:13<4:00:52,  5.47s/it]
 63%|██████▎   | 4469/7110 [6:55:19<4:01:41,  5.49s/it]
 63%|██████▎   | 4470/7110 [6:55:24<3:59:46,  5.45s/it]
 63%|██████▎   | 4471/7110 [6:55:30<4:01:15,  5.49s/it]
 63%|██████▎   | 4472/7110 [6:55:35<4:01:09,  5.49s/it]
 63%|██████▎   | 4473/7110 [6:55:41<4:00:35,  5.47s/it]
 63%|██████▎   | 4474/7110 [6:55:46<4:00:47,  5.48s/it]
 63%|██████▎   | 4475/7110 [6:55:52<3:59:47,  5.46s/it]
 63%|██████▎   | 4476/7110 [6:55:57<4:00:44,  5.48s/it]
 63%|██████▎   | 4477/7110 [6:56:03<4:00:19,  5.48s/it]
 63%|██████▎   | 4478/7110 [6:56:08<4:00:21,  5.48s/it]
 63%|██████▎   | 4479/7110 [6:56:13<3:59:25,  5.46s/it]
 63%|██████▎   | 4480/7110 [6:56:19<4:01:02,  5.50s/it]
 63%|██████▎   | 4481/7110 [6:56:24<3:59:07,  5.46s/it]
 63%|██████▎   | 4482/7110 [6:56:30<3:59:58,  5.48s/it]
 63%|██████▎   | 4483/7110 [6:56:35<4:00:39,  5.50s/it]
 63%|██████▎   | 4484/7110 [6:56:41<4:00:01,  5.48s/it]
 63%|██████▎   | 4485/7110 [6:56:46<4:00:33,  5.50s/it]
 63%|██████▎   | 4486/7110 [6:56:52<3:59:09,  5.47s/it]
 63%|██████▎   | 4487/7110 [6:56:57<3:59:24,  5.48s/it]
 63%|██████▎   | 4488/7110 [6:57:03<3:59:08,  5.47s/it]
 63%|██████▎   | 4489/7110 [6:57:08<3:59:49,  5.49s/it]
 63%|██████▎   | 4490/7110 [6:57:14<3:58:38,  5.46s/it]
 63%|██████▎   | 4491/7110 [6:57:19<3:58:43,  5.47s/it]
 63%|██████▎   | 4492/7110 [6:57:25<3(0,)
It 4503, sqrt loss 0.003314, Val sim-RMS 0.001118, Time Loss: 97.5%, data: 0.6%, val: 1.9%,  5.6 sec/batch
:58:16,  5.46s/it]
 63%|██████▎   | 4493/7110 [6:57:30<3:58:36,  5.47s/it]
 63%|██████▎   | 4494/7110 [6:57:36<3:59:25,  5.49s/it]
 63%|██████▎   | 4495/7110 [6:57:41<3:58:05,  5.46s/it]
 63%|██████▎   | 4496/7110 [6:57:47<3:59:02,  5.49s/it]
 63%|██████▎   | 4497/7110 [6:57:52<3:58:01,  5.47s/it]
 63%|██████▎   | 4498/7110 [6:57:58<3:59:30,  5.50s/it]
 63%|██████▎   | 4499/7110 [6:58:03<3:57:33,  5.46s/it]
 63%|██████▎   | 4500/7110 [6:58:08<3:58:27,  5.48s/it]
 63%|██████▎   | 4501/7110 [6:58:14<3:57:21,  5.46s/it]
 63%|██████▎   | 4502/7110 [6:58:19<3:58:18,  5.48s/it]
 63%|██████▎   | 4503/7110 [6:58:49<9:16:47, 12.81s/it]
 63%|██████▎   | 4504/7110 [6:58:55<7:41:38, 10.63s/it]
 63%|██████▎   | 4505/7110 [6:59:00<6:34:28,  9.09s/it]
 63%|██████▎   | 4506/7110 [6:59:06<5:47:04,  8.00s/it]
 63%|██████▎   | 4507/7110 [6:59:11<5:14:18,  7.24s/it]
 63%|██████▎   | 4508/7110 [6:59:17<4:50:57,  6.71s/it]
 63%|██████▎   | 4509/7110 [6:59:22<4:34:59,  6.34s/it]
 63%|██████▎   | 4510/7110 [6:59:28<4:22:35,  6.06s/it]
 63%|██████▎   | 4511/7110 [6:59:33<4:15:37,  5.90s/it]
 63%|██████▎   | 4512/7110 [6:59:39<4:11:31,  5.81s/it]
 63%|██████▎   | 4513/7110 [6:59:44<4:05:34,  5.67s/it]
 63%|██████▎   | 4514/7110 [6:59:50<4:03:47,  5.63s/it]
 64%|██████▎   | 4515/7110 [6:59:55<4:00:42,  5.57s/it]
 64%|██████▎   | 4516/7110 [7:00:01<4:00:06,  5.55s/it]
 64%|██████▎   | 4517/7110 [7:00:06<4:00:28,  5.56s/it]
 64%|██████▎   | 4518/7110 [7:00:12<3:57:39,  5.50s/it]
 64%|██████▎   | 4519/7110 [7:00:17<3:57:57,  5.51s/it]
 64%|██████▎   | 4520/7110 [7:00:23<3:57:11,  5.49s/it]
 64%|██████▎   | 4521/7110 [7:00:28<3:57:35,  5.51s/it]
 64%|██████▎   | 4522/7110 [7:00:33<3:56:17,  5.48s/it]
 64%|██████▎   | 4523/7110 [7:00:39<3:56:20,  5.48s/it]
 64%|██████▎   | 4524/7110 [7:00:44<3:55:25,  5.46s/it]
 64%|██████▎   | 4525/7110 [7:00:50<3:56:24,  5.49s/it]
 64%|██████▎   | 4526/7110 [7:00:55<3:55:18,  5.46s/it]
 64%|██████▎   | 4527/7110 [7:01:01<3:56:12,  5.49s/it]
 64%|██████▎   | 4528/7110 [7:01:06<3:56:59,  5.51s/it]
 64%|██████▎   | 4529/7110 [7:01:12<3:55:40,  5.48s/it]
 64%|██████▎   | 4530/7110 [7:01:17<3:56:30,  5.50s/it]
 64%|██████▎   | 4531/7110 [7:01:23<3:55:08,  5.47s/it]
 64%|██████▎   | 4532/7110 [7:01:28<3:55:57,  5.49s/it]
 64%|██████▍   | 4533/7110 [7:01:34<3:54:46,  5.47s/it]
 64%|██████▍   | 4534/7110 [7:01:39<3:55:42,  5.49s/it]
 64%|██████▍   | 4535/7110 [7:01:45<3:55:18,  5.48s/it]
 64%|██████▍   | 4536/7110 [7:01:50<3:55:18,  5.49s/it]
 64%|██████▍   | 4537/7110 [7:01:56<3:54:19,  5.46s/it]
 64%|██████▍   | 4538/7110 [7:02:01<3:55:07,  5.48s/it]
 64%|██████▍   | 4539/7110 [7:02:07<3:55:47,  5.50s/it]
 64%|██████▍   | 4540/7110 [7:02:12<3:54:27,  5.47s/it]
 64%|██████▍   | 4541/7110 [7:02:18<3:55:07,  5.49s/it]
 64%|██████▍   | 4542/7110 [7:02:23<3:54:28,  5.48s/it]
 64%|██████▍   | 4543/7110 [7:02:29<3:54:21,  5.48s/it]
 64%|██████▍   | 4544/7110 [7:02:34<3:53:53,  5.47s/it]
 64%|██████▍   | 4545/7110 [7:02:40<3:54:38,  5.49s/it]
 64%|██████▍   | 4546/7110 [7:02:45<3:53:31,  5.46s/it]
 64%|██████▍   | 4547/7110 [7:02:51<3:53:46,  5.47s/it]
 64%|██████▍   | 4548/7110 [7:02:56<3:52:53,  5.45s/it]
 64%|██████▍   | 4549/7110 [7:03:01<3:53:53,  5.48s/it]
 64%|██████▍   | 4550/7110 [7:03:07<3:55:16,  5.51s/it]
 64%|██████▍   | 4551/7110 [7:03:12<3:52:58,  5.46s/it]
 64%|██████▍   | 4552/7110 [7:03:18<3:54:33,  5.50s/it]
 64%|██████▍   | 4553/7110 [7:03:23<3:52:43,  5.46s/it]
 64%|██████▍   | 4554/7110 [7:03:29<3:53:40,  5.49s/it]
 64%|██████▍   | 4555/7110 [7:03:34<3:52:36,  5.46s/it]
 64%|██████▍   | 4556/7110 [7:03:40<3:53:34,  5.49s/it]
 64%|██████▍   | 4557/7110 [7:03:45<3:53:08,  5.48s/it]
 64%|██████▍   | 4558/7110 [7:03:51<3:53:52,  5.50s/it]
 64%|██████▍   | 4559/7110 [7:03:56<3:51:59,  5.46s/it]
 64%|██████▍   | 4560/7110 [7:04:02<3:52:51,  5.48s/it]
 64%|██████▍   | 4561/7110 [7:04:07<3:53:38,  5.50s/it]
 64%|██████▍   | 4562/7110 [7:04:13<3:52:24,  5.47s/it]
 64%|██████▍   | 4563/7110 [7:04:18<3:53:53,  5.51s/it]
 64%|██████▍   | 4564/7110 [7:04:24<3:52:22,  5.48s/it]
 64%|██████▍   | 4565/7110 [7:04:29<3:52:14,  5.48s/it]
 64%|██████▍   | 4566/7110 [7:04:35<3:51:19,  5.46s/it]
 64%|██████▍   | 4567/7110 [7:04:40<3:52:15,  5.48s/it]
 64%|██████▍   | 4568/7110 [7:04:46<3:51:55,  5.47s/it]
 64%|██████▍   | 4569/7110 [7:04:51<3:52:01,  5.48s/it]
 64%|██████▍   | 4570/7110 [7:04:57<3:51:30,  5.47s/it]
 64%|██████▍   | 4571/7110 [7:05:02<3:51:41,  5.48s/it]
 64%|██████▍   | 4572/7110 [7:05:08<3:52:27,  5.50s/it]
 64%|██████▍   | 4573/7110 [7:05:13<3:51:10,  5.47s/it]
 64%|██████▍   | 4574/7110 [7:05:18<3:52:01,  5.49s/it]
 64%|██████▍   | 4575/7110 [7:05:24<3:50:53,  5.46s/it]
 64%|██████▍   | 4576/7110 [7:05:29<3:51:39,  5.49s/it]
 64%|██████▍   | 4577/7110 [7:05:35<3:50:36,  5.46s/it]
 64%|██████▍   | 4578/7110 [7:05:40<3:52:06,  5.50s/it]
 64%|██████▍   | 4579/7110 [7:05:46<3:50:49,  5.47s/it]
 64%|██████▍   | 4580/7110 [7:05:51<3:51:02,  5.48s/it]
 64%|██████▍   | 4581/7110 [7:05:57<3:49:54,  5.45s/it]
 64%|██████▍   | 4582/7110 [7:06:02<3:51:25,  5.49s/it]
 64%|██████▍   | 4583/7110 [7:06:08<3:51:14,  5.49s/it]
 64%|██████▍   | 4584/7110 [7:06:13<3:50:01,  5.46s/it]
 64%|██████▍   | 4585/7110 [7:06:19<3:50:52,  5.49s/it]
 65%|██████▍   | 4586/7110 [7:06:24<3:49:48,  5.46s/it]
 65%|██████▍   | 4587/7110 [7:06:30<3:51:10,  5.50s/it]
 65%|██████▍   | 4588/7110 [7:06:35<3:49:56,  5.47s/it]
 65%|██████▍   | 4589/7110 [7:06:41<3:50:07,  5.48s/it]
 65%|██████▍   | 4590/7110 [7:06:46<3:49:16,  5.46s/it]
 65%|██████▍   | 4591/7110 [7:06:52<3:50:47,  5.50s/it]
 65%|██████▍   | 4592/7110 [7:06:57<3:49:29,  5.47s/it]
 65%|██████▍   | 4593/7110 [7:07:03<3:50:17,  5.49s/it]
 65%|██████▍   | 4594/7110 [7:07:08<3:50:14,  5.49s/it]
 65%|██████▍   | 4595/7110 [7:07:13<3:49:08,  5.47s/it]
 65%|██████▍   | 4596/7110 [7:07:19<3:49:53,  5.49s/it]
 65%|██████▍   | 4597/7110 [7:07:24<3:48:43,  5.46s/it]
 65%|██████▍   | 4598/7110 [7:07:30<3:49:31,  5.48s/it]
 65%|██████▍   | 4599/7110 [7:07:35<3:48:30,  5.46s/it]
 65%|██████▍   | 4600/7110 [7:07:41<3:49:36,  5.49s/it]
 65%|██████▍   | 4601/7110 [7:07:46<3:48:36,  5.47s/it]
 65%|██████▍   | 4602/7110 [7:07:52<3:50:08,  5.51s/it]
 65%|██████▍   | 4603/7110 [7:07:57<3:48:11,  5.46s/it]
 65%|██████▍   | 4604/7110 [7:08:03<3:48:59,  5.48s/it]
 65%|██████▍   | 4605/7110 [7:08:08<3:49:35,  5.50s/it]
 65%|██████▍   | 4606/7110 [7:08:14<3:48:26,  5.47s/it]
 65%|██████▍   | 4607/7110 [7:08:19<3:49:13,  5.49s/it]
 65%|██████▍   | 4608/7110 [7:08:25<3:48:11,  5.47s/it]
 65%|██████▍   | 4609/7110 [7:08:30<3:48:52,  5.49s/it]
 65%|██████▍   | 4610/7110 [7:08:36<3:48:26,  5.48s/it]
 65%|██████▍   | 4611/7110 [7:08:41<3:49:03,  5.50s/it]
 65%|██████▍   | 4612/7110 [7:08:47<3:47:54,  5.47s/it]
 65%|██████▍   | 4613/7110 [7:08:52<3:48:01,  5.48s/it]
 65%|██████▍   | 4614/7110 [7:08:58<3:47:02,  5.46s/it]
 65%|██████▍   | 4615/7110 [7:09:03<3:47:57,  5.48s/it]
 65%|██████▍   | 4616/7110 [7:09:09<3:48:46,  5.50s/it]
 65%|██████▍   | 4617/7110 [7:09:14<3:48:13,  5.49s/it]
 65%|██████▍   | 4618/7110 [7:09:20<3:48:15,  5.50s/it]
 65%|██████▍   | 4619/7110 [7:09:25<3:47:04,  5.47s/it]
 65%|██████▍   | 4620/7110 [7:09:31<3:47:47,  5.49s/it]
 65%|██████▍   | 4621/7110 [7:09:36<3:47:21,  5.48s/it]
 65%|██████▌   | 4622/7110 [7:09:42<3:47:22,  5.48s/it]
 65%|██████▌   | 4623/7110 [7:09:47<3:46:15,  5.46s/it]
 65%|██████▌   | 4624/7110 [7:09:53<3:47:46,  5.50s/it]
 65%|██████▌   | 4625/7110 [7:09:58<3:46:39,  5.47s/it]
 65%|██████▌   | 4626/7110 [7:10:03<3:46:45,  5.48s/it]
 65%|██████▌   | 4627/7110 [7:10:09<3:47:26,  5.50s/it]
 65%|██████▌   | 4628/7110 [7:10:14<3:46:18,  5.47s/it]
 65%|██████▌   | 4629/7110 [7:10:20<3:47:14,  5.50s/it]
 65%|██████▌   | 4630/7110 [7:10:25<3:45:59,  5.47s/it]
 65%|██████▌   | 4631/7110 [7:10:31<3:46:51,  5.49s/it]
 65%|██████▌   | 4632/7110 [7:10:36<3:45:47,  5.47s/it]
 65%|██████▌   | 4633/7110 [7:10:42<3:47:17,  5.51s/it]
 65%|██████▌   | 4634/7110 [7:10:47<3:45:30,  5.46s/it]
 65%|██████▌   | 4635/7110 [7:10:53<3:47:02,  5.50s/it]
 65%|██████▌   | 4636/7110 [7:10:58<3:45:14,  5.46s/it]
 65%|██████▌   | 4637/7110 [7:11:04<3:46:08,  5.49s/it]
 65%|██████▌   | 4638/7110 [7:11:09<3:47:29,  5.52s/it]
 65%|██████▌   | 4639/7110 [7:11:15<3:46:10,  5.49s/it]
 65%|██████▌   | 4640/7110 [7:11:20<3:46:12,  5.49s/it]
 65%|██████▌   | 4641/7110 [7:11:26<3:44:59,  5.47s/it]
 65%|██████▌   | 4642/7110 [7:11:31<3:45:50,  5.49s/it]
 65%|██████▌   | 4643/7110 [7:11:37<3:44:38,  5.46s/it]
 65%|██████▌   | 4644/7110 [7:11:42<3:45:32,  5.49s/it]
 65%|██████▌   | 4645/7110 [7:11:48<3:45:01,  5.48s/it]
 65%|██████▌   | 4646/7110 [7:11:53<3:44:58,  5.48s/it]
 65%|██████▌   | 4647/7110 [7:11:59<3:44:34,  5.47s/it]
 65%|██████▌   | 4648/7110 [7:12:04<3:44:31,  5.47s/it]
 65%|██████▌   | 4649/7110 [7:12:10<3:45:55,  5.51s/it]
 65%|██████▌   | 4650/7110 [7:12:15<3:44:04,  5.47s/it]
 65%|██████▌   | 4651/7110 [7:12:21<3:45:36,  5.50s/it]
 65%|██████▌   | 4652/7110 [7:12:26<3:44:19,  5.48s/it]
 65%|██████▌   | 4653/7110 [7:12:31<3:44:24,  5.48s/it]
 65%|██████▌   | 4654/7110 [7:12:37<3:43:26,  5.46s/it]
 65%|██████▌   | 4655/7110 [7:12:42<3:45:05,  5.50s/it]
 65%|██████▌   | 4656/7110 [7:12:48<3:43:17,  5.46s/it]
 65%|██████▌   | 4657/7110 [7:12:53<3:44:11,  5.48s/it]
 66%|██████▌   | 4658/7110 [7:12:59<3:43:08,  5.46s/it]
 66%|██████▌   | 4659/7110 [7:13:04<3:43:58,  5.48s/it]
 66%|██████▌   | 4660/7110 [7:13:10<3:44:40,  5.50s/it]
 66%|██████▌   | 4661/7110 [7:13:15<3:44:08,  5.49s/it]
 66%|██████▌   | 4662/7110 [7:13:21<3:44:53,  5.51s/it]
 66%|██████▌   | 4663/7110 [7:13:26<3:42:52,  5.46s/it]
 66%|██████▌   | 4664/7110 [7:13:32<3:43:44,  5.49s/it]
 66%|██████▌   | 4665/7110 [7:13:37<3:42:43,  5.47s/it]
 66%|██████▌   | 4666/7110 [7:13:43<3:43:40,  5.49s/it]
 66%|██████▌   | 4667/7110 [7:13:48<3:43:05,  5.48s/it]
 66%|██████▌   | 4668/7110 [7:13:54<3:43:37,  5.49s/it]
 66%|██████▌   | 4669/7110 [7:13:59<3:41:52,  5.45s/it]
 66%|██████▌   | 4670/7110 [7:14:05<3:42:51,  5.48s/it]
 66%|██████▌   | 4671/7110 [7:14:10<3:44:10,  5.51s/it]
 66%|██████▌   | 4672/7110 [7:14:16<3:42:19,  5.47s/it]
 66%|██████▌   | 4673/7110 [7:14:21<3:43:09,  5.49s/it]
 66%|██████▌   | 4674/7110 [7:14:27<3:41:50,  5.46s/it]
 66%|██████▌   | 4675/7110 [7:14:32<3:42:36,  5.49s/it]
 66%|██████▌   | 4676/7110 [7:14:37<3:41:33,  5.46s/it]
 66%|██████▌   | 4677/7110 [7:14:43<3:42:30,  5.49s/it]
 66%|██████▌   | 4678/7110 [7:14:48<3:41:25,  5.46s/it]
 66%|██████▌   | 4679/7110 [7:14:54<3:42:07,  5.48s/it]
 66%|██████▌   | 4680/7110 [7:14:59<3:41:08,  5.46s/it]
 66%|██████▌   | 4681/7110 [7:15:05<3:42:02,  5.48s/it]
 66%|██████▌   | 4682/7110 [7:15:10<3:42:43,  5.50s/it]
 66%|██████▌   | 4683/7110 [7:15:16<3:42:07,  5.49s/it]
 66%|██████▌   | 4684/7110 [7:15:21<3:42:10,  5.49s/it]
 66%|██████▌   | 4685/7110 [7:15:27<3:41:01,  5.47s/it]
 66%|██████▌   | 4686/7110 [7:15:32<3:41:50,  5.49s/it]
 66%|██████▌   | 4687/7110 [7:15:38<3:41:19,  5.48s/it]
 66%|██████▌   | 4688/7110 [7:15:43<3:41:51,  5.50s/it]
 66%|██████▌   | 4689/7110 [7:15:49<3:40:34,  5.47s/it]
 66%|██████▌   | 4690/7110 [7:15:54<3:40:37,  5.47s/it]
 66%|██████▌   | 4691/7110 [7:16:00<3:39:39,  5.45s/it]
 66%|██████▌   | 4692/7110 [7:16:05<3:40:34,  5.47s/it]
 66%|██████▌   | 4693/7110 [7:16:11<3:41:45,  5.50s/it]
 66%|██████▌   | 4694/7110 [7:16:16<3:39:46,  5.46s/it]
 66%|██████▌   | 4695/7110 [7:16:22<3:40:37,  5.48s/it]
 66%|██████▌   | 4696/7110 [7:16:27<3:39:24,  5.45s/it]
 66%|██████▌   | 4697/7110 [7:16:33<3:40:18,  5.48s/it]
 66%|██████▌   | 4698/7110 [7:16:38<3:39:19,  5.46s/it]
 66%|██████▌   | 4699/7110 [7:16:44<3:40:11,  5.48s/it]
 66%|██████▌   | 4700/7110 [7:16:49<3:39:10,  5.46s/it]
 66%|██████▌   | 4701/7110 [7:16:54<3:39:56,  5.48s/it]
 66%|██████▌   | 4702/7110 [7:17:00<3:39:38,  5.47s/it]
 66%|██████▌   | 4703/7110 [7:17:05<3:39:50,  5.48s/it]
 66%|██████▌   | 4704/7110 [7:17:11<3:40:36,  5.50s/it]
 66%|██████▌   | 4705/7110 [7:17:16<3:39:23,  5.47s/it]
 66%|██████▌   | 4706/7110 [7:17:22<3:40:16,  5.50s/it]
 66%|██████▌   | 4707/7110 [7:17:27<3:39:00,  5.47s/it]
 66%|██████▌   | 4708/7110 [7:17:33<3:39:52,  5.49s/it]
 66%|██████▌   | 4709/7110 [7:17:38<3:38:49,  5.47s/it]
 66%|██████▌   | 4710/7110 [7:17:44<3:39:38,  5.49s/it]
 66%|██████▋   | 4711/7110 [7:17:49<3:38:30,  5.47s/it]
 66%|██████▋   | 4712/7110 [7:17:55<3:39:19,  5.49s/it]
 66%|██████▋   | 4713/7110 [7:18:00<3:38:48,  5.48s/it]
 66%|██████▋   | 4714/7110 [7:18:06<3:38:50,  5.48s/it]
 66%|██████▋   | 4715/7110 [7:18:11<3:39:30,  5.50s/it]
 66%|██████▋   | 4716/7110 [7:18:17<3:38:19,  5.47s/it]
 66%|██████▋   | 4717/7110 [7:18:22<3:39:40,  5.51s/it]
 66%|██████▋   | 4718/7110 [7:18:28<3:38:18,  5.48s/it]
 66%|██████▋   | 4719/7110 [7:18:33<3:38:28,  5.48s/it]
 66%|██████▋   | 4720/7110 [7:18:39<3:37:32,  5.46s/it]
 66%|██████▋   | 4721/7110 [7:18:44<3:38:55,  5.50s/it]
 66%|██████▋   | 4722/7110 [7:18:50<3:37:42,  5.47s/it]
 66%|██████▋   | 4723/7110 [7:18:55<3:38:17,  5.49s/it]
 66%|██████▋   | 4724/7110 [7:19:00<3:36:31,  5.44s/it]
 66%|██████▋   | 4725/7110 [7:19:06<3:37:22,  5.47s/it]
 66%|██████▋   | 4726/7110 [7:19:11<3:38:(0,)
########## New lowest validation loss achieved ########### sim-RMS = 0.0005193451070226729
It 4740, sqrt loss 0.001233, Val sim-RMS 0.0005193, Time Loss: 97.5%, data: 0.6%, val: 1.9%,  5.6 sec/batch
07,  5.49s/it]
 66%|██████▋   | 4727/7110 [7:19:17<3:37:05,  5.47s/it]
 66%|██████▋   | 4728/7110 [7:19:22<3:37:50,  5.49s/it]
 67%|██████▋   | 4729/7110 [7:19:28<3:36:57,  5.47s/it]
 67%|██████▋   | 4730/7110 [7:19:33<3:37:47,  5.49s/it]
 67%|██████▋   | 4731/7110 [7:19:39<3:36:42,  5.47s/it]
 67%|██████▋   | 4732/7110 [7:19:44<3:37:31,  5.49s/it]
 67%|██████▋   | 4733/7110 [7:19:50<3:36:35,  5.47s/it]
 67%|██████▋   | 4734/7110 [7:19:55<3:37:22,  5.49s/it]
 67%|██████▋   | 4735/7110 [7:20:01<3:36:58,  5.48s/it]
 67%|██████▋   | 4736/7110 [7:20:06<3:36:56,  5.48s/it]
 67%|██████▋   | 4737/7110 [7:20:12<3:37:35,  5.50s/it]
 67%|██████▋   | 4738/7110 [7:20:17<3:36:20,  5.47s/it]
 67%|██████▋   | 4739/7110 [7:20:23<3:37:05,  5.49s/it]
 67%|██████▋   | 4740/7110 [7:20:53<8:26:01, 12.81s/it]
 67%|██████▋   | 4741/7110 [7:20:58<6:59:00, 10.61s/it]
 67%|██████▋   | 4742/7110 [7:21:04<5:57:13,  9.05s/it]
 67%|██████▋   | 4743/7110 [7:21:09<5:16:03,  8.01s/it]
 67%|██████▋   | 4744/7110 [7:21:14<4:44:27,  7.21s/it]
 67%|██████▋   | 4745/7110 [7:21:20<4:24:34,  6.71s/it]
 67%|██████▋   | 4746/7110 [7:21:25<4:08:49,  6.32s/it]
 67%|██████▋   | 4747/7110 [7:21:31<3:59:23,  6.08s/it]
 67%|██████▋   | 4748/7110 [7:21:36<3:52:58,  5.92s/it]
 67%|██████▋   | 4749/7110 [7:21:42<3:46:49,  5.76s/it]
 67%|██████▋   | 4750/7110 [7:21:47<3:44:05,  5.70s/it]
 67%|██████▋   | 4751/7110 [7:21:53<3:40:36,  5.61s/it]
 67%|██████▋   | 4752/7110 [7:21:58<3:39:34,  5.59s/it]
 67%|██████▋   | 4753/7110 [7:22:04<3:37:14,  5.53s/it]
 67%|██████▋   | 4754/7110 [7:22:09<3:37:15,  5.53s/it]
 67%|██████▋   | 4755/7110 [7:22:15<3:35:34,  5.49s/it]
 67%|██████▋   | 4756/7110 [7:22:20<3:35:56,  5.50s/it]
 67%|██████▋   | 4757/7110 [7:22:26<3:35:12,  5.49s/it]
 67%|██████▋   | 4758/7110 [7:22:31<3:35:02,  5.49s/it]
 67%|██████▋   | 4759/7110 [7:22:37<3:35:29,  5.50s/it]
 67%|██████▋   | 4760/7110 [7:22:42<3:34:18,  5.47s/it]
 67%|██████▋   | 4761/7110 [7:22:48<3:35:33,  5.51s/it]
 67%|██████▋   | 4762/7110 [7:22:53<3:33:32,  5.46s/it]
 67%|██████▋   | 4763/7110 [7:22:59<3:34:51,  5.49s/it]
 67%|██████▋   | 4764/7110 [7:23:04<3:33:43,  5.47s/it]
 67%|██████▋   | 4765/7110 [7:23:10<3:34:17,  5.48s/it]
 67%|██████▋   | 4766/7110 [7:23:15<3:34:11,  5.48s/it]
 67%|██████▋   | 4767/7110 [7:23:20<3:33:06,  5.46s/it]
 67%|██████▋   | 4768/7110 [7:23:26<3:34:21,  5.49s/it]
 67%|██████▋   | 4769/7110 [7:23:31<3:32:35,  5.45s/it]
 67%|██████▋   | 4770/7110 [7:23:37<3:34:01,  5.49s/it]
 67%|██████▋   | 4771/7110 [7:23:42<3:32:29,  5.45s/it]
 67%|██████▋   | 4772/7110 [7:23:48<3:33:22,  5.48s/it]
 67%|██████▋   | 4773/7110 [7:23:53<3:34:04,  5.50s/it]
 67%|██████▋   | 4774/7110 [7:23:59<3:33:31,  5.48s/it]
 67%|██████▋   | 4775/7110 [7:24:04<3:34:07,  5.50s/it]
 67%|██████▋   | 4776/7110 [7:24:10<3:32:16,  5.46s/it]
 67%|██████▋   | 4777/7110 [7:24:15<3:33:03,  5.48s/it]
 67%|██████▋   | 4778/7110 [7:24:21<3:32:00,  5.45s/it]
 67%|██████▋   | 4779/7110 [7:24:26<3:32:42,  5.48s/it]
 67%|██████▋   | 4780/7110 [7:24:32<3:33:15,  5.49s/it]
 67%|██████▋   | 4781/7110 [7:24:37<3:32:04,  5.46s/it]
 67%|██████▋   | 4782/7110 [7:24:43<3:33:24,  5.50s/it]
 67%|██████▋   | 4783/7110 [7:24:48<3:31:29,  5.45s/it]
 67%|██████▋   | 4784/7110 [7:24:54<3:32:57,  5.49s/it]
 67%|██████▋   | 4785/7110 [7:24:59<3:31:09,  5.45s/it]
 67%|██████▋   | 4786/7110 [7:25:04<3:32:07,  5.48s/it]
 67%|██████▋   | 4787/7110 [7:25:10<3:31:15,  5.46s/it]
 67%|██████▋   | 4788/7110 [7:25:15<3:32:37,  5.49s/it]
 67%|██████▋   | 4789/7110 [7:25:21<3:31:30,  5.47s/it]
 67%|██████▋   | 4790/7110 [7:25:26<3:31:21,  5.47s/it]
 67%|██████▋   | 4791/7110 [7:25:32<3:32:08,  5.49s/it]
 67%|██████▋   | 4792/7110 [7:25:37<3:31:06,  5.46s/it]
 67%|██████▋   | 4793/7110 [7:25:43<3:32:02,  5.49s/it]
 67%|██████▋   | 4794/7110 [7:25:48<3:31:28,  5.48s/it]
 67%|██████▋   | 4795/7110 [7:25:54<3:31:26,  5.48s/it]
 67%|██████▋   | 4796/7110 [7:25:59<3:30:28,  5.46s/it]
 67%|██████▋   | 4797/7110 [7:26:05<3:31:15,  5.48s/it]
 67%|██████▋   | 4798/7110 [7:26:10<3:30:12,  5.46s/it]
 67%|██████▋   | 4799/7110 [7:26:16<3:31:00,  5.48s/it]
 68%|██████▊   | 4800/7110 [7:26:21<3:30:05,  5.46s/it]
 68%|██████▊   | 4801/7110 [7:26:27<3:30:44,  5.48s/it]
 68%|██████▊   | 4802/7110 [7:26:32<3:31:16,  5.49s/it]
 68%|██████▊   | 4803/7110 [7:26:38<3:30:18,  5.47s/it]
 68%|██████▊   | 4804/7110 [7:26:43<3:31:03,  5.49s/it]
 68%|██████▊   | 4805/7110 [7:26:48<3:30:03,  5.47s/it]
 68%|██████▊   | 4806/7110 [7:26:54<3:31:29,  5.51s/it]
 68%|██████▊   | 4807/7110 [7:26:59<3:29:45,  5.46s/it]
 68%|██████▊   | 4808/7110 [7:27:05<3:31:10,  5.50s/it]
 68%|██████▊   | 4809/7110 [7:27:10<3:29:26,  5.46s/it]
 68%|██████▊   | 4810/7110 [7:27:16<3:30:45,  5.50s/it]
 68%|██████▊   | 4811/7110 [7:27:21<3:29:37,  5.47s/it]
 68%|██████▊   | 4812/7110 [7:27:27<3:29:37,  5.47s/it]
 68%|██████▊   | 4813/7110 [7:27:32<3:30:50,  5.51s/it]
 68%|██████▊   | 4814/7110 [7:27:38<3:28:54,  5.46s/it]
 68%|██████▊   | 4815/7110 [7:27:43<3:29:57,  5.49s/it]
 68%|██████▊   | 4816/7110 [7:27:49<3:29:31,  5.48s/it]
 68%|██████▊   | 4817/7110 [7:27:54<3:29:35,  5.48s/it]
 68%|██████▊   | 4818/7110 [7:28:00<3:28:36,  5.46s/it]
 68%|██████▊   | 4819/7110 [7:28:05<3:29:29,  5.49s/it]
 68%|██████▊   | 4820/7110 [7:28:11<3:28:32,  5.46s/it]
 68%|██████▊   | 4821/7110 [7:28:16<3:29:58,  5.50s/it]
 68%|██████▊   | 4822/7110 [7:28:22<3:28:10,  5.46s/it]
 68%|██████▊   | 4823/7110 [7:28:27<3:28:53,  5.48s/it]
 68%|██████▊   | 4824/7110 [7:28:33<3:29:36,  5.50s/it]
 68%|██████▊   | 4825/7110 [7:28:38<3:28:21,  5.47s/it]
 68%|██████▊   | 4826/7110 [7:28:44<3:29:41,  5.51s/it]
 68%|██████▊   | 4827/7110 [7:28:49<3:28:26,  5.48s/it]
 68%|██████▊   | 4828/7110 [7:28:55<3:29:02,  5.50s/it]
 68%|██████▊   | 4829/7110 [7:29:00<3:27:57,  5.47s/it]
 68%|██████▊   | 4830/7110 [7:29:06<3:28:07,  5.48s/it]
 68%|██████▊   | 4831/7110 [7:29:11<3:27:15,  5.46s/it]
 68%|██████▊   | 4832/7110 [7:29:16<3:28:02,  5.48s/it]
 68%|██████▊   | 4833/7110 [7:29:22<3:26:59,  5.45s/it]
 68%|██████▊   | 4834/7110 [7:29:27<3:27:36,  5.47s/it]
 68%|██████▊   | 4835/7110 [7:29:33<3:28:13,  5.49s/it]
 68%|██████▊   | 4836/7110 [7:29:38<3:27:03,  5.46s/it]
 68%|██████▊   | 4837/7110 [7:29:44<3:28:28,  5.50s/it]
 68%|██████▊   | 4838/7110 [7:29:49<3:27:27,  5.48s/it]
 68%|██████▊   | 4839/7110 [7:29:55<3:27:32,  5.48s/it]
 68%|██████▊   | 4840/7110 [7:30:00<3:26:30,  5.46s/it]
 68%|██████▊   | 4841/7110 [7:30:06<3:27:55,  5.50s/it]
 68%|██████▊   | 4842/7110 [7:30:11<3:26:16,  5.46s/it]
 68%|██████▊   | 4843/7110 [7:30:17<3:27:33,  5.49s/it]
 68%|██████▊   | 4844/7110 [7:30:22<3:26:01,  5.46s/it]
 68%|██████▊   | 4845/7110 [7:30:28<3:27:15,  5.49s/it]
 68%|██████▊   | 4846/7110 [7:30:33<3:27:05,  5.49s/it]
 68%|██████▊   | 4847/7110 [7:30:39<3:26:32,  5.48s/it]
 68%|██████▊   | 4848/7110 [7:30:44<3:26:38,  5.48s/it]
 68%|██████▊   | 4849/7110 [7:30:50<3:25:40,  5.46s/it]
 68%|██████▊   | 4850/7110 [7:30:55<3:26:35,  5.48s/it]
 68%|██████▊   | 4851/7110 [7:31:00<3:25:33,  5.46s/it]
 68%|██████▊   | 4852/7110 [7:31:06<3:26:19,  5.48s/it]
 68%|██████▊   | 4853/7110 [7:31:11<3:25:20,  5.46s/it]
 68%|██████▊   | 4854/7110 [7:31:17<3:26:02,  5.48s/it]
 68%|██████▊   | 4855/7110 [7:31:22<3:25:44,  5.47s/it]
 68%|██████▊   | 4856/7110 [7:31:28<3:25:37,  5.47s/it]
 68%|██████▊   | 4857/7110 [7:31:33<3:26:16,  5.49s/it]
 68%|██████▊   | 4858/7110 [7:31:39<3:25:45,  5.48s/it]
 68%|██████▊   | 4859/7110 [7:31:44<3:25:50,  5.49s/it]
 68%|██████▊   | 4860/7110 [7:31:50<3:25:25,  5.48s/it]
 68%|██████▊   | 4861/7110 [7:31:55<3:25:28,  5.48s/it]
 68%|██████▊   | 4862/7110 [7:32:01<3:24:31,  5.46s/it]
 68%|██████▊   | 4863/7110 [7:32:06<3:25:15,  5.48s/it]
 68%|██████▊   | 4864/7110 [7:32:12<3:24:22,  5.46s/it]
 68%|██████▊   | 4865/7110 [7:32:17<3:25:09,  5.48s/it]
 68%|██████▊   | 4866/7110 [7:32:23<3:24:47,  5.48s/it]
 68%|██████▊   | 4867/7110 [7:32:28<3:24:39,  5.47s/it]
 68%|██████▊   | 4868/7110 [7:32:34<3:25:52,  5.51s/it]
 68%|██████▊   | 4869/7110 [7:32:39<3:24:08,  5.47s/it]
 68%|██████▊   | 4870/7110 [7:32:45<3:24:50,  5.49s/it]
 69%|██████▊   | 4871/7110 [7:32:50<3:23:48,  5.46s/it]
 69%|██████▊   | 4872/7110 [7:32:56<3:25:05,  5.50s/it]
 69%|██████▊   | 4873/7110 [7:33:01<3:23:24,  5.46s/it]
 69%|██████▊   | 4874/7110 [7:33:07<3:24:15,  5.48s/it]
 69%|██████▊   | 4875/7110 [7:33:12<3:23:23,  5.46s/it]
 69%|██████▊   | 4876/7110 [7:33:17<3:24:04,  5.48s/it]
 69%|██████▊   | 4877/7110 [7:33:23<3:23:05,  5.46s/it]
 69%|██████▊   | 4878/7110 [7:33:28<3:24:18,  5.49s/it]
 69%|██████▊   | 4879/7110 [7:33:34<3:24:13,  5.49s/it]
 69%|██████▊   | 4880/7110 [7:33:39<3:23:42,  5.48s/it]
 69%|██████▊   | 4881/7110 [7:33:45<3:23:42,  5.48s/it]
 69%|██████▊   | 4882/7110 [7:33:50<3:23:16,  5.47s/it]
 69%|██████▊   | 4883/7110 [7:33:56<3:23:21,  5.48s/it]
 69%|██████▊   | 4884/7110 [7:34:01<3:22:29,  5.46s/it]
 69%|██████▊   | 4885/7110 [7:34:07<3:23:49,  5.50s/it]
 69%|██████▊   | 4886/7110 [7:34:12<3:22:35,  5.47s/it]
 69%|██████▊   | 4887/7110 [7:34:18<3:22:45,  5.47s/it]
 69%|██████▊   | 4888/7110 [7:34:23<3:22:35,  5.47s/it]
 69%|██████▉   | 4889/7110 [7:34:29<3:22:25,  5.47s/it]
 69%|██████▉   | 4890/7110 [7:34:34<3:23:07,  5.49s/it]
 69%|██████▉   | 4891/7110 [7:34:40<3:22:04,  5.46s/it]
 69%|██████▉   | 4892/7110 [7:34:45<3:22:51,  5.49s/it]
 69%|██████▉   | 4893/7110 [7:34:51<3:21:53,  5.46s/it]
 69%|██████▉   | 4894/7110 [7:34:56<3:22:44,  5.49s/it]
 69%|██████▉   | 4895/7110 [7:35:01<3:21:45,  5.47s/it]
 69%|██████▉   | 4896/7110 [7:35:07<3:23:00,  5.50s/it]
 69%|██████▉   | 4897/7110 [7:35:12<3:21:53,  5.47s/it]
 69%|██████▉   | 4898/7110 [7:35:18<3:21:45,  5.47s/it]
 69%|██████▉   | 4899/7110 [7:35:23<3:21:22,  5.46s/it]
 69%|██████▉   | 4900/7110 [7:35:29<3:21:19,  5.47s/it]
 69%|██████▉   | 4901/7110 [7:35:34<3:21:57,  5.49s/it]
 69%|██████▉   | 4902/7110 [7:35:40<3:21:25,  5.47s/it]
 69%|██████▉   | 4903/7110 [7:35:45<3:22:07,  5.49s/it]
 69%|██████▉   | 4904/7110 [7:35:51<3:20:31,  5.45s/it]
 69%|██████▉   | 4905/7110 [7:35:56<3:21:55,  5.49s/it]
 69%|██████▉   | 4906/7110 [7:36:02<3:20:16,  5.45s/it]
 69%|██████▉   | 4907/7110 [7:36:07<3:21:36,  5.49s/it]
 69%|██████▉   | 4908/7110 [7:36:13<3:19:58,  5.45s/it]
 69%|██████▉   | 4909/7110 [7:36:18<3:20:43,  5.47s/it]
 69%|██████▉   | 4910/7110 [7:36:24<3:19:51,  5.45s/it]
 69%|██████▉   | 4911/7110 [7:36:29<3:21:02,  5.49s/it]
 69%|██████▉   | 4912/7110 [7:36:35<3:20:58,  5.49s/it]
 69%|██████▉   | 4913/7110 [7:36:40<3:19:55,  5.46s/it]
 69%|██████▉   | 4914/7110 [7:36:46<3:20:47,  5.49s/it]
 69%|██████▉   | 4915/7110 [7:36:51<3:19:47,  5.46s/it]
 69%|██████▉   | 4916/7110 [7:36:57<3:21:07,  5.50s/it]
 69%|██████▉   | 4917/7110 [7:37:02<3:19:25,  5.46s/it]
 69%|██████▉   | 4918/7110 [7:37:07<3:20:45,  5.49s/it]
 69%|██████▉   | 4919/7110 [7:37:13<3:19:48,  5.47s/it]
 69%|██████▉   | 4920/7110 [7:37:18<3:19:45,  5.47s/it]
 69%|██████▉   | 4921/7110 [7:37:24<3:18:49,  5.45s/it]
 69%|██████▉   | 4922/7110 [7:37:29<3:19:57,  5.48s/it]
 69%|██████▉   | 4923/7110 [7:37:35<3:19:56,  5.49s/it]
 69%|██████▉   | 4924/7110 [7:37:40<3:18:55,  5.46s/it]
 69%|██████▉   | 4925/7110 [7:37:46<3:20:12,  5.50s/it]
 69%|██████▉   | 4926/7110 [7:37:51<3:18:39,  5.46s/it]
 69%|██████▉   | 4927/7110 [7:37:57<3:19:30,  5.48s/it]
 69%|██████▉   | 4928/7110 [7:38:02<3:19:05,  5.47s/it]
 69%|██████▉   | 4929/7110 [7:38:08<3:19:35,  5.49s/it]
 69%|██████▉   | 4930/7110 [7:38:13<3:17:51,  5.45s/it]
 69%|██████▉   | 4931/7110 [7:38:19<3:19:11,  5.48s/it]
 69%|██████▉   | 4932/7110 [7:38:24<3:17:42,  5.45s/it]
 69%|██████▉   | 4933/7110 [7:38:29<3:18:32,  5.47s/it]
 69%|██████▉   | 4934/7110 [7:38:35<3:19:14,  5.49s/it]
 69%|██████▉   | 4935/7110 [7:38:40<3:18:41,  5.48s/it]
 69%|██████▉   | 4936/7110 [7:38:46<3:19:14,  5.50s/it]
 69%|██████▉   | 4937/7110 [7:38:51<3:18:10,  5.47s/it]
 69%|██████▉   | 4938/7110 [7:38:57<3:18:20,  5.48s/it]
 69%|██████▉   | 4939/7110 [7:39:02<3:17:29,  5.46s/it]
 69%|██████▉   | 4940/7110 [7:39:08<3:18:16,  5.48s/it]
 69%|██████▉   | 4941/7110 [7:39:13<3:17:56,  5.48s/it]
 70%|██████▉   | 4942/7110 [7:39:19<3:18:34,  5.50s/it]
 70%|██████▉   | 4943/7110 [7:39:24<3:16:59,  5.45s/it]
 70%|██████▉   | 4944/7110 [7:39:30<3:17:38,  5.47s/it]
 70%|██████▉   | 4945/7110 [7:39:35<3:18:16,  5.49s/it]
 70%|██████▉   | 4946/7110 [7:39:41<3:17:40,  5.48s/it]
 70%|██████▉   | 4947/7110 [7:39:46<3:17:44,  5.48s/it]
 70%|██████▉   | 4948/7110 [7:39:52<3:17:17,  5.48s/it]
 70%|██████▉   | 4949/7110 [7:39:57<3:17:18,  5.48s/it]
 70%|██████▉   | 4950/7110 [7:40:03<3:16:24,  5.46s/it]
 70%|██████▉   | 4951/7110 [7:40:08<3:17:09,  5.48s/it]
 70%|██████▉   | 4952/7110 [7:40:14<3:16:50,  5.47s/it]
 70%|██████▉   | 4953/7110 [7:40:19<3:17:29,  5.49s/it]
 70%|██████▉   | 4954/7110 [7:40:24<3:15:57,  5.45s/it]
 70%|██████▉   | 4955/7110 [7:40:30<3:16:31,  5.47s/it]
 70%|██████▉   | 4956/7110 [7:40:36<3:17:07,  5.49s/it]
 70%|██████▉   | 4957/7110 [7:40:41<3:16:00,  5.46s/it]
 70%|██████▉   | 4958/7110 [7:40:46<3:16:42,  5.48s/it]
 70%|██████▉   | 4959/7110 [7:40:52<3:15:41,  5.46s/it]
 70%|██████▉   | 4960/7110 [7:40:57<3:16:52,  5.49s/it]
 70%|██████▉   | 4961/7110 [7:41:03<3:15:23,  5.46s/it]
 70%|██████▉   | 4962/7110 [7:41:08<3:16:06,  5.48s/it]
 70%|██████▉   | 4963/7110 [7:41:14<3:15:42,  5.47s/it]
 70%|██████▉   | 4964/7110 [7:41:19<3:15:43,  5.47s/it]
 70%|██████▉   | 4965/7110 [7:41:25<3:15:19,  5.46s/it]
 70%|██████▉   | 4966/7110 [7:41:30<3:16:00,  5.49s/it]
 70%|██████▉   | 4967/7110 [7:41:36<3:16:22,  5.50s/it]
 70%|██████▉   | 4968/7110 [7:41:41<3:15:09,  5.47s/it]
 70%|██████▉   | 4969/7110 [7:41:47<3:15:11,  5.47s/it]
 70%|██████▉   | 4970/7110 [7:41:52<3:14:27,  5.45s/it]
 70%|██████▉   | 4971/7110 [7:41:58<3:15:51,  5.49s/it]
 70%|██████▉   | 4972/7110 [7:42:03<3:14:11,  5.45s/it]
 70%|██████▉   | 4973/7110 [7:42:09<3:15:00,  5.48s/it]
 70%|██████▉   | 4974/7110 [7:42:14<3:14:07,  5.45s/it]
 70%|██████▉   | 49(0,)
It 4977, sqrt loss 0.003544, Val sim-RMS 0.0008809, Time Loss: 97.5%, data: 0.6%, val: 1.9%,  5.6 sec/batch
75/7110 [7:42:20<3:15:27,  5.49s/it]
 70%|██████▉   | 4976/7110 [7:42:25<3:13:51,  5.45s/it]
 70%|███████   | 4977/7110 [7:42:55<7:35:27, 12.81s/it]
 70%|███████   | 4978/7110 [7:43:00<6:17:13, 10.62s/it]
 70%|███████   | 4979/7110 [7:43:06<5:22:04,  9.07s/it]
 70%|███████   | 4980/7110 [7:43:11<4:44:20,  8.01s/it]
 70%|███████   | 4981/7110 [7:43:17<4:15:51,  7.21s/it]
 70%|███████   | 4982/7110 [7:43:22<3:57:40,  6.70s/it]
 70%|███████   | 4983/7110 [7:43:28<3:43:35,  6.31s/it]
 70%|███████   | 4984/7110 [7:43:33<3:35:06,  6.07s/it]
 70%|███████   | 4985/7110 [7:43:39<3:27:51,  5.87s/it]
 70%|███████   | 4986/7110 [7:43:44<3:24:02,  5.76s/it]
 70%|███████   | 4987/7110 [7:43:50<3:21:59,  5.71s/it]
 70%|███████   | 4988/7110 [7:43:55<3:18:04,  5.60s/it]
 70%|███████   | 4989/7110 [7:44:00<3:17:15,  5.58s/it]
 70%|███████   | 4990/7110 [7:44:06<3:15:58,  5.55s/it]
 70%|███████   | 4991/7110 [7:44:11<3:15:20,  5.53s/it]
 70%|███████   | 4992/7110 [7:44:17<3:13:56,  5.49s/it]
 70%|███████   | 4993/7110 [7:44:22<3:14:52,  5.52s/it]
 70%|███████   | 4994/7110 [7:44:28<3:13:18,  5.48s/it]
 70%|███████   | 4995/7110 [7:44:33<3:13:10,  5.48s/it]
 70%|███████   | 4996/7110 [7:44:39<3:12:15,  5.46s/it]
 70%|███████   | 4997/7110 [7:44:44<3:13:24,  5.49s/it]
 70%|███████   | 4998/7110 [7:44:50<3:13:40,  5.50s/it]
 70%|███████   | 4999/7110 [7:44:55<3:11:55,  5.45s/it]
 70%|███████   | 5000/7110 [7:45:01<3:12:42,  5.48s/it]
 70%|███████   | 5001/7110 [7:45:06<3:12:20,  5.47s/it]
 70%|███████   | 5002/7110 [7:45:12<3:12:22,  5.48s/it]
 70%|███████   | 5003/7110 [7:45:17<3:11:25,  5.45s/it]
 70%|███████   | 5004/7110 [7:45:23<3:12:07,  5.47s/it]
 70%|███████   | 5005/7110 [7:45:28<3:11:08,  5.45s/it]
 70%|███████   | 5006/7110 [7:45:34<3:12:29,  5.49s/it]
 70%|███████   | 5007/7110 [7:45:39<3:10:57,  5.45s/it]
 70%|███████   | 5008/7110 [7:45:44<3:11:48,  5.48s/it]
 70%|███████   | 5009/7110 [7:45:50<3:12:28,  5.50s/it]
 70%|███████   | 5010/7110 [7:45:55<3:11:54,  5.48s/it]
 70%|███████   | 5011/7110 [7:46:01<3:11:57,  5.49s/it]
 70%|███████   | 5012/7110 [7:46:06<3:10:58,  5.46s/it]
 71%|███████   | 5013/7110 [7:46:12<3:11:34,  5.48s/it]
 71%|███████   | 5014/7110 [7:46:17<3:11:06,  5.47s/it]
 71%|███████   | 5015/7110 [7:46:23<3:11:35,  5.49s/it]
 71%|███████   | 5016/7110 [7:46:28<3:09:52,  5.44s/it]
 71%|███████   | 5017/7110 [7:46:34<3:11:11,  5.48s/it]
 71%|███████   | 5018/7110 [7:46:39<3:09:41,  5.44s/it]
 71%|███████   | 5019/7110 [7:46:45<3:11:02,  5.48s/it]
 71%|███████   | 5020/7110 [7:46:50<3:11:00,  5.48s/it]
 71%|███████   | 5021/7110 [7:46:56<3:10:03,  5.46s/it]
 71%|███████   | 5022/7110 [7:47:01<3:10:47,  5.48s/it]
 71%|███████   | 5023/7110 [7:47:07<3:10:27,  5.48s/it]
 71%|███████   | 5024/7110 [7:47:12<3:11:05,  5.50s/it]
 71%|███████   | 5025/7110 [7:47:17<3:10:02,  5.47s/it]
 71%|███████   | 5026/7110 [7:47:23<3:10:00,  5.47s/it]
 71%|███████   | 5027/7110 [7:47:28<3:09:35,  5.46s/it]
 71%|███████   | 5028/7110 [7:47:34<3:09:47,  5.47s/it]
 71%|███████   | 5029/7110 [7:47:39<3:09:30,  5.46s/it]
 71%|███████   | 5030/7110 [7:47:45<3:09:36,  5.47s/it]
 71%|███████   | 5031/7110 [7:47:50<3:10:20,  5.49s/it]
 71%|███████   | 5032/7110 [7:47:56<3:09:51,  5.48s/it]
 71%|███████   | 5033/7110 [7:48:01<3:10:24,  5.50s/it]
 71%|███████   | 5034/7110 [7:48:07<3:09:13,  5.47s/it]
 71%|███████   | 5035/7110 [7:48:12<3:09:11,  5.47s/it]
 71%|███████   | 5036/7110 [7:48:18<3:08:26,  5.45s/it]
 71%|███████   | 5037/7110 [7:48:23<3:09:16,  5.48s/it]
 71%|███████   | 5038/7110 [7:48:29<3:08:21,  5.45s/it]
 71%|███████   | 5039/7110 [7:48:34<3:09:41,  5.50s/it]
 71%|███████   | 5040/7110 [7:48:40<3:08:07,  5.45s/it]
 71%|███████   | 5041/7110 [7:48:45<3:08:45,  5.47s/it]
 71%|███████   | 5042/7110 [7:48:51<3:09:21,  5.49s/it]
 71%|███████   | 5043/7110 [7:48:56<3:08:20,  5.47s/it]
 71%|███████   | 5044/7110 [7:49:02<3:09:27,  5.50s/it]
 71%|███████   | 5045/7110 [7:49:07<3:07:45,  5.46s/it]
 71%|███████   | 5046/7110 [7:49:12<3:08:26,  5.48s/it]
 71%|███████   | 5047/7110 [7:49:18<3:07:27,  5.45s/it]
 71%|███████   | 5048/7110 [7:49:23<3:08:03,  5.47s/it]
 71%|███████   | 5049/7110 [7:49:29<3:07:03,  5.45s/it]
 71%|███████   | 5050/7110 [7:49:34<3:07:53,  5.47s/it]
 71%|███████   | 5051/7110 [7:49:40<3:07:08,  5.45s/it]
 71%|███████   | 5052/7110 [7:49:45<3:08:19,  5.49s/it]
 71%|███████   | 5053/7110 [7:49:51<3:08:16,  5.49s/it]
 71%|███████   | 5054/7110 [7:49:56<3:07:20,  5.47s/it]
 71%|███████   | 5055/7110 [7:50:02<3:07:59,  5.49s/it]
 71%|███████   | 5056/7110 [7:50:07<3:07:31,  5.48s/it]
 71%|███████   | 5057/7110 [7:50:13<3:07:34,  5.48s/it]
 71%|███████   | 5058/7110 [7:50:18<3:06:37,  5.46s/it]
 71%|███████   | 5059/7110 [7:50:24<3:07:20,  5.48s/it]
 71%|███████   | 5060/7110 [7:50:29<3:06:20,  5.45s/it]
 71%|███████   | 5061/7110 [7:50:35<3:07:37,  5.49s/it]
 71%|███████   | 5062/7110 [7:50:40<3:06:36,  5.47s/it]
 71%|███████   | 5063/7110 [7:50:46<3:07:11,  5.49s/it]
 71%|███████   | 5064/7110 [7:50:51<3:07:12,  5.49s/it]
 71%|███████   | 5065/7110 [7:50:56<3:06:46,  5.48s/it]
 71%|███████▏  | 5066/7110 [7:51:02<3:06:40,  5.48s/it]
 71%|███████▏  | 5067/7110 [7:51:07<3:05:46,  5.46s/it]
 71%|███████▏  | 5068/7110 [7:51:13<3:06:25,  5.48s/it]
 71%|███████▏  | 5069/7110 [7:51:18<3:05:35,  5.46s/it]
 71%|███████▏  | 5070/7110 [7:51:24<3:06:48,  5.49s/it]
 71%|███████▏  | 5071/7110 [7:51:29<3:05:07,  5.45s/it]
 71%|███████▏  | 5072/7110 [7:51:35<3:06:27,  5.49s/it]
 71%|███████▏  | 5073/7110 [7:51:40<3:04:55,  5.45s/it]
 71%|███████▏  | 5074/7110 [7:51:46<3:06:15,  5.49s/it]
 71%|███████▏  | 5075/7110 [7:51:51<3:06:10,  5.49s/it]
 71%|███████▏  | 5076/7110 [7:51:57<3:05:14,  5.46s/it]
 71%|███████▏  | 5077/7110 [7:52:02<3:06:26,  5.50s/it]
 71%|███████▏  | 5078/7110 [7:52:08<3:04:43,  5.45s/it]
 71%|███████▏  | 5079/7110 [7:52:13<3:05:32,  5.48s/it]
 71%|███████▏  | 5080/7110 [7:52:19<3:05:00,  5.47s/it]
 71%|███████▏  | 5081/7110 [7:52:24<3:05:02,  5.47s/it]
 71%|███████▏  | 5082/7110 [7:52:29<3:04:34,  5.46s/it]
 71%|███████▏  | 5083/7110 [7:52:35<3:05:15,  5.48s/it]
 72%|███████▏  | 5084/7110 [7:52:40<3:04:25,  5.46s/it]
 72%|███████▏  | 5085/7110 [7:52:46<3:04:37,  5.47s/it]
 72%|███████▏  | 5086/7110 [7:52:51<3:05:41,  5.50s/it]
 72%|███████▏  | 5087/7110 [7:52:57<3:04:31,  5.47s/it]
 72%|███████▏  | 5088/7110 [7:53:02<3:04:36,  5.48s/it]
 72%|███████▏  | 5089/7110 [7:53:08<3:03:46,  5.46s/it]
 72%|███████▏  | 5090/7110 [7:53:13<3:04:29,  5.48s/it]
 72%|███████▏  | 5091/7110 [7:53:19<3:03:39,  5.46s/it]
 72%|███████▏  | 5092/7110 [7:53:24<3:04:19,  5.48s/it]
 72%|███████▏  | 5093/7110 [7:53:30<3:03:49,  5.47s/it]
 72%|███████▏  | 5094/7110 [7:53:35<3:03:55,  5.47s/it]
 72%|███████▏  | 5095/7110 [7:53:41<3:03:07,  5.45s/it]
 72%|███████▏  | 5096/7110 [7:53:46<3:03:53,  5.48s/it]
 72%|███████▏  | 5097/7110 [7:53:52<3:04:56,  5.51s/it]
 72%|███████▏  | 5098/7110 [7:53:57<3:03:42,  5.48s/it]
 72%|███████▏  | 5099/7110 [7:54:03<3:04:14,  5.50s/it]
 72%|███████▏  | 5100/7110 [7:54:08<3:02:35,  5.45s/it]
 72%|███████▏  | 5101/7110 [7:54:14<3:03:21,  5.48s/it]
 72%|███████▏  | 5102/7110 [7:54:19<3:02:35,  5.46s/it]
 72%|███████▏  | 5103/7110 [7:54:25<3:03:48,  5.50s/it]
 72%|███████▏  | 5104/7110 [7:54:30<3:02:17,  5.45s/it]
 72%|███████▏  | 5105/7110 [7:54:35<3:03:06,  5.48s/it]
 72%|███████▏  | 5106/7110 [7:54:41<3:02:15,  5.46s/it]
 72%|███████▏  | 5107/7110 [7:54:46<3:02:57,  5.48s/it]
 72%|███████▏  | 5108/7110 [7:54:52<3:03:27,  5.50s/it]
 72%|███████▏  | 5109/7110 [7:54:57<3:02:21,  5.47s/it]
 72%|███████▏  | 5110/7110 [7:55:03<3:03:30,  5.51s/it]
 72%|███████▏  | 5111/7110 [7:55:08<3:01:54,  5.46s/it]
 72%|███████▏  | 5112/7110 [7:55:14<3:03:02,  5.50s/it]
 72%|███████▏  | 5113/7110 [7:55:19<3:01:28,  5.45s/it]
 72%|███████▏  | 5114/7110 [7:55:25<3:02:11,  5.48s/it]
 72%|███████▏  | 5115/7110 [7:55:30<3:01:49,  5.47s/it]
 72%|███████▏  | 5116/7110 [7:55:36<3:02:24,  5.49s/it]
 72%|███████▏  | 5117/7110 [7:55:41<3:00:59,  5.45s/it]
 72%|███████▏  | 5118/7110 [7:55:47<3:02:12,  5.49s/it]
 72%|███████▏  | 5119/7110 [7:55:52<3:02:09,  5.49s/it]
 72%|███████▏  | 5120/7110 [7:55:58<3:01:13,  5.46s/it]
 72%|███████▏  | 5121/7110 [7:56:03<3:01:47,  5.48s/it]
 72%|███████▏  | 5122/7110 [7:56:08<3:00:53,  5.46s/it]
 72%|███████▏  | 5123/7110 [7:56:14<3:01:32,  5.48s/it]
 72%|███████▏  | 5124/7110 [7:56:19<3:00:37,  5.46s/it]
 72%|███████▏  | 5125/7110 [7:56:25<3:01:14,  5.48s/it]
 72%|███████▏  | 5126/7110 [7:56:30<3:00:16,  5.45s/it]
 72%|███████▏  | 5127/7110 [7:56:36<3:01:21,  5.49s/it]
 72%|███████▏  | 5128/7110 [7:56:41<3:00:23,  5.46s/it]
 72%|███████▏  | 5129/7110 [7:56:47<3:00:28,  5.47s/it]
 72%|███████▏  | 5130/7110 [7:56:52<3:01:06,  5.49s/it]
 72%|███████▏  | 5131/7110 [7:56:58<3:00:32,  5.47s/it]
 72%|███████▏  | 5132/7110 [7:57:03<3:00:30,  5.48s/it]
 72%|███████▏  | 5133/7110 [7:57:09<2:59:39,  5.45s/it]
 72%|███████▏  | 5134/7110 [7:57:14<3:00:25,  5.48s/it]
 72%|███████▏  | 5135/7110 [7:57:20<2:59:31,  5.45s/it]
 72%|███████▏  | 5136/7110 [7:57:25<3:00:11,  5.48s/it]
 72%|███████▏  | 5137/7110 [7:57:30<2:59:18,  5.45s/it]
 72%|███████▏  | 5138/7110 [7:57:36<3:00:06,  5.48s/it]
 72%|███████▏  | 5139/7110 [7:57:41<2:59:20,  5.46s/it]
 72%|███████▏  | 5140/7110 [7:57:47<3:00:34,  5.50s/it]
 72%|███████▏  | 5141/7110 [7:57:52<3:00:22,  5.50s/it]
 72%|███████▏  | 5142/7110 [7:57:58<2:59:49,  5.48s/it]
 72%|███████▏  | 5143/7110 [7:58:03<3:00:22,  5.50s/it]
 72%|███████▏  | 5144/7110 [7:58:09<2:59:19,  5.47s/it]
 72%|███████▏  | 5145/7110 [7:58:14<2:59:23,  5.48s/it]
 72%|███████▏  | 5146/7110 [7:58:20<2:58:36,  5.46s/it]
 72%|███████▏  | 5147/7110 [7:58:25<2:59:06,  5.47s/it]
 72%|███████▏  | 5148/7110 [7:58:31<2:58:36,  5.46s/it]
 72%|███████▏  | 5149/7110 [7:58:36<2:58:35,  5.46s/it]
 72%|███████▏  | 5150/7110 [7:58:42<2:57:49,  5.44s/it]
 72%|███████▏  | 5151/7110 [7:58:47<2:58:29,  5.47s/it]
 72%|███████▏  | 5152/7110 [7:58:53<2:59:36,  5.50s/it]
 72%|███████▏  | 5153/7110 [7:58:58<2:57:52,  5.45s/it]
 72%|███████▏  | 5154/7110 [7:59:04<2:58:38,  5.48s/it]
 73%|███████▎  | 5155/7110 [7:59:09<2:57:46,  5.46s/it]
 73%|███████▎  | 5156/7110 [7:59:15<2:58:56,  5.49s/it]
 73%|███████▎  | 5157/7110 [7:59:20<2:57:27,  5.45s/it]
 73%|███████▎  | 5158/7110 [7:59:26<2:58:35,  5.49s/it]
 73%|███████▎  | 5159/7110 [7:59:31<2:57:08,  5.45s/it]
 73%|███████▎  | 5160/7110 [7:59:36<2:57:57,  5.48s/it]
 73%|███████▎  | 5161/7110 [7:59:42<2:57:17,  5.46s/it]
 73%|███████▎  | 5162/7110 [7:59:47<2:57:54,  5.48s/it]
 73%|███████▎  | 5163/7110 [7:59:53<2:58:55,  5.51s/it]
 73%|███████▎  | 5164/7110 [7:59:58<2:57:11,  5.46s/it]
 73%|███████▎  | 5165/7110 [8:00:04<2:57:41,  5.48s/it]
 73%|███████▎  | 5166/7110 [8:00:09<2:56:51,  5.46s/it]
 73%|███████▎  | 5167/7110 [8:00:15<2:57:35,  5.48s/it]
 73%|███████▎  | 5168/7110 [8:00:20<2:56:43,  5.46s/it]
 73%|███████▎  | 5169/7110 [8:00:26<2:57:19,  5.48s/it]
 73%|███████▎  | 5170/7110 [8:00:31<2:56:53,  5.47s/it]
 73%|███████▎  | 5171/7110 [8:00:37<2:56:55,  5.47s/it]
 73%|███████▎  | 5172/7110 [8:00:42<2:56:39,  5.47s/it]
 73%|███████▎  | 5173/7110 [8:00:48<2:56:33,  5.47s/it]
 73%|███████▎  | 5174/7110 [8:00:53<2:57:36,  5.50s/it]
 73%|███████▎  | 5175/7110 [8:00:58<2:55:53,  5.45s/it]
 73%|███████▎  | 5176/7110 [8:01:04<2:56:31,  5.48s/it]
 73%|███████▎  | 5177/7110 [8:01:09<2:55:38,  5.45s/it]
 73%|███████▎  | 5178/7110 [8:01:15<2:56:19,  5.48s/it]
 73%|███████▎  | 5179/7110 [8:01:20<2:55:52,  5.46s/it]
 73%|███████▎  | 5180/7110 [8:01:26<2:55:50,  5.47s/it]
 73%|███████▎  | 5181/7110 [8:01:31<2:55:04,  5.45s/it]
 73%|███████▎  | 5182/7110 [8:01:37<2:56:22,  5.49s/it]
 73%|███████▎  | 5183/7110 [8:01:42<2:55:26,  5.46s/it]
 73%|███████▎  | 5184/7110 [8:01:48<2:55:26,  5.47s/it]
 73%|███████▎  | 5185/7110 [8:01:53<2:56:29,  5.50s/it]
 73%|███████▎  | 5186/7110 [8:01:59<2:55:22,  5.47s/it]
 73%|███████▎  | 5187/7110 [8:02:04<2:55:58,  5.49s/it]
 73%|███████▎  | 5188/7110 [8:02:10<2:54:33,  5.45s/it]
 73%|███████▎  | 5189/7110 [8:02:15<2:55:48,  5.49s/it]
 73%|███████▎  | 5190/7110 [8:02:21<2:54:21,  5.45s/it]
 73%|███████▎  | 5191/7110 [8:02:26<2:55:33,  5.49s/it]
 73%|███████▎  | 5192/7110 [8:02:31<2:54:08,  5.45s/it]
 73%|███████▎  | 5193/7110 [8:02:37<2:54:49,  5.47s/it]
 73%|███████▎  | 5194/7110 [8:02:42<2:54:29,  5.46s/it]
 73%|███████▎  | 5195/7110 [8:02:48<2:54:27,  5.47s/it]
 73%|███████▎  | 5196/7110 [8:02:53<2:55:30,  5.50s/it]
 73%|███████▎  | 5197/7110 [8:02:59<2:54:24,  5.47s/it]
 73%|███████▎  | 5198/7110 [8:03:04<2:54:53,  5.49s/it]
 73%|███████▎  | 5199/7110 [8:03:10<2:53:26,  5.45s/it]
 73%|███████▎  | 5200/7110 [8:03:15<2:54:41,  5.49s/it]
 73%|███████▎  | 5201/7110 [8:03:21<2:53:42,  5.46s/it]
 73%|███████▎  | 5202/7110 [8:03:26<2:53:55,  5.47s/it]
 73%|███████▎  | 5203/7110 [8:03:32<2:53:37,  5.46s/it]
 73%|███████▎  | 5204/7110 [8:03:37<2:53:43,  5.47s/it]
 73%|███████▎  | 5205/7(0,)
It 5214, sqrt loss 0.001864, Val sim-RMS 0.002261, Time Loss: 97.5%, data: 0.6%, val: 1.9%,  5.6 sec/batch
110 [8:03:43<2:53:01,  5.45s/it]
 73%|███████▎  | 5206/7110 [8:03:48<2:53:37,  5.47s/it]
 73%|███████▎  | 5207/7110 [8:03:54<2:54:04,  5.49s/it]
 73%|███████▎  | 5208/7110 [8:03:59<2:53:31,  5.47s/it]
 73%|███████▎  | 5209/7110 [8:04:05<2:53:29,  5.48s/it]
 73%|███████▎  | 5210/7110 [8:04:10<2:52:35,  5.45s/it]
 73%|███████▎  | 5211/7110 [8:04:16<2:53:46,  5.49s/it]
 73%|███████▎  | 5212/7110 [8:04:21<2:52:23,  5.45s/it]
 73%|███████▎  | 5213/7110 [8:04:26<2:53:00,  5.47s/it]
 73%|███████▎  | 5214/7110 [8:04:56<6:43:51, 12.78s/it]
 73%|███████▎  | 5215/7110 [8:05:02<5:34:28, 10.59s/it]
 73%|███████▎  | 5216/7110 [8:05:07<4:45:33,  9.05s/it]
 73%|███████▎  | 5217/7110 [8:05:13<4:12:07,  7.99s/it]
 73%|███████▎  | 5218/7110 [8:05:18<3:48:15,  7.24s/it]
 73%|███████▎  | 5219/7110 [8:05:24<3:30:48,  6.69s/it]
 73%|███████▎  | 5220/7110 [8:05:29<3:19:44,  6.34s/it]
 73%|███████▎  | 5221/7110 [8:05:35<3:10:53,  6.06s/it]
 73%|███████▎  | 5222/7110 [8:05:40<3:05:49,  5.91s/it]
 73%|███████▎  | 5223/7110 [8:05:45<3:01:26,  5.77s/it]
 73%|███████▎  | 5224/7110 [8:05:51<2:59:02,  5.70s/it]
 73%|███████▎  | 5225/7110 [8:05:57<2:56:58,  5.63s/it]
 74%|███████▎  | 5226/7110 [8:06:02<2:55:06,  5.58s/it]
 74%|███████▎  | 5227/7110 [8:06:07<2:54:08,  5.55s/it]
 74%|███████▎  | 5228/7110 [8:06:13<2:53:14,  5.52s/it]
 74%|███████▎  | 5229/7110 [8:06:18<2:52:42,  5.51s/it]
 74%|███████▎  | 5230/7110 [8:06:24<2:53:21,  5.53s/it]
 74%|███████▎  | 5231/7110 [8:06:29<2:51:31,  5.48s/it]
 74%|███████▎  | 5232/7110 [8:06:35<2:51:59,  5.50s/it]
 74%|███████▎  | 5233/7110 [8:06:40<2:51:33,  5.48s/it]
 74%|███████▎  | 5234/7110 [8:06:46<2:51:32,  5.49s/it]
 74%|███████▎  | 5235/7110 [8:06:51<2:50:43,  5.46s/it]
 74%|███████▎  | 5236/7110 [8:06:57<2:51:20,  5.49s/it]
 74%|███████▎  | 5237/7110 [8:07:02<2:50:54,  5.48s/it]
 74%|███████▎  | 5238/7110 [8:07:08<2:50:56,  5.48s/it]
 74%|███████▎  | 5239/7110 [8:07:13<2:50:12,  5.46s/it]
 74%|███████▎  | 5240/7110 [8:07:19<2:51:28,  5.50s/it]
 74%|███████▎  | 5241/7110 [8:07:24<2:51:20,  5.50s/it]
 74%|███████▎  | 5242/7110 [8:07:30<2:50:45,  5.48s/it]
 74%|███████▎  | 5243/7110 [8:07:35<2:50:45,  5.49s/it]
 74%|███████▍  | 5244/7110 [8:07:41<2:50:25,  5.48s/it]
 74%|███████▍  | 5245/7110 [8:07:46<2:50:27,  5.48s/it]
 74%|███████▍  | 5246/7110 [8:07:51<2:49:38,  5.46s/it]
 74%|███████▍  | 5247/7110 [8:07:57<2:50:12,  5.48s/it]
 74%|███████▍  | 5248/7110 [8:08:03<2:50:37,  5.50s/it]
 74%|███████▍  | 5249/7110 [8:08:08<2:49:31,  5.47s/it]
 74%|███████▍  | 5250/7110 [8:08:13<2:50:04,  5.49s/it]
 74%|███████▍  | 5251/7110 [8:08:19<2:49:09,  5.46s/it]
 74%|███████▍  | 5252/7110 [8:08:24<2:50:12,  5.50s/it]
 74%|███████▍  | 5253/7110 [8:08:30<2:49:08,  5.47s/it]
 74%|███████▍  | 5254/7110 [8:08:35<2:49:07,  5.47s/it]
 74%|███████▍  | 5255/7110 [8:08:41<2:50:10,  5.50s/it]
 74%|███████▍  | 5256/7110 [8:08:46<2:49:12,  5.48s/it]
 74%|███████▍  | 5257/7110 [8:08:52<2:49:45,  5.50s/it]
 74%|███████▍  | 5258/7110 [8:08:57<2:48:53,  5.47s/it]
 74%|███████▍  | 5259/7110 [8:09:03<2:49:02,  5.48s/it]
 74%|███████▍  | 5260/7110 [8:09:08<2:48:54,  5.48s/it]
 74%|███████▍  | 5261/7110 [8:09:14<2:49:28,  5.50s/it]
 74%|███████▍  | 5262/7110 [8:09:19<2:49:21,  5.50s/it]
 74%|███████▍  | 5263/7110 [8:09:25<2:48:58,  5.49s/it]
 74%|███████▍  | 5264/7110 [8:09:30<2:48:48,  5.49s/it]
 74%|███████▍  | 5265/7110 [8:09:36<2:48:03,  5.47s/it]
 74%|███████▍  | 5266/7110 [8:09:41<2:48:38,  5.49s/it]
 74%|███████▍  | 5267/7110 [8:09:47<2:48:17,  5.48s/it]
 74%|███████▍  | 5268/7110 [8:09:52<2:48:15,  5.48s/it]
 74%|███████▍  | 5269/7110 [8:09:58<2:47:22,  5.46s/it]
 74%|███████▍  | 5270/7110 [8:10:03<2:48:29,  5.49s/it]
 74%|███████▍  | 5271/7110 [8:10:09<2:47:30,  5.47s/it]
 74%|███████▍  | 5272/7110 [8:10:14<2:47:34,  5.47s/it]
 74%|███████▍  | 5273/7110 [8:10:20<2:48:06,  5.49s/it]
 74%|███████▍  | 5274/7110 [8:10:25<2:47:35,  5.48s/it]
 74%|███████▍  | 5275/7110 [8:10:31<2:47:54,  5.49s/it]
 74%|███████▍  | 5276/7110 [8:10:36<2:46:34,  5.45s/it]
 74%|███████▍  | 5277/7110 [8:10:41<2:47:17,  5.48s/it]
 74%|███████▍  | 5278/7110 [8:10:47<2:47:03,  5.47s/it]
 74%|███████▍  | 5279/7110 [8:10:52<2:47:13,  5.48s/it]
 74%|███████▍  | 5280/7110 [8:10:58<2:46:28,  5.46s/it]
 74%|███████▍  | 5281/7110 [8:11:03<2:47:12,  5.49s/it]
 74%|███████▍  | 5282/7110 [8:11:09<2:47:00,  5.48s/it]
 74%|███████▍  | 5283/7110 [8:11:14<2:47:30,  5.50s/it]
 74%|███████▍  | 5284/7110 [8:11:20<2:47:22,  5.50s/it]
 74%|███████▍  | 5285/7110 [8:11:25<2:46:27,  5.47s/it]
 74%|███████▍  | 5286/7110 [8:11:31<2:47:22,  5.51s/it]
 74%|███████▍  | 5287/7110 [8:11:36<2:45:57,  5.46s/it]
 74%|███████▍  | 5288/7110 [8:11:42<2:47:07,  5.50s/it]
 74%|███████▍  | 5289/7110 [8:11:47<2:45:44,  5.46s/it]
 74%|███████▍  | 5290/7110 [8:11:53<2:46:51,  5.50s/it]
 74%|███████▍  | 5291/7110 [8:11:58<2:45:25,  5.46s/it]
 74%|███████▍  | 5292/7110 [8:12:04<2:46:04,  5.48s/it]
 74%|███████▍  | 5293/7110 [8:12:09<2:45:18,  5.46s/it]
 74%|███████▍  | 5294/7110 [8:12:15<2:45:54,  5.48s/it]
 74%|███████▍  | 5295/7110 [8:12:20<2:46:25,  5.50s/it]
 74%|███████▍  | 5296/7110 [8:12:26<2:45:28,  5.47s/it]
 75%|███████▍  | 5297/7110 [8:12:31<2:45:53,  5.49s/it]
 75%|███████▍  | 5298/7110 [8:12:36<2:45:05,  5.47s/it]
 75%|███████▍  | 5299/7110 [8:12:42<2:45:41,  5.49s/it]
 75%|███████▍  | 5300/7110 [8:12:47<2:44:54,  5.47s/it]
 75%|███████▍  | 5301/7110 [8:12:53<2:45:28,  5.49s/it]
 75%|███████▍  | 5302/7110 [8:12:58<2:44:39,  5.46s/it]
 75%|███████▍  | 5303/7110 [8:13:04<2:45:15,  5.49s/it]
 75%|███████▍  | 5304/7110 [8:13:09<2:44:33,  5.47s/it]
 75%|███████▍  | 5305/7110 [8:13:15<2:45:35,  5.50s/it]
 75%|███████▍  | 5306/7110 [8:13:20<2:45:24,  5.50s/it]
 75%|███████▍  | 5307/7110 [8:13:26<2:44:53,  5.49s/it]
 75%|███████▍  | 5308/7110 [8:13:31<2:45:16,  5.50s/it]
 75%|███████▍  | 5309/7110 [8:13:37<2:43:55,  5.46s/it]
 75%|███████▍  | 5310/7110 [8:13:42<2:44:31,  5.48s/it]
 75%|███████▍  | 5311/7110 [8:13:48<2:43:43,  5.46s/it]
 75%|███████▍  | 5312/7110 [8:13:53<2:44:18,  5.48s/it]
 75%|███████▍  | 5313/7110 [8:13:59<2:43:25,  5.46s/it]
 75%|███████▍  | 5314/7110 [8:14:04<2:43:56,  5.48s/it]
 75%|███████▍  | 5315/7110 [8:14:10<2:43:11,  5.45s/it]
 75%|███████▍  | 5316/7110 [8:14:15<2:44:19,  5.50s/it]
 75%|███████▍  | 5317/7110 [8:14:21<2:44:10,  5.49s/it]
 75%|███████▍  | 5318/7110 [8:14:26<2:43:13,  5.47s/it]
 75%|███████▍  | 5319/7110 [8:14:32<2:44:10,  5.50s/it]
 75%|███████▍  | 5320/7110 [8:14:37<2:43:12,  5.47s/it]
 75%|███████▍  | 5321/7110 [8:14:43<2:43:18,  5.48s/it]
 75%|███████▍  | 5322/7110 [8:14:48<2:42:39,  5.46s/it]
 75%|███████▍  | 5323/7110 [8:14:54<2:43:25,  5.49s/it]
 75%|███████▍  | 5324/7110 [8:14:59<2:42:40,  5.46s/it]
 75%|███████▍  | 5325/7110 [8:15:04<2:43:15,  5.49s/it]
 75%|███████▍  | 5326/7110 [8:15:10<2:42:28,  5.46s/it]
 75%|███████▍  | 5327/7110 [8:15:15<2:43:30,  5.50s/it]
 75%|███████▍  | 5328/7110 [8:15:21<2:43:18,  5.50s/it]
 75%|███████▍  | 5329/7110 [8:15:26<2:42:20,  5.47s/it]
 75%|███████▍  | 5330/7110 [8:15:32<2:42:54,  5.49s/it]
 75%|███████▍  | 5331/7110 [8:15:37<2:42:05,  5.47s/it]
 75%|███████▍  | 5332/7110 [8:15:43<2:42:40,  5.49s/it]
 75%|███████▌  | 5333/7110 [8:15:48<2:41:52,  5.47s/it]
 75%|███████▌  | 5334/7110 [8:15:54<2:42:30,  5.49s/it]
 75%|███████▌  | 5335/7110 [8:15:59<2:41:42,  5.47s/it]
 75%|███████▌  | 5336/7110 [8:16:05<2:42:09,  5.48s/it]
 75%|███████▌  | 5337/7110 [8:16:10<2:41:49,  5.48s/it]
 75%|███████▌  | 5338/7110 [8:16:16<2:42:14,  5.49s/it]
 75%|███████▌  | 5339/7110 [8:16:21<2:42:34,  5.51s/it]
 75%|███████▌  | 5340/7110 [8:16:27<2:41:04,  5.46s/it]
 75%|███████▌  | 5341/7110 [8:16:32<2:42:06,  5.50s/it]
 75%|███████▌  | 5342/7110 [8:16:38<2:41:06,  5.47s/it]
 75%|███████▌  | 5343/7110 [8:16:43<2:41:37,  5.49s/it]
 75%|███████▌  | 5344/7110 [8:16:49<2:40:49,  5.46s/it]
 75%|███████▌  | 5345/7110 [8:16:54<2:40:57,  5.47s/it]
 75%|███████▌  | 5346/7110 [8:17:00<2:40:44,  5.47s/it]
 75%|███████▌  | 5347/7110 [8:17:05<2:40:48,  5.47s/it]
 75%|███████▌  | 5348/7110 [8:17:10<2:40:09,  5.45s/it]
 75%|███████▌  | 5349/7110 [8:17:16<2:40:50,  5.48s/it]
 75%|███████▌  | 5350/7110 [8:17:22<2:41:44,  5.51s/it]
 75%|███████▌  | 5351/7110 [8:17:27<2:40:09,  5.46s/it]
 75%|███████▌  | 5352/7110 [8:17:32<2:40:48,  5.49s/it]
 75%|███████▌  | 5353/7110 [8:17:38<2:40:23,  5.48s/it]
 75%|███████▌  | 5354/7110 [8:17:43<2:40:22,  5.48s/it]
 75%|███████▌  | 5355/7110 [8:17:49<2:39:37,  5.46s/it]
 75%|███████▌  | 5356/7110 [8:17:54<2:40:14,  5.48s/it]
 75%|███████▌  | 5357/7110 [8:18:00<2:39:29,  5.46s/it]
 75%|███████▌  | 5358/7110 [8:18:05<2:40:07,  5.48s/it]
 75%|███████▌  | 5359/7110 [8:18:11<2:39:50,  5.48s/it]
 75%|███████▌  | 5360/7110 [8:18:16<2:39:52,  5.48s/it]
 75%|███████▌  | 5361/7110 [8:18:22<2:40:21,  5.50s/it]
 75%|███████▌  | 5362/7110 [8:18:27<2:39:20,  5.47s/it]
 75%|███████▌  | 5363/7110 [8:18:33<2:40:20,  5.51s/it]
 75%|███████▌  | 5364/7110 [8:18:38<2:39:00,  5.46s/it]
 75%|███████▌  | 5365/7110 [8:18:44<2:39:41,  5.49s/it]
 75%|███████▌  | 5366/7110 [8:18:49<2:38:57,  5.47s/it]
 75%|███████▌  | 5367/7110 [8:18:55<2:39:30,  5.49s/it]
 75%|███████▌  | 5368/7110 [8:19:00<2:38:40,  5.47s/it]
 76%|███████▌  | 5369/7110 [8:19:06<2:39:15,  5.49s/it]
 76%|███████▌  | 5370/7110 [8:19:11<2:38:55,  5.48s/it]
 76%|███████▌  | 5371/7110 [8:19:17<2:38:50,  5.48s/it]
 76%|███████▌  | 5372/7110 [8:19:22<2:39:44,  5.51s/it]
 76%|███████▌  | 5373/7110 [8:19:27<2:38:35,  5.48s/it]
 76%|███████▌  | 5374/7110 [8:19:33<2:39:06,  5.50s/it]
 76%|███████▌  | 5375/7110 [8:19:38<2:37:48,  5.46s/it]
 76%|███████▌  | 5376/7110 [8:19:44<2:38:28,  5.48s/it]
 76%|███████▌  | 5377/7110 [8:19:49<2:38:11,  5.48s/it]
 76%|███████▌  | 5378/7110 [8:19:55<2:38:37,  5.50s/it]
 76%|███████▌  | 5379/7110 [8:20:00<2:37:43,  5.47s/it]
 76%|███████▌  | 5380/7110 [8:20:06<2:37:48,  5.47s/it]
 76%|███████▌  | 5381/7110 [8:20:11<2:37:10,  5.45s/it]
 76%|███████▌  | 5382/7110 [8:20:17<2:37:47,  5.48s/it]
 76%|███████▌  | 5383/7110 [8:20:22<2:38:36,  5.51s/it]
 76%|███████▌  | 5384/7110 [8:20:28<2:36:58,  5.46s/it]
 76%|███████▌  | 5385/7110 [8:20:33<2:38:01,  5.50s/it]
 76%|███████▌  | 5386/7110 [8:20:39<2:36:42,  5.45s/it]
 76%|███████▌  | 5387/7110 [8:20:44<2:37:18,  5.48s/it]
 76%|███████▌  | 5388/7110 [8:20:50<2:36:31,  5.45s/it]
 76%|███████▌  | 5389/7110 [8:20:55<2:37:08,  5.48s/it]
 76%|███████▌  | 5390/7110 [8:21:01<2:36:27,  5.46s/it]
 76%|███████▌  | 5391/7110 [8:21:06<2:37:24,  5.49s/it]
 76%|███████▌  | 5392/7110 [8:21:11<2:36:09,  5.45s/it]
 76%|███████▌  | 5393/7110 [8:21:17<2:36:49,  5.48s/it]
 76%|███████▌  | 5394/7110 [8:21:23<2:37:17,  5.50s/it]
 76%|███████▌  | 5395/7110 [8:21:28<2:36:15,  5.47s/it]
 76%|███████▌  | 5396/7110 [8:21:33<2:36:43,  5.49s/it]
 76%|███████▌  | 5397/7110 [8:21:39<2:36:20,  5.48s/it]
 76%|███████▌  | 5398/7110 [8:21:44<2:36:20,  5.48s/it]
 76%|███████▌  | 5399/7110 [8:21:50<2:35:32,  5.45s/it]
 76%|███████▌  | 5400/7110 [8:21:55<2:36:32,  5.49s/it]
 76%|███████▌  | 5401/7110 [8:22:01<2:35:17,  5.45s/it]
 76%|███████▌  | 5402/7110 [8:22:06<2:35:59,  5.48s/it]
 76%|███████▌  | 5403/7110 [8:22:12<2:35:40,  5.47s/it]
 76%|███████▌  | 5404/7110 [8:22:17<2:35:43,  5.48s/it]
 76%|███████▌  | 5405/7110 [8:22:23<2:36:12,  5.50s/it]
 76%|███████▌  | 5406/7110 [8:22:28<2:35:43,  5.48s/it]
 76%|███████▌  | 5407/7110 [8:22:34<2:35:43,  5.49s/it]
 76%|███████▌  | 5408/7110 [8:22:39<2:34:59,  5.46s/it]
 76%|███████▌  | 5409/7110 [8:22:45<2:35:37,  5.49s/it]
 76%|███████▌  | 5410/7110 [8:22:50<2:34:49,  5.46s/it]
 76%|███████▌  | 5411/7110 [8:22:56<2:35:21,  5.49s/it]
 76%|███████▌  | 5412/7110 [8:23:01<2:35:03,  5.48s/it]
 76%|███████▌  | 5413/7110 [8:23:07<2:35:01,  5.48s/it]
 76%|███████▌  | 5414/7110 [8:23:12<2:34:43,  5.47s/it]
 76%|███████▌  | 5415/7110 [8:23:18<2:34:43,  5.48s/it]
 76%|███████▌  | 5416/7110 [8:23:23<2:35:13,  5.50s/it]
 76%|███████▌  | 5417/7110 [8:23:29<2:34:43,  5.48s/it]
 76%|███████▌  | 5418/7110 [8:23:34<2:34:43,  5.49s/it]
 76%|███████▌  | 5419/7110 [8:23:39<2:33:59,  5.46s/it]
 76%|███████▌  | 5420/7110 [8:23:45<2:34:57,  5.50s/it]
 76%|███████▌  | 5421/7110 [8:23:50<2:33:36,  5.46s/it]
 76%|███████▋  | 5422/7110 [8:23:56<2:34:39,  5.50s/it]
 76%|███████▋  | 5423/7110 [8:24:01<2:33:23,  5.46s/it]
 76%|███████▋  | 5424/7110 [8:24:07<2:33:59,  5.48s/it]
 76%|███████▋  | 5425/7110 [8:24:12<2:33:43,  5.47s/it]
 76%|███████▋  | 5426/7110 [8:24:18<2:33:43,  5.48s/it]
 76%|███████▋  | 5427/7110 [8:24:23<2:34:15,  5.50s/it]
 76%|███████▋  | 5428/7110 [8:24:29<2:33:46,  5.49s/it]
 76%|███████▋  | 5429/7110 [8:24:34<2:33:46,  5.49s/it]
 76%|███████▋  | 5430/7110 [8:24:40<2:33:06,  5.47s/it]
 76%|███████▋  | 5431/7110 [8:24:45<2:33:42,  5.49s/it]
 76%|███████▋  | 5432/7110 [8:24:51<2:32:57,  5.47s/it]
 76%|███████▋  | 5433/7110 [8:24:56<2:33:26,  5.49s/it]
 76%|███████▋  | 5434/7110 [8:25:02<2:32:39,  5.47s/it]
 76%|███████▋  | 5435/7110 [8:25:07<2:33:11,  5.49s/it]
 76%|███████▋  | 5436/7110 [8:25:13<2:32:29,  5.47s/it]
 76%|███████▋  | 5437/7110 [8:25:18<2:33:19,  5.50s/it]
 76%|███████▋  | 5438/7110 [8:25:24<2:33:11,  5.50s/it]
 76%|███████▋  | 5439/7110 [8:25:29<2:32:49,  5.49s/it]
 77%|███████▋  | 5440/7110 [8:25:35<2:33:12,  5.50s/it]
 77%|███████▋  | 5441/7110 [8:25:40<2:31:53,  5.46s/it]
 77%|███████▋  | 5442/7110 [8:25:46<2:32:31,  5.49s/it]
 77%|███████▋  | 5443/7110 [8:25:51<2:32:12,  5.48s/it]
 77%|███████▋  | 5444/7110 [8:25:57<2:32:35,  5.50s/it]
 77%|███████▋  | 5445/7110 [8:26:02<2:31:15,  5.45s/it]
 77%|███████▋  | 5446/7110 [8:26:07<2:32:14,  5.49s/it]
 77%|██████(0,)
It 5451, sqrt loss 0.002269, Val sim-RMS 0.0007668, Time Loss: 97.5%, data: 0.6%, val: 1.9%,  5.6 sec/batch
█▋  | 5447/7110 [8:26:13<2:31:00,  5.45s/it]
 77%|███████▋  | 5448/7110 [8:26:18<2:32:03,  5.49s/it]
 77%|███████▋  | 5449/7110 [8:26:24<2:32:00,  5.49s/it]
 77%|███████▋  | 5450/7110 [8:26:29<2:31:36,  5.48s/it]
 77%|███████▋  | 5451/7110 [8:26:59<5:54:37, 12.83s/it]
 77%|███████▋  | 5452/7110 [8:27:05<4:52:51, 10.60s/it]
 77%|███████▋  | 5453/7110 [8:27:10<4:10:47,  9.08s/it]
 77%|███████▋  | 5454/7110 [8:27:16<3:39:40,  7.96s/it]
 77%|███████▋  | 5455/7110 [8:27:21<3:19:48,  7.24s/it]
 77%|███████▋  | 5456/7110 [8:27:27<3:04:18,  6.69s/it]
 77%|███████▋  | 5457/7110 [8:27:32<2:54:15,  6.33s/it]
 77%|███████▋  | 5458/7110 [8:27:37<2:46:26,  6.05s/it]
 77%|███████▋  | 5459/7110 [8:27:43<2:42:04,  5.89s/it]
 77%|███████▋  | 5460/7110 [8:27:49<2:39:02,  5.78s/it]
 77%|███████▋  | 5461/7110 [8:27:54<2:35:47,  5.67s/it]
 77%|███████▋  | 5462/7110 [8:27:59<2:34:57,  5.64s/it]
 77%|███████▋  | 5463/7110 [8:28:05<2:32:26,  5.55s/it]
 77%|███████▋  | 5464/7110 [8:28:10<2:32:11,  5.55s/it]
 77%|███████▋  | 5465/7110 [8:28:16<2:31:16,  5.52s/it]
 77%|███████▋  | 5466/7110 [8:28:21<2:30:51,  5.51s/it]
 77%|███████▋  | 5467/7110 [8:28:27<2:30:11,  5.48s/it]
 77%|███████▋  | 5468/7110 [8:28:32<2:30:09,  5.49s/it]
 77%|███████▋  | 5469/7110 [8:28:38<2:29:18,  5.46s/it]
 77%|███████▋  | 5470/7110 [8:28:43<2:29:47,  5.48s/it]
 77%|███████▋  | 5471/7110 [8:28:49<2:30:07,  5.50s/it]
 77%|███████▋  | 5472/7110 [8:28:54<2:29:16,  5.47s/it]
 77%|███████▋  | 5473/7110 [8:29:00<2:29:43,  5.49s/it]
 77%|███████▋  | 5474/7110 [8:29:05<2:29:18,  5.48s/it]
 77%|███████▋  | 5475/7110 [8:29:11<2:29:18,  5.48s/it]
 77%|███████▋  | 5476/7110 [8:29:16<2:28:30,  5.45s/it]
 77%|███████▋  | 5477/7110 [8:29:22<2:29:30,  5.49s/it]
 77%|███████▋  | 5478/7110 [8:29:27<2:28:07,  5.45s/it]
 77%|███████▋  | 5479/7110 [8:29:32<2:28:39,  5.47s/it]
 77%|███████▋  | 5480/7110 [8:29:38<2:28:03,  5.45s/it]
 77%|███████▋  | 5481/7110 [8:29:43<2:29:05,  5.49s/it]
 77%|███████▋  | 5482/7110 [8:29:49<2:29:24,  5.51s/it]
 77%|███████▋  | 5483/7110 [8:29:54<2:28:02,  5.46s/it]
 77%|███████▋  | 5484/7110 [8:30:00<2:28:33,  5.48s/it]
 77%|███████▋  | 5485/7110 [8:30:05<2:28:09,  5.47s/it]
 77%|███████▋  | 5486/7110 [8:30:11<2:28:06,  5.47s/it]
 77%|███████▋  | 5487/7110 [8:30:16<2:27:30,  5.45s/it]
 77%|███████▋  | 5488/7110 [8:30:22<2:28:04,  5.48s/it]
 77%|███████▋  | 5489/7110 [8:30:27<2:27:17,  5.45s/it]
 77%|███████▋  | 5490/7110 [8:30:33<2:28:16,  5.49s/it]
 77%|███████▋  | 5491/7110 [8:30:38<2:27:27,  5.46s/it]
 77%|███████▋  | 5492/7110 [8:30:44<2:27:56,  5.49s/it]
 77%|███████▋  | 5493/7110 [8:30:49<2:27:55,  5.49s/it]
 77%|███████▋  | 5494/7110 [8:30:54<2:27:04,  5.46s/it]
 77%|███████▋  | 5495/7110 [8:31:00<2:27:59,  5.50s/it]
 77%|███████▋  | 5496/7110 [8:31:05<2:26:42,  5.45s/it]
 77%|███████▋  | 5497/7110 [8:31:11<2:27:16,  5.48s/it]
 77%|███████▋  | 5498/7110 [8:31:16<2:26:58,  5.47s/it]
 77%|███████▋  | 5499/7110 [8:31:22<2:27:00,  5.48s/it]
 77%|███████▋  | 5500/7110 [8:31:27<2:26:11,  5.45s/it]
 77%|███████▋  | 5501/7110 [8:31:33<2:26:46,  5.47s/it]
 77%|███████▋  | 5502/7110 [8:31:38<2:26:07,  5.45s/it]
 77%|███████▋  | 5503/7110 [8:31:44<2:27:00,  5.49s/it]
 77%|███████▋  | 5504/7110 [8:31:49<2:27:18,  5.50s/it]
 77%|███████▋  | 5505/7110 [8:31:55<2:25:58,  5.46s/it]
 77%|███████▋  | 5506/7110 [8:32:00<2:26:49,  5.49s/it]
 77%|███████▋  | 5507/7110 [8:32:06<2:25:32,  5.45s/it]
 77%|███████▋  | 5508/7110 [8:32:11<2:26:29,  5.49s/it]
 77%|███████▋  | 5509/7110 [8:32:17<2:25:18,  5.45s/it]
 77%|███████▋  | 5510/7110 [8:32:22<2:25:58,  5.47s/it]
 78%|███████▊  | 5511/7110 [8:32:27<2:25:18,  5.45s/it]
 78%|███████▊  | 5512/7110 [8:32:33<2:25:52,  5.48s/it]
 78%|███████▊  | 5513/7110 [8:32:38<2:25:05,  5.45s/it]
 78%|███████▊  | 5514/7110 [8:32:44<2:25:58,  5.49s/it]
 78%|███████▊  | 5515/7110 [8:32:49<2:25:50,  5.49s/it]
 78%|███████▊  | 5516/7110 [8:32:55<2:25:01,  5.46s/it]
 78%|███████▊  | 5517/7110 [8:33:00<2:25:55,  5.50s/it]
 78%|███████▊  | 5518/7110 [8:33:06<2:24:38,  5.45s/it]
 78%|███████▊  | 5519/7110 [8:33:11<2:25:12,  5.48s/it]
 78%|███████▊  | 5520/7110 [8:33:17<2:24:58,  5.47s/it]
 78%|███████▊  | 5521/7110 [8:33:22<2:25:04,  5.48s/it]
 78%|███████▊  | 5522/7110 [8:33:28<2:24:43,  5.47s/it]
 78%|███████▊  | 5523/7110 [8:33:33<2:24:48,  5.47s/it]
 78%|███████▊  | 5524/7110 [8:33:39<2:24:06,  5.45s/it]
 78%|███████▊  | 5525/7110 [8:33:44<2:24:44,  5.48s/it]
 78%|███████▊  | 5526/7110 [8:33:50<2:25:31,  5.51s/it]
 78%|███████▊  | 5527/7110 [8:33:55<2:24:06,  5.46s/it]
 78%|███████▊  | 5528/7110 [8:34:01<2:24:54,  5.50s/it]
 78%|███████▊  | 5529/7110 [8:34:06<2:23:37,  5.45s/it]
 78%|███████▊  | 5530/7110 [8:34:11<2:24:06,  5.47s/it]
 78%|███████▊  | 5531/7110 [8:34:17<2:23:29,  5.45s/it]
 78%|███████▊  | 5532/7110 [8:34:22<2:24:07,  5.48s/it]
 78%|███████▊  | 5533/7110 [8:34:28<2:23:40,  5.47s/it]
 78%|███████▊  | 5534/7110 [8:34:33<2:23:37,  5.47s/it]
 78%|███████▊  | 5535/7110 [8:34:39<2:22:56,  5.45s/it]
 78%|███████▊  | 5536/7110 [8:34:44<2:23:53,  5.49s/it]
 78%|███████▊  | 5537/7110 [8:34:50<2:24:11,  5.50s/it]
 78%|███████▊  | 5538/7110 [8:34:55<2:22:53,  5.45s/it]
 78%|███████▊  | 5539/7110 [8:35:01<2:23:29,  5.48s/it]
 78%|███████▊  | 5540/7110 [8:35:06<2:22:48,  5.46s/it]
 78%|███████▊  | 5541/7110 [8:35:12<2:23:41,  5.49s/it]
 78%|███████▊  | 5542/7110 [8:35:17<2:22:26,  5.45s/it]
 78%|███████▊  | 5543/7110 [8:35:23<2:23:06,  5.48s/it]
 78%|███████▊  | 5544/7110 [8:35:28<2:22:16,  5.45s/it]
 78%|███████▊  | 5545/7110 [8:35:34<2:22:50,  5.48s/it]
 78%|███████▊  | 5546/7110 [8:35:39<2:22:10,  5.45s/it]
 78%|███████▊  | 5547/7110 [8:35:45<2:23:06,  5.49s/it]
 78%|███████▊  | 5548/7110 [8:35:50<2:22:56,  5.49s/it]
 78%|███████▊  | 5549/7110 [8:35:55<2:22:07,  5.46s/it]
 78%|███████▊  | 5550/7110 [8:36:01<2:22:35,  5.48s/it]
 78%|███████▊  | 5551/7110 [8:36:06<2:21:52,  5.46s/it]
 78%|███████▊  | 5552/7110 [8:36:12<2:22:23,  5.48s/it]
 78%|███████▊  | 5553/7110 [8:36:17<2:21:40,  5.46s/it]
 78%|███████▊  | 5554/7110 [8:36:23<2:22:10,  5.48s/it]
 78%|███████▊  | 5555/7110 [8:36:28<2:21:46,  5.47s/it]
 78%|███████▊  | 5556/7110 [8:36:34<2:21:49,  5.48s/it]
 78%|███████▊  | 5557/7110 [8:36:39<2:21:33,  5.47s/it]
 78%|███████▊  | 5558/7110 [8:36:45<2:21:32,  5.47s/it]
 78%|███████▊  | 5559/7110 [8:36:50<2:22:21,  5.51s/it]
 78%|███████▊  | 5560/7110 [8:36:56<2:21:02,  5.46s/it]
 78%|███████▊  | 5561/7110 [8:37:01<2:21:29,  5.48s/it]
 78%|███████▊  | 5562/7110 [8:37:07<2:20:42,  5.45s/it]
 78%|███████▊  | 5563/7110 [8:37:12<2:21:15,  5.48s/it]
 78%|███████▊  | 5564/7110 [8:37:18<2:20:37,  5.46s/it]
 78%|███████▊  | 5565/7110 [8:37:23<2:21:08,  5.48s/it]
 78%|███████▊  | 5566/7110 [8:37:28<2:20:45,  5.47s/it]
 78%|███████▊  | 5567/7110 [8:37:34<2:20:46,  5.47s/it]
 78%|███████▊  | 5568/7110 [8:37:39<2:20:09,  5.45s/it]
 78%|███████▊  | 5569/7110 [8:37:45<2:20:38,  5.48s/it]
 78%|███████▊  | 5570/7110 [8:37:50<2:20:58,  5.49s/it]
 78%|███████▊  | 5571/7110 [8:37:56<2:20:07,  5.46s/it]
 78%|███████▊  | 5572/7110 [8:38:01<2:20:35,  5.48s/it]
 78%|███████▊  | 5573/7110 [8:38:07<2:19:50,  5.46s/it]
 78%|███████▊  | 5574/7110 [8:38:12<2:20:22,  5.48s/it]
 78%|███████▊  | 5575/7110 [8:38:18<2:20:02,  5.47s/it]
 78%|███████▊  | 5576/7110 [8:38:23<2:20:09,  5.48s/it]
 78%|███████▊  | 5577/7110 [8:38:29<2:19:24,  5.46s/it]
 78%|███████▊  | 5578/7110 [8:38:34<2:19:53,  5.48s/it]
 78%|███████▊  | 5579/7110 [8:38:40<2:19:35,  5.47s/it]
 78%|███████▊  | 5580/7110 [8:38:45<2:19:35,  5.47s/it]
 78%|███████▊  | 5581/7110 [8:38:51<2:19:58,  5.49s/it]
 79%|███████▊  | 5582/7110 [8:38:56<2:19:11,  5.47s/it]
 79%|███████▊  | 5583/7110 [8:39:02<2:19:38,  5.49s/it]
 79%|███████▊  | 5584/7110 [8:39:07<2:19:16,  5.48s/it]
 79%|███████▊  | 5585/7110 [8:39:13<2:19:15,  5.48s/it]
 79%|███████▊  | 5586/7110 [8:39:18<2:18:57,  5.47s/it]
 79%|███████▊  | 5587/7110 [8:39:23<2:18:57,  5.47s/it]
 79%|███████▊  | 5588/7110 [8:39:29<2:18:11,  5.45s/it]
 79%|███████▊  | 5589/7110 [8:39:34<2:18:47,  5.48s/it]
 79%|███████▊  | 5590/7110 [8:39:40<2:18:09,  5.45s/it]
 79%|███████▊  | 5591/7110 [8:39:45<2:18:37,  5.48s/it]
 79%|███████▊  | 5592/7110 [8:39:51<2:18:59,  5.49s/it]
 79%|███████▊  | 5593/7110 [8:39:56<2:18:12,  5.47s/it]
 79%|███████▊  | 5594/7110 [8:40:02<2:18:38,  5.49s/it]
 79%|███████▊  | 5595/7110 [8:40:07<2:18:14,  5.48s/it]
 79%|███████▊  | 5596/7110 [8:40:13<2:18:32,  5.49s/it]
 79%|███████▊  | 5597/7110 [8:40:18<2:17:23,  5.45s/it]
 79%|███████▊  | 5598/7110 [8:40:24<2:17:52,  5.47s/it]
 79%|███████▊  | 5599/7110 [8:40:29<2:17:07,  5.44s/it]
 79%|███████▉  | 5600/7110 [8:40:35<2:17:42,  5.47s/it]
 79%|███████▉  | 5601/7110 [8:40:40<2:17:08,  5.45s/it]
 79%|███████▉  | 5602/7110 [8:40:46<2:17:43,  5.48s/it]
 79%|███████▉  | 5603/7110 [8:40:51<2:18:05,  5.50s/it]
 79%|███████▉  | 5604/7110 [8:40:57<2:17:40,  5.49s/it]
 79%|███████▉  | 5605/7110 [8:41:02<2:17:36,  5.49s/it]
 79%|███████▉  | 5606/7110 [8:41:07<2:16:53,  5.46s/it]
 79%|███████▉  | 5607/7110 [8:41:13<2:17:22,  5.48s/it]
 79%|███████▉  | 5608/7110 [8:41:18<2:16:38,  5.46s/it]
 79%|███████▉  | 5609/7110 [8:41:24<2:17:11,  5.48s/it]
 79%|███████▉  | 5610/7110 [8:41:29<2:16:24,  5.46s/it]
 79%|███████▉  | 5611/7110 [8:41:35<2:17:22,  5.50s/it]
 79%|███████▉  | 5612/7110 [8:41:40<2:16:10,  5.45s/it]
 79%|███████▉  | 5613/7110 [8:41:46<2:16:43,  5.48s/it]
 79%|███████▉  | 5614/7110 [8:41:51<2:17:00,  5.50s/it]
 79%|███████▉  | 5615/7110 [8:41:57<2:16:11,  5.47s/it]
 79%|███████▉  | 5616/7110 [8:42:02<2:16:35,  5.49s/it]
 79%|███████▉  | 5617/7110 [8:42:08<2:16:13,  5.47s/it]
 79%|███████▉  | 5618/7110 [8:42:13<2:16:16,  5.48s/it]
 79%|███████▉  | 5619/7110 [8:42:19<2:15:40,  5.46s/it]
 79%|███████▉  | 5620/7110 [8:42:24<2:16:12,  5.48s/it]
 79%|███████▉  | 5621/7110 [8:42:29<2:15:22,  5.45s/it]
 79%|███████▉  | 5622/7110 [8:42:35<2:16:14,  5.49s/it]
 79%|███████▉  | 5623/7110 [8:42:40<2:15:03,  5.45s/it]
 79%|███████▉  | 5624/7110 [8:42:46<2:15:36,  5.48s/it]
 79%|███████▉  | 5625/7110 [8:42:52<2:16:20,  5.51s/it]
 79%|███████▉  | 5626/7110 [8:42:57<2:15:05,  5.46s/it]
 79%|███████▉  | 5627/7110 [8:43:02<2:15:36,  5.49s/it]
 79%|███████▉  | 5628/7110 [8:43:08<2:15:16,  5.48s/it]
 79%|███████▉  | 5629/7110 [8:43:13<2:15:16,  5.48s/it]
 79%|███████▉  | 5630/7110 [8:43:19<2:14:59,  5.47s/it]
 79%|███████▉  | 5631/7110 [8:43:24<2:15:22,  5.49s/it]
 79%|███████▉  | 5632/7110 [8:43:30<2:14:10,  5.45s/it]
 79%|███████▉  | 5633/7110 [8:43:35<2:15:08,  5.49s/it]
 79%|███████▉  | 5634/7110 [8:43:41<2:14:01,  5.45s/it]
 79%|███████▉  | 5635/7110 [8:43:46<2:14:33,  5.47s/it]
 79%|███████▉  | 5636/7110 [8:43:52<2:15:19,  5.51s/it]
 79%|███████▉  | 5637/7110 [8:43:57<2:14:04,  5.46s/it]
 79%|███████▉  | 5638/7110 [8:44:03<2:14:31,  5.48s/it]
 79%|███████▉  | 5639/7110 [8:44:08<2:14:10,  5.47s/it]
 79%|███████▉  | 5640/7110 [8:44:14<2:14:11,  5.48s/it]
 79%|███████▉  | 5641/7110 [8:44:19<2:13:32,  5.45s/it]
 79%|███████▉  | 5642/7110 [8:44:25<2:14:25,  5.49s/it]
 79%|███████▉  | 5643/7110 [8:44:30<2:13:10,  5.45s/it]
 79%|███████▉  | 5644/7110 [8:44:35<2:13:45,  5.47s/it]
 79%|███████▉  | 5645/7110 [8:44:41<2:13:07,  5.45s/it]
 79%|███████▉  | 5646/7110 [8:44:46<2:14:01,  5.49s/it]
 79%|███████▉  | 5647/7110 [8:44:52<2:14:16,  5.51s/it]
 79%|███████▉  | 5648/7110 [8:44:57<2:12:58,  5.46s/it]
 79%|███████▉  | 5649/7110 [8:45:03<2:13:25,  5.48s/it]
 79%|███████▉  | 5650/7110 [8:45:08<2:12:40,  5.45s/it]
 79%|███████▉  | 5651/7110 [8:45:14<2:13:10,  5.48s/it]
 79%|███████▉  | 5652/7110 [8:45:19<2:12:54,  5.47s/it]
 80%|███████▉  | 5653/7110 [8:45:25<2:12:54,  5.47s/it]
 80%|███████▉  | 5654/7110 [8:45:30<2:12:34,  5.46s/it]
 80%|███████▉  | 5655/7110 [8:45:36<2:12:41,  5.47s/it]
 80%|███████▉  | 5656/7110 [8:45:41<2:12:02,  5.45s/it]
 80%|███████▉  | 5657/7110 [8:45:47<2:12:28,  5.47s/it]
 80%|███████▉  | 5658/7110 [8:45:52<2:12:50,  5.49s/it]
 80%|███████▉  | 5659/7110 [8:45:58<2:12:32,  5.48s/it]
 80%|███████▉  | 5660/7110 [8:46:03<2:12:31,  5.48s/it]
 80%|███████▉  | 5661/7110 [8:46:08<2:11:54,  5.46s/it]
 80%|███████▉  | 5662/7110 [8:46:14<2:12:20,  5.48s/it]
 80%|███████▉  | 5663/7110 [8:46:19<2:11:39,  5.46s/it]
 80%|███████▉  | 5664/7110 [8:46:25<2:12:05,  5.48s/it]
 80%|███████▉  | 5665/7110 [8:46:30<2:11:18,  5.45s/it]
 80%|███████▉  | 5666/7110 [8:46:36<2:11:45,  5.47s/it]
 80%|███████▉  | 5667/7110 [8:46:41<2:11:29,  5.47s/it]
 80%|███████▉  | 5668/7110 [8:46:47<2:11:29,  5.47s/it]
 80%|███████▉  | 5669/7110 [8:46:52<2:11:49,  5.49s/it]
 80%|███████▉  | 5670/7110 [8:46:58<2:11:10,  5.47s/it]
 80%|███████▉  | 5671/7110 [8:47:03<2:11:35,  5.49s/it]
 80%|███████▉  | 5672/7110 [8:47:09<2:10:50,  5.46s/it]
 80%|███████▉  | 5673/7110 [8:47:14<2:11:33,  5.49s/it]
 80%|███████▉  | 5674/7110 [8:47:20<2:10:20,  5(0,)
########## New lowest validation loss achieved ########### sim-RMS = 0.0002936118980869651
It 5688, sqrt loss 0.003516, Val sim-RMS 0.0002936, Time Loss: 97.5%, data: 0.6%, val: 1.9%,  5.6 sec/batch
.45s/it]
 80%|███████▉  | 5675/7110 [8:47:25<2:10:53,  5.47s/it]
 80%|███████▉  | 5676/7110 [8:47:31<2:10:42,  5.47s/it]
 80%|███████▉  | 5677/7110 [8:47:36<2:10:43,  5.47s/it]
 80%|███████▉  | 5678/7110 [8:47:41<2:10:28,  5.47s/it]
 80%|███████▉  | 5679/7110 [8:47:47<2:10:33,  5.47s/it]
 80%|███████▉  | 5680/7110 [8:47:53<2:10:57,  5.49s/it]
 80%|███████▉  | 5681/7110 [8:47:58<2:10:10,  5.47s/it]
 80%|███████▉  | 5682/7110 [8:48:03<2:10:35,  5.49s/it]
 80%|███████▉  | 5683/7110 [8:48:09<2:09:55,  5.46s/it]
 80%|███████▉  | 5684/7110 [8:48:14<2:10:20,  5.48s/it]
 80%|███████▉  | 5685/7110 [8:48:20<2:09:36,  5.46s/it]
 80%|███████▉  | 5686/7110 [8:48:25<2:10:02,  5.48s/it]
 80%|███████▉  | 5687/7110 [8:48:31<2:09:19,  5.45s/it]
 80%|████████  | 5688/7110 [8:49:01<5:03:32, 12.81s/it]
 80%|████████  | 5689/7110 [8:49:06<4:10:27, 10.58s/it]
 80%|████████  | 5690/7110 [8:49:12<3:34:30,  9.06s/it]
 80%|████████  | 5691/7110 [8:49:17<3:09:29,  8.01s/it]
 80%|████████  | 5692/7110 [8:49:23<2:51:18,  7.25s/it]
 80%|████████  | 5693/7110 [8:49:28<2:38:34,  6.71s/it]
 80%|████████  | 5694/7110 [8:49:33<2:29:12,  6.32s/it]
 80%|████████  | 5695/7110 [8:49:39<2:23:28,  6.08s/it]
 80%|████████  | 5696/7110 [8:49:44<2:18:30,  5.88s/it]
 80%|████████  | 5697/7110 [8:49:50<2:16:04,  5.78s/it]
 80%|████████  | 5698/7110 [8:49:55<2:13:20,  5.67s/it]
 80%|████████  | 5699/7110 [8:50:01<2:12:14,  5.62s/it]
 80%|████████  | 5700/7110 [8:50:06<2:10:33,  5.56s/it]
 80%|████████  | 5701/7110 [8:50:12<2:10:33,  5.56s/it]
 80%|████████  | 5702/7110 [8:50:17<2:09:54,  5.54s/it]
 80%|████████  | 5703/7110 [8:50:23<2:08:50,  5.49s/it]
 80%|████████  | 5704/7110 [8:50:28<2:08:59,  5.50s/it]
 80%|████████  | 5705/7110 [8:50:34<2:08:12,  5.47s/it]
 80%|████████  | 5706/7110 [8:50:39<2:08:33,  5.49s/it]
 80%|████████  | 5707/7110 [8:50:45<2:07:52,  5.47s/it]
 80%|████████  | 5708/7110 [8:50:50<2:08:35,  5.50s/it]
 80%|████████  | 5709/7110 [8:50:56<2:07:25,  5.46s/it]
 80%|████████  | 5710/7110 [8:51:01<2:07:49,  5.48s/it]
 80%|████████  | 5711/7110 [8:51:07<2:07:32,  5.47s/it]
 80%|████████  | 5712/7110 [8:51:12<2:07:29,  5.47s/it]
 80%|████████  | 5713/7110 [8:51:18<2:08:09,  5.50s/it]
 80%|████████  | 5714/7110 [8:51:23<2:06:57,  5.46s/it]
 80%|████████  | 5715/7110 [8:51:28<2:07:21,  5.48s/it]
 80%|████████  | 5716/7110 [8:51:34<2:07:03,  5.47s/it]
 80%|████████  | 5717/7110 [8:51:39<2:07:05,  5.47s/it]
 80%|████████  | 5718/7110 [8:51:45<2:06:33,  5.45s/it]
 80%|████████  | 5719/7110 [8:51:50<2:07:02,  5.48s/it]
 80%|████████  | 5720/7110 [8:51:56<2:06:22,  5.45s/it]
 80%|████████  | 5721/7110 [8:52:01<2:07:09,  5.49s/it]
 80%|████████  | 5722/7110 [8:52:07<2:06:22,  5.46s/it]
 80%|████████  | 5723/7110 [8:52:12<2:06:41,  5.48s/it]
 81%|████████  | 5724/7110 [8:52:18<2:06:37,  5.48s/it]
 81%|████████  | 5725/7110 [8:52:23<2:06:16,  5.47s/it]
 81%|████████  | 5726/7110 [8:52:29<2:06:09,  5.47s/it]
 81%|████████  | 5727/7110 [8:52:34<2:05:34,  5.45s/it]
 81%|████████  | 5728/7110 [8:52:40<2:06:02,  5.47s/it]
 81%|████████  | 5729/7110 [8:52:45<2:05:24,  5.45s/it]
 81%|████████  | 5730/7110 [8:52:50<2:05:57,  5.48s/it]
 81%|████████  | 5731/7110 [8:52:56<2:05:21,  5.45s/it]
 81%|████████  | 5732/7110 [8:53:01<2:06:06,  5.49s/it]
 81%|████████  | 5733/7110 [8:53:07<2:05:03,  5.45s/it]
 81%|████████  | 5734/7110 [8:53:12<2:05:45,  5.48s/it]
 81%|████████  | 5735/7110 [8:53:18<2:06:02,  5.50s/it]
 81%|████████  | 5736/7110 [8:53:23<2:04:57,  5.46s/it]
 81%|████████  | 5737/7110 [8:53:29<2:05:20,  5.48s/it]
 81%|████████  | 5738/7110 [8:53:34<2:04:41,  5.45s/it]
 81%|████████  | 5739/7110 [8:53:40<2:05:07,  5.48s/it]
 81%|████████  | 5740/7110 [8:53:45<2:04:53,  5.47s/it]
 81%|████████  | 5741/7110 [8:53:51<2:04:55,  5.48s/it]
 81%|████████  | 5742/7110 [8:53:56<2:04:22,  5.45s/it]
 81%|████████  | 5743/7110 [8:54:02<2:04:49,  5.48s/it]
 81%|████████  | 5744/7110 [8:54:07<2:04:31,  5.47s/it]
 81%|████████  | 5745/7110 [8:54:13<2:04:51,  5.49s/it]
 81%|████████  | 5746/7110 [8:54:18<2:04:43,  5.49s/it]
 81%|████████  | 5747/7110 [8:54:23<2:04:01,  5.46s/it]
 81%|████████  | 5748/7110 [8:54:29<2:04:23,  5.48s/it]
 81%|████████  | 5749/7110 [8:54:34<2:03:44,  5.45s/it]
 81%|████████  | 5750/7110 [8:54:40<2:04:14,  5.48s/it]
 81%|████████  | 5751/7110 [8:54:45<2:03:38,  5.46s/it]
 81%|████████  | 5752/7110 [8:54:51<2:04:24,  5.50s/it]
 81%|████████  | 5753/7110 [8:54:56<2:03:41,  5.47s/it]
 81%|████████  | 5754/7110 [8:55:02<2:03:40,  5.47s/it]
 81%|████████  | 5755/7110 [8:55:07<2:03:26,  5.47s/it]
 81%|████████  | 5756/7110 [8:55:13<2:03:31,  5.47s/it]
 81%|████████  | 5757/7110 [8:55:18<2:04:08,  5.51s/it]
 81%|████████  | 5758/7110 [8:55:24<2:02:57,  5.46s/it]
 81%|████████  | 5759/7110 [8:55:29<2:03:15,  5.47s/it]
 81%|████████  | 5760/7110 [8:55:35<2:02:39,  5.45s/it]
 81%|████████  | 5761/7110 [8:55:40<2:03:07,  5.48s/it]
 81%|████████  | 5762/7110 [8:55:46<2:02:29,  5.45s/it]
 81%|████████  | 5763/7110 [8:55:51<2:02:56,  5.48s/it]
 81%|████████  | 5764/7110 [8:55:57<2:02:43,  5.47s/it]
 81%|████████  | 5765/7110 [8:56:02<2:02:43,  5.47s/it]
 81%|████████  | 5766/7110 [8:56:07<2:02:11,  5.45s/it]
 81%|████████  | 5767/7110 [8:56:13<2:02:35,  5.48s/it]
 81%|████████  | 5768/7110 [8:56:18<2:02:55,  5.50s/it]
 81%|████████  | 5769/7110 [8:56:24<2:02:07,  5.46s/it]
 81%|████████  | 5770/7110 [8:56:29<2:02:25,  5.48s/it]
 81%|████████  | 5771/7110 [8:56:35<2:02:07,  5.47s/it]
 81%|████████  | 5772/7110 [8:56:40<2:02:26,  5.49s/it]
 81%|████████  | 5773/7110 [8:56:46<2:01:27,  5.45s/it]
 81%|████████  | 5774/7110 [8:56:51<2:01:55,  5.48s/it]
 81%|████████  | 5775/7110 [8:56:57<2:01:39,  5.47s/it]
 81%|████████  | 5776/7110 [8:57:02<2:01:39,  5.47s/it]
 81%|████████▏ | 5777/7110 [8:57:08<2:01:02,  5.45s/it]
 81%|████████▏ | 5778/7110 [8:57:13<2:01:29,  5.47s/it]
 81%|████████▏ | 5779/7110 [8:57:19<2:01:50,  5.49s/it]
 81%|████████▏ | 5780/7110 [8:57:24<2:01:08,  5.47s/it]
 81%|████████▏ | 5781/7110 [8:57:30<2:01:29,  5.49s/it]
 81%|████████▏ | 5782/7110 [8:57:35<2:01:09,  5.47s/it]
 81%|████████▏ | 5783/7110 [8:57:41<2:01:09,  5.48s/it]
 81%|████████▏ | 5784/7110 [8:57:46<2:00:35,  5.46s/it]
 81%|████████▏ | 5785/7110 [8:57:52<2:01:19,  5.49s/it]
 81%|████████▏ | 5786/7110 [8:57:57<2:00:16,  5.45s/it]
 81%|████████▏ | 5787/7110 [8:58:02<2:00:44,  5.48s/it]
 81%|████████▏ | 5788/7110 [8:58:08<2:00:25,  5.47s/it]
 81%|████████▏ | 5789/7110 [8:58:13<2:00:24,  5.47s/it]
 81%|████████▏ | 5790/7110 [8:58:19<2:00:49,  5.49s/it]
 81%|████████▏ | 5791/7110 [8:58:24<2:00:09,  5.47s/it]
 81%|████████▏ | 5792/7110 [8:58:30<2:00:48,  5.50s/it]
 81%|████████▏ | 5793/7110 [8:58:35<2:00:04,  5.47s/it]
 81%|████████▏ | 5794/7110 [8:58:41<2:00:05,  5.47s/it]
 82%|████████▏ | 5795/7110 [8:58:46<1:59:30,  5.45s/it]
 82%|████████▏ | 5796/7110 [8:58:52<1:59:54,  5.48s/it]
 82%|████████▏ | 5797/7110 [8:58:57<1:59:19,  5.45s/it]
 82%|████████▏ | 5798/7110 [8:59:03<1:59:45,  5.48s/it]
 82%|████████▏ | 5799/7110 [8:59:08<1:59:26,  5.47s/it]
 82%|████████▏ | 5800/7110 [8:59:14<1:59:25,  5.47s/it]
 82%|████████▏ | 5801/7110 [8:59:19<2:00:08,  5.51s/it]
 82%|████████▏ | 5802/7110 [8:59:25<1:59:19,  5.47s/it]
 82%|████████▏ | 5803/7110 [8:59:30<1:59:15,  5.48s/it]
 82%|████████▏ | 5804/7110 [8:59:35<1:58:38,  5.45s/it]
 82%|████████▏ | 5805/7110 [8:59:41<1:59:04,  5.47s/it]
 82%|████████▏ | 5806/7110 [8:59:46<1:58:32,  5.45s/it]
 82%|████████▏ | 5807/7110 [8:59:52<1:58:59,  5.48s/it]
 82%|████████▏ | 5808/7110 [8:59:57<1:58:42,  5.47s/it]
 82%|████████▏ | 5809/7110 [9:00:03<1:58:42,  5.47s/it]
 82%|████████▏ | 5810/7110 [9:00:08<1:58:08,  5.45s/it]
 82%|████████▏ | 5811/7110 [9:00:14<1:58:50,  5.49s/it]
 82%|████████▏ | 5812/7110 [9:00:19<1:58:47,  5.49s/it]
 82%|████████▏ | 5813/7110 [9:00:25<1:58:09,  5.47s/it]
 82%|████████▏ | 5814/7110 [9:00:30<1:58:27,  5.48s/it]
 82%|████████▏ | 5815/7110 [9:00:36<1:57:50,  5.46s/it]
 82%|████████▏ | 5816/7110 [9:00:41<1:58:10,  5.48s/it]
 82%|████████▏ | 5817/7110 [9:00:47<1:57:36,  5.46s/it]
 82%|████████▏ | 5818/7110 [9:00:52<1:58:03,  5.48s/it]
 82%|████████▏ | 5819/7110 [9:00:57<1:57:27,  5.46s/it]
 82%|████████▏ | 5820/7110 [9:01:03<1:58:13,  5.50s/it]
 82%|████████▏ | 5821/7110 [9:01:08<1:57:12,  5.46s/it]
 82%|████████▏ | 5822/7110 [9:01:14<1:57:55,  5.49s/it]
 82%|████████▏ | 5823/7110 [9:01:20<1:58:05,  5.51s/it]
 82%|████████▏ | 5824/7110 [9:01:25<1:56:56,  5.46s/it]
 82%|████████▏ | 5825/7110 [9:01:30<1:57:17,  5.48s/it]
 82%|████████▏ | 5826/7110 [9:01:36<1:56:43,  5.45s/it]
 82%|████████▏ | 5827/7110 [9:01:41<1:57:07,  5.48s/it]
 82%|████████▏ | 5828/7110 [9:01:47<1:56:55,  5.47s/it]
 82%|████████▏ | 5829/7110 [9:01:52<1:56:54,  5.48s/it]
 82%|████████▏ | 5830/7110 [9:01:58<1:56:17,  5.45s/it]
 82%|████████▏ | 5831/7110 [9:02:03<1:56:41,  5.47s/it]
 82%|████████▏ | 5832/7110 [9:02:09<1:56:05,  5.45s/it]
 82%|████████▏ | 5833/7110 [9:02:14<1:56:27,  5.47s/it]
 82%|████████▏ | 5834/7110 [9:02:20<1:56:45,  5.49s/it]
 82%|████████▏ | 5835/7110 [9:02:25<1:56:21,  5.48s/it]
 82%|████████▏ | 5836/7110 [9:02:31<1:56:11,  5.47s/it]
 82%|████████▏ | 5837/7110 [9:02:36<1:55:39,  5.45s/it]
 82%|████████▏ | 5838/7110 [9:02:41<1:56:04,  5.48s/it]
 82%|████████▏ | 5839/7110 [9:02:47<1:55:48,  5.47s/it]
 82%|████████▏ | 5840/7110 [9:02:52<1:55:50,  5.47s/it]
 82%|████████▏ | 5841/7110 [9:02:58<1:55:19,  5.45s/it]
 82%|████████▏ | 5842/7110 [9:03:03<1:56:07,  5.50s/it]
 82%|████████▏ | 5843/7110 [9:03:09<1:55:08,  5.45s/it]
 82%|████████▏ | 5844/7110 [9:03:14<1:55:52,  5.49s/it]
 82%|████████▏ | 5845/7110 [9:03:20<1:55:45,  5.49s/it]
 82%|████████▏ | 5846/7110 [9:03:25<1:55:06,  5.46s/it]
 82%|████████▏ | 5847/7110 [9:03:31<1:55:28,  5.49s/it]
 82%|████████▏ | 5848/7110 [9:03:36<1:54:48,  5.46s/it]
 82%|████████▏ | 5849/7110 [9:03:42<1:55:09,  5.48s/it]
 82%|████████▏ | 5850/7110 [9:03:47<1:54:32,  5.45s/it]
 82%|████████▏ | 5851/7110 [9:03:53<1:55:12,  5.49s/it]
 82%|████████▏ | 5852/7110 [9:03:58<1:54:32,  5.46s/it]
 82%|████████▏ | 5853/7110 [9:04:04<1:54:35,  5.47s/it]
 82%|████████▏ | 5854/7110 [9:04:09<1:54:06,  5.45s/it]
 82%|████████▏ | 5855/7110 [9:04:15<1:54:32,  5.48s/it]
 82%|████████▏ | 5856/7110 [9:04:20<1:54:49,  5.49s/it]
 82%|████████▏ | 5857/7110 [9:04:25<1:54:28,  5.48s/it]
 82%|████████▏ | 5858/7110 [9:04:31<1:54:22,  5.48s/it]
 82%|████████▏ | 5859/7110 [9:04:36<1:54:07,  5.47s/it]
 82%|████████▏ | 5860/7110 [9:04:42<1:54:06,  5.48s/it]
 82%|████████▏ | 5861/7110 [9:04:47<1:53:39,  5.46s/it]
 82%|████████▏ | 5862/7110 [9:04:53<1:54:04,  5.48s/it]
 82%|████████▏ | 5863/7110 [9:04:58<1:53:47,  5.47s/it]
 82%|████████▏ | 5864/7110 [9:05:04<1:53:44,  5.48s/it]
 82%|████████▏ | 5865/7110 [9:05:09<1:53:10,  5.45s/it]
 83%|████████▎ | 5866/7110 [9:05:15<1:53:34,  5.48s/it]
 83%|████████▎ | 5867/7110 [9:05:20<1:53:55,  5.50s/it]
 83%|████████▎ | 5868/7110 [9:05:26<1:53:14,  5.47s/it]
 83%|████████▎ | 5869/7110 [9:05:31<1:53:33,  5.49s/it]
 83%|████████▎ | 5870/7110 [9:05:37<1:53:15,  5.48s/it]
 83%|████████▎ | 5871/7110 [9:05:42<1:53:07,  5.48s/it]
 83%|████████▎ | 5872/7110 [9:05:48<1:52:52,  5.47s/it]
 83%|████████▎ | 5873/7110 [9:05:53<1:52:53,  5.48s/it]
 83%|████████▎ | 5874/7110 [9:05:59<1:52:41,  5.47s/it]
 83%|████████▎ | 5875/7110 [9:06:04<1:52:58,  5.49s/it]
 83%|████████▎ | 5876/7110 [9:06:09<1:52:04,  5.45s/it]
 83%|████████▎ | 5877/7110 [9:06:15<1:52:30,  5.47s/it]
 83%|████████▎ | 5878/7110 [9:06:21<1:52:48,  5.49s/it]
 83%|████████▎ | 5879/7110 [9:06:26<1:52:05,  5.46s/it]
 83%|████████▎ | 5880/7110 [9:06:31<1:52:25,  5.48s/it]
 83%|████████▎ | 5881/7110 [9:06:37<1:51:49,  5.46s/it]
 83%|████████▎ | 5882/7110 [9:06:42<1:52:32,  5.50s/it]
 83%|████████▎ | 5883/7110 [9:06:48<1:51:35,  5.46s/it]
 83%|████████▎ | 5884/7110 [9:06:53<1:52:00,  5.48s/it]
 83%|████████▎ | 5885/7110 [9:06:59<1:51:46,  5.47s/it]
 83%|████████▎ | 5886/7110 [9:07:04<1:52:04,  5.49s/it]
 83%|████████▎ | 5887/7110 [9:07:10<1:51:06,  5.45s/it]
 83%|████████▎ | 5888/7110 [9:07:15<1:51:32,  5.48s/it]
 83%|████████▎ | 5889/7110 [9:07:21<1:51:49,  5.49s/it]
 83%|████████▎ | 5890/7110 [9:07:26<1:51:23,  5.48s/it]
 83%|████████▎ | 5891/7110 [9:07:32<1:51:22,  5.48s/it]
 83%|████████▎ | 5892/7110 [9:07:37<1:50:49,  5.46s/it]
 83%|████████▎ | 5893/7110 [9:07:43<1:51:10,  5.48s/it]
 83%|████████▎ | 5894/7110 [9:07:48<1:50:51,  5.47s/it]
 83%|████████▎ | 5895/7110 [9:07:54<1:51:09,  5.49s/it]
 83%|████████▎ | 5896/7110 [9:07:59<1:50:12,  5.45s/it]
 83%|████████▎ | 5897/7110 [9:08:04<1:50:39,  5.47s/it]
 83%|████████▎ | 5898/7110 [9:08:10<1:50:08,  5.45s/it]
 83%|████████▎ | 5899/7110 [9:08:15<1:50:34,  5.48s/it]
 83%|████████▎ | 5900/7110 [9:08:21<1:51:11,  5.51s/it]
 83%|████████▎ | 5901/7110 [9:08:26<1:50:23,  5.48s/it]
 83%|████████▎ | 5902/7110 [9:08:32<1:50:19,  5.48s/it]
 83%|████████▎ | 5903/7110 [9:08:37<1:49:47,  5.46s/it]
 83%|████████▎ | 5904/7110 [9:08:43<1:50:07,  5.48s/it]
 83%|████████▎ | 5905/7110 [9:08:48<1:49:34,  5.46s/it]
 83%|████████▎ | 5906/7110 [9:08:54<1:50:16,  5.50s/it]
 83%|████████▎ | 5907/7110 [9:08:59<1:49:19,  5.45s/it]
 83%|████████▎ | 5908/7110 [9:09:05<1:49:43,  5.48s/it]
 83%|████████▎ | 5909/7110 [9:09:10<1:49:09,  5.45s/it]
 83%|████████▎ | 5910/7110 [9:09:16<1:49:45,  5.49s/it]
 83%|████████▎ | 5911/7110 [9:09:21<1:49:40,  5.49s/it]
 83%|████████▎ | 5912/7110 [9:09:27<1:49:04,  5(0,)
It 5925, sqrt loss 0.00174, Val sim-RMS 0.001418, Time Loss: 97.5%, data: 0.6%, val: 1.9%,  5.6 sec/batch
.46s/it]
 83%|████████▎ | 5913/7110 [9:09:32<1:49:24,  5.48s/it]
 83%|████████▎ | 5914/7110 [9:09:38<1:48:45,  5.46s/it]
 83%|████████▎ | 5915/7110 [9:09:43<1:49:25,  5.49s/it]
 83%|████████▎ | 5916/7110 [9:09:48<1:48:28,  5.45s/it]
 83%|████████▎ | 5917/7110 [9:09:54<1:48:51,  5.48s/it]
 83%|████████▎ | 5918/7110 [9:09:59<1:48:23,  5.46s/it]
 83%|████████▎ | 5919/7110 [9:10:05<1:49:03,  5.49s/it]
 83%|████████▎ | 5920/7110 [9:10:10<1:48:11,  5.45s/it]
 83%|████████▎ | 5921/7110 [9:10:16<1:48:32,  5.48s/it]
 83%|████████▎ | 5922/7110 [9:10:21<1:49:06,  5.51s/it]
 83%|████████▎ | 5923/7110 [9:10:27<1:47:57,  5.46s/it]
 83%|████████▎ | 5924/7110 [9:10:32<1:48:14,  5.48s/it]
 83%|████████▎ | 5925/7110 [9:11:02<4:12:42, 12.79s/it]
 83%|████████▎ | 5926/7110 [9:11:08<3:29:12, 10.60s/it]
 83%|████████▎ | 5927/7110 [9:11:13<2:58:38,  9.06s/it]
 83%|████████▎ | 5928/7110 [9:11:19<2:37:39,  8.00s/it]
 83%|████████▎ | 5929/7110 [9:11:24<2:21:51,  7.21s/it]
 83%|████████▎ | 5930/7110 [9:11:30<2:11:48,  6.70s/it]
 83%|████████▎ | 5931/7110 [9:11:35<2:04:23,  6.33s/it]
 83%|████████▎ | 5932/7110 [9:11:41<1:59:34,  6.09s/it]
 83%|████████▎ | 5933/7110 [9:11:46<1:56:15,  5.93s/it]
 83%|████████▎ | 5934/7110 [9:11:51<1:52:48,  5.76s/it]
 83%|████████▎ | 5935/7110 [9:11:57<1:51:23,  5.69s/it]
 83%|████████▎ | 5936/7110 [9:12:02<1:49:55,  5.62s/it]
 84%|████████▎ | 5937/7110 [9:12:08<1:49:00,  5.58s/it]
 84%|████████▎ | 5938/7110 [9:12:13<1:47:52,  5.52s/it]
 84%|████████▎ | 5939/7110 [9:12:19<1:47:48,  5.52s/it]
 84%|████████▎ | 5940/7110 [9:12:24<1:48:07,  5.54s/it]
 84%|████████▎ | 5941/7110 [9:12:30<1:47:09,  5.50s/it]
 84%|████████▎ | 5942/7110 [9:12:35<1:47:02,  5.50s/it]
 84%|████████▎ | 5943/7110 [9:12:41<1:46:43,  5.49s/it]
 84%|████████▎ | 5944/7110 [9:12:46<1:46:38,  5.49s/it]
 84%|████████▎ | 5945/7110 [9:12:52<1:46:52,  5.50s/it]
 84%|████████▎ | 5946/7110 [9:12:57<1:46:28,  5.49s/it]
 84%|████████▎ | 5947/7110 [9:13:03<1:46:39,  5.50s/it]
 84%|████████▎ | 5948/7110 [9:13:08<1:45:42,  5.46s/it]
 84%|████████▎ | 5949/7110 [9:13:14<1:46:25,  5.50s/it]
 84%|████████▎ | 5950/7110 [9:13:19<1:45:29,  5.46s/it]
 84%|████████▎ | 5951/7110 [9:13:25<1:45:54,  5.48s/it]
 84%|████████▎ | 5952/7110 [9:13:30<1:45:37,  5.47s/it]
 84%|████████▎ | 5953/7110 [9:13:36<1:45:38,  5.48s/it]
 84%|████████▎ | 5954/7110 [9:13:41<1:45:09,  5.46s/it]
 84%|████████▍ | 5955/7110 [9:13:47<1:45:33,  5.48s/it]
 84%|████████▍ | 5956/7110 [9:13:52<1:45:50,  5.50s/it]
 84%|████████▍ | 5957/7110 [9:13:57<1:45:12,  5.47s/it]
 84%|████████▍ | 5958/7110 [9:14:03<1:45:30,  5.50s/it]
 84%|████████▍ | 5959/7110 [9:14:08<1:44:53,  5.47s/it]
 84%|████████▍ | 5960/7110 [9:14:14<1:45:31,  5.51s/it]
 84%|████████▍ | 5961/7110 [9:14:19<1:44:35,  5.46s/it]
 84%|████████▍ | 5962/7110 [9:14:25<1:44:54,  5.48s/it]
 84%|████████▍ | 5963/7110 [9:14:30<1:45:23,  5.51s/it]
 84%|████████▍ | 5964/7110 [9:14:36<1:44:44,  5.48s/it]
 84%|████████▍ | 5965/7110 [9:14:41<1:44:57,  5.50s/it]
 84%|████████▍ | 5966/7110 [9:14:47<1:44:21,  5.47s/it]
 84%|████████▍ | 5967/7110 [9:14:52<1:44:19,  5.48s/it]
 84%|████████▍ | 5968/7110 [9:14:58<1:44:04,  5.47s/it]
 84%|████████▍ | 5969/7110 [9:15:03<1:44:18,  5.48s/it]
 84%|████████▍ | 5970/7110 [9:15:09<1:44:12,  5.48s/it]
 84%|████████▍ | 5971/7110 [9:15:14<1:43:38,  5.46s/it]
 84%|████████▍ | 5972/7110 [9:15:20<1:44:16,  5.50s/it]
 84%|████████▍ | 5973/7110 [9:15:25<1:43:37,  5.47s/it]
 84%|████████▍ | 5974/7110 [9:15:31<1:43:48,  5.48s/it]
 84%|████████▍ | 5975/7110 [9:15:36<1:42:56,  5.44s/it]
 84%|████████▍ | 5976/7110 [9:15:42<1:43:22,  5.47s/it]
 84%|████████▍ | 5977/7110 [9:15:47<1:43:56,  5.50s/it]
 84%|████████▍ | 5978/7110 [9:15:53<1:43:16,  5.47s/it]
 84%|████████▍ | 5979/7110 [9:15:58<1:43:14,  5.48s/it]
 84%|████████▍ | 5980/7110 [9:16:03<1:42:43,  5.45s/it]
 84%|████████▍ | 5981/7110 [9:16:09<1:43:19,  5.49s/it]
 84%|████████▍ | 5982/7110 [9:16:14<1:42:28,  5.45s/it]
 84%|████████▍ | 5983/7110 [9:16:20<1:42:55,  5.48s/it]
 84%|████████▍ | 5984/7110 [9:16:25<1:42:25,  5.46s/it]
 84%|████████▍ | 5985/7110 [9:16:31<1:43:02,  5.50s/it]
 84%|████████▍ | 5986/7110 [9:16:36<1:42:10,  5.45s/it]
 84%|████████▍ | 5987/7110 [9:16:42<1:42:48,  5.49s/it]
 84%|████████▍ | 5988/7110 [9:16:47<1:42:40,  5.49s/it]
 84%|████████▍ | 5989/7110 [9:16:53<1:42:20,  5.48s/it]
 84%|████████▍ | 5990/7110 [9:16:58<1:42:13,  5.48s/it]
 84%|████████▍ | 5991/7110 [9:17:04<1:41:40,  5.45s/it]
 84%|████████▍ | 5992/7110 [9:17:09<1:42:05,  5.48s/it]
 84%|████████▍ | 5993/7110 [9:17:15<1:41:37,  5.46s/it]
 84%|████████▍ | 5994/7110 [9:17:20<1:42:00,  5.48s/it]
 84%|████████▍ | 5995/7110 [9:17:26<1:41:46,  5.48s/it]
 84%|████████▍ | 5996/7110 [9:17:31<1:42:02,  5.50s/it]
 84%|████████▍ | 5997/7110 [9:17:37<1:41:11,  5.46s/it]
 84%|████████▍ | 5998/7110 [9:17:42<1:41:35,  5.48s/it]
 84%|████████▍ | 5999/7110 [9:17:48<1:41:49,  5.50s/it]
 84%|████████▍ | 6000/7110 [9:17:53<1:41:13,  5.47s/it]
 84%|████████▍ | 6001/7110 [9:17:59<1:41:27,  5.49s/it]
 84%|████████▍ | 6002/7110 [9:18:04<1:40:51,  5.46s/it]
 84%|████████▍ | 6003/7110 [9:18:09<1:41:10,  5.48s/it]
 84%|████████▍ | 6004/7110 [9:18:15<1:40:54,  5.47s/it]
 84%|████████▍ | 6005/7110 [9:18:20<1:40:50,  5.48s/it]
 84%|████████▍ | 6006/7110 [9:18:26<1:40:20,  5.45s/it]
 84%|████████▍ | 6007/7110 [9:18:31<1:40:42,  5.48s/it]
 85%|████████▍ | 6008/7110 [9:18:37<1:40:12,  5.46s/it]
 85%|████████▍ | 6009/7110 [9:18:42<1:40:32,  5.48s/it]
 85%|████████▍ | 6010/7110 [9:18:48<1:41:08,  5.52s/it]
 85%|████████▍ | 6011/7110 [9:18:53<1:40:10,  5.47s/it]
 85%|████████▍ | 6012/7110 [9:18:59<1:40:42,  5.50s/it]
 85%|████████▍ | 6013/7110 [9:19:04<1:39:46,  5.46s/it]
 85%|████████▍ | 6014/7110 [9:19:10<1:40:06,  5.48s/it]
 85%|████████▍ | 6015/7110 [9:19:15<1:39:37,  5.46s/it]
 85%|████████▍ | 6016/7110 [9:19:21<1:40:00,  5.48s/it]
 85%|████████▍ | 6017/7110 [9:19:26<1:39:28,  5.46s/it]
 85%|████████▍ | 6018/7110 [9:19:32<1:40:04,  5.50s/it]
 85%|████████▍ | 6019/7110 [9:19:37<1:39:29,  5.47s/it]
 85%|████████▍ | 6020/7110 [9:19:43<1:39:25,  5.47s/it]
 85%|████████▍ | 6021/7110 [9:19:48<1:39:40,  5.49s/it]
 85%|████████▍ | 6022/7110 [9:19:54<1:39:11,  5.47s/it]
 85%|████████▍ | 6023/7110 [9:19:59<1:39:47,  5.51s/it]
 85%|████████▍ | 6024/7110 [9:20:04<1:38:52,  5.46s/it]
 85%|████████▍ | 6025/7110 [9:20:10<1:39:14,  5.49s/it]
 85%|████████▍ | 6026/7110 [9:20:15<1:38:43,  5.46s/it]
 85%|████████▍ | 6027/7110 [9:20:21<1:39:19,  5.50s/it]
 85%|████████▍ | 6028/7110 [9:20:26<1:38:24,  5.46s/it]
 85%|████████▍ | 6029/7110 [9:20:32<1:38:42,  5.48s/it]
 85%|████████▍ | 6030/7110 [9:20:37<1:38:16,  5.46s/it]
 85%|████████▍ | 6031/7110 [9:20:43<1:38:35,  5.48s/it]
 85%|████████▍ | 6032/7110 [9:20:48<1:39:05,  5.52s/it]
 85%|████████▍ | 6033/7110 [9:20:54<1:38:21,  5.48s/it]
 85%|████████▍ | 6034/7110 [9:20:59<1:38:20,  5.48s/it]
 85%|████████▍ | 6035/7110 [9:21:05<1:37:48,  5.46s/it]
 85%|████████▍ | 6036/7110 [9:21:10<1:38:08,  5.48s/it]
 85%|████████▍ | 6037/7110 [9:21:16<1:37:37,  5.46s/it]
 85%|████████▍ | 6038/7110 [9:21:21<1:38:14,  5.50s/it]
 85%|████████▍ | 6039/7110 [9:21:27<1:37:22,  5.45s/it]
 85%|████████▍ | 6040/7110 [9:21:32<1:37:42,  5.48s/it]
 85%|████████▍ | 6041/7110 [9:21:38<1:37:31,  5.47s/it]
 85%|████████▍ | 6042/7110 [9:21:43<1:37:30,  5.48s/it]
 85%|████████▍ | 6043/7110 [9:21:49<1:37:47,  5.50s/it]
 85%|████████▌ | 6044/7110 [9:21:54<1:37:12,  5.47s/it]
 85%|████████▌ | 6045/7110 [9:22:00<1:37:31,  5.49s/it]
 85%|████████▌ | 6046/7110 [9:22:05<1:37:14,  5.48s/it]
 85%|████████▌ | 6047/7110 [9:22:11<1:37:11,  5.49s/it]
 85%|████████▌ | 6048/7110 [9:22:16<1:36:41,  5.46s/it]
 85%|████████▌ | 6049/7110 [9:22:21<1:36:58,  5.48s/it]
 85%|████████▌ | 6050/7110 [9:22:27<1:36:40,  5.47s/it]
 85%|████████▌ | 6051/7110 [9:22:32<1:36:56,  5.49s/it]
 85%|████████▌ | 6052/7110 [9:22:38<1:36:10,  5.45s/it]
 85%|████████▌ | 6053/7110 [9:22:43<1:36:32,  5.48s/it]
 85%|████████▌ | 6054/7110 [9:22:49<1:36:47,  5.50s/it]
 85%|████████▌ | 6055/7110 [9:22:54<1:36:28,  5.49s/it]
 85%|████████▌ | 6056/7110 [9:23:00<1:36:22,  5.49s/it]
 85%|████████▌ | 6057/7110 [9:23:05<1:35:51,  5.46s/it]
 85%|████████▌ | 6058/7110 [9:23:11<1:36:07,  5.48s/it]
 85%|████████▌ | 6059/7110 [9:23:16<1:35:53,  5.47s/it]
 85%|████████▌ | 6060/7110 [9:23:22<1:35:49,  5.48s/it]
 85%|████████▌ | 6061/7110 [9:23:27<1:35:16,  5.45s/it]
 85%|████████▌ | 6062/7110 [9:23:33<1:35:38,  5.48s/it]
 85%|████████▌ | 6063/7110 [9:23:38<1:35:24,  5.47s/it]
 85%|████████▌ | 6064/7110 [9:23:44<1:35:23,  5.47s/it]
 85%|████████▌ | 6065/7110 [9:23:49<1:35:40,  5.49s/it]
 85%|████████▌ | 6066/7110 [9:23:55<1:35:09,  5.47s/it]
 85%|████████▌ | 6067/7110 [9:24:00<1:35:24,  5.49s/it]
 85%|████████▌ | 6068/7110 [9:24:06<1:35:11,  5.48s/it]
 85%|████████▌ | 6069/7110 [9:24:11<1:35:21,  5.50s/it]
 85%|████████▌ | 6070/7110 [9:24:16<1:34:49,  5.47s/it]
 85%|████████▌ | 6071/7110 [9:24:22<1:35:05,  5.49s/it]
 85%|████████▌ | 6072/7110 [9:24:27<1:34:27,  5.46s/it]
 85%|████████▌ | 6073/7110 [9:24:33<1:34:46,  5.48s/it]
 85%|████████▌ | 6074/7110 [9:24:38<1:34:02,  5.45s/it]
 85%|████████▌ | 6075/7110 [9:24:44<1:34:24,  5.47s/it]
 85%|████████▌ | 6076/7110 [9:24:49<1:34:56,  5.51s/it]
 85%|████████▌ | 6077/7110 [9:24:55<1:34:02,  5.46s/it]
 85%|████████▌ | 6078/7110 [9:25:00<1:34:33,  5.50s/it]
 85%|████████▌ | 6079/7110 [9:25:06<1:33:58,  5.47s/it]
 86%|████████▌ | 6080/7110 [9:25:11<1:34:14,  5.49s/it]
 86%|████████▌ | 6081/7110 [9:25:17<1:33:28,  5.45s/it]
 86%|████████▌ | 6082/7110 [9:25:22<1:33:49,  5.48s/it]
 86%|████████▌ | 6083/7110 [9:25:28<1:33:31,  5.46s/it]
 86%|████████▌ | 6084/7110 [9:25:33<1:33:31,  5.47s/it]
 86%|████████▌ | 6085/7110 [9:25:39<1:33:08,  5.45s/it]
 86%|████████▌ | 6086/7110 [9:25:44<1:33:28,  5.48s/it]
 86%|████████▌ | 6087/7110 [9:25:50<1:33:45,  5.50s/it]
 86%|████████▌ | 6088/7110 [9:25:55<1:33:12,  5.47s/it]
 86%|████████▌ | 6089/7110 [9:26:01<1:33:30,  5.49s/it]
 86%|████████▌ | 6090/7110 [9:26:06<1:33:00,  5.47s/it]
 86%|████████▌ | 6091/7110 [9:26:12<1:33:17,  5.49s/it]
 86%|████████▌ | 6092/7110 [9:26:17<1:32:45,  5.47s/it]
 86%|████████▌ | 6093/7110 [9:26:22<1:33:03,  5.49s/it]
 86%|████████▌ | 6094/7110 [9:26:28<1:32:28,  5.46s/it]
 86%|████████▌ | 6095/7110 [9:26:33<1:32:45,  5.48s/it]
 86%|████████▌ | 6096/7110 [9:26:39<1:32:32,  5.48s/it]
 86%|████████▌ | 6097/7110 [9:26:44<1:32:31,  5.48s/it]
 86%|████████▌ | 6098/7110 [9:26:50<1:33:01,  5.52s/it]
 86%|████████▌ | 6099/7110 [9:26:55<1:32:08,  5.47s/it]
 86%|████████▌ | 6100/7110 [9:27:01<1:32:40,  5.51s/it]
 86%|████████▌ | 6101/7110 [9:27:06<1:32:04,  5.48s/it]
 86%|████████▌ | 6102/7110 [9:27:12<1:32:21,  5.50s/it]
 86%|████████▌ | 6103/7110 [9:27:17<1:31:31,  5.45s/it]
 86%|████████▌ | 6104/7110 [9:27:23<1:31:50,  5.48s/it]
 86%|████████▌ | 6105/7110 [9:27:28<1:31:35,  5.47s/it]
 86%|████████▌ | 6106/7110 [9:27:34<1:31:51,  5.49s/it]
 86%|████████▌ | 6107/7110 [9:27:39<1:31:22,  5.47s/it]
 86%|████████▌ | 6108/7110 [9:27:45<1:31:37,  5.49s/it]
 86%|████████▌ | 6109/7110 [9:27:50<1:31:35,  5.49s/it]
 86%|████████▌ | 6110/7110 [9:27:56<1:31:21,  5.48s/it]
 86%|████████▌ | 6111/7110 [9:28:01<1:31:36,  5.50s/it]
 86%|████████▌ | 6112/7110 [9:28:07<1:30:49,  5.46s/it]
 86%|████████▌ | 6113/7110 [9:28:12<1:31:09,  5.49s/it]
 86%|████████▌ | 6114/7110 [9:28:18<1:30:42,  5.46s/it]
 86%|████████▌ | 6115/7110 [9:28:23<1:30:58,  5.49s/it]
 86%|████████▌ | 6116/7110 [9:28:28<1:30:28,  5.46s/it]
 86%|████████▌ | 6117/7110 [9:28:34<1:31:01,  5.50s/it]
 86%|████████▌ | 6118/7110 [9:28:39<1:30:29,  5.47s/it]
 86%|████████▌ | 6119/7110 [9:28:45<1:30:27,  5.48s/it]
 86%|████████▌ | 6120/7110 [9:28:50<1:30:41,  5.50s/it]
 86%|████████▌ | 6121/7110 [9:28:56<1:30:10,  5.47s/it]
 86%|████████▌ | 6122/7110 [9:29:01<1:30:25,  5.49s/it]
 86%|████████▌ | 6123/7110 [9:29:07<1:29:54,  5.47s/it]
 86%|████████▌ | 6124/7110 [9:29:12<1:30:09,  5.49s/it]
 86%|████████▌ | 6125/7110 [9:29:18<1:29:57,  5.48s/it]
 86%|████████▌ | 6126/7110 [9:29:23<1:29:54,  5.48s/it]
 86%|████████▌ | 6127/7110 [9:29:29<1:29:38,  5.47s/it]
 86%|████████▌ | 6128/7110 [9:29:34<1:29:53,  5.49s/it]
 86%|████████▌ | 6129/7110 [9:29:40<1:29:08,  5.45s/it]
 86%|████████▌ | 6130/7110 [9:29:45<1:29:41,  5.49s/it]
 86%|████████▌ | 6131/7110 [9:29:51<1:29:52,  5.51s/it]
 86%|████████▌ | 6132/7110 [9:29:56<1:29:15,  5.48s/it]
 86%|████████▋ | 6133/7110 [9:30:02<1:29:14,  5.48s/it]
 86%|████████▋ | 6134/7110 [9:30:07<1:28:47,  5.46s/it]
 86%|████████▋ | 6135/7110 [9:30:13<1:29:06,  5.48s/it]
 86%|████████▋ | 6136/7110 [9:30:18<1:28:37,  5.46s/it]
 86%|████████▋ | 6137/7110 [9:30:24<1:28:50,  5.48s/it]
 86%|████████▋ | 6138/7110 [9:30:29<1:28:18,  5.45s/it]
 86%|████████▋ | 6139/7110 [9:30:34<1:28:34,  5.47s/it]
 86%|████████▋ | 6140/7110 [9:30:40<1:28:06,  5.45s/it]
 86%|████████▋ | 6141/7110 [9:30:45<1:28:39,  5.49s/it]
 86%|████████▋ | 6142/7110 [9:30:51<1:28:48,  5.50s/it]
 86%|████████▋ | 6143/7110 [9:30:56<1:27:56,  5.46s/it]
 86%|████████▋ | 6144/7110 [9:31:02<1:28:13,  5.48s/it]
 86%|████████▋ | 6145/7110 [9:31:07<1:27:47,  5.46s/it]
 86%|████████▋ | 6146/7110 [9:31:13<1:28:04,  5.48s/it]
 86%|████████▋ | 6147/7110 [9:31:18<1:27:48,  5.47s/it]
 86%|████████▋ | 6148/7110 [9:31:24<1:27:42,  5.47s/it]
 86%|████████▋ | 6149/7110 [9:31:29<1:27:22,  5.46s/it]
 86%|████████▋ | 6150/7110 [9:31:35<1:27:39,  5.48s/it]
 87%|████████▋ | 6151/7110 [9:31:40<1:27:11,  5.46s/it]
 87%|████████▋ | 6152/7110 [9:31:46<1:27:42,  5.49s/it]
 87%|████████▋ | 6153/7110 [9:31:51<1:27:36,  5.49s/it]
 87%|████████▋ | 6154/7110 [9:31:57<1:27:20,  5.48s/it]
 87%|████████▋ | 6155/7110 [9:32:02<1:27:31,  5.50s/it]
 87%|████████▋ | 6156/7110 [9:32:08<1:27:01,  5.47s/it]
 87%|████████▋ | 6157/7110 [9:32:13<1:27:02,  5.48s/it]
 87%|████████▋ | 6158/7110 [9:32:18<1:26:37,  5.46s/it]
 87%|████████▋ | 6159/7110 [9:32:24<1:26:55,  5.48s/it]
 87%|████████▋ | 6160/7110 [9:32:29<1:26:25,  5.46s/it]
 87%|████████▋ | 6161/7110 [9:32:35<1:26:43,  5.48s/i(0,)
It 6162, sqrt loss 0.001972, Val sim-RMS 0.0004673, Time Loss: 97.5%, data: 0.6%, val: 1.9%,  5.6 sec/batch
t]
 87%|████████▋ | 6162/7110 [9:33:05<3:22:10, 12.80s/it]
 87%|████████▋ | 6163/7110 [9:33:10<2:47:15, 10.60s/it]
 87%|████████▋ | 6164/7110 [9:33:16<2:23:25,  9.10s/it]
 87%|████████▋ | 6165/7110 [9:33:21<2:05:33,  7.97s/it]
 87%|████████▋ | 6166/7110 [9:33:27<1:53:48,  7.23s/it]
 87%|████████▋ | 6167/7110 [9:33:32<1:45:03,  6.68s/it]
 87%|████████▋ | 6168/7110 [9:33:38<1:39:31,  6.34s/it]
 87%|████████▋ | 6169/7110 [9:33:43<1:35:01,  6.06s/it]
 87%|████████▋ | 6170/7110 [9:33:49<1:32:23,  5.90s/it]
 87%|████████▋ | 6171/7110 [9:33:54<1:30:33,  5.79s/it]
 87%|████████▋ | 6172/7110 [9:34:00<1:28:40,  5.67s/it]
 87%|████████▋ | 6173/7110 [9:34:05<1:27:56,  5.63s/it]
 87%|████████▋ | 6174/7110 [9:34:10<1:26:47,  5.56s/it]
 87%|████████▋ | 6175/7110 [9:34:16<1:26:34,  5.56s/it]
 87%|████████▋ | 6176/7110 [9:34:22<1:26:26,  5.55s/it]
 87%|████████▋ | 6177/7110 [9:34:27<1:25:35,  5.50s/it]
 87%|████████▋ | 6178/7110 [9:34:32<1:25:38,  5.51s/it]
 87%|████████▋ | 6179/7110 [9:34:38<1:25:00,  5.48s/it]
 87%|████████▋ | 6180/7110 [9:34:43<1:25:09,  5.49s/it]
 87%|████████▋ | 6181/7110 [9:34:49<1:24:35,  5.46s/it]
 87%|████████▋ | 6182/7110 [9:34:54<1:24:47,  5.48s/it]
 87%|████████▋ | 6183/7110 [9:35:00<1:24:32,  5.47s/it]
 87%|████████▋ | 6184/7110 [9:35:05<1:24:29,  5.47s/it]
 87%|████████▋ | 6185/7110 [9:35:11<1:24:18,  5.47s/it]
 87%|████████▋ | 6186/7110 [9:35:16<1:24:17,  5.47s/it]
 87%|████████▋ | 6187/7110 [9:35:22<1:24:28,  5.49s/it]
 87%|████████▋ | 6188/7110 [9:35:27<1:24:09,  5.48s/it]
 87%|████████▋ | 6189/7110 [9:35:33<1:24:06,  5.48s/it]
 87%|████████▋ | 6190/7110 [9:35:38<1:23:37,  5.45s/it]
 87%|████████▋ | 6191/7110 [9:35:44<1:24:07,  5.49s/it]
 87%|████████▋ | 6192/7110 [9:35:49<1:23:22,  5.45s/it]
 87%|████████▋ | 6193/7110 [9:35:55<1:23:39,  5.47s/it]
 87%|████████▋ | 6194/7110 [9:36:00<1:23:13,  5.45s/it]
 87%|████████▋ | 6195/7110 [9:36:05<1:23:30,  5.48s/it]
 87%|████████▋ | 6196/7110 [9:36:11<1:23:05,  5.45s/it]
 87%|████████▋ | 6197/7110 [9:36:16<1:23:21,  5.48s/it]
 87%|████████▋ | 6198/7110 [9:36:22<1:23:33,  5.50s/it]
 87%|████████▋ | 6199/7110 [9:36:27<1:22:58,  5.47s/it]
 87%|████████▋ | 6200/7110 [9:36:33<1:23:13,  5.49s/it]
 87%|████████▋ | 6201/7110 [9:36:38<1:22:56,  5.47s/it]
 87%|████████▋ | 6202/7110 [9:36:44<1:23:06,  5.49s/it]
 87%|████████▋ | 6203/7110 [9:36:49<1:22:23,  5.45s/it]
 87%|████████▋ | 6204/7110 [9:36:55<1:22:41,  5.48s/it]
 87%|████████▋ | 6205/7110 [9:37:00<1:22:15,  5.45s/it]
 87%|████████▋ | 6206/7110 [9:37:06<1:22:44,  5.49s/it]
 87%|████████▋ | 6207/7110 [9:37:11<1:22:02,  5.45s/it]
 87%|████████▋ | 6208/7110 [9:37:17<1:22:18,  5.47s/it]
 87%|████████▋ | 6209/7110 [9:37:22<1:22:45,  5.51s/it]
 87%|████████▋ | 6210/7110 [9:37:28<1:22:06,  5.47s/it]
 87%|████████▋ | 6211/7110 [9:37:33<1:22:02,  5.48s/it]
 87%|████████▋ | 6212/7110 [9:37:39<1:21:48,  5.47s/it]
 87%|████████▋ | 6213/7110 [9:37:44<1:21:49,  5.47s/it]
 87%|████████▋ | 6214/7110 [9:37:49<1:21:22,  5.45s/it]
 87%|████████▋ | 6215/7110 [9:37:55<1:21:39,  5.47s/it]
 87%|████████▋ | 6216/7110 [9:38:00<1:21:26,  5.47s/it]
 87%|████████▋ | 6217/7110 [9:38:06<1:21:23,  5.47s/it]
 87%|████████▋ | 6218/7110 [9:38:11<1:21:13,  5.46s/it]
 87%|████████▋ | 6219/7110 [9:38:17<1:21:13,  5.47s/it]
 87%|████████▋ | 6220/7110 [9:38:22<1:21:43,  5.51s/it]
 87%|████████▋ | 6221/7110 [9:38:28<1:20:54,  5.46s/it]
 88%|████████▊ | 6222/7110 [9:38:33<1:21:11,  5.49s/it]
 88%|████████▊ | 6223/7110 [9:38:39<1:20:55,  5.47s/it]
 88%|████████▊ | 6224/7110 [9:38:44<1:21:06,  5.49s/it]
 88%|████████▊ | 6225/7110 [9:38:50<1:20:24,  5.45s/it]
 88%|████████▊ | 6226/7110 [9:38:55<1:20:57,  5.49s/it]
 88%|████████▊ | 6227/7110 [9:39:01<1:20:14,  5.45s/it]
 88%|████████▊ | 6228/7110 [9:39:06<1:20:32,  5.48s/it]
 88%|████████▊ | 6229/7110 [9:39:12<1:20:08,  5.46s/it]
 88%|████████▊ | 6230/7110 [9:39:17<1:20:33,  5.49s/it]
 88%|████████▊ | 6231/7110 [9:39:23<1:20:26,  5.49s/it]
 88%|████████▊ | 6232/7110 [9:39:28<1:19:54,  5.46s/it]
 88%|████████▊ | 6233/7110 [9:39:33<1:20:09,  5.48s/it]
 88%|████████▊ | 6234/7110 [9:39:39<1:19:42,  5.46s/it]
 88%|████████▊ | 6235/7110 [9:39:44<1:19:56,  5.48s/it]
 88%|████████▊ | 6236/7110 [9:39:50<1:19:42,  5.47s/it]
 88%|████████▊ | 6237/7110 [9:39:55<1:19:39,  5.48s/it]
 88%|████████▊ | 6238/7110 [9:40:01<1:19:15,  5.45s/it]
 88%|████████▊ | 6239/7110 [9:40:06<1:19:43,  5.49s/it]
 88%|████████▊ | 6240/7110 [9:40:12<1:19:00,  5.45s/it]
 88%|████████▊ | 6241/7110 [9:40:17<1:19:29,  5.49s/it]
 88%|████████▊ | 6242/7110 [9:40:23<1:19:38,  5.50s/it]
 88%|████████▊ | 6243/7110 [9:40:28<1:18:46,  5.45s/it]
 88%|████████▊ | 6244/7110 [9:40:34<1:19:02,  5.48s/it]
 88%|████████▊ | 6245/7110 [9:40:39<1:18:49,  5.47s/it]
 88%|████████▊ | 6246/7110 [9:40:45<1:18:48,  5.47s/it]
 88%|████████▊ | 6247/7110 [9:40:50<1:18:24,  5.45s/it]
 88%|████████▊ | 6248/7110 [9:40:56<1:18:41,  5.48s/it]
 88%|████████▊ | 6249/7110 [9:41:01<1:18:15,  5.45s/it]
 88%|████████▊ | 6250/7110 [9:41:07<1:18:43,  5.49s/it]
 88%|████████▊ | 6251/7110 [9:41:12<1:18:01,  5.45s/it]
 88%|████████▊ | 6252/7110 [9:41:17<1:18:16,  5.47s/it]
 88%|████████▊ | 6253/7110 [9:41:23<1:18:29,  5.50s/it]
 88%|████████▊ | 6254/7110 [9:41:28<1:18:07,  5.48s/it]
 88%|████████▊ | 6255/7110 [9:41:34<1:18:14,  5.49s/it]
 88%|████████▊ | 6256/7110 [9:41:39<1:17:31,  5.45s/it]
 88%|████████▊ | 6257/7110 [9:41:45<1:17:47,  5.47s/it]
 88%|████████▊ | 6258/7110 [9:41:50<1:17:36,  5.47s/it]
 88%|████████▊ | 6259/7110 [9:41:56<1:17:37,  5.47s/it]
 88%|████████▊ | 6260/7110 [9:42:01<1:17:13,  5.45s/it]
 88%|████████▊ | 6261/7110 [9:42:07<1:17:39,  5.49s/it]
 88%|████████▊ | 6262/7110 [9:42:12<1:16:57,  5.44s/it]
 88%|████████▊ | 6263/7110 [9:42:18<1:17:24,  5.48s/it]
 88%|████████▊ | 6264/7110 [9:42:23<1:17:33,  5.50s/it]
 88%|████████▊ | 6265/7110 [9:42:29<1:16:47,  5.45s/it]
 88%|████████▊ | 6266/7110 [9:42:34<1:17:17,  5.49s/it]
 88%|████████▊ | 6267/7110 [9:42:39<1:16:36,  5.45s/it]
 88%|████████▊ | 6268/7110 [9:42:45<1:17:04,  5.49s/it]
 88%|████████▊ | 6269/7110 [9:42:50<1:16:24,  5.45s/it]
 88%|████████▊ | 6270/7110 [9:42:56<1:16:39,  5.48s/it]
 88%|████████▊ | 6271/7110 [9:43:01<1:16:27,  5.47s/it]
 88%|████████▊ | 6272/7110 [9:43:07<1:16:24,  5.47s/it]
 88%|████████▊ | 6273/7110 [9:43:12<1:16:03,  5.45s/it]
 88%|████████▊ | 6274/7110 [9:43:18<1:16:31,  5.49s/it]
 88%|████████▊ | 6275/7110 [9:43:23<1:16:25,  5.49s/it]
 88%|████████▊ | 6276/7110 [9:43:29<1:15:56,  5.46s/it]
 88%|████████▊ | 6277/7110 [9:43:34<1:16:11,  5.49s/it]
 88%|████████▊ | 6278/7110 [9:43:40<1:15:57,  5.48s/it]
 88%|████████▊ | 6279/7110 [9:43:45<1:15:53,  5.48s/it]
 88%|████████▊ | 6280/7110 [9:43:51<1:15:27,  5.45s/it]
 88%|████████▊ | 6281/7110 [9:43:56<1:15:41,  5.48s/it]
 88%|████████▊ | 6282/7110 [9:44:02<1:15:15,  5.45s/it]
 88%|████████▊ | 6283/7110 [9:44:07<1:15:27,  5.47s/it]
 88%|████████▊ | 6284/7110 [9:44:12<1:15:02,  5.45s/it]
 88%|████████▊ | 6285/7110 [9:44:18<1:15:15,  5.47s/it]
 88%|████████▊ | 6286/7110 [9:44:24<1:15:38,  5.51s/it]
 88%|████████▊ | 6287/7110 [9:44:29<1:14:50,  5.46s/it]
 88%|████████▊ | 6288/7110 [9:44:35<1:15:18,  5.50s/it]
 88%|████████▊ | 6289/7110 [9:44:40<1:14:38,  5.45s/it]
 88%|████████▊ | 6290/7110 [9:44:45<1:15:07,  5.50s/it]
 88%|████████▊ | 6291/7110 [9:44:51<1:14:26,  5.45s/it]
 88%|████████▊ | 6292/7110 [9:44:56<1:14:40,  5.48s/it]
 89%|████████▊ | 6293/7110 [9:45:02<1:14:17,  5.46s/it]
 89%|████████▊ | 6294/7110 [9:45:07<1:14:45,  5.50s/it]
 89%|████████▊ | 6295/7110 [9:45:13<1:14:06,  5.46s/it]
 89%|████████▊ | 6296/7110 [9:45:18<1:14:17,  5.48s/it]
 89%|████████▊ | 6297/7110 [9:45:24<1:14:37,  5.51s/it]
 89%|████████▊ | 6298/7110 [9:45:29<1:13:50,  5.46s/it]
 89%|████████▊ | 6299/7110 [9:45:35<1:14:17,  5.50s/it]
 89%|████████▊ | 6300/7110 [9:45:40<1:13:37,  5.45s/it]
 89%|████████▊ | 6301/7110 [9:45:46<1:14:05,  5.49s/it]
 89%|████████▊ | 6302/7110 [9:45:51<1:13:22,  5.45s/it]
 89%|████████▊ | 6303/7110 [9:45:57<1:13:49,  5.49s/it]
 89%|████████▊ | 6304/7110 [9:46:02<1:13:11,  5.45s/it]
 89%|████████▊ | 6305/7110 [9:46:08<1:13:36,  5.49s/it]
 89%|████████▊ | 6306/7110 [9:46:13<1:12:58,  5.45s/it]
 89%|████████▊ | 6307/7110 [9:46:18<1:13:23,  5.48s/it]
 89%|████████▊ | 6308/7110 [9:46:24<1:13:15,  5.48s/it]
 89%|████████▊ | 6309/7110 [9:46:29<1:12:46,  5.45s/it]
 89%|████████▊ | 6310/7110 [9:46:35<1:12:59,  5.47s/it]
 89%|████████▉ | 6311/7110 [9:46:40<1:12:48,  5.47s/it]
 89%|████████▉ | 6312/7110 [9:46:46<1:12:48,  5.47s/it]
 89%|████████▉ | 6313/7110 [9:46:51<1:12:24,  5.45s/it]
 89%|████████▉ | 6314/7110 [9:46:57<1:12:39,  5.48s/it]
 89%|████████▉ | 6315/7110 [9:47:02<1:12:17,  5.46s/it]
 89%|████████▉ | 6316/7110 [9:47:08<1:12:44,  5.50s/it]
 89%|████████▉ | 6317/7110 [9:47:13<1:12:04,  5.45s/it]
 89%|████████▉ | 6318/7110 [9:47:19<1:12:18,  5.48s/it]
 89%|████████▉ | 6319/7110 [9:47:24<1:12:40,  5.51s/it]
 89%|████████▉ | 6320/7110 [9:47:30<1:11:54,  5.46s/it]
 89%|████████▉ | 6321/7110 [9:47:35<1:12:08,  5.49s/it]
 89%|████████▉ | 6322/7110 [9:47:40<1:11:42,  5.46s/it]
 89%|████████▉ | 6323/7110 [9:47:46<1:12:09,  5.50s/it]
 89%|████████▉ | 6324/7110 [9:47:51<1:11:39,  5.47s/it]
 89%|████████▉ | 6325/7110 [9:47:57<1:11:49,  5.49s/it]
 89%|████████▉ | 6326/7110 [9:48:02<1:11:23,  5.46s/it]
 89%|████████▉ | 6327/7110 [9:48:08<1:11:33,  5.48s/it]
 89%|████████▉ | 6328/7110 [9:48:13<1:11:00,  5.45s/it]
 89%|████████▉ | 6329/7110 [9:48:19<1:11:12,  5.47s/it]
 89%|████████▉ | 6330/7110 [9:48:24<1:11:21,  5.49s/it]
 89%|████████▉ | 6331/7110 [9:48:30<1:10:53,  5.46s/it]
 89%|████████▉ | 6332/7110 [9:48:35<1:11:05,  5.48s/it]
 89%|████████▉ | 6333/7110 [9:48:41<1:10:42,  5.46s/it]
 89%|████████▉ | 6334/7110 [9:48:46<1:11:08,  5.50s/it]
 89%|████████▉ | 6335/7110 [9:48:52<1:10:29,  5.46s/it]
 89%|████████▉ | 6336/7110 [9:48:57<1:10:50,  5.49s/it]
 89%|████████▉ | 6337/7110 [9:49:03<1:10:11,  5.45s/it]
 89%|████████▉ | 6338/7110 [9:49:08<1:10:26,  5.47s/it]
 89%|████████▉ | 6339/7110 [9:49:14<1:10:17,  5.47s/it]
 89%|████████▉ | 6340/7110 [9:49:19<1:10:12,  5.47s/it]
 89%|████████▉ | 6341/7110 [9:49:25<1:10:21,  5.49s/it]
 89%|████████▉ | 6342/7110 [9:49:30<1:09:54,  5.46s/it]
 89%|████████▉ | 6343/7110 [9:49:35<1:10:06,  5.48s/it]
 89%|████████▉ | 6344/7110 [9:49:41<1:09:39,  5.46s/it]
 89%|████████▉ | 6345/7110 [9:49:46<1:10:03,  5.49s/it]
 89%|████████▉ | 6346/7110 [9:49:52<1:09:24,  5.45s/it]
 89%|████████▉ | 6347/7110 [9:49:57<1:09:39,  5.48s/it]
 89%|████████▉ | 6348/7110 [9:50:03<1:09:16,  5.45s/it]
 89%|████████▉ | 6349/7110 [9:50:08<1:09:29,  5.48s/it]
 89%|████████▉ | 6350/7110 [9:50:14<1:09:09,  5.46s/it]
 89%|████████▉ | 6351/7110 [9:50:19<1:09:21,  5.48s/it]
 89%|████████▉ | 6352/7110 [9:50:25<1:09:27,  5.50s/it]
 89%|████████▉ | 6353/7110 [9:50:30<1:09:10,  5.48s/it]
 89%|████████▉ | 6354/7110 [9:50:36<1:09:04,  5.48s/it]
 89%|████████▉ | 6355/7110 [9:50:41<1:08:40,  5.46s/it]
 89%|████████▉ | 6356/7110 [9:50:47<1:08:53,  5.48s/it]
 89%|████████▉ | 6357/7110 [9:50:52<1:08:31,  5.46s/it]
 89%|████████▉ | 6358/7110 [9:50:58<1:08:44,  5.48s/it]
 89%|████████▉ | 6359/7110 [9:51:03<1:08:19,  5.46s/it]
 89%|████████▉ | 6360/7110 [9:51:09<1:08:31,  5.48s/it]
 89%|████████▉ | 6361/7110 [9:51:14<1:08:20,  5.47s/it]
 89%|████████▉ | 6362/7110 [9:51:19<1:08:16,  5.48s/it]
 89%|████████▉ | 6363/7110 [9:51:25<1:08:22,  5.49s/it]
 90%|████████▉ | 6364/7110 [9:51:30<1:07:52,  5.46s/it]
 90%|████████▉ | 6365/7110 [9:51:36<1:08:12,  5.49s/it]
 90%|████████▉ | 6366/7110 [9:51:41<1:07:45,  5.46s/it]
 90%|████████▉ | 6367/7110 [9:51:47<1:07:56,  5.49s/it]
 90%|████████▉ | 6368/7110 [9:51:52<1:07:21,  5.45s/it]
 90%|████████▉ | 6369/7110 [9:51:58<1:07:34,  5.47s/it]
 90%|████████▉ | 6370/7110 [9:52:03<1:07:11,  5.45s/it]
 90%|████████▉ | 6371/7110 [9:52:09<1:07:35,  5.49s/it]
 90%|████████▉ | 6372/7110 [9:52:14<1:06:58,  5.44s/it]
 90%|████████▉ | 6373/7110 [9:52:20<1:07:20,  5.48s/it]
 90%|████████▉ | 6374/7110 [9:52:25<1:07:13,  5.48s/it]
 90%|████████▉ | 6375/7110 [9:52:31<1:06:57,  5.47s/it]
 90%|████████▉ | 6376/7110 [9:52:36<1:06:56,  5.47s/it]
 90%|████████▉ | 6377/7110 [9:52:41<1:06:34,  5.45s/it]
 90%|████████▉ | 6378/7110 [9:52:47<1:06:46,  5.47s/it]
 90%|████████▉ | 6379/7110 [9:52:52<1:06:34,  5.46s/it]
 90%|████████▉ | 6380/7110 [9:52:58<1:06:44,  5.49s/it]
 90%|████████▉ | 6381/7110 [9:53:03<1:06:17,  5.46s/it]
 90%|████████▉ | 6382/7110 [9:53:09<1:06:16,  5.46s/it]
 90%|████████▉ | 6383/7110 [9:53:14<1:06:07,  5.46s/it]
 90%|████████▉ | 6384/7110 [9:53:20<1:06:05,  5.46s/it]
 90%|████████▉ | 6385/7110 [9:53:25<1:06:16,  5.48s/it]
 90%|████████▉ | 6386/7110 [9:53:31<1:05:54,  5.46s/it]
 90%|████████▉ | 6387/7110 [9:53:36<1:06:06,  5.49s/it]
 90%|████████▉ | 6388/7110 [9:53:42<1:05:40,  5.46s/it]
 90%|████████▉ | 6389/7110 [9:53:47<1:05:51,  5.48s/it]
 90%|████████▉ | 6390/7110 [9:53:53<1:05:38,  5.47s/it]
 90%|████████▉ | 6391/7110 [9:53:58<1:05:35,  5.47s/it]
 90%|████████▉ | 6392/7110 [9:54:03<1:05:12,  5.45s/it]
 90%|████████▉ | 6393/7110 [9:54:09<1:05:34,  5.49s/it]
 90%|████████▉ | 6394/7110 [9:54:14<1:04:59,  5.45s/it]
 90%|████████▉ | 6395/7110 [9:54:20<1:05:13,  5.47s/it]
 90%|████████▉ | 6396/7110 [9:54:25<1:05:20,  5.49s/it]
 90%|███�(0,)
It 6399, sqrt loss 0.002991, Val sim-RMS 0.0006052, Time Loss: 97.5%, data: 0.6%, val: 1.9%,  5.6 sec/batch
��████▉ | 6397/7110 [9:54:31<1:05:04,  5.48s/it]
 90%|████████▉ | 6398/7110 [9:54:36<1:05:00,  5.48s/it]
 90%|█████████ | 6399/7110 [9:55:06<2:31:24, 12.78s/it]
 90%|█████████ | 6400/7110 [9:55:12<2:05:16, 10.59s/it]
 90%|█████████ | 6401/7110 [9:55:17<1:46:44,  9.03s/it]
 90%|█████████ | 6402/7110 [9:55:23<1:34:10,  7.98s/it]
 90%|█████████ | 6403/7110 [9:55:28<1:25:02,  7.22s/it]
 90%|█████████ | 6404/7110 [9:55:34<1:18:49,  6.70s/it]
 90%|█████████ | 6405/7110 [9:55:39<1:14:06,  6.31s/it]
 90%|█████████ | 6406/7110 [9:55:45<1:11:29,  6.09s/it]
 90%|█████████ | 6407/7110 [9:55:50<1:09:28,  5.93s/it]
 90%|█████████ | 6408/7110 [9:55:55<1:07:21,  5.76s/it]
 90%|█████████ | 6409/7110 [9:56:01<1:06:28,  5.69s/it]
 90%|█████████ | 6410/7110 [9:56:06<1:05:21,  5.60s/it]
 90%|█████████ | 6411/7110 [9:56:12<1:05:12,  5.60s/it]
 90%|█████████ | 6412/7110 [9:56:17<1:04:17,  5.53s/it]
 90%|█████████ | 6413/7110 [9:56:23<1:04:26,  5.55s/it]
 90%|█████████ | 6414/7110 [9:56:28<1:03:37,  5.48s/it]
 90%|█████████ | 6415/7110 [9:56:34<1:03:40,  5.50s/it]
 90%|█████████ | 6416/7110 [9:56:39<1:03:14,  5.47s/it]
 90%|█████████ | 6417/7110 [9:56:45<1:03:33,  5.50s/it]
 90%|█████████ | 6418/7110 [9:56:50<1:03:36,  5.52s/it]
 90%|█████████ | 6419/7110 [9:56:56<1:03:08,  5.48s/it]
 90%|█████████ | 6420/7110 [9:57:01<1:03:05,  5.49s/it]
 90%|█████████ | 6421/7110 [9:57:07<1:02:45,  5.47s/it]
 90%|█████████ | 6422/7110 [9:57:12<1:02:55,  5.49s/it]
 90%|█████████ | 6423/7110 [9:57:18<1:02:44,  5.48s/it]
 90%|█████████ | 6424/7110 [9:57:23<1:02:41,  5.48s/it]
 90%|█████████ | 6425/7110 [9:57:28<1:02:16,  5.45s/it]
 90%|█████████ | 6426/7110 [9:57:34<1:02:27,  5.48s/it]
 90%|█████████ | 6427/7110 [9:57:39<1:02:08,  5.46s/it]
 90%|█████████ | 6428/7110 [9:57:45<1:02:20,  5.48s/it]
 90%|█████████ | 6429/7110 [9:57:51<1:02:28,  5.50s/it]
 90%|█████████ | 6430/7110 [9:57:56<1:02:03,  5.48s/it]
 90%|█████████ | 6431/7110 [9:58:01<1:02:10,  5.49s/it]
 90%|█████████ | 6432/7110 [9:58:07<1:01:46,  5.47s/it]
 90%|█████████ | 6433/7110 [9:58:12<1:01:57,  5.49s/it]
 90%|█████████ | 6434/7110 [9:58:18<1:01:35,  5.47s/it]
 91%|█████████ | 6435/7110 [9:58:23<1:01:55,  5.50s/it]
 91%|█████████ | 6436/7110 [9:58:29<1:01:26,  5.47s/it]
 91%|█████████ | 6437/7110 [9:58:34<1:01:23,  5.47s/it]
 91%|█████████ | 6438/7110 [9:58:40<1:01:15,  5.47s/it]
 91%|█████████ | 6439/7110 [9:58:45<1:01:11,  5.47s/it]
 91%|█████████ | 6440/7110 [9:58:51<1:01:21,  5.49s/it]
 91%|█████████ | 6441/7110 [9:58:56<1:01:07,  5.48s/it]
 91%|█████████ | 6442/7110 [9:59:02<1:01:04,  5.49s/it]
 91%|█████████ | 6443/7110 [9:59:07<1:00:53,  5.48s/it]
 91%|█████████ | 6444/7110 [9:59:13<1:00:51,  5.48s/it]
 91%|█████████ | 6445/7110 [9:59:18<1:00:41,  5.48s/it]
 91%|█████████ | 6446/7110 [9:59:24<1:00:39,  5.48s/it]
 91%|█████████ | 6447/7110 [9:59:29<1:00:16,  5.45s/it]
 91%|█████████ | 6448/7110 [9:59:35<1:00:25,  5.48s/it]
 91%|█████████ | 6449/7110 [9:59:40<1:00:06,  5.46s/it]
 91%|█████████ | 6450/7110 [9:59:46<1:00:25,  5.49s/it]
 91%|█████████ | 6451/7110 [9:59:51<1:00:21,  5.49s/it]
 91%|█████████ | 6452/7110 [9:59:57<1:00:07,  5.48s/it]
 91%|█████████ | 6453/7110 [10:00:02<1:00:02,  5.48s/it]
 91%|█████████ | 6454/7110 [10:00:07<59:41,  5.46s/it]  
 91%|█████████ | 6455/7110 [10:00:13<1:00:00,  5.50s/it]
 91%|█████████ | 6456/7110 [10:00:18<59:26,  5.45s/it]  
 91%|█████████ | 6457/7110 [10:00:24<59:37,  5.48s/it]
 91%|█████████ | 6458/7110 [10:00:29<59:27,  5.47s/it]
 91%|█████████ | 6459/7110 [10:00:35<59:26,  5.48s/it]
 91%|█████████ | 6460/7110 [10:00:40<59:15,  5.47s/it]
 91%|█████████ | 6461/7110 [10:00:46<59:13,  5.48s/it]
 91%|█████████ | 6462/7110 [10:00:51<59:22,  5.50s/it]
 91%|█████████ | 6463/7110 [10:00:57<58:58,  5.47s/it]
 91%|█████████ | 6464/7110 [10:01:02<59:05,  5.49s/it]
 91%|█████████ | 6465/7110 [10:01:08<58:45,  5.47s/it]
 91%|█████████ | 6466/7110 [10:01:13<58:55,  5.49s/it]
 91%|█████████ | 6467/7110 [10:01:19<58:45,  5.48s/it]
 91%|█████████ | 6468/7110 [10:01:24<58:49,  5.50s/it]
 91%|█████████ | 6469/7110 [10:01:30<58:15,  5.45s/it]
 91%|█████████ | 6470/7110 [10:01:35<58:27,  5.48s/it]
 91%|█████████ | 6471/7110 [10:01:41<58:07,  5.46s/it]
 91%|█████████ | 6472/7110 [10:01:46<58:18,  5.48s/it]
 91%|█████████ | 6473/7110 [10:01:52<58:26,  5.51s/it]
 91%|█████████ | 6474/7110 [10:01:57<58:02,  5.47s/it]
 91%|█████████ | 6475/7110 [10:02:03<58:17,  5.51s/it]
 91%|█████████ | 6476/7110 [10:02:08<57:41,  5.46s/it]
 91%|█████████ | 6477/7110 [10:02:14<57:59,  5.50s/it]
 91%|█████████ | 6478/7110 [10:02:19<57:24,  5.45s/it]
 91%|█████████ | 6479/7110 [10:02:24<57:33,  5.47s/it]
 91%|█████████ | 6480/7110 [10:02:30<57:11,  5.45s/it]
 91%|█████████ | 6481/7110 [10:02:35<57:24,  5.48s/it]
 91%|█████████ | 6482/7110 [10:02:41<57:06,  5.46s/it]
 91%|█████████ | 6483/7110 [10:02:46<57:17,  5.48s/it]
 91%|█████████ | 6484/7110 [10:02:52<57:21,  5.50s/it]
 91%|█████████ | 6485/7110 [10:02:57<56:56,  5.47s/it]
 91%|█████████ | 6486/7110 [10:03:03<57:06,  5.49s/it]
 91%|█████████ | 6487/7110 [10:03:08<56:44,  5.46s/it]
 91%|█████████▏| 6488/7110 [10:03:14<57:01,  5.50s/it]
 91%|█████████▏| 6489/7110 [10:03:19<56:37,  5.47s/it]
 91%|█████████▏| 6490/7110 [10:03:25<56:33,  5.47s/it]
 91%|█████████▏| 6491/7110 [10:03:30<56:11,  5.45s/it]
 91%|█████████▏| 6492/7110 [10:03:36<56:22,  5.47s/it]
 91%|█████████▏| 6493/7110 [10:03:41<56:02,  5.45s/it]
 91%|█████████▏| 6494/7110 [10:03:46<56:11,  5.47s/it]
 91%|█████████▏| 6495/7110 [10:03:52<56:19,  5.50s/it]
 91%|█████████▏| 6496/7110 [10:03:57<55:58,  5.47s/it]
 91%|█████████▏| 6497/7110 [10:04:03<56:05,  5.49s/it]
 91%|█████████▏| 6498/7110 [10:04:08<55:45,  5.47s/it]
 91%|█████████▏| 6499/7110 [10:04:14<55:54,  5.49s/it]
 91%|█████████▏| 6500/7110 [10:04:19<55:34,  5.47s/it]
 91%|█████████▏| 6501/7110 [10:04:25<55:50,  5.50s/it]
 91%|█████████▏| 6502/7110 [10:04:30<55:18,  5.46s/it]
 91%|█████████▏| 6503/7110 [10:04:36<55:28,  5.48s/it]
 91%|█████████▏| 6504/7110 [10:04:41<55:10,  5.46s/it]
 91%|█████████▏| 6505/7110 [10:04:47<55:28,  5.50s/it]
 92%|█████████▏| 6506/7110 [10:04:52<55:30,  5.51s/it]
 92%|█████████▏| 6507/7110 [10:04:58<54:53,  5.46s/it]
 92%|█████████▏| 6508/7110 [10:05:03<55:02,  5.49s/it]
 92%|█████████▏| 6509/7110 [10:05:09<54:50,  5.48s/it]
 92%|█████████▏| 6510/7110 [10:05:14<54:55,  5.49s/it]
 92%|█████████▏| 6511/7110 [10:05:20<54:25,  5.45s/it]
 92%|█████████▏| 6512/7110 [10:05:25<54:34,  5.48s/it]
 92%|█████████▏| 6513/7110 [10:05:31<54:13,  5.45s/it]
 92%|█████████▏| 6514/7110 [10:05:36<54:23,  5.48s/it]
 92%|█████████▏| 6515/7110 [10:05:41<54:04,  5.45s/it]
 92%|█████████▏| 6516/7110 [10:05:47<54:12,  5.48s/it]
 92%|█████████▏| 6517/7110 [10:05:53<54:28,  5.51s/it]
 92%|█████████▏| 6518/7110 [10:05:58<53:55,  5.46s/it]
 92%|█████████▏| 6519/7110 [10:06:03<54:03,  5.49s/it]
 92%|█████████▏| 6520/7110 [10:06:09<53:44,  5.47s/it]
 92%|█████████▏| 6521/7110 [10:06:14<53:53,  5.49s/it]
 92%|█████████▏| 6522/7110 [10:06:20<53:43,  5.48s/it]
 92%|█████████▏| 6523/7110 [10:06:25<53:38,  5.48s/it]
 92%|█████████▏| 6524/7110 [10:06:31<53:19,  5.46s/it]
 92%|█████████▏| 6525/7110 [10:06:36<53:39,  5.50s/it]
 92%|█████████▏| 6526/7110 [10:06:42<53:10,  5.46s/it]
 92%|█████████▏| 6527/7110 [10:06:47<53:25,  5.50s/it]
 92%|█████████▏| 6528/7110 [10:06:53<53:17,  5.49s/it]
 92%|█████████▏| 6529/7110 [10:06:58<53:03,  5.48s/it]
 92%|█████████▏| 6530/7110 [10:07:04<53:07,  5.49s/it]
 92%|█████████▏| 6531/7110 [10:07:09<52:37,  5.45s/it]
 92%|█████████▏| 6532/7110 [10:07:15<52:47,  5.48s/it]
 92%|█████████▏| 6533/7110 [10:07:20<52:29,  5.46s/it]
 92%|█████████▏| 6534/7110 [10:07:26<52:37,  5.48s/it]
 92%|█████████▏| 6535/7110 [10:07:31<52:26,  5.47s/it]
 92%|█████████▏| 6536/7110 [10:07:37<52:24,  5.48s/it]
 92%|█████████▏| 6537/7110 [10:07:42<52:08,  5.46s/it]
 92%|█████████▏| 6538/7110 [10:07:48<52:24,  5.50s/it]
 92%|█████████▏| 6539/7110 [10:07:53<52:18,  5.50s/it]
 92%|█████████▏| 6540/7110 [10:07:59<52:05,  5.48s/it]
 92%|█████████▏| 6541/7110 [10:08:04<52:02,  5.49s/it]
 92%|█████████▏| 6542/7110 [10:08:09<51:42,  5.46s/it]
 92%|█████████▏| 6543/7110 [10:08:15<51:51,  5.49s/it]
 92%|█████████▏| 6544/7110 [10:08:20<51:32,  5.46s/it]
 92%|█████████▏| 6545/7110 [10:08:26<51:39,  5.49s/it]
 92%|█████████▏| 6546/7110 [10:08:31<51:28,  5.48s/it]
 92%|█████████▏| 6547/7110 [10:08:37<51:25,  5.48s/it]
 92%|█████████▏| 6548/7110 [10:08:42<51:08,  5.46s/it]
 92%|█████████▏| 6549/7110 [10:08:48<51:16,  5.48s/it]
 92%|█████████▏| 6550/7110 [10:08:53<51:22,  5.50s/it]
 92%|█████████▏| 6551/7110 [10:08:59<51:06,  5.49s/it]
 92%|█████████▏| 6552/7110 [10:09:04<51:00,  5.48s/it]
 92%|█████████▏| 6553/7110 [10:09:10<50:50,  5.48s/it]
 92%|█████████▏| 6554/7110 [10:09:15<50:56,  5.50s/it]
 92%|█████████▏| 6555/7110 [10:09:21<50:29,  5.46s/it]
 92%|█████████▏| 6556/7110 [10:09:26<50:45,  5.50s/it]
 92%|█████████▏| 6557/7110 [10:09:32<50:19,  5.46s/it]
 92%|█████████▏| 6558/7110 [10:09:37<50:27,  5.48s/it]
 92%|█████████▏| 6559/7110 [10:09:43<50:09,  5.46s/it]
 92%|█████████▏| 6560/7110 [10:09:48<50:16,  5.48s/it]
 92%|█████████▏| 6561/7110 [10:09:54<50:18,  5.50s/it]
 92%|█████████▏| 6562/7110 [10:09:59<50:04,  5.48s/it]
 92%|█████████▏| 6563/7110 [10:10:05<50:09,  5.50s/it]
 92%|█████████▏| 6564/7110 [10:10:10<49:47,  5.47s/it]
 92%|█████████▏| 6565/7110 [10:10:16<49:52,  5.49s/it]
 92%|█████████▏| 6566/7110 [10:10:21<49:24,  5.45s/it]
 92%|█████████▏| 6567/7110 [10:10:26<49:31,  5.47s/it]
 92%|█████████▏| 6568/7110 [10:10:32<49:13,  5.45s/it]
 92%|█████████▏| 6569/7110 [10:10:37<49:21,  5.47s/it]
 92%|█████████▏| 6570/7110 [10:10:43<49:04,  5.45s/it]
 92%|█████████▏| 6571/7110 [10:10:48<49:10,  5.47s/it]
 92%|█████████▏| 6572/7110 [10:10:54<49:14,  5.49s/it]
 92%|█████████▏| 6573/7110 [10:10:59<48:54,  5.46s/it]
 92%|█████████▏| 6574/7110 [10:11:05<49:00,  5.49s/it]
 92%|█████████▏| 6575/7110 [10:11:10<48:40,  5.46s/it]
 92%|█████████▏| 6576/7110 [10:11:16<48:47,  5.48s/it]
 93%|█████████▎| 6577/7110 [10:11:21<48:31,  5.46s/it]
 93%|█████████▎| 6578/7110 [10:11:27<48:37,  5.48s/it]
 93%|█████████▎| 6579/7110 [10:11:32<48:28,  5.48s/it]
 93%|█████████▎| 6580/7110 [10:11:38<48:25,  5.48s/it]
 93%|█████████▎| 6581/7110 [10:11:43<48:09,  5.46s/it]
 93%|█████████▎| 6582/7110 [10:11:49<48:16,  5.48s/it]
 93%|█████████▎| 6583/7110 [10:11:54<48:21,  5.50s/it]
 93%|█████████▎| 6584/7110 [10:12:00<48:00,  5.48s/it]
 93%|█████████▎| 6585/7110 [10:12:05<48:05,  5.50s/it]
 93%|█████████▎| 6586/7110 [10:12:10<47:46,  5.47s/it]
 93%|█████████▎| 6587/7110 [10:12:16<47:53,  5.49s/it]
 93%|█████████▎| 6588/7110 [10:12:21<47:34,  5.47s/it]
 93%|█████████▎| 6589/7110 [10:12:27<47:39,  5.49s/it]
 93%|█████████▎| 6590/7110 [10:12:32<47:22,  5.47s/it]
 93%|█████████▎| 6591/7110 [10:12:38<47:28,  5.49s/it]
 93%|█████████▎| 6592/7110 [10:12:43<47:19,  5.48s/it]
 93%|█████████▎| 6593/7110 [10:12:49<47:24,  5.50s/it]
 93%|█████████▎| 6594/7110 [10:12:54<47:25,  5.51s/it]
 93%|█████████▎| 6595/7110 [10:13:00<46:55,  5.47s/it]
 93%|█████████▎| 6596/7110 [10:13:05<47:01,  5.49s/it]
 93%|█████████▎| 6597/7110 [10:13:11<46:43,  5.46s/it]
 93%|█████████▎| 6598/7110 [10:13:16<46:49,  5.49s/it]
 93%|█████████▎| 6599/7110 [10:13:22<46:32,  5.46s/it]
 93%|█████████▎| 6600/7110 [10:13:27<46:36,  5.48s/it]
 93%|█████████▎| 6601/7110 [10:13:33<46:20,  5.46s/it]
 93%|█████████▎| 6602/7110 [10:13:38<46:26,  5.49s/it]
 93%|█████████▎| 6603/7110 [10:13:44<46:10,  5.46s/it]
 93%|█████████▎| 6604/7110 [10:13:49<46:16,  5.49s/it]
 93%|█████████▎| 6605/7110 [10:13:55<46:19,  5.50s/it]
 93%|█████████▎| 6606/7110 [10:14:00<45:59,  5.47s/it]
 93%|█████████▎| 6607/7110 [10:14:06<46:05,  5.50s/it]
 93%|█████████▎| 6608/7110 [10:14:11<45:53,  5.49s/it]
 93%|█████████▎| 6609/7110 [10:14:17<45:49,  5.49s/it]
 93%|█████████▎| 6610/7110 [10:14:22<45:39,  5.48s/it]
 93%|█████████▎| 6611/7110 [10:14:28<45:40,  5.49s/it]
 93%|█████████▎| 6612/7110 [10:14:33<45:13,  5.45s/it]
 93%|█████████▎| 6613/7110 [10:14:38<45:21,  5.48s/it]
 93%|█████████▎| 6614/7110 [10:14:44<45:06,  5.46s/it]
 93%|█████████▎| 6615/7110 [10:14:49<45:18,  5.49s/it]
 93%|█████████▎| 6616/7110 [10:14:55<45:20,  5.51s/it]
 93%|█████████▎| 6617/7110 [10:15:00<45:01,  5.48s/it]
 93%|█████████▎| 6618/7110 [10:15:06<45:05,  5.50s/it]
 93%|█████████▎| 6619/7110 [10:15:11<44:38,  5.45s/it]
 93%|█████████▎| 6620/7110 [10:15:17<44:45,  5.48s/it]
 93%|█████████▎| 6621/7110 [10:15:22<44:29,  5.46s/it]
 93%|█████████▎| 6622/7110 [10:15:28<44:37,  5.49s/it]
 93%|█████████▎| 6623/7110 [10:15:33<44:28,  5.48s/it]
 93%|█████████▎| 6624/7110 [10:15:39<44:33,  5.50s/it]
 93%|█████████▎| 6625/7110 [10:15:44<44:16,  5.48s/it]
 93%|█████████▎| 6626/7110 [10:15:50<44:12,  5.48s/it]
 93%|█████████▎| 6627/7110 [10:15:55<44:16,  5.50s/it]
 93%|█████████▎| 6628/7110 [10:16:01<43:58,  5.47s/it]
 93%|█████████▎| 6629/7110 [10:16:06<44:02,  5.49s/it]
 93%|█████████▎| 6630/7110 [10:16:12<43:43,  5(0,)
It 6636, sqrt loss 0.003501, Val sim-RMS 0.003033, Time Loss: 97.5%, data: 0.6%, val: 1.9%,  5.6 sec/batch
.47s/it]
 93%|█████████▎| 6631/7110 [10:16:17<43:49,  5.49s/it]
 93%|█████████▎| 6632/7110 [10:16:23<43:31,  5.46s/it]
 93%|█████████▎| 6633/7110 [10:16:28<43:43,  5.50s/it]
 93%|█████████▎| 6634/7110 [10:16:34<43:24,  5.47s/it]
 93%|█████████▎| 6635/7110 [10:16:39<43:27,  5.49s/it]
 93%|█████████▎| 6636/7110 [10:17:09<1:41:01, 12.79s/it]
 93%|█████████▎| 6637/7110 [10:17:14<1:23:32, 10.60s/it]
 93%|█████████▎| 6638/7110 [10:17:20<1:11:24,  9.08s/it]
 93%|█████████▎| 6639/7110 [10:17:25<1:02:42,  7.99s/it]
 93%|█████████▎| 6640/7110 [10:17:31<56:41,  7.24s/it]  
 93%|█████████▎| 6641/7110 [10:17:36<52:23,  6.70s/it]
 93%|█████████▎| 6642/7110 [10:17:42<49:25,  6.34s/it]
 93%|█████████▎| 6643/7110 [10:17:47<47:14,  6.07s/it]
 93%|█████████▎| 6644/7110 [10:17:53<45:52,  5.91s/it]
 93%|█████████▎| 6645/7110 [10:17:58<44:27,  5.74s/it]
 93%|█████████▎| 6646/7110 [10:18:04<43:52,  5.67s/it]
 93%|█████████▎| 6647/7110 [10:18:09<43:09,  5.59s/it]
 94%|█████████▎| 6648/7110 [10:18:15<42:55,  5.58s/it]
 94%|█████████▎| 6649/7110 [10:18:20<42:45,  5.56s/it]
 94%|█████████▎| 6650/7110 [10:18:26<42:16,  5.51s/it]
 94%|█████████▎| 6651/7110 [10:18:31<42:13,  5.52s/it]
 94%|█████████▎| 6652/7110 [10:18:37<41:58,  5.50s/it]
 94%|█████████▎| 6653/7110 [10:18:42<41:51,  5.50s/it]
 94%|█████████▎| 6654/7110 [10:18:47<41:33,  5.47s/it]
 94%|█████████▎| 6655/7110 [10:18:53<41:43,  5.50s/it]
 94%|█████████▎| 6656/7110 [10:18:58<41:17,  5.46s/it]
 94%|█████████▎| 6657/7110 [10:19:04<41:22,  5.48s/it]
 94%|█████████▎| 6658/7110 [10:19:09<41:07,  5.46s/it]
 94%|█████████▎| 6659/7110 [10:19:15<41:18,  5.50s/it]
 94%|█████████▎| 6660/7110 [10:19:20<41:11,  5.49s/it]
 94%|█████████▎| 6661/7110 [10:19:26<40:53,  5.46s/it]
 94%|█████████▎| 6662/7110 [10:19:31<40:57,  5.49s/it]
 94%|█████████▎| 6663/7110 [10:19:37<40:40,  5.46s/it]
 94%|█████████▎| 6664/7110 [10:19:42<40:46,  5.48s/it]
 94%|█████████▎| 6665/7110 [10:19:48<40:38,  5.48s/it]
 94%|█████████▍| 6666/7110 [10:19:53<40:39,  5.50s/it]
 94%|█████████▍| 6667/7110 [10:19:59<40:15,  5.45s/it]
 94%|█████████▍| 6668/7110 [10:20:04<40:21,  5.48s/it]
 94%|█████████▍| 6669/7110 [10:20:10<40:12,  5.47s/it]
 94%|█████████▍| 6670/7110 [10:20:15<40:08,  5.47s/it]
 94%|█████████▍| 6671/7110 [10:20:21<40:12,  5.50s/it]
 94%|█████████▍| 6672/7110 [10:20:26<39:53,  5.47s/it]
 94%|█████████▍| 6673/7110 [10:20:32<40:04,  5.50s/it]
 94%|█████████▍| 6674/7110 [10:20:37<39:47,  5.48s/it]
 94%|█████████▍| 6675/7110 [10:20:42<39:43,  5.48s/it]
 94%|█████████▍| 6676/7110 [10:20:48<39:27,  5.46s/it]
 94%|█████████▍| 6677/7110 [10:20:53<39:32,  5.48s/it]
 94%|█████████▍| 6678/7110 [10:20:59<39:16,  5.46s/it]
 94%|█████████▍| 6679/7110 [10:21:04<39:21,  5.48s/it]
 94%|█████████▍| 6680/7110 [10:21:10<39:11,  5.47s/it]
 94%|█████████▍| 6681/7110 [10:21:15<39:14,  5.49s/it]
 94%|█████████▍| 6682/7110 [10:21:21<39:15,  5.50s/it]
 94%|█████████▍| 6683/7110 [10:21:26<38:49,  5.46s/it]
 94%|█████████▍| 6684/7110 [10:21:32<38:54,  5.48s/it]
 94%|█████████▍| 6685/7110 [10:21:37<38:45,  5.47s/it]
 94%|█████████▍| 6686/7110 [10:21:43<38:42,  5.48s/it]
 94%|█████████▍| 6687/7110 [10:21:48<38:29,  5.46s/it]
 94%|█████████▍| 6688/7110 [10:21:54<38:34,  5.48s/it]
 94%|█████████▍| 6689/7110 [10:21:59<38:16,  5.45s/it]
 94%|█████████▍| 6690/7110 [10:22:05<38:27,  5.49s/it]
 94%|█████████▍| 6691/7110 [10:22:10<38:10,  5.47s/it]
 94%|█████████▍| 6692/7110 [10:22:16<38:07,  5.47s/it]
 94%|█████████▍| 6693/7110 [10:22:21<38:16,  5.51s/it]
 94%|█████████▍| 6694/7110 [10:22:27<37:57,  5.47s/it]
 94%|█████████▍| 6695/7110 [10:22:32<37:58,  5.49s/it]
 94%|█████████▍| 6696/7110 [10:22:37<37:43,  5.47s/it]
 94%|█████████▍| 6697/7110 [10:22:43<37:40,  5.47s/it]
 94%|█████████▍| 6698/7110 [10:22:48<37:26,  5.45s/it]
 94%|█████████▍| 6699/7110 [10:22:54<37:32,  5.48s/it]
 94%|█████████▍| 6700/7110 [10:22:59<37:16,  5.45s/it]
 94%|█████████▍| 6701/7110 [10:23:05<37:27,  5.49s/it]
 94%|█████████▍| 6702/7110 [10:23:10<37:03,  5.45s/it]
 94%|█████████▍| 6703/7110 [10:23:16<37:15,  5.49s/it]
 94%|█████████▍| 6704/7110 [10:23:21<37:08,  5.49s/it]
 94%|█████████▍| 6705/7110 [10:23:27<36:51,  5.46s/it]
 94%|█████████▍| 6706/7110 [10:23:32<36:54,  5.48s/it]
 94%|█████████▍| 6707/7110 [10:23:38<36:39,  5.46s/it]
 94%|█████████▍| 6708/7110 [10:23:43<36:44,  5.48s/it]
 94%|█████████▍| 6709/7110 [10:23:49<36:29,  5.46s/it]
 94%|█████████▍| 6710/7110 [10:23:54<36:38,  5.50s/it]
 94%|█████████▍| 6711/7110 [10:24:00<36:22,  5.47s/it]
 94%|█████████▍| 6712/7110 [10:24:05<36:18,  5.47s/it]
 94%|█████████▍| 6713/7110 [10:24:10<36:04,  5.45s/it]
 94%|█████████▍| 6714/7110 [10:24:16<36:08,  5.48s/it]
 94%|█████████▍| 6715/7110 [10:24:22<36:17,  5.51s/it]
 94%|█████████▍| 6716/7110 [10:24:27<35:51,  5.46s/it]
 94%|█████████▍| 6717/7110 [10:24:32<35:54,  5.48s/it]
 94%|█████████▍| 6718/7110 [10:24:38<35:45,  5.47s/it]
 95%|█████████▍| 6719/7110 [10:24:43<35:41,  5.48s/it]
 95%|█████████▍| 6720/7110 [10:24:49<35:32,  5.47s/it]
 95%|█████████▍| 6721/7110 [10:24:54<35:29,  5.47s/it]
 95%|█████████▍| 6722/7110 [10:25:00<35:20,  5.47s/it]
 95%|█████████▍| 6723/7110 [10:25:05<35:23,  5.49s/it]
 95%|█████████▍| 6724/7110 [10:25:11<35:08,  5.46s/it]
 95%|█████████▍| 6725/7110 [10:25:16<35:05,  5.47s/it]
 95%|█████████▍| 6726/7110 [10:25:22<35:14,  5.51s/it]
 95%|█████████▍| 6727/7110 [10:25:27<34:49,  5.45s/it]
 95%|█████████▍| 6728/7110 [10:25:33<34:52,  5.48s/it]
 95%|█████████▍| 6729/7110 [10:25:38<34:38,  5.46s/it]
 95%|█████████▍| 6730/7110 [10:25:44<34:43,  5.48s/it]
 95%|█████████▍| 6731/7110 [10:25:49<34:29,  5.46s/it]
 95%|█████████▍| 6732/7110 [10:25:55<34:33,  5.48s/it]
 95%|█████████▍| 6733/7110 [10:26:00<34:18,  5.46s/it]
 95%|█████████▍| 6734/7110 [10:26:05<34:21,  5.48s/it]
 95%|█████████▍| 6735/7110 [10:26:11<34:06,  5.46s/it]
 95%|█████████▍| 6736/7110 [10:26:16<34:09,  5.48s/it]
 95%|█████████▍| 6737/7110 [10:26:22<34:10,  5.50s/it]
 95%|█████████▍| 6738/7110 [10:26:27<33:58,  5.48s/it]
 95%|█████████▍| 6739/7110 [10:26:33<33:59,  5.50s/it]
 95%|█████████▍| 6740/7110 [10:26:38<33:38,  5.45s/it]
 95%|█████████▍| 6741/7110 [10:26:44<33:42,  5.48s/it]
 95%|█████████▍| 6742/7110 [10:26:49<33:33,  5.47s/it]
 95%|█████████▍| 6743/7110 [10:26:55<33:34,  5.49s/it]
 95%|█████████▍| 6744/7110 [10:27:00<33:18,  5.46s/it]
 95%|█████████▍| 6745/7110 [10:27:06<33:14,  5.47s/it]
 95%|█████████▍| 6746/7110 [10:27:11<33:02,  5.45s/it]
 95%|█████████▍| 6747/7110 [10:27:17<33:06,  5.47s/it]
 95%|█████████▍| 6748/7110 [10:27:22<33:07,  5.49s/it]
 95%|█████████▍| 6749/7110 [10:27:28<32:51,  5.46s/it]
 95%|█████████▍| 6750/7110 [10:27:33<32:59,  5.50s/it]
 95%|█████████▍| 6751/7110 [10:27:38<32:37,  5.45s/it]
 95%|█████████▍| 6752/7110 [10:27:44<32:39,  5.47s/it]
 95%|█████████▍| 6753/7110 [10:27:49<32:27,  5.46s/it]
 95%|█████████▍| 6754/7110 [10:27:55<32:32,  5.48s/it]
 95%|█████████▌| 6755/7110 [10:28:00<32:23,  5.47s/it]
 95%|█████████▌| 6756/7110 [10:28:06<32:18,  5.48s/it]
 95%|█████████▌| 6757/7110 [10:28:11<32:05,  5.46s/it]
 95%|█████████▌| 6758/7110 [10:28:17<32:07,  5.48s/it]
 95%|█████████▌| 6759/7110 [10:28:22<32:07,  5.49s/it]
 95%|█████████▌| 6760/7110 [10:28:28<31:56,  5.47s/it]
 95%|█████████▌| 6761/7110 [10:28:33<31:56,  5.49s/it]
 95%|█████████▌| 6762/7110 [10:28:39<31:35,  5.45s/it]
 95%|█████████▌| 6763/7110 [10:28:44<31:38,  5.47s/it]
 95%|█████████▌| 6764/7110 [10:28:50<31:25,  5.45s/it]
 95%|█████████▌| 6765/7110 [10:28:55<31:27,  5.47s/it]
 95%|█████████▌| 6766/7110 [10:29:00<31:14,  5.45s/it]
 95%|█████████▌| 6767/7110 [10:29:06<31:16,  5.47s/it]
 95%|█████████▌| 6768/7110 [10:29:11<31:03,  5.45s/it]
 95%|█████████▌| 6769/7110 [10:29:17<31:07,  5.48s/it]
 95%|█████████▌| 6770/7110 [10:29:22<31:07,  5.49s/it]
 95%|█████████▌| 6771/7110 [10:29:28<30:51,  5.46s/it]
 95%|█████████▌| 6772/7110 [10:29:33<30:58,  5.50s/it]
 95%|█████████▌| 6773/7110 [10:29:39<30:37,  5.45s/it]
 95%|█████████▌| 6774/7110 [10:29:44<30:45,  5.49s/it]
 95%|█████████▌| 6775/7110 [10:29:50<30:27,  5.45s/it]
 95%|█████████▌| 6776/7110 [10:29:55<30:30,  5.48s/it]
 95%|█████████▌| 6777/7110 [10:30:01<30:17,  5.46s/it]
 95%|█████████▌| 6778/7110 [10:30:06<30:19,  5.48s/it]
 95%|█████████▌| 6779/7110 [10:30:12<30:11,  5.47s/it]
 95%|█████████▌| 6780/7110 [10:30:17<30:06,  5.47s/it]
 95%|█████████▌| 6781/7110 [10:30:23<30:08,  5.50s/it]
 95%|█████████▌| 6782/7110 [10:30:28<29:51,  5.46s/it]
 95%|█████████▌| 6783/7110 [10:30:34<29:52,  5.48s/it]
 95%|█████████▌| 6784/7110 [10:30:39<29:38,  5.46s/it]
 95%|█████████▌| 6785/7110 [10:30:45<29:40,  5.48s/it]
 95%|█████████▌| 6786/7110 [10:30:50<29:32,  5.47s/it]
 95%|█████████▌| 6787/7110 [10:30:55<29:28,  5.48s/it]
 95%|█████████▌| 6788/7110 [10:31:01<29:20,  5.47s/it]
 95%|█████████▌| 6789/7110 [10:31:06<29:16,  5.47s/it]
 95%|█████████▌| 6790/7110 [10:31:12<29:04,  5.45s/it]
 96%|█████████▌| 6791/7110 [10:31:17<29:06,  5.48s/it]
 96%|█████████▌| 6792/7110 [10:31:23<29:07,  5.50s/it]
 96%|█████████▌| 6793/7110 [10:31:28<28:55,  5.48s/it]
 96%|█████████▌| 6794/7110 [10:31:34<28:55,  5.49s/it]
 96%|█████████▌| 6795/7110 [10:31:39<28:36,  5.45s/it]
 96%|█████████▌| 6796/7110 [10:31:45<28:39,  5.48s/it]
 96%|█████████▌| 6797/7110 [10:31:50<28:27,  5.45s/it]
 96%|█████████▌| 6798/7110 [10:31:56<28:30,  5.48s/it]
 96%|█████████▌| 6799/7110 [10:32:01<28:17,  5.46s/it]
 96%|█████████▌| 6800/7110 [10:32:07<28:18,  5.48s/it]
 96%|█████████▌| 6801/7110 [10:32:12<28:06,  5.46s/it]
 96%|█████████▌| 6802/7110 [10:32:18<28:12,  5.49s/it]
 96%|█████████▌| 6803/7110 [10:32:23<28:05,  5.49s/it]
 96%|█████████▌| 6804/7110 [10:32:28<27:49,  5.46s/it]
 96%|█████████▌| 6805/7110 [10:32:34<27:50,  5.48s/it]
 96%|█████████▌| 6806/7110 [10:32:39<27:37,  5.45s/it]
 96%|█████████▌| 6807/7110 [10:32:45<27:38,  5.47s/it]
 96%|█████████▌| 6808/7110 [10:32:50<27:25,  5.45s/it]
 96%|█████████▌| 6809/7110 [10:32:56<27:28,  5.48s/it]
 96%|█████████▌| 6810/7110 [10:33:01<27:15,  5.45s/it]
 96%|█████████▌| 6811/7110 [10:33:07<27:17,  5.48s/it]
 96%|█████████▌| 6812/7110 [10:33:12<27:04,  5.45s/it]
 96%|█████████▌| 6813/7110 [10:33:18<27:06,  5.48s/it]
 96%|█████████▌| 6814/7110 [10:33:23<27:06,  5.49s/it]
 96%|█████████▌| 6815/7110 [10:33:29<26:51,  5.46s/it]
 96%|█████████▌| 6816/7110 [10:33:34<26:52,  5.49s/it]
 96%|█████████▌| 6817/7110 [10:33:40<26:39,  5.46s/it]
 96%|█████████▌| 6818/7110 [10:33:45<26:40,  5.48s/it]
 96%|█████████▌| 6819/7110 [10:33:51<26:28,  5.46s/it]
 96%|█████████▌| 6820/7110 [10:33:56<26:34,  5.50s/it]
 96%|█████████▌| 6821/7110 [10:34:01<26:16,  5.45s/it]
 96%|█████████▌| 6822/7110 [10:34:07<26:17,  5.48s/it]
 96%|█████████▌| 6823/7110 [10:34:12<26:06,  5.46s/it]
 96%|█████████▌| 6824/7110 [10:34:18<26:07,  5.48s/it]
 96%|█████████▌| 6825/7110 [10:34:23<26:07,  5.50s/it]
 96%|█████████▌| 6826/7110 [10:34:29<25:52,  5.47s/it]
 96%|█████████▌| 6827/7110 [10:34:34<25:52,  5.49s/it]
 96%|█████████▌| 6828/7110 [10:34:40<25:40,  5.46s/it]
 96%|█████████▌| 6829/7110 [10:34:45<25:41,  5.48s/it]
 96%|█████████▌| 6830/7110 [10:34:51<25:29,  5.46s/it]
 96%|█████████▌| 6831/7110 [10:34:56<25:29,  5.48s/it]
 96%|█████████▌| 6832/7110 [10:35:02<25:17,  5.46s/it]
 96%|█████████▌| 6833/7110 [10:35:07<25:21,  5.49s/it]
 96%|█████████▌| 6834/7110 [10:35:13<25:04,  5.45s/it]
 96%|█████████▌| 6835/7110 [10:35:18<25:05,  5.47s/it]
 96%|█████████▌| 6836/7110 [10:35:24<25:08,  5.51s/it]
 96%|█████████▌| 6837/7110 [10:35:29<24:48,  5.45s/it]
 96%|█████████▌| 6838/7110 [10:35:35<24:49,  5.48s/it]
 96%|█████████▌| 6839/7110 [10:35:40<24:43,  5.47s/it]
 96%|█████████▌| 6840/7110 [10:35:46<24:42,  5.49s/it]
 96%|█████████▌| 6841/7110 [10:35:51<24:26,  5.45s/it]
 96%|█████████▌| 6842/7110 [10:35:56<24:28,  5.48s/it]
 96%|█████████▌| 6843/7110 [10:36:02<24:18,  5.46s/it]
 96%|█████████▋| 6844/7110 [10:36:07<24:18,  5.48s/it]
 96%|█████████▋| 6845/7110 [10:36:13<24:06,  5.46s/it]
 96%|█████████▋| 6846/7110 [10:36:18<24:07,  5.48s/it]
 96%|█████████▋| 6847/7110 [10:36:24<24:09,  5.51s/it]
 96%|█████████▋| 6848/7110 [10:36:29<23:50,  5.46s/it]
 96%|█████████▋| 6849/7110 [10:36:35<23:50,  5.48s/it]
 96%|█████████▋| 6850/7110 [10:36:40<23:39,  5.46s/it]
 96%|█████████▋| 6851/7110 [10:36:46<23:44,  5.50s/it]
 96%|█████████▋| 6852/7110 [10:36:51<23:26,  5.45s/it]
 96%|█████████▋| 6853/7110 [10:36:57<23:27,  5.48s/it]
 96%|█████████▋| 6854/7110 [10:37:02<23:19,  5.47s/it]
 96%|█████████▋| 6855/7110 [10:37:08<23:18,  5.49s/it]
 96%|█████████▋| 6856/7110 [10:37:13<23:05,  5.46s/it]
 96%|█████████▋| 6857/7110 [10:37:19<23:00,  5.46s/it]
 96%|█████████▋| 6858/7110 [10:37:24<23:04,  5.50s/it]
 96%|█████████▋| 6859/7110 [10:37:29<22:49,  5.45s/it]
 96%|█████████▋| 6860/7110 [10:37:35<22:49,  5.48s/it]
 96%|█████████▋| 6861/7110 [10:37:40<22:38,  5.46s/it]
 97%|█████████▋| 6862/7110 [10:37:46<22:39, (0,)
It 6873, sqrt loss 0.001235, Val sim-RMS 0.001749, Time Loss: 97.5%, data: 0.6%, val: 1.9%,  5.6 sec/batch
 5.48s/it]
 97%|█████████▋| 6863/7110 [10:37:51<22:28,  5.46s/it]
 97%|█████████▋| 6864/7110 [10:37:57<22:29,  5.48s/it]
 97%|█████████▋| 6865/7110 [10:38:02<22:17,  5.46s/it]
 97%|█████████▋| 6866/7110 [10:38:08<22:21,  5.50s/it]
 97%|█████████▋| 6867/7110 [10:38:13<22:04,  5.45s/it]
 97%|█████████▋| 6868/7110 [10:38:19<22:04,  5.47s/it]
 97%|█████████▋| 6869/7110 [10:38:24<22:03,  5.49s/it]
 97%|█████████▋| 6870/7110 [10:38:30<21:55,  5.48s/it]
 97%|█████████▋| 6871/7110 [10:38:35<21:50,  5.48s/it]
 97%|█████████▋| 6872/7110 [10:38:41<21:42,  5.47s/it]
 97%|█████████▋| 6873/7110 [10:39:11<50:34, 12.81s/it]
 97%|█████████▋| 6874/7110 [10:39:16<41:34, 10.57s/it]
 97%|█████████▋| 6875/7110 [10:39:22<35:32,  9.07s/it]
 97%|█████████▋| 6876/7110 [10:39:27<31:01,  7.95s/it]
 97%|█████████▋| 6877/7110 [10:39:32<28:04,  7.23s/it]
 97%|█████████▋| 6878/7110 [10:39:38<25:59,  6.72s/it]
 97%|█████████▋| 6879/7110 [10:39:43<24:24,  6.34s/it]
 97%|█████████▋| 6880/7110 [10:39:49<23:23,  6.10s/it]
 97%|█████████▋| 6881/7110 [10:39:54<22:29,  5.89s/it]
 97%|█████████▋| 6882/7110 [10:40:00<21:55,  5.77s/it]
 97%|█████████▋| 6883/7110 [10:40:05<21:28,  5.68s/it]
 97%|█████████▋| 6884/7110 [10:40:11<21:10,  5.62s/it]
 97%|█████████▋| 6885/7110 [10:40:16<20:54,  5.57s/it]
 97%|█████████▋| 6886/7110 [10:40:22<20:43,  5.55s/it]
 97%|█████████▋| 6887/7110 [10:40:27<20:28,  5.51s/it]
 97%|█████████▋| 6888/7110 [10:40:33<20:27,  5.53s/it]
 97%|█████████▋| 6889/7110 [10:40:38<20:19,  5.52s/it]
 97%|█████████▋| 6890/7110 [10:40:44<20:07,  5.49s/it]
 97%|█████████▋| 6891/7110 [10:40:49<20:08,  5.52s/it]
 97%|█████████▋| 6892/7110 [10:40:55<19:55,  5.48s/it]
 97%|█████████▋| 6893/7110 [10:41:00<19:49,  5.48s/it]
 97%|█████████▋| 6894/7110 [10:41:06<19:42,  5.47s/it]
 97%|█████████▋| 6895/7110 [10:41:11<19:37,  5.48s/it]
 97%|█████████▋| 6896/7110 [10:41:17<19:36,  5.50s/it]
 97%|█████████▋| 6897/7110 [10:41:22<19:28,  5.49s/it]
 97%|█████████▋| 6898/7110 [10:41:28<19:25,  5.50s/it]
 97%|█████████▋| 6899/7110 [10:41:33<19:10,  5.45s/it]
 97%|█████████▋| 6900/7110 [10:41:39<19:12,  5.49s/it]
 97%|█████████▋| 6901/7110 [10:41:44<18:58,  5.45s/it]
 97%|█████████▋| 6902/7110 [10:41:49<18:58,  5.47s/it]
 97%|█████████▋| 6903/7110 [10:41:55<18:57,  5.49s/it]
 97%|█████████▋| 6904/7110 [10:42:00<18:50,  5.49s/it]
 97%|█████████▋| 6905/7110 [10:42:06<18:45,  5.49s/it]
 97%|█████████▋| 6906/7110 [10:42:11<18:35,  5.47s/it]
 97%|█████████▋| 6907/7110 [10:42:17<18:34,  5.49s/it]
 97%|█████████▋| 6908/7110 [10:42:22<18:23,  5.46s/it]
 97%|█████████▋| 6909/7110 [10:42:28<18:22,  5.48s/it]
 97%|█████████▋| 6910/7110 [10:42:33<18:20,  5.50s/it]
 97%|█████████▋| 6911/7110 [10:42:39<18:08,  5.47s/it]
 97%|█████████▋| 6912/7110 [10:42:44<18:07,  5.49s/it]
 97%|█████████▋| 6913/7110 [10:42:50<17:56,  5.47s/it]
 97%|█████████▋| 6914/7110 [10:42:55<17:58,  5.50s/it]
 97%|█████████▋| 6915/7110 [10:43:01<17:47,  5.47s/it]
 97%|█████████▋| 6916/7110 [10:43:06<17:42,  5.48s/it]
 97%|█████████▋| 6917/7110 [10:43:12<17:32,  5.45s/it]
 97%|█████████▋| 6918/7110 [10:43:17<17:31,  5.48s/it]
 97%|█████████▋| 6919/7110 [10:43:23<17:24,  5.47s/it]
 97%|█████████▋| 6920/7110 [10:43:28<17:22,  5.49s/it]
 97%|█████████▋| 6921/7110 [10:43:34<17:20,  5.50s/it]
 97%|█████████▋| 6922/7110 [10:43:39<17:06,  5.46s/it]
 97%|█████████▋| 6923/7110 [10:43:45<17:08,  5.50s/it]
 97%|█████████▋| 6924/7110 [10:43:50<16:55,  5.46s/it]
 97%|█████████▋| 6925/7110 [10:43:55<16:54,  5.49s/it]
 97%|█████████▋| 6926/7110 [10:44:01<16:47,  5.48s/it]
 97%|█████████▋| 6927/7110 [10:44:06<16:43,  5.48s/it]
 97%|█████████▋| 6928/7110 [10:44:12<16:34,  5.46s/it]
 97%|█████████▋| 6929/7110 [10:44:17<16:32,  5.48s/it]
 97%|█████████▋| 6930/7110 [10:44:23<16:22,  5.46s/it]
 97%|█████████▋| 6931/7110 [10:44:28<16:20,  5.48s/it]
 97%|█████████▋| 6932/7110 [10:44:34<16:21,  5.52s/it]
 98%|█████████▊| 6933/7110 [10:44:39<16:07,  5.47s/it]
 98%|█████████▊| 6934/7110 [10:44:45<16:08,  5.50s/it]
 98%|█████████▊| 6935/7110 [10:44:50<15:54,  5.46s/it]
 98%|█████████▊| 6936/7110 [10:44:56<15:53,  5.48s/it]
 98%|█████████▊| 6937/7110 [10:45:01<15:43,  5.46s/it]
 98%|█████████▊| 6938/7110 [10:45:07<15:42,  5.48s/it]
 98%|█████████▊| 6939/7110 [10:45:12<15:33,  5.46s/it]
 98%|█████████▊| 6940/7110 [10:45:18<15:34,  5.50s/it]
 98%|█████████▊| 6941/7110 [10:45:23<15:21,  5.45s/it]
 98%|█████████▊| 6942/7110 [10:45:29<15:22,  5.49s/it]
 98%|█████████▊| 6943/7110 [10:45:34<15:19,  5.51s/it]
 98%|█████████▊| 6944/7110 [10:45:39<15:06,  5.46s/it]
 98%|█████████▊| 6945/7110 [10:45:45<15:08,  5.50s/it]
 98%|█████████▊| 6946/7110 [10:45:50<14:55,  5.46s/it]
 98%|█████████▊| 6947/7110 [10:45:56<14:54,  5.49s/it]
 98%|█████████▊| 6948/7110 [10:46:01<14:44,  5.46s/it]
 98%|█████████▊| 6949/7110 [10:46:07<14:43,  5.49s/it]
 98%|█████████▊| 6950/7110 [10:46:12<14:34,  5.47s/it]
 98%|█████████▊| 6951/7110 [10:46:18<14:34,  5.50s/it]
 98%|█████████▊| 6952/7110 [10:46:23<14:21,  5.45s/it]
 98%|█████████▊| 6953/7110 [10:46:29<14:19,  5.47s/it]
 98%|█████████▊| 6954/7110 [10:46:34<14:16,  5.49s/it]
 98%|█████████▊| 6955/7110 [10:46:40<14:06,  5.46s/it]
 98%|█████████▊| 6956/7110 [10:46:45<14:04,  5.48s/it]
 98%|█████████▊| 6957/7110 [10:46:51<13:55,  5.46s/it]
 98%|█████████▊| 6958/7110 [10:46:56<13:55,  5.50s/it]
 98%|█████████▊| 6959/7110 [10:47:02<13:46,  5.47s/it]
 98%|█████████▊| 6960/7110 [10:47:07<13:40,  5.47s/it]
 98%|█████████▊| 6961/7110 [10:47:13<13:32,  5.45s/it]
 98%|█████████▊| 6962/7110 [10:47:18<13:30,  5.47s/it]
 98%|█████████▊| 6963/7110 [10:47:23<13:21,  5.45s/it]
 98%|█████████▊| 6964/7110 [10:47:29<13:19,  5.48s/it]
 98%|█████████▊| 6965/7110 [10:47:35<13:17,  5.50s/it]
 98%|█████████▊| 6966/7110 [10:47:40<13:07,  5.47s/it]
 98%|█████████▊| 6967/7110 [10:47:46<13:05,  5.50s/it]
 98%|█████████▊| 6968/7110 [10:47:51<12:59,  5.49s/it]
 98%|█████████▊| 6969/7110 [10:47:56<12:53,  5.49s/it]
 98%|█████████▊| 6970/7110 [10:48:02<12:47,  5.48s/it]
 98%|█████████▊| 6971/7110 [10:48:07<12:43,  5.50s/it]
 98%|█████████▊| 6972/7110 [10:48:13<12:32,  5.46s/it]
 98%|█████████▊| 6973/7110 [10:48:18<12:31,  5.48s/it]
 98%|█████████▊| 6974/7110 [10:48:24<12:22,  5.46s/it]
 98%|█████████▊| 6975/7110 [10:48:29<12:19,  5.48s/it]
 98%|█████████▊| 6976/7110 [10:48:35<12:17,  5.50s/it]
 98%|█████████▊| 6977/7110 [10:48:40<12:07,  5.47s/it]
 98%|█████████▊| 6978/7110 [10:48:46<12:06,  5.51s/it]
 98%|█████████▊| 6979/7110 [10:48:51<11:55,  5.46s/it]
 98%|█████████▊| 6980/7110 [10:48:57<11:52,  5.48s/it]
 98%|█████████▊| 6981/7110 [10:49:02<11:44,  5.46s/it]
 98%|█████████▊| 6982/7110 [10:49:08<11:43,  5.50s/it]
 98%|█████████▊| 6983/7110 [10:49:13<11:33,  5.46s/it]
 98%|█████████▊| 6984/7110 [10:49:19<11:30,  5.48s/it]
 98%|█████████▊| 6985/7110 [10:49:24<11:22,  5.46s/it]
 98%|█████████▊| 6986/7110 [10:49:30<11:21,  5.49s/it]
 98%|█████████▊| 6987/7110 [10:49:35<11:16,  5.50s/it]
 98%|█████████▊| 6988/7110 [10:49:41<11:07,  5.47s/it]
 98%|█████████▊| 6989/7110 [10:49:46<11:04,  5.49s/it]
 98%|█████████▊| 6990/7110 [10:49:51<10:55,  5.47s/it]
 98%|█████████▊| 6991/7110 [10:49:57<10:54,  5.50s/it]
 98%|█████████▊| 6992/7110 [10:50:02<10:43,  5.45s/it]
 98%|█████████▊| 6993/7110 [10:50:08<10:41,  5.48s/it]
 98%|█████████▊| 6994/7110 [10:50:13<10:34,  5.47s/it]
 98%|█████████▊| 6995/7110 [10:50:19<10:31,  5.49s/it]
 98%|█████████▊| 6996/7110 [10:50:24<10:22,  5.46s/it]
 98%|█████████▊| 6997/7110 [10:50:30<10:20,  5.49s/it]
 98%|█████████▊| 6998/7110 [10:50:35<10:15,  5.50s/it]
 98%|█████████▊| 6999/7110 [10:50:41<10:07,  5.47s/it]
 98%|█████████▊| 7000/7110 [10:50:46<10:06,  5.51s/it]
 98%|█████████▊| 7001/7110 [10:50:52<09:57,  5.48s/it]
 98%|█████████▊| 7002/7110 [10:50:57<09:53,  5.50s/it]
 98%|█████████▊| 7003/7110 [10:51:03<09:45,  5.47s/it]
 99%|█████████▊| 7004/7110 [10:51:08<09:40,  5.48s/it]
 99%|█████████▊| 7005/7110 [10:51:14<09:32,  5.46s/it]
 99%|█████████▊| 7006/7110 [10:51:19<09:29,  5.48s/it]
 99%|█████████▊| 7007/7110 [10:51:25<09:23,  5.47s/it]
 99%|█████████▊| 7008/7110 [10:51:30<09:17,  5.47s/it]
 99%|█████████▊| 7009/7110 [10:51:36<09:16,  5.51s/it]
 99%|█████████▊| 7010/7110 [10:51:41<09:07,  5.48s/it]
 99%|█████████▊| 7011/7110 [10:51:47<09:04,  5.50s/it]
 99%|█████████▊| 7012/7110 [10:51:52<08:54,  5.46s/it]
 99%|█████████▊| 7013/7110 [10:51:58<08:52,  5.49s/it]
 99%|█████████▊| 7014/7110 [10:52:03<08:43,  5.45s/it]
 99%|█████████▊| 7015/7110 [10:52:08<08:40,  5.48s/it]
 99%|█████████▊| 7016/7110 [10:52:14<08:33,  5.46s/it]
 99%|█████████▊| 7017/7110 [10:52:19<08:30,  5.48s/it]
 99%|█████████▊| 7018/7110 [10:52:25<08:23,  5.48s/it]
 99%|█████████▊| 7019/7110 [10:52:30<08:18,  5.48s/it]
 99%|█████████▊| 7020/7110 [10:52:36<08:14,  5.50s/it]
 99%|█████████▊| 7021/7110 [10:52:41<08:06,  5.47s/it]
 99%|█████████▉| 7022/7110 [10:52:47<08:03,  5.49s/it]
 99%|█████████▉| 7023/7110 [10:52:52<07:55,  5.47s/it]
 99%|█████████▉| 7024/7110 [10:52:58<07:52,  5.49s/it]
 99%|█████████▉| 7025/7110 [10:53:03<07:45,  5.48s/it]
 99%|█████████▉| 7026/7110 [10:53:09<07:41,  5.50s/it]
 99%|█████████▉| 7027/7110 [10:53:14<07:32,  5.46s/it]
 99%|█████████▉| 7028/7110 [10:53:20<07:30,  5.50s/it]
 99%|█████████▉| 7029/7110 [10:53:25<07:21,  5.45s/it]
 99%|█████████▉| 7030/7110 [10:53:31<07:17,  5.47s/it]
 99%|█████████▉| 7031/7110 [10:53:36<07:14,  5.50s/it]
 99%|█████████▉| 7032/7110 [10:53:42<07:06,  5.47s/it]
 99%|█████████▉| 7033/7110 [10:53:47<07:02,  5.49s/it]
 99%|█████████▉| 7034/7110 [10:53:53<06:55,  5.47s/it]
 99%|█████████▉| 7035/7110 [10:53:58<06:51,  5.49s/it]
 99%|█████████▉| 7036/7110 [10:54:03<06:43,  5.46s/it]
 99%|█████████▉| 7037/7110 [10:54:09<06:41,  5.50s/it]
 99%|█████████▉| 7038/7110 [10:54:14<06:32,  5.46s/it]
 99%|█████████▉| 7039/7110 [10:54:20<06:30,  5.50s/it]
 99%|█████████▉| 7040/7110 [10:54:25<06:21,  5.46s/it]
 99%|█████████▉| 7041/7110 [10:54:31<06:19,  5.49s/it]
 99%|█████████▉| 7042/7110 [10:54:36<06:13,  5.50s/it]
 99%|█████████▉| 7043/7110 [10:54:42<06:06,  5.47s/it]
 99%|█████████▉| 7044/7110 [10:54:47<06:02,  5.49s/it]
 99%|█████████▉| 7045/7110 [10:54:53<05:55,  5.47s/it]
 99%|█████████▉| 7046/7110 [10:54:58<05:51,  5.49s/it]
 99%|█████████▉| 7047/7110 [10:55:04<05:44,  5.46s/it]
 99%|█████████▉| 7048/7110 [10:55:09<05:40,  5.49s/it]
 99%|█████████▉| 7049/7110 [10:55:15<05:33,  5.46s/it]
 99%|█████████▉| 7050/7110 [10:55:20<05:28,  5.48s/it]
 99%|█████████▉| 7051/7110 [10:55:26<05:22,  5.47s/it]
 99%|█████████▉| 7052/7110 [10:55:31<05:18,  5.49s/it]
 99%|█████████▉| 7053/7110 [10:55:37<05:13,  5.49s/it]
 99%|█████████▉| 7054/7110 [10:55:42<05:06,  5.47s/it]
 99%|█████████▉| 7055/7110 [10:55:48<05:02,  5.51s/it]
 99%|█████████▉| 7056/7110 [10:55:53<04:54,  5.46s/it]
 99%|█████████▉| 7057/7110 [10:55:59<04:50,  5.49s/it]
 99%|█████████▉| 7058/7110 [10:56:04<04:44,  5.47s/it]
 99%|█████████▉| 7059/7110 [10:56:10<04:40,  5.50s/it]
 99%|█████████▉| 7060/7110 [10:56:15<04:33,  5.46s/it]
 99%|█████████▉| 7061/7110 [10:56:21<04:29,  5.50s/it]
 99%|█████████▉| 7062/7110 [10:56:26<04:22,  5.46s/it]
 99%|█████████▉| 7063/7110 [10:56:32<04:18,  5.50s/it]
 99%|█████████▉| 7064/7110 [10:56:37<04:13,  5.51s/it]
 99%|█████████▉| 7065/7110 [10:56:42<04:05,  5.47s/it]
 99%|█████████▉| 7066/7110 [10:56:48<04:01,  5.49s/it]
 99%|█████████▉| 7067/7110 [10:56:53<03:54,  5.46s/it]
 99%|█████████▉| 7068/7110 [10:56:59<03:51,  5.50s/it]
 99%|█████████▉| 7069/7110 [10:57:04<03:43,  5.46s/it]
 99%|█████████▉| 7070/7110 [10:57:10<03:39,  5.50s/it]
 99%|█████████▉| 7071/7110 [10:57:15<03:32,  5.46s/it]
 99%|█████████▉| 7072/7110 [10:57:21<03:28,  5.50s/it]
 99%|█████████▉| 7073/7110 [10:57:26<03:22,  5.47s/it]
 99%|█████████▉| 7074/7110 [10:57:32<03:17,  5.47s/it]
100%|█████████▉| 7075/7110 [10:57:37<03:12,  5.49s/it]
100%|█████████▉| 7076/7110 [10:57:43<03:05,  5.47s/it]
100%|█████████▉| 7077/7110 [10:57:48<03:01,  5.49s/it]
100%|█████████▉| 7078/7110 [10:57:54<02:54,  5.47s/it]
100%|█████████▉| 7079/7110 [10:57:59<02:50,  5.51s/it]
100%|█████████▉| 7080/7110 [10:58:05<02:43,  5.46s/it]
100%|█████████▉| 7081/7110 [10:58:10<02:39,  5.49s/it]
100%|█████████▉| 7082/7110 [10:58:16<02:32,  5.46s/it]
100%|█████████▉| 7083/7110 [10:58:21<02:28,  5.49s/it]
100%|█████████▉| 7084/7110 [10:58:27<02:22,  5.47s/it]
100%|█████████▉| 7085/7110 [10:58:32<02:16,  5.48s/it]
100%|█████████▉| 7086/7110 [10:58:38<02:12,  5.51s/it]
100%|█████████▉| 7087/7110 [10:58:43<02:05,  5.47s/it]
100%|█████████▉| 7088/7110 [10:58:49<02:01,  5.51s/it]
100%|█████████▉| 7089/7110 [10:58:54<01:54,  5.47s/it]
100%|█████████▉| 7090/7110 [10:59:00<01:49,  5.49s/it]
100%|█████████▉| 7091/7110 [10:59:05<01:43,  5.45s/it]
100%|█████████▉| 7092/7110 [10:59:10<01:38,  5.47s/it]
100%|█████████▉| 7093/7110 [10:59:16<01:32,  5.47s/it]
100%|█████████▉| 7094/7110 [10:59:21<01:27,  5.49s/it]
100%|█████████▉| 7095/7110 [10:59:27<01:21,  5.45s/it]
100%|█████████▉| 7096/7110 [10:59:32<01:16,  5.48s/it]
100%|█████████▉| 7097/7110 [10:59:38<01:11,  5.49s/it]
100%|█████████▉| 7098/7110 [10:59:43<01:05,  5.48s/it]
100%|█████████▉| 7099/7110 [10:59:49<01:00,  5.48s/it]
100%|█████████▉| 7100/7110 [10:59:54<00:54,  5.46s/it]
100%|█████████▉| 7101/7110 [11:00:00<00:49,  5.48s/it]
100%|█████████▉| 7102/7110 [11:00:05<00:43,  5.47s/it]
100%|█████████▉| 7103/7110 [11:00:11<00:38,  5.47s/it]
100%|█████████▉| 7104/7110 [11:00:16<00:32,  5.47s/it]
100%|█████████▉| 7105/7110 [11:00:22<00:27,  5.47s/it]
100%|█████████▉| 7106/7110 [11:00:27<00:21,  5.46s/it]
100%|█████████▉| 7107/7110 [11:00:33<00:16,  5.48s/it]
100%|█████████▉| 7108/7110(0,)
It 7110, sqrt loss 0.004383, Val sim-RMS 0.00141, Time Loss: 97.5%, data: 0.6%, val: 1.9%,  5.6 sec/batch
 [11:00:38<00:10,  5.50s/it]
100%|█████████▉| 7109/7110 [11:00:43<00:05,  5.47s/it]
100%|██████████| 7110/7110 [11:01:14<00:00, 12.96s/it]
100%|██████████| 7110/7110 [11:01:14<00:00,  5.58s/it]
/dataB1/dirk_van_den_berg/conda-envs/GraduationProject/lib/python3.11/site-packages/deepSI/fit_systems/fit_system.py:501: FutureWarning: You are using `torch.load` with `weights_only=False` (the current default value), which uses the default pickle module implicitly. It is possible to construct malicious pickle data which will execute arbitrary code during unpickling (See https://github.com/pytorch/pytorch/blob/main/SECURITY.md#untrusted-models for more details). In a future release, the default value for `weights_only` will be flipped to `True`. This limits the functions that could be executed during unpickling. Arbitrary objects will no longer be allowed to be loaded via this mode unless they are explicitly allowlisted by the user via `torch.serialization.add_safe_globals`. We recommend you start setting `weights_only=True` for any use case where you don't have full control of the loaded file. Please open an issue on GitHub for any issues related to this experimental feature.
  self.__dict__ = torch.load(file)
Loaded model with best known validation sim-RMS of 0.0002936 which happened on epoch 5688 (epoch_id=24.00)
  Checkpoint weights: /dataB1/dirk_van_den_berg/repos/LPV-LFR-Baseline-Augmentation/scripts/gantry/../../simulations/gantry_subnet/multisine_linear_map/gantry_ckpt_68676.pt
Training done | 30 ep | 39700s | bestfit=0.00029  R2_linmap: delta_a=+0.0016  vdelta_a=+0.0107
  Checkpoint meta: /dataB1/dirk_van_den_berg/repos/LPV-LFR-Baseline-Augmentation/scripts/gantry/../../simulations/gantry_subnet/multisine_linear_map/gantry_ckpt_68676.npz

Training complete. Best validation sim-RMS: 0.000294
Saved model: /dataB1/dirk_van_den_berg/repos/LPV-LFR-Baseline-Augmentation/scripts/gantry/../../simulations/gantry_subnet/multisine_linear_map/gantry_68676

=== Sim-NRMS + RMS: augmented vs baseline FP ===
                     augmented             baseline FP   improve
              (NRMS    RMS [m])        (NRMS    RMS [m])
  X1:  0.0036  2.114e-04 m    0.0034  2.050e-04 m    -3.1%
  X2:  0.0036  2.325e-04 m    0.0031  2.005e-04 m    -15.9%
  Y :  0.0017  3.999e-04 m    0.0037  8.492e-04 m    +52.9%

=== ANN latent state RMS ===
  x[6]: enc=1.2793e-01
  x[7]: enc=9.3947e-03

=== Rollout aug-state R2 vs GT (closed-loop simulation) ===
  delta_a   R2_raw=-0.0046  R2_linmap=+0.0297
  vdelta_a  R2_raw=-0.0004  R2_linmap=+0.0819
  R2_linmap ~ 1 -> simulated aug states carry the absorber dynamics;
  R2_linmap ~ 0 -> aug states unused in rollout (encoder R2 tests encoder only)

=== Test-set (E1) sim-NRMS + RMS — generalization to unseen excitation ===
                     augmented             baseline FP   improve
              (NRMS    RMS [m])        (NRMS    RMS [m])
  X1:  0.0023  1.376e-04 m    0.0047  2.816e-04 m    +51.1%
  X2:  0.0018  1.162e-04 m    0.0044  2.803e-04 m    +58.5%
  Y :  0.0023  5.225e-04 m    0.0080  1.853e-03 m    +71.8%

=== Model, true-x0 init: sim-NRMS + RMS ===
  X1: 0.0124  7.364e-04 m
  X2: 0.0119  7.623e-04 m
  Y : 0.0050  1.155e-03 m
Saved results: gantry_results_68676.npz

=== State recovery diagnostic (D-053) ===
  2661 windows (stride 3), na=nb=17, encoder=linear_map
  channel   R2_raw      R2_linmap   R2_raw_lag1
  q1         +1.0000     +1.0000     +1.0000
  q2         +0.8023     +0.9413     +0.7569
  q3         +1.0000     +1.0000     +1.0000
  dq1        +0.9999     +1.0000     +0.9999
  dq2        +0.9469     +0.9959     +0.9354
  dq3        +0.9989     +0.9989     +0.9992
  R2_linmap ~ 1 & R2_raw low -> basis rotation;
  R2_linmap low              -> information absent from encoder state;
  R2_raw_lag1 > R2_raw       -> encoder aligned to k-1 (one-sample lag)

=== Augmented state R2 vs saved GT (delta_a/vdelta_a from mat file) ===
  state             R2_raw   R2_linmap  note
  delta_a       -2.7050     +0.0016  (mat file)
  vdelta_a      -3.4956     +0.0107  (FD estimate)
  R2_linmap ~ 1 -> augmented state captured MSD dynamics
  R2_linmap ~ 0 -> augmented state did not learn delta_a
Saved state recovery diagnostic: gantry_state_recovery_68676.npz

=== Gradient norms (single batch, post-training) ===
  encoder             : 5.7049e-03
  hfn                 : 1.2773e-02
