========================================
Telica param recovery  (job 71447)
========================================
job_id=71447
node_list=blade4
cpus_per_task=4
cuda_visible_devices=<unset>
Thu Jul 16 04:01:07 PM CEST 2026
=== CPU info ===
CPU(s):                                  64
On-line CPU(s) list:                     0-63
Model name:                              AMD EPYC 7742 64-Core Processor
Thread(s) per core:                      1
Core(s) per socket:                      64
Socket(s):                               1
NUMA node0 CPU(s):                       0-63
=== telica_param_recovery ===
Gym has been unmaintained since 2022 and does not support NumPy 2.0 amongst other critical functionality.
Please upgrade to Gymnasium, the maintained drop-in replacement of Gym, or contact the authors of your software and request that they upgrade.
Users of this version of Gym should be able to simply replace 'import gym' with 'import gymnasium as gym' in the vast majority of cases.
See the migration guide at https://gymnasium.farama.org/introduction/migration_guide/ for additional information.
[run_telica] COULOMB FRICTION ON -- trainable cc (init (16.8, 18.35, 11.6) N), tanh v0=0.001
[run_telica] validation selector = windowed normalized-RMS on held-out windows (D-076); scheduler/best-checkpoint use this, not full-traj OL.
  Device: CPU

============================================================
Step 1: Precompute (trajectories, sigma, segment_len)
============================================================
  precompute: loaded from cache (/dataB1/dirk_van_den_berg/repos/LPV-LFR-Baseline-Augmentation/simulations/pr_telica_split/precomputed_T1a_T1b_T2a_T2b_T3a_T3b_T4a_T4b_T5a_T5b_T6a_T6b_T7a_T7b_T8a_T8b_T9a_T9b_T10a_T10b_T11a_T11b_float64.pt)
    traj_dir=/dataB1/dirk_van_den_berg/repos/LPV-LFR-Baseline-Augmentation/kamtin-data/Data Telica/06 40 mm XL 80 mm YL  norm_mode='global'  trajs=['T1a', 'T1b', 'T2a', 'T2b', 'T3a', 'T3b', 'T4a', 'T4b', 'T5a', 'T5b', 'T6a', 'T6b', 'T7a', 'T7b', 'T8a', 'T8b', 'T9a', 'T9b', 'T10a', 'T10b', 'T11a', 'T11b']  segment_len=2600  overlap=0%
  Trajectory preload: GPU  (0 MB needed, 0 MB free)
  Eval device: same as training (sync, no thread)
  Val preload: GPU  (0 MB needed, 0 MB free)
  rmse_baseline_normalized = 1.3062e+01
  segment_len = 2600 samples
  Active: T1a, T1b, T2a, T2b, T3a, T3b, T4a, T4b, T5a, T5b, T6a, T6b, T7a, T7b, T8a, T8b, T9a, T9b, T10a, T10b, T11a, T11b
  segment_len=2600, W=full, n_windows=1, batch=22 trajs/epoch
  fs_new=20000 Hz (D=1), overlap=0%, stride=2600
  Pool sizes: {'T1a': 3, 'T1b': 3, 'T2a': 3, 'T2b': 3, 'T3a': 3, 'T3b': 5, 'T4a': 3, 'T4b': 3, 'T5a': 3, 'T5b': 2, 'T6a': 3, 'T6b': 3, 'T7a': 2, 'T7b': 3, 'T8a': 3, 'T8b': 3, 'T9a': 5, 'T9b': 6, 'T10a': 3, 'T10b': 2, 'T11a': 6, 'T11b': 3}
  FULL_COVERAGE: 2 gradient steps/epoch (limited by shortest pool)

============================================================
Step 2: Build model
============================================================
  Trainable params : 17
  RMSE_baseline_normalized: 1.306233e+01
  Table 1 — identifiable quantities
Parameter        True    Detuned    Learned      delta
-------------------------------------------------------
kb_sum      3975.0000  3975.0000  3975.0000     +0.00%
cg1          136.0000   136.0000   136.0000     +0.00%
cg2          136.0000   136.0000   136.0000     +0.00%
cy            98.0000    98.0000    98.0000     +0.00%
cb_sum        18.0000    18.0000    18.0000     +0.00%
mh            19.0000    19.0000    19.0000     +0.00%
m_total       72.0000    72.0000    72.0000     +0.00%
m_diff        -0.8200    -0.8200    -0.8200     -0.00%
J_eff          5.5756     5.5756     5.5756     +0.00%
d              0.1000     0.1000     0.1000     +0.00%

  Table 2 — split diagnostics (not data-identifiable)
Parameter        True    Detuned    Learned      delta
-------------------------------------------------------
kb1         1987.5000  1987.5000  1987.5000     +0.00%
kb2         1987.5000  1987.5000  1987.5000     +0.00%
cb1            9.0000     9.0000     9.0000     +0.00%
cb2            9.0000     9.0000     9.0000     +0.00%
Jb             1.0000     1.0000     1.0000     +0.00%
Jh             0.0500     0.0500     0.0500     +0.00%
m1            16.8100    16.8100    16.8100     +0.00%
m2            17.6300    17.6300    17.6300     +0.00%
mb            37.5600    37.5600    37.5600     +0.00%
J_sum          1.0500     1.0500     1.0500     +0.00%

============================================================
Step 3: Train  (4000 epochs, lr=0.1, W=None)
============================================================
   Epoch      mse_loss     split_reg   grad_norm   time [s]          lr  |  eval_ep     eval_rmse
  ------  ------------  ------------  ----------  ---------  ----------  |  -------  ------------
       0    1.2285e-02    0.0000e+00   9.987e-03     35.604   1.000e-01  |        0    1.4341e-01
       1    1.1185e-02    0.0000e+00   9.937e-03      8.723   1.000e-01  |        0    1.4341e-01
       2    9.9050e-03    0.0000e+00   9.654e-03      8.886   1.000e-01  |        0    1.4341e-01
       3    8.3938e-03    0.0000e+00   9.076e-03      8.667   1.000e-01  |        0    1.4341e-01
       4    6.7567e-03    0.0000e+00   8.153e-03      8.905   1.000e-01  |        0    1.4341e-01
       5    5.1188e-03    0.0000e+00   6.917e-03     24.052   1.000e-01  |        5    8.8613e-02
       6    3.6051e-03    0.0000e+00   5.488e-03      8.951   1.000e-01  |        5    8.8613e-02
       7    2.3221e-03    0.0000e+00   4.004e-03      8.706   1.000e-01  |        5    8.8613e-02
       8    1.3636e-03    0.0000e+00   2.412e-03      8.711   1.000e-01  |        5    8.8613e-02
       9    7.6593e-04    0.0000e+00   1.191e-03      8.917   1.000e-01  |        5    8.8613e-02
      10    4.3922e-04    0.0000e+00   8.485e-04     24.173   1.000e-01  |       10    3.8346e-02
      11    2.7618e-04    0.0000e+00   5.924e-04      8.957   1.000e-01  |       10    3.8346e-02
      12    1.9256e-04    0.0000e+00   3.913e-04      8.693   1.000e-01  |       10    3.8346e-02
      13    1.4968e-04    0.0000e+00   2.599e-04      8.986   1.000e-01  |       10    3.8346e-02
      14    1.3018e-04    0.0000e+00   1.919e-04      8.989   1.000e-01  |       10    3.8346e-02
      15    1.2321e-04    0.0000e+00   1.775e-04     24.058   1.000e-01  |       15    2.8223e-02
      16    1.2251e-04    0.0000e+00   1.950e-04      8.756   1.000e-01  |       15    2.8223e-02
      17    1.2406e-04    0.0000e+00   2.206e-04      9.022   1.000e-01  |       15    2.8223e-02
      18    1.2537e-04    0.0000e+00   2.455e-04      8.686   1.000e-01  |       15    2.8223e-02
      19    1.2452e-04    0.0000e+00   2.631e-04      8.956   1.000e-01  |       15    2.8223e-02
      20    1.2062e-04    0.0000e+00   2.747e-04     24.221   1.000e-01  |       20    2.7394e-02
      21    1.1366e-04    0.0000e+00   2.793e-04      8.975   1.000e-01  |       20    2.7394e-02
      22    1.0429e-04    0.0000e+00   2.762e-04      8.711   1.000e-01  |       20    2.7394e-02
      23    9.3986e-05    0.0000e+00   2.693e-04      9.015   1.000e-01  |       20    2.7394e-02
      24    8.4339e-05    0.0000e+00   2.596e-04      8.750   1.000e-01  |       20    2.7394e-02
      25    7.5718e-05    0.0000e+00   2.457e-04     24.143   1.000e-01  |       25    1.8670e-02
      26    6.8548e-05    0.0000e+00   2.295e-04      9.055   1.000e-01  |       25    1.8670e-02
      27    6.2852e-05    0.0000e+00   2.109e-04      8.768   1.000e-01  |       25    1.8670e-02
      28    5.8471e-05    0.0000e+00   1.903e-04      9.065   1.000e-01  |       25    1.8670e-02
      29    5.5256e-05    0.0000e+00   1.680e-04      8.678   1.000e-01  |       25    1.8670e-02
      30    5.3003e-05    0.0000e+00   1.457e-04     24.552   1.000e-01  |       30    1.6067e-02
      31    5.1360e-05    0.0000e+00   1.253e-04      8.697   1.000e-01  |       30    1.6067e-02
      32    4.9898e-05    0.0000e+00   1.071e-04      8.733   1.000e-01  |       30    1.6067e-02
      33    4.8273e-05    0.0000e+00   9.079e-05      8.983   1.000e-01  |       30    1.6067e-02
      34    4.6365e-05    0.0000e+00   7.642e-05      8.742   1.000e-01  |       30    1.6067e-02
      35    4.4352e-05    0.0000e+00   6.397e-05     24.355   1.000e-01  |       35    1.3249e-02
      36    4.2502e-05    0.0000e+00   5.336e-05      8.712   1.000e-01  |       35    1.3249e-02
      37    4.1037e-05    0.0000e+00   4.496e-05      8.936   1.000e-01  |       35    1.3249e-02
      38    4.0066e-05    0.0000e+00   3.893e-05      8.752   1.000e-01  |       35    1.3249e-02
      39    3.9551e-05    0.0000e+00   3.529e-05      8.723   1.000e-01  |       35    1.3249e-02
      40    3.9412e-05    0.0000e+00   3.406e-05     24.482   1.000e-01  |       40    1.0215e-02
      41    3.9545e-05    0.0000e+00   3.495e-05      8.729   1.000e-01  |       40    1.0215e-02
      42    3.9827e-05    0.0000e+00   3.735e-05      9.016   1.000e-01  |       40    1.0215e-02
      43    4.0140e-05    0.0000e+00   4.054e-05      8.717   1.000e-01  |       40    1.0215e-02
      44    4.0390e-05    0.0000e+00   4.383e-05      8.716   1.000e-01  |       40    1.0215e-02
      45    4.0521e-05    0.0000e+00   4.663e-05     24.354   1.000e-01  |       45    9.6890e-03
      46    4.0522e-05    0.0000e+00   4.879e-05      9.095   1.000e-01  |       45    9.6890e-03
      47    4.0415e-05    0.0000e+00   5.038e-05      8.737   1.000e-01  |       45    9.6890e-03
      48    4.0242e-05    0.0000e+00   5.151e-05      8.721   1.000e-01  |       45    9.6890e-03
      49    4.0062e-05    0.0000e+00   5.235e-05      9.002   1.000e-01  |       45    9.6890e-03
      50    3.9918e-05    0.0000e+00   5.319e-05     24.526   1.000e-01  |       50    8.3201e-03
      51    3.9821e-05    0.0000e+00   5.400e-05      9.072   1.000e-01  |       50    8.3201e-03
      52    3.9773e-05    0.0000e+00   5.465e-05      8.643   1.000e-01  |       50    8.3201e-03
      53    3.9763e-05    0.0000e+00   5.510e-05      8.988   1.000e-01  |       50    8.3201e-03
      54    3.9770e-05    0.0000e+00   5.534e-05      8.730   1.000e-01  |       50    8.3201e-03
      55    3.9772e-05    0.0000e+00   5.540e-05     24.069   1.000e-01  |       55    8.0967e-03
      56    3.9753e-05    0.0000e+00   5.532e-05      8.963   1.000e-01  |       55    8.0967e-03
      57    3.9709e-05    0.0000e+00   5.517e-05      8.731   1.000e-01  |       55    8.0967e-03
      58    3.9638e-05    0.0000e+00   5.507e-05      8.956   1.000e-01  |       55    8.0967e-03
      59    3.9542e-05    0.0000e+00   5.495e-05      8.674   1.000e-01  |       55    8.0967e-03
      60    3.9429e-05    0.0000e+00   5.476e-05     24.482   1.000e-01  |       60    7.9575e-03
      61    3.9309e-05    0.0000e+00   5.448e-05      8.690   1.000e-01  |       60    7.9575e-03
      62    3.9190e-05    0.0000e+00   5.413e-05      8.991   1.000e-01  |       60    7.9575e-03
      63    3.9077e-05    0.0000e+00   5.374e-05      8.672   1.000e-01  |       60    7.9575e-03
      64    3.8969e-05    0.0000e+00   5.332e-05      8.710   1.000e-01  |       60    7.9575e-03
      65    3.8863e-05    0.0000e+00   5.285e-05     24.280   1.000e-01  |       65    7.8598e-03
      66    3.8751e-05    0.0000e+00   5.232e-05      8.739   1.000e-01  |       65    7.8598e-03
      67    3.8628e-05    0.0000e+00   5.171e-05      9.001   1.000e-01  |       65    7.8598e-03
      68    3.8490e-05    0.0000e+00   5.102e-05      8.713   1.000e-01  |       65    7.8598e-03
      69    3.8338e-05    0.0000e+00   5.029e-05      8.988   1.000e-01  |       65    7.8598e-03
      70    3.8175e-05    0.0000e+00   4.953e-05     24.205   1.000e-01  |       70    7.8144e-03
      71    3.8005e-05    0.0000e+00   4.875e-05      8.726   1.000e-01  |       70    7.8144e-03
      72    3.7836e-05    0.0000e+00   4.795e-05      8.947   1.000e-01  |       70    7.8144e-03
      73    3.7670e-05    0.0000e+00   4.713e-05      8.745   1.000e-01  |       70    7.8144e-03
      74    3.7511e-05    0.0000e+00   4.629e-05      8.986   1.000e-01  |       70    7.8144e-03
      75    3.7356e-05    0.0000e+00   4.544e-05     23.954   1.000e-01  |       75    7.7741e-03
      76    3.7203e-05    0.0000e+00   4.460e-05      8.916   1.000e-01  |       75    7.7741e-03
      77    3.7051e-05    0.0000e+00   4.376e-05      8.685   1.000e-01  |       75    7.7741e-03
      78    3.6896e-05    0.0000e+00   4.293e-05      8.709   1.000e-01  |       75    7.7741e-03
      79    3.6740e-05    0.0000e+00   4.212e-05      8.943   1.000e-01  |       75    7.7741e-03
      80    3.6583e-05    0.0000e+00   4.130e-05     24.165   1.000e-01  |       80    7.7626e-03
      81    3.6428e-05    0.0000e+00   4.049e-05      8.961   1.000e-01  |       80    7.7626e-03
      82    3.6277e-05    0.0000e+00   3.970e-05      8.713   1.000e-01  |       80    7.7626e-03
      83    3.6131e-05    0.0000e+00   3.894e-05      8.978   1.000e-01  |       80    7.7626e-03
      84    3.5991e-05    0.0000e+00   3.819e-05      8.631   1.000e-01  |       80    7.7626e-03
      85    3.5856e-05    0.0000e+00   3.747e-05     24.392   1.000e-01  |       85    7.7430e-03
      86    3.5724e-05    0.0000e+00   3.677e-05      8.691   1.000e-01  |       85    7.7430e-03
      87    3.5595e-05    0.0000e+00   3.608e-05      8.741   1.000e-01  |       85    7.7430e-03
      88    3.5468e-05    0.0000e+00   3.541e-05      8.960   1.000e-01  |       85    7.7430e-03
      89    3.5342e-05    0.0000e+00   3.476e-05      8.748   1.000e-01  |       85    7.7430e-03
      90    3.5219e-05    0.0000e+00   3.413e-05     24.398   1.000e-01  |       90    7.7284e-03
      91    3.5099e-05    0.0000e+00   3.352e-05      8.673   1.000e-01  |       90    7.7284e-03
      92    3.4983e-05    0.0000e+00   3.293e-05      8.957   1.000e-01  |       90    7.7284e-03
      93    3.4871e-05    0.0000e+00   3.237e-05      8.716   1.000e-01  |       90    7.7284e-03
      94    3.4763e-05    0.0000e+00   3.182e-05      9.001   1.000e-01  |       90    7.7284e-03
      95    3.4658e-05    0.0000e+00   3.129e-05     24.080   1.000e-01  |       95    7.7170e-03
      96    3.4556e-05    0.0000e+00   3.077e-05      8.703   1.000e-01  |       95    7.7170e-03
      97    3.4455e-05    0.0000e+00   3.027e-05      8.962   1.000e-01  |       95    7.7170e-03
      98    3.4356e-05    0.0000e+00   2.979e-05      8.671   1.000e-01  |       95    7.7170e-03
      99    3.4260e-05    0.0000e+00   2.932e-05      8.982   1.000e-01  |       95    7.7170e-03
     100    3.4166e-05    0.0000e+00   2.887e-05     24.083   1.000e-01  |      100    7.7045e-03
     101    3.4074e-05    0.0000e+00   2.843e-05      8.970   1.000e-01  |      100    7.7045e-03
     102    3.3985e-05    0.0000e+00   2.800e-05      8.663   1.000e-01  |      100    7.7045e-03
     103    3.3899e-05    0.0000e+00   2.759e-05      8.732   1.000e-01  |      100    7.7045e-03
     104    3.3814e-05    0.0000e+00   2.718e-05      8.958   1.000e-01  |      100    7.7045e-03
     105    3.3732e-05    0.0000e+00   2.679e-05     24.091   1.000e-01  |      105    7.6966e-03
     106    3.3650e-05    0.0000e+00   2.641e-05      9.010   1.000e-01  |      105    7.6966e-03
     107    3.3571e-05    0.0000e+00   2.603e-05      8.687   1.000e-01  |      105    7.6966e-03
     108    3.3493e-05    0.0000e+00   2.567e-05      8.925   1.000e-01  |      105    7.6966e-03
     109    3.3417e-05    0.0000e+00   2.532e-05      8.678   1.000e-01  |      105    7.6966e-03
     110    3.3343e-05    0.0000e+00   2.498e-05     24.157   1.000e-01  |      110    7.6878e-03
     111    3.3270e-05    0.0000e+00   2.464e-05      8.885   1.000e-01  |      110    7.6878e-03
     112    3.3199e-05    0.0000e+00   2.431e-05      8.716   1.000e-01  |      110    7.6878e-03
     113    3.3130e-05    0.0000e+00   2.399e-05      8.901   1.000e-01  |      110    7.6878e-03
     114    3.3062e-05    0.0000e+00   2.368e-05      8.675   1.000e-01  |      110    7.6878e-03
     115    3.2995e-05    0.0000e+00   2.338e-05     24.184   1.000e-01  |      115    7.6817e-03
     116    3.2929e-05    0.0000e+00   2.309e-05      8.690   1.000e-01  |      115    7.6817e-03
     117    3.2865e-05    0.0000e+00   2.280e-05      9.020   1.000e-01  |      115    7.6817e-03
     118    3.2803e-05    0.0000e+00   2.252e-05      8.659   1.000e-01  |      115    7.6817e-03
     119    3.2742e-05    0.0000e+00   2.224e-05      9.009   1.000e-01  |      115    7.6817e-03
     120    3.2682e-05    0.0000e+00   2.198e-05     24.076   1.000e-01  |      120    7.6764e-03
     121    3.2623e-05    0.0000e+00   2.172e-05      8.674   1.000e-01  |      120    7.6764e-03
     122    3.2565e-05    0.0000e+00   2.146e-05      8.924   1.000e-01  |      120    7.6764e-03
     123    3.2509e-05    0.0000e+00   2.122e-05      8.760   1.000e-01  |      120    7.6764e-03
     124    3.2454e-05    0.0000e+00   2.098e-05      9.044   1.000e-01  |      120    7.6764e-03
     125    3.2400e-05    0.0000e+00   2.074e-05     24.035   1.000e-01  |      125    7.6722e-03
     126    3.2347e-05    0.0000e+00   2.051e-05      9.032   1.000e-01  |      125    7.6722e-03
     127    3.2295e-05    0.0000e+00   2.029e-05      8.704   1.000e-01  |      125    7.6722e-03
     128    3.2244e-05    0.0000e+00   2.007e-05      8.704   1.000e-01  |      125    7.6722e-03
     129    3.2194e-05    0.0000e+00   1.986e-05      8.909   1.000e-01  |      125    7.6722e-03
     130    3.2146e-05    0.0000e+00   1.966e-05     24.089   1.000e-01  |      130    7.6690e-03
     131    3.2098e-05    0.0000e+00   1.946e-05      8.955   1.000e-01  |      130    7.6690e-03
     132    3.2051e-05    0.0000e+00   1.926e-05      8.706   1.000e-01  |      130    7.6690e-03
     133    3.2005e-05    0.0000e+00   1.908e-05      8.967   1.000e-01  |      130    7.6690e-03
     134    3.1961e-05    0.0000e+00   1.889e-05      8.679   1.000e-01  |      130    7.6690e-03
     135    3.1917e-05    0.0000e+00   1.871e-05     24.341   1.000e-01  |      135    7.6664e-03
     136    3.1874e-05    0.0000e+00   1.854e-05      8.652   1.000e-01  |      135    7.6664e-03
     137    3.1832e-05    0.0000e+00   1.837e-05      8.720   1.000e-01  |      135    7.6664e-03
     138    3.1791e-05    0.0000e+00   1.820e-05      8.953   1.000e-01  |      135    7.6664e-03
     139    3.1750e-05    0.0000e+00   1.804e-05      8.722   1.000e-01  |      135    7.6664e-03
     140    3.1711e-05    0.0000e+00   1.788e-05     24.341   1.000e-01  |      140    7.6644e-03
     141    3.1672e-05    0.0000e+00   1.773e-05      8.718   1.000e-01  |      140    7.6644e-03
     142    3.1634e-05    0.0000e+00   1.758e-05      8.999   1.000e-01  |      140    7.6644e-03
     143    3.1597e-05    0.0000e+00   1.744e-05      8.702   1.000e-01  |      140    7.6644e-03
     144    3.1560e-05    0.0000e+00   1.730e-05      9.002   1.000e-01  |      140    7.6644e-03
     145    3.1525e-05    0.0000e+00   1.716e-05     24.039   1.000e-01  |      145    7.6630e-03
     146    3.1490e-05    0.0000e+00   1.703e-05      8.710   1.000e-01  |      145    7.6630e-03
     147    3.1456e-05    0.0000e+00   1.690e-05      8.994   1.000e-01  |      145    7.6630e-03
     148    3.1422e-05    0.0000e+00   1.677e-05      8.744   1.000e-01  |      145    7.6630e-03
     149    3.1389e-05    0.0000e+00   1.665e-05      9.002   1.000e-01  |      145    7.6630e-03
     150    3.1357e-05    0.0000e+00   1.653e-05     24.108   1.000e-01  |      150    7.6620e-03
     151    3.1326e-05    0.0000e+00   1.641e-05      8.977   1.000e-01  |      150    7.6620e-03
     152    3.1295e-05    0.0000e+00   1.630e-05      8.663   1.000e-01  |      150    7.6620e-03
     153    3.1265e-05    0.0000e+00   1.619e-05      8.718   1.000e-01  |      150    7.6620e-03
     154    3.1235e-05    0.0000e+00   1.608e-05      8.942   1.000e-01  |      150    7.6620e-03
     155    3.1206e-05    0.0000e+00   1.597e-05     24.008   1.000e-01  |      155    7.6614e-03
     156    3.1178e-05    0.0000e+00   1.587e-05      8.927   1.000e-01  |      155    7.6614e-03
     157    3.1150e-05    0.0000e+00   1.577e-05      8.673   1.000e-01  |      155    7.6614e-03
     158    3.1123e-05    0.0000e+00   1.568e-05      8.986   1.000e-01  |      155    7.6614e-03
     159    3.1096e-05    0.0000e+00   1.558e-05      8.744   1.000e-01  |      155    7.6614e-03
     160    3.1070e-05    0.0000e+00   1.549e-05     24.027   1.000e-01  |      160    7.6612e-03
     161    3.1045e-05    0.0000e+00   1.540e-05      8.956   1.000e-01  |      160    7.6612e-03
     162    3.1020e-05    0.0000e+00   1.531e-05      8.702   1.000e-01  |      160    7.6612e-03
     163    3.0995e-05    0.0000e+00   1.523e-05      8.956   1.000e-01  |      160    7.6612e-03
     164    3.0971e-05    0.0000e+00   1.515e-05      8.655   1.000e-01  |      160    7.6612e-03
     165    3.0948e-05    0.0000e+00   1.507e-05     24.336   1.000e-01  |      165    7.6613e-03
     166    3.0925e-05    0.0000e+00   1.499e-05      8.707   1.000e-01  |      165    7.6613e-03
     167    3.0902e-05    0.0000e+00   1.491e-05      8.951   1.000e-01  |      165    7.6613e-03
     168    3.0880e-05    0.0000e+00   1.484e-05      8.693   1.000e-01  |      165    7.6613e-03
     169    3.0859e-05    0.0000e+00   1.477e-05      9.014   1.000e-01  |      165    7.6613e-03
     170    3.0838e-05    0.0000e+00   1.469e-05     24.308   1.000e-01  |      170    7.6619e-03
     171    3.0817e-05    0.0000e+00   1.463e-05      8.763   1.000e-01  |      170    7.6619e-03
     172    3.0797e-05    0.0000e+00   1.456e-05      9.053   1.000e-01  |      170    7.6619e-03
     173    3.0777e-05    0.0000e+00   1.449e-05      8.756   1.000e-01  |      170    7.6619e-03
     174    3.0758e-05    0.0000e+00   1.443e-05      8.974   1.000e-01  |      170    7.6619e-03
     175    3.0739e-05    0.0000e+00   1.437e-05     24.028   1.000e-01  |      175    7.6627e-03
     176    3.0721e-05    0.0000e+00   1.431e-05      8.997   1.000e-01  |      175    7.6627e-03
     177    3.0703e-05    0.0000e+00   1.425e-05      8.739   1.000e-01  |      175    7.6627e-03
     178    3.0685e-05    0.0000e+00   1.419e-05      8.711   1.000e-01  |      175    7.6627e-03
     179    3.0668e-05    0.0000e+00   1.414e-05      8.932   1.000e-01  |      175    7.6627e-03
     180    3.0651e-05    0.0000e+00   1.409e-05     24.148   1.000e-01  |      180    7.6640e-03
     181    3.0635e-05    0.0000e+00   1.403e-05      8.992   1.000e-01  |      180    7.6640e-03
     182    3.0619e-05    0.0000e+00   1.398e-05      8.734   1.000e-01  |      180    7.6640e-03
     183    3.0603e-05    0.0000e+00   1.393e-05      8.962   1.000e-01  |      180    7.6640e-03
     184    3.0588e-05    0.0000e+00   1.388e-05      8.685   1.000e-01  |      180    7.6640e-03
     185    3.0573e-05    0.0000e+00   1.384e-05     24.197   1.000e-01  |      185    7.6655e-03
     186    3.0558e-05    0.0000e+00   1.379e-05      8.680   1.000e-01  |      185    7.6655e-03
     187    3.0544e-05    0.0000e+00   1.374e-05      8.653   1.000e-01  |      185    7.6655e-03
     188    3.0530e-05    0.0000e+00   1.370e-05      9.005   1.000e-01  |      185    7.6655e-03
     189    3.0516e-05    0.0000e+00   1.366e-05      8.707   1.000e-01  |      185    7.6655e-03
     190    3.0503e-05    0.0000e+00   1.362e-05     24.436   1.000e-01  |      190    7.6673e-03
     191    3.0490e-05    0.0000e+00   1.358e-05      8.662   1.000e-01  |      190    7.6673e-03
     192    3.0477e-05    0.0000e+00   1.354e-05      9.009   1.000e-01  |      190    7.6673e-03
     193    3.0465e-05    0.0000e+00   1.350e-05      8.679   1.000e-01  |      190    7.6673e-03
     194    3.0453e-05    0.0000e+00   1.346e-05      8.690   1.000e-01  |      190    7.6673e-03
     195    3.0441e-05    0.0000e+00   1.342e-05     24.232   1.000e-01  |      195    7.6693e-03
     196    3.0429e-05    0.0000e+00   1.339e-05      9.030   1.000e-01  |      195    7.6693e-03
     197    3.0418e-05    0.0000e+00   1.335e-05      8.650   1.000e-01  |      195    7.6693e-03
     198    3.0407e-05    0.0000e+00   1.332e-05      8.718   1.000e-01  |      195    7.6693e-03
     199    3.0396e-05    0.0000e+00   1.329e-05      8.959   1.000e-01  |      195    7.6693e-03
     200    3.0385e-05    0.0000e+00   1.326e-05     24.131   5.000e-02  |      200    7.6715e-03
     201    3.0352e-05    0.0000e+00   1.319e-05      8.980   5.000e-02  |      200    7.6715e-03
     202    3.0347e-05    0.0000e+00   1.318e-05      8.686   5.000e-02  |      200    7.6715e-03
     203    3.0343e-05    0.0000e+00   1.317e-05      8.954   5.000e-02  |      200    7.6715e-03
     204    3.0338e-05    0.0000e+00   1.315e-05      8.702   5.000e-02  |      200    7.6715e-03
     205    3.0333e-05    0.0000e+00   1.314e-05     24.054   5.000e-02  |      205    7.6726e-03
     206    3.0329e-05    0.0000e+00   1.313e-05      8.915   5.000e-02  |      205    7.6726e-03
     207    3.0325e-05    0.0000e+00   1.311e-05      8.760   5.000e-02  |      205    7.6726e-03
     208    3.0320e-05    0.0000e+00   1.310e-05      8.985   5.000e-02  |      205    7.6726e-03
     209    3.0316e-05    0.0000e+00   1.309e-05      8.722   5.000e-02  |      205    7.6726e-03
     210    3.0312e-05    0.0000e+00   1.308e-05     24.518   5.000e-02  |      210    7.6731e-03
     211    3.0308e-05    0.0000e+00   1.307e-05      8.677   5.000e-02  |      210    7.6731e-03
     212    3.0304e-05    0.0000e+00   1.305e-05      8.977   5.000e-02  |      210    7.6731e-03
     213    3.0300e-05    0.0000e+00   1.304e-05      8.718   5.000e-02  |      210    7.6731e-03
     214    3.0296e-05    0.0000e+00   1.303e-05      8.726   5.000e-02  |      210    7.6731e-03
     215    3.0291e-05    0.0000e+00   1.302e-05     24.235   5.000e-02  |      215    7.6738e-03
     216    3.0287e-05    0.0000e+00   1.301e-05      8.700   5.000e-02  |      215    7.6738e-03
     217    3.0283e-05    0.0000e+00   1.300e-05      8.966   5.000e-02  |      215    7.6738e-03
     218    3.0279e-05    0.0000e+00   1.299e-05      8.643   5.000e-02  |      215    7.6738e-03
     219    3.0275e-05    0.0000e+00   1.297e-05      8.963   5.000e-02  |      215    7.6738e-03
     220    3.0271e-05    0.0000e+00   1.296e-05     24.097   5.000e-02  |      220    7.6745e-03
     221    3.0267e-05    0.0000e+00   1.295e-05      8.695   5.000e-02  |      220    7.6745e-03
     222    3.0263e-05    0.0000e+00   1.294e-05      8.977   5.000e-02  |      220    7.6745e-03
     223    3.0259e-05    0.0000e+00   1.293e-05      8.704   5.000e-02  |      220    7.6745e-03
     224    3.0255e-05    0.0000e+00   1.292e-05      8.886   5.000e-02  |      220    7.6745e-03
     225    3.0251e-05    0.0000e+00   1.291e-05     23.982   5.000e-02  |      225    7.6752e-03
     226    3.0247e-05    0.0000e+00   1.290e-05      9.339   5.000e-02  |      225    7.6752e-03
     227    3.0243e-05    0.0000e+00   1.289e-05      9.016   5.000e-02  |      225    7.6752e-03
     228    3.0239e-05    0.0000e+00   1.288e-05      9.266   5.000e-02  |      225    7.6752e-03
     229    3.0235e-05    0.0000e+00   1.287e-05      8.976   5.000e-02  |      225    7.6752e-03
     230    3.0231e-05    0.0000e+00   1.286e-05     24.844   5.000e-02  |      230    7.6759e-03
     231    3.0227e-05    0.0000e+00   1.285e-05      9.002   5.000e-02  |      230    7.6759e-03
     232    3.0223e-05    0.0000e+00   1.284e-05      8.992   5.000e-02  |      230    7.6759e-03
     233    3.0219e-05    0.0000e+00   1.283e-05      9.436   5.000e-02  |      230    7.6759e-03
     234    3.0215e-05    0.0000e+00   1.282e-05      9.051   5.000e-02  |      230    7.6759e-03
     235    3.0211e-05    0.0000e+00   1.281e-05     24.735   5.000e-02  |      235    7.6765e-03
     236    3.0208e-05    0.0000e+00   1.280e-05      8.984   5.000e-02  |      235    7.6765e-03
     237    3.0204e-05    0.0000e+00   1.279e-05      9.339   5.000e-02  |      235    7.6765e-03
     238    3.0200e-05    0.0000e+00   1.278e-05      9.010   5.000e-02  |      235    7.6765e-03
     239    3.0196e-05    0.0000e+00   1.277e-05      9.026   5.000e-02  |      235    7.6765e-03
     240    3.0192e-05    0.0000e+00   1.276e-05     24.779   2.500e-02  |      240    7.6771e-03
     241    3.0176e-05    0.0000e+00   1.274e-05      9.001   2.500e-02  |      240    7.6771e-03
     242    3.0174e-05    0.0000e+00   1.273e-05      9.342   2.500e-02  |      240    7.6771e-03
     243    3.0172e-05    0.0000e+00   1.273e-05      8.962   2.500e-02  |      240    7.6771e-03
     244    3.0171e-05    0.0000e+00   1.272e-05      9.451   2.500e-02  |      240    7.6771e-03
     245    3.0169e-05    0.0000e+00   1.272e-05     24.331   2.500e-02  |      245    7.6775e-03
     246    3.0167e-05    0.0000e+00   1.271e-05      9.456   2.500e-02  |      245    7.6775e-03
     247    3.0165e-05    0.0000e+00   1.271e-05      8.935   2.500e-02  |      245    7.6775e-03
     248    3.0164e-05    0.0000e+00   1.271e-05      9.035   2.500e-02  |      245    7.6775e-03
     249    3.0162e-05    0.0000e+00   1.270e-05      9.398   2.500e-02  |      245    7.6775e-03
     250    3.0160e-05    0.0000e+00   1.270e-05     24.498   2.500e-02  |      250    7.6776e-03
     251    3.0159e-05    0.0000e+00   1.269e-05      9.397   2.500e-02  |      250    7.6776e-03
     252    3.0157e-05    0.0000e+00   1.269e-05      8.870   2.500e-02  |      250    7.6776e-03
     253    3.0155e-05    0.0000e+00   1.269e-05      9.414   2.500e-02  |      250    7.6776e-03
     254    3.0154e-05    0.0000e+00   1.268e-05      8.943   2.500e-02  |      250    7.6776e-03
     255    3.0152e-05    0.0000e+00   1.268e-05     24.352   2.500e-02  |      255    7.6777e-03
     256    3.0150e-05    0.0000e+00   1.267e-05      9.323   2.500e-02  |      255    7.6777e-03
     257    3.0149e-05    0.0000e+00   1.267e-05      9.424   2.500e-02  |      255    7.6777e-03
     258    3.0147e-05    0.0000e+00   1.267e-05      9.021   2.500e-02  |      255    7.6777e-03
     259    3.0145e-05    0.0000e+00   1.266e-05      9.079   2.500e-02  |      255    7.6777e-03
     260    3.0144e-05    0.0000e+00   1.266e-05     24.870   2.500e-02  |      260    7.6778e-03
     261    3.0142e-05    0.0000e+00   1.265e-05      9.043   2.500e-02  |      260    7.6778e-03
     262    3.0140e-05    0.0000e+00   1.265e-05      9.417   2.500e-02  |      260    7.6778e-03
     263    3.0139e-05    0.0000e+00   1.265e-05      8.808   2.500e-02  |      260    7.6778e-03
     264    3.0137e-05    0.0000e+00   1.264e-05      9.391   2.500e-02  |      260    7.6778e-03
     265    3.0135e-05    0.0000e+00   1.264e-05     24.230   2.500e-02  |      265    7.6779e-03
     266    3.0134e-05    0.0000e+00   1.263e-05      9.024   2.500e-02  |      265    7.6779e-03
     267    3.0132e-05    0.0000e+00   1.263e-05      9.385   2.500e-02  |      265    7.6779e-03
     268    3.0130e-05    0.0000e+00   1.263e-05      9.081   2.500e-02  |      265    7.6779e-03
     269    3.0129e-05    0.0000e+00   1.262e-05      9.389   2.500e-02  |      265    7.6779e-03
     270    3.0127e-05    0.0000e+00   1.262e-05     24.349   2.500e-02  |      270    7.6780e-03
     271    3.0125e-05    0.0000e+00   1.262e-05      9.474   2.500e-02  |      270    7.6780e-03
     272    3.0124e-05    0.0000e+00   1.261e-05      8.974   2.500e-02  |      270    7.6780e-03
     273    3.0122e-05    0.0000e+00   1.261e-05      9.012   2.500e-02  |      270    7.6780e-03
     274    3.0120e-05    0.0000e+00   1.260e-05      9.347   2.500e-02  |      270    7.6780e-03
     275    3.0119e-05    0.0000e+00   1.260e-05     24.849   2.500e-02  |      275    7.6781e-03
     276    3.0117e-05    0.0000e+00   1.260e-05      8.996   2.500e-02  |      275    7.6781e-03
     277    3.0115e-05    0.0000e+00   1.259e-05      8.829   2.500e-02  |      275    7.6781e-03
     278    3.0114e-05    0.0000e+00   1.259e-05      9.303   2.500e-02  |      275    7.6781e-03
     279    3.0112e-05    0.0000e+00   1.259e-05      9.017   2.500e-02  |      275    7.6781e-03
     280    3.0110e-05    0.0000e+00   1.258e-05     24.748   1.250e-02  |      280    7.6782e-03
     281    3.0102e-05    0.0000e+00   1.257e-05      8.968   1.250e-02  |      280    7.6782e-03
     282    3.0101e-05    0.0000e+00   1.257e-05      9.499   1.250e-02  |      280    7.6782e-03
     283    3.0100e-05    0.0000e+00   1.257e-05      8.955   1.250e-02  |      280    7.6782e-03
     284    3.0099e-05    0.0000e+00   1.257e-05      9.042   1.250e-02  |      280    7.6782e-03
     285    3.0098e-05    0.0000e+00   1.257e-05     24.758   1.250e-02  |      285    7.6783e-03
     286    3.0098e-05    0.0000e+00   1.256e-05      8.909   1.250e-02  |      285    7.6783e-03
     287    3.0097e-05    0.0000e+00   1.256e-05      9.284   1.250e-02  |      285    7.6783e-03
     288    3.0096e-05    0.0000e+00   1.256e-05      9.076   1.250e-02  |      285    7.6783e-03
     289    3.0095e-05    0.0000e+00   1.256e-05      9.436   1.250e-02  |      285    7.6783e-03
     290    3.0095e-05    0.0000e+00   1.256e-05     24.400   1.250e-02  |      290    7.6783e-03
     291    3.0094e-05    0.0000e+00   1.255e-05      9.507   1.250e-02  |      290    7.6783e-03
     292    3.0093e-05    0.0000e+00   1.255e-05      9.006   1.250e-02  |      290    7.6783e-03
     293    3.0092e-05    0.0000e+00   1.255e-05      9.041   1.250e-02  |      290    7.6783e-03
     294    3.0091e-05    0.0000e+00   1.255e-05      9.322   1.250e-02  |      290    7.6783e-03
     295    3.0091e-05    0.0000e+00   1.255e-05     24.376   1.250e-02  |      295    7.6783e-03
     296    3.0090e-05    0.0000e+00   1.255e-05      9.374   1.250e-02  |      295    7.6783e-03
     297    3.0089e-05    0.0000e+00   1.254e-05      8.924   1.250e-02  |      295    7.6783e-03
     298    3.0088e-05    0.0000e+00   1.254e-05      9.457   1.250e-02  |      295    7.6783e-03
     299    3.0087e-05    0.0000e+00   1.254e-05      8.941   1.250e-02  |      295    7.6783e-03
     300    3.0087e-05    0.0000e+00   1.254e-05     24.478   1.250e-02  |      300    7.6783e-03
     301    3.0086e-05    0.0000e+00   1.254e-05      9.386   1.250e-02  |      300    7.6783e-03
     302    3.0085e-05    0.0000e+00   1.254e-05      8.875   1.250e-02  |      300    7.6783e-03
     303    3.0084e-05    0.0000e+00   1.253e-05      9.382   1.250e-02  |      300    7.6783e-03
     304    3.0084e-05    0.0000e+00   1.253e-05      8.949   1.250e-02  |      300    7.6783e-03
     305    3.0083e-05    0.0000e+00   1.253e-05     24.627   1.250e-02  |      305    7.6783e-03
     306    3.0082e-05    0.0000e+00   1.253e-05      9.026   1.250e-02  |      305    7.6783e-03
     307    3.0081e-05    0.0000e+00   1.253e-05      9.400   1.250e-02  |      305    7.6783e-03
     308    3.0080e-05    0.0000e+00   1.253e-05      8.974   1.250e-02  |      305    7.6783e-03
     309    3.0080e-05    0.0000e+00   1.252e-05      9.464   1.250e-02  |      305    7.6783e-03
     310    3.0079e-05    0.0000e+00   1.252e-05     24.490   1.250e-02  |      310    7.6783e-03
     311    3.0078e-05    0.0000e+00   1.252e-05      8.948   1.250e-02  |      310    7.6783e-03
     312    3.0077e-05    0.0000e+00   1.252e-05      9.238   1.250e-02  |      310    7.6783e-03
     313    3.0076e-05    0.0000e+00   1.252e-05      9.023   1.250e-02  |      310    7.6783e-03
     314    3.0076e-05    0.0000e+00   1.252e-05      9.284   1.250e-02  |      310    7.6783e-03
     315    3.0075e-05    0.0000e+00   1.251e-05     24.237   1.250e-02  |      315    7.6783e-03
     316    3.0074e-05    0.0000e+00   1.251e-05      9.415   1.250e-02  |      315    7.6783e-03
     317    3.0073e-05    0.0000e+00   1.251e-05      8.997   1.250e-02  |      315    7.6783e-03
     318    3.0072e-05    0.0000e+00   1.251e-05      9.024   1.250e-02  |      315    7.6783e-03
     319    3.0072e-05    0.0000e+00   1.251e-05      9.339   1.250e-02  |      315    7.6783e-03
     320    3.0071e-05    0.0000e+00   1.251e-05     24.601   6.250e-03  |      320    7.6783e-03
     321    3.0066e-05    0.0000e+00   1.250e-05      9.153   6.250e-03  |      320    7.6783e-03
     322    3.0066e-05    0.0000e+00   1.250e-05      8.966   6.250e-03  |      320    7.6783e-03
     323    3.0065e-05    0.0000e+00   1.250e-05      9.289   6.250e-03  |      320    7.6783e-03
     324    3.0065e-05    0.0000e+00   1.250e-05      8.800   6.250e-03  |      320    7.6783e-03
     325    3.0065e-05    0.0000e+00   1.250e-05     24.717   6.250e-03  |      325    7.6783e-03
     326    3.0064e-05    0.0000e+00   1.250e-05      8.940   6.250e-03  |      325    7.6783e-03
     327    3.0064e-05    0.0000e+00   1.250e-05      9.007   6.250e-03  |      325    7.6783e-03
     328    3.0063e-05    0.0000e+00   1.250e-05      9.348   6.250e-03  |      325    7.6783e-03
     329    3.0063e-05    0.0000e+00   1.249e-05      9.015   6.250e-03  |      325    7.6783e-03
     330    3.0063e-05    0.0000e+00   1.249e-05     24.923   6.250e-03  |      330    7.6783e-03
     331    3.0062e-05    0.0000e+00   1.249e-05      8.943   6.250e-03  |      330    7.6783e-03
     332    3.0062e-05    0.0000e+00   1.249e-05      9.447   6.250e-03  |      330    7.6783e-03
     333    3.0061e-05    0.0000e+00   1.249e-05      8.929   6.250e-03  |      330    7.6783e-03
     334    3.0061e-05    0.0000e+00   1.249e-05      8.974   6.250e-03  |      330    7.6783e-03
     335    3.0061e-05    0.0000e+00   1.249e-05     24.628   6.250e-03  |      335    7.6783e-03
     336    3.0060e-05    0.0000e+00   1.249e-05      9.261   6.250e-03  |      335    7.6783e-03
     337    3.0060e-05    0.0000e+00   1.249e-05      8.998   6.250e-03  |      335    7.6783e-03
     338    3.0059e-05    0.0000e+00   1.249e-05      8.839   6.250e-03  |      335    7.6783e-03
     339    3.0059e-05    0.0000e+00   1.249e-05      9.334   6.250e-03  |      335    7.6783e-03
     340    3.0059e-05    0.0000e+00   1.249e-05     24.397   6.250e-03  |      340    7.6783e-03
     341    3.0058e-05    0.0000e+00   1.248e-05      9.456   6.250e-03  |      340    7.6783e-03
     342    3.0058e-05    0.0000e+00   1.248e-05      8.943   6.250e-03  |      340    7.6783e-03
     343    3.0057e-05    0.0000e+00   1.248e-05      9.412   6.250e-03  |      340    7.6783e-03
     344    3.0057e-05    0.0000e+00   1.248e-05      9.002   6.250e-03  |      340    7.6783e-03
     345    3.0057e-05    0.0000e+00   1.248e-05     24.275   6.250e-03  |      345    7.6783e-03
     346    3.0056e-05    0.0000e+00   1.248e-05      9.358   6.250e-03  |      345    7.6783e-03
     347    3.0056e-05    0.0000e+00   1.248e-05      9.009   6.250e-03  |      345    7.6783e-03
     348    3.0055e-05    0.0000e+00   1.248e-05      9.333   6.250e-03  |      345    7.6783e-03
     349    3.0055e-05    0.0000e+00   1.248e-05      8.928   6.250e-03  |      345    7.6783e-03
     350    3.0055e-05    0.0000e+00   1.248e-05     24.797   6.250e-03  |      350    7.6783e-03
     351    3.0054e-05    0.0000e+00   1.248e-05      8.964   6.250e-03  |      350    7.6783e-03
     352    3.0054e-05    0.0000e+00   1.248e-05      9.372   6.250e-03  |      350    7.6783e-03
     353    3.0053e-05    0.0000e+00   1.248e-05      9.022   6.250e-03  |      350    7.6783e-03
     354    3.0053e-05    0.0000e+00   1.247e-05      9.054   6.250e-03  |      350    7.6783e-03
     355    3.0053e-05    0.0000e+00   1.247e-05     24.734   6.250e-03  |      355    7.6782e-03
     356    3.0052e-05    0.0000e+00   1.247e-05      9.004   6.250e-03  |      355    7.6782e-03
     357    3.0052e-05    0.0000e+00   1.247e-05      9.394   6.250e-03  |      355    7.6782e-03
     358    3.0051e-05    0.0000e+00   1.247e-05      8.968   6.250e-03  |      355    7.6782e-03
     359    3.0051e-05    0.0000e+00   1.247e-05      9.441   6.250e-03  |      355    7.6782e-03
     360    3.0051e-05    0.0000e+00   1.247e-05     24.431   3.125e-03  |      360    7.6782e-03
     361    3.0048e-05    0.0000e+00   1.247e-05      8.856   3.125e-03  |      360    7.6782e-03
     362    3.0048e-05    0.0000e+00   1.247e-05      9.340   3.125e-03  |      360    7.6782e-03
     363    3.0048e-05    0.0000e+00   1.247e-05      8.970   3.125e-03  |      360    7.6782e-03
     364    3.0048e-05    0.0000e+00   1.247e-05      9.251   3.125e-03  |      360    7.6782e-03
     365    3.0047e-05    0.0000e+00   1.247e-05     24.288   3.125e-03  |      365    7.6782e-03
     366    3.0047e-05    0.0000e+00   1.246e-05      9.331   3.125e-03  |      365    7.6782e-03
     367    3.0047e-05    0.0000e+00   1.246e-05      9.050   3.125e-03  |      365    7.6782e-03
     368    3.0047e-05    0.0000e+00   1.246e-05      9.419   3.125e-03  |      365    7.6782e-03
     369    3.0047e-05    0.0000e+00   1.246e-05      8.974   3.125e-03  |      365    7.6782e-03
     370    3.0046e-05    0.0000e+00   1.246e-05     24.841   3.125e-03  |      370    7.6782e-03
     371    3.0046e-05    0.0000e+00   1.246e-05      8.855   3.125e-03  |      370    7.6782e-03
     372    3.0046e-05    0.0000e+00   1.246e-05      9.029   3.125e-03  |      370    7.6782e-03
     373    3.0046e-05    0.0000e+00   1.246e-05      9.084   3.125e-03  |      370    7.6782e-03
     374    3.0046e-05    0.0000e+00   1.246e-05      8.594   3.125e-03  |      370    7.6782e-03
     375    3.0045e-05    0.0000e+00   1.246e-05     24.263   3.125e-03  |      375    7.6782e-03
     376    3.0045e-05    0.0000e+00   1.246e-05      8.629   3.125e-03  |      375    7.6782e-03
     377    3.0045e-05    0.0000e+00   1.246e-05      8.972   3.125e-03  |      375    7.6782e-03
     378    3.0045e-05    0.0000e+00   1.246e-05      8.746   3.125e-03  |      375    7.6782e-03
     379    3.0045e-05    0.0000e+00   1.246e-05      8.774   3.125e-03  |      375    7.6782e-03
     380    3.0044e-05    0.0000e+00   1.246e-05     24.582   3.125e-03  |      380    7.6782e-03
     381    3.0044e-05    0.0000e+00   1.246e-05      8.820   3.125e-03  |      380    7.6782e-03
     382    3.0044e-05    0.0000e+00   1.246e-05      9.073   3.125e-03  |      380    7.6782e-03
     383    3.0044e-05    0.0000e+00   1.246e-05      8.770   3.125e-03  |      380    7.6782e-03
     384    3.0044e-05    0.0000e+00   1.246e-05      9.020   3.125e-03  |      380    7.6782e-03
     385    3.0043e-05    0.0000e+00   1.246e-05     24.029   3.125e-03  |      385    7.6782e-03
     386    3.0043e-05    0.0000e+00   1.246e-05      9.095   3.125e-03  |      385    7.6782e-03
     387    3.0043e-05    0.0000e+00   1.246e-05      8.796   3.125e-03  |      385    7.6782e-03
     388    3.0043e-05    0.0000e+00   1.246e-05      9.077   3.125e-03  |      385    7.6782e-03
     389    3.0043e-05    0.0000e+00   1.246e-05      8.775   3.125e-03  |      385    7.6782e-03
     390    3.0042e-05    0.0000e+00   1.245e-05     24.256   3.125e-03  |      390    7.6782e-03
     391    3.0042e-05    0.0000e+00   1.245e-05      9.027   3.125e-03  |      390    7.6782e-03
     392    3.0042e-05    0.0000e+00   1.245e-05      8.802   3.125e-03  |      390    7.6782e-03
     393    3.0042e-05    0.0000e+00   1.245e-05      9.092   3.125e-03  |      390    7.6782e-03
     394    3.0041e-05    0.0000e+00   1.245e-05      8.769   3.125e-03  |      390    7.6782e-03
     395    3.0041e-05    0.0000e+00   1.245e-05     24.157   3.125e-03  |      395    7.6782e-03
     396    3.0041e-05    0.0000e+00   1.245e-05      8.999   3.125e-03  |      395    7.6782e-03
     397    3.0041e-05    0.0000e+00   1.245e-05      9.066   3.125e-03  |      395    7.6782e-03
     398    3.0041e-05    0.0000e+00   1.245e-05      8.781   3.125e-03  |      395    7.6782e-03
     399    3.0040e-05    0.0000e+00   1.245e-05      8.752   3.125e-03  |      395    7.6782e-03
     400    3.0040e-05    0.0000e+00   1.245e-05     24.376   1.563e-03  |      400    7.6782e-03
     401    3.0039e-05    0.0000e+00   1.245e-05      8.817   1.563e-03  |      400    7.6782e-03
     402    3.0039e-05    0.0000e+00   1.245e-05      9.048   1.563e-03  |      400    7.6782e-03
     403    3.0039e-05    0.0000e+00   1.245e-05      8.746   1.563e-03  |      400    7.6782e-03
     404    3.0039e-05    0.0000e+00   1.245e-05      9.125   1.563e-03  |      400    7.6782e-03
     405    3.0039e-05    0.0000e+00   1.245e-05     24.124   1.563e-03  |      405    7.6781e-03
     406    3.0038e-05    0.0000e+00   1.245e-05      8.772   1.563e-03  |      405    7.6781e-03
     407    3.0038e-05    0.0000e+00   1.245e-05      9.046   1.563e-03  |      405    7.6781e-03
     408    3.0038e-05    0.0000e+00   1.245e-05      8.785   1.563e-03  |      405    7.6781e-03
     409    3.0038e-05    0.0000e+00   1.245e-05      9.055   1.563e-03  |      405    7.6781e-03
     410    3.0038e-05    0.0000e+00   1.245e-05     24.200   1.563e-03  |      410    7.6781e-03
     411    3.0038e-05    0.0000e+00   1.245e-05      9.093   1.563e-03  |      410    7.6781e-03
     412    3.0038e-05    0.0000e+00   1.245e-05      8.763   1.563e-03  |      410    7.6781e-03
     413    3.0038e-05    0.0000e+00   1.245e-05      8.763   1.563e-03  |      410    7.6781e-03
     414    3.0038e-05    0.0000e+00   1.245e-05      9.014   1.563e-03  |      410    7.6781e-03
     415    3.0037e-05    0.0000e+00   1.245e-05     24.255   1.563e-03  |      415    7.6781e-03
     416    3.0037e-05    0.0000e+00   1.245e-05      8.769   1.563e-03  |      415    7.6781e-03
     417    3.0037e-05    0.0000e+00   1.245e-05      8.787   1.563e-03  |      415    7.6781e-03
     418    3.0037e-05    0.0000e+00   1.245e-05      9.147   1.563e-03  |      415    7.6781e-03
     419    3.0037e-05    0.0000e+00   1.245e-05      8.851   1.563e-03  |      415    7.6781e-03
     420    3.0037e-05    0.0000e+00   1.245e-05     24.574   1.563e-03  |      420    7.6781e-03
     421    3.0037e-05    0.0000e+00   1.245e-05      8.735   1.563e-03  |      420    7.6781e-03
     422    3.0037e-05    0.0000e+00   1.245e-05      9.100   1.563e-03  |      420    7.6781e-03
     423    3.0037e-05    0.0000e+00   1.244e-05      8.754   1.563e-03  |      420    7.6781e-03
     424    3.0037e-05    0.0000e+00   1.244e-05      8.784   1.563e-03  |      420    7.6781e-03
     425    3.0036e-05    0.0000e+00   1.244e-05     24.481   1.563e-03  |      425    7.6781e-03
     426    3.0036e-05    0.0000e+00   1.244e-05      8.741   1.563e-03  |      425    7.6781e-03
     427    3.0036e-05    0.0000e+00   1.244e-05      9.080   1.563e-03  |      425    7.6781e-03
     428    3.0036e-05    0.0000e+00   1.244e-05      8.774   1.563e-03  |      425    7.6781e-03
     429    3.0036e-05    0.0000e+00   1.244e-05      9.071   1.563e-03  |      425    7.6781e-03
     430    3.0036e-05    0.0000e+00   1.244e-05     24.160   1.563e-03  |      430    7.6781e-03
     431    3.0036e-05    0.0000e+00   1.244e-05      9.078   1.563e-03  |      430    7.6781e-03
     432    3.0036e-05    0.0000e+00   1.244e-05      8.744   1.563e-03  |      430    7.6781e-03
     433    3.0036e-05    0.0000e+00   1.244e-05      8.800   1.563e-03  |      430    7.6781e-03
     434    3.0035e-05    0.0000e+00   1.244e-05      9.086   1.563e-03  |      430    7.6781e-03
     435    3.0035e-05    0.0000e+00   1.244e-05     24.122   1.563e-03  |      435    7.6781e-03
     436    3.0035e-05    0.0000e+00   1.244e-05      9.068   1.563e-03  |      435    7.6781e-03
     437    3.0035e-05    0.0000e+00   1.244e-05      8.750   1.563e-03  |      435    7.6781e-03
     438    3.0035e-05    0.0000e+00   1.244e-05      9.021   1.563e-03  |      435    7.6781e-03
     439    3.0035e-05    0.0000e+00   1.244e-05      8.770   1.563e-03  |      435    7.6781e-03
     440    3.0035e-05    0.0000e+00   1.244e-05     24.269   7.813e-04  |      440    7.6781e-03
     441    3.0034e-05    0.0000e+00   1.244e-05      9.046   7.813e-04  |      440    7.6781e-03
     442    3.0034e-05    0.0000e+00   1.244e-05      8.785   7.813e-04  |      440    7.6781e-03
     443    3.0034e-05    0.0000e+00   1.244e-05      9.088   7.813e-04  |      440    7.6781e-03
     444    3.0034e-05    0.0000e+00   1.244e-05      8.777   7.813e-04  |      440    7.6781e-03
     445    3.0034e-05    0.0000e+00   1.244e-05     24.380   7.813e-04  |      445    7.6781e-03
     446    3.0034e-05    0.0000e+00   1.244e-05      8.768   7.813e-04  |      445    7.6781e-03
     447    3.0034e-05    0.0000e+00   1.244e-05      9.085   7.813e-04  |      445    7.6781e-03
     448    3.0034e-05    0.0000e+00   1.244e-05      8.757   7.813e-04  |      445    7.6781e-03
     449    3.0034e-05    0.0000e+00   1.244e-05      9.148   7.813e-04  |      445    7.6781e-03
     450    3.0034e-05    0.0000e+00   1.244e-05     24.189   7.813e-04  |      450    7.6781e-03
     451    3.0034e-05    0.0000e+00   1.244e-05      8.807   7.813e-04  |      450    7.6781e-03
     452    3.0033e-05    0.0000e+00   1.244e-05      9.138   7.813e-04  |      450    7.6781e-03
     453    3.0033e-05    0.0000e+00   1.244e-05      8.808   7.813e-04  |      450    7.6781e-03
     454    3.0033e-05    0.0000e+00   1.244e-05      8.996   7.813e-04  |      450    7.6781e-03
     455    3.0033e-05    0.0000e+00   1.244e-05     24.101   7.813e-04  |      455    7.6781e-03
     456    3.0033e-05    0.0000e+00   1.244e-05      9.161   7.813e-04  |      455    7.6781e-03
     457    3.0033e-05    0.0000e+00   1.244e-05      8.792   7.813e-04  |      455    7.6781e-03
     458    3.0033e-05    0.0000e+00   1.244e-05      8.799   7.813e-04  |      455    7.6781e-03
     459    3.0033e-05    0.0000e+00   1.244e-05      9.066   7.813e-04  |      455    7.6781e-03
     460    3.0033e-05    0.0000e+00   1.244e-05     24.264   7.813e-04  |      460    7.6781e-03
     461    3.0033e-05    0.0000e+00   1.244e-05      8.894   7.813e-04  |      460    7.6781e-03
     462    3.0033e-05    0.0000e+00   1.244e-05      8.780   7.813e-04  |      460    7.6781e-03
     463    3.0033e-05    0.0000e+00   1.244e-05      9.139   7.813e-04  |      460    7.6781e-03
     464    3.0033e-05    0.0000e+00   1.244e-05      8.775   7.813e-04  |      460    7.6781e-03
     465    3.0033e-05    0.0000e+00   1.244e-05     24.438   7.813e-04  |      465    7.6781e-03
     466    3.0033e-05    0.0000e+00   1.244e-05      8.810   7.813e-04  |      465    7.6781e-03
     467    3.0033e-05    0.0000e+00   1.244e-05      8.791   7.813e-04  |      465    7.6781e-03
     468    3.0033e-05    0.0000e+00   1.244e-05      9.070   7.813e-04  |      465    7.6781e-03
     469    3.0033e-05    0.0000e+00   1.244e-05      8.806   7.813e-04  |      465    7.6781e-03
     470    3.0032e-05    0.0000e+00   1.244e-05     24.393   7.813e-04  |      470    7.6781e-03
     471    3.0032e-05    0.0000e+00   1.244e-05      8.749   7.813e-04  |      470    7.6781e-03
     472    3.0032e-05    0.0000e+00   1.244e-05      9.083   7.813e-04  |      470    7.6781e-03
     473    3.0032e-05    0.0000e+00   1.244e-05      8.786   7.813e-04  |      470    7.6781e-03
     474    3.0032e-05    0.0000e+00   1.244e-05      8.818   7.813e-04  |      470    7.6781e-03
     475    3.0032e-05    0.0000e+00   1.244e-05     24.376   7.813e-04  |      475    7.6781e-03
     476    3.0032e-05    0.0000e+00   1.244e-05      9.077   7.813e-04  |      475    7.6781e-03
     477    3.0032e-05    0.0000e+00   1.244e-05      8.752   7.813e-04  |      475    7.6781e-03
     478    3.0032e-05    0.0000e+00   1.244e-05      8.699   7.813e-04  |      475    7.6781e-03
     479    3.0032e-05    0.0000e+00   1.244e-05      9.057   7.813e-04  |      475    7.6781e-03
     480    3.0032e-05    0.0000e+00   1.244e-05     24.179   3.906e-04  |      480    7.6781e-03
     481    3.0032e-05    0.0000e+00   1.244e-05      9.055   3.906e-04  |      480    7.6781e-03
     482    3.0032e-05    0.0000e+00   1.244e-05      8.735   3.906e-04  |      480    7.6781e-03
     483    3.0032e-05    0.0000e+00   1.244e-05      9.077   3.906e-04  |      480    7.6781e-03
     484    3.0031e-05    0.0000e+00   1.244e-05      8.777   3.906e-04  |      480    7.6781e-03
     485    3.0031e-05    0.0000e+00   1.244e-05     24.150   3.906e-04  |      485    7.6781e-03
     486    3.0031e-05    0.0000e+00   1.244e-05      9.072   3.906e-04  |      485    7.6781e-03
     487    3.0031e-05    0.0000e+00   1.244e-05      8.746   3.906e-04  |      485    7.6781e-03
     488    3.0031e-05    0.0000e+00   1.244e-05      9.112   3.906e-04  |      485    7.6781e-03
     489    3.0031e-05    0.0000e+00   1.244e-05      8.760   3.906e-04  |      485    7.6781e-03
     490    3.0031e-05    0.0000e+00   1.244e-05     24.579   3.906e-04  |      490    7.6781e-03
     491    3.0031e-05    0.0000e+00   1.244e-05      8.786   3.906e-04  |      490    7.6781e-03
     492    3.0031e-05    0.0000e+00   1.244e-05      9.075   3.906e-04  |      490    7.6781e-03
     493    3.0031e-05    0.0000e+00   1.244e-05      8.716   3.906e-04  |      490    7.6781e-03
     494    3.0031e-05    0.0000e+00   1.244e-05      8.685   3.906e-04  |      490    7.6781e-03
     495    3.0031e-05    0.0000e+00   1.244e-05     24.344   3.906e-04  |      495    7.6781e-03
     496    3.0031e-05    0.0000e+00   1.244e-05      8.790   3.906e-04  |      495    7.6781e-03
     497    3.0031e-05    0.0000e+00   1.243e-05      9.038   3.906e-04  |      495    7.6781e-03
     498    3.0031e-05    0.0000e+00   1.243e-05      8.746   3.906e-04  |      495    7.6781e-03
     499    3.0031e-05    0.0000e+00   1.243e-05      9.082   3.906e-04  |      495    7.6781e-03
     500    3.0031e-05    0.0000e+00   1.243e-05     24.372   3.906e-04  |      500    7.6781e-03
     501    3.0031e-05    0.0000e+00   1.243e-05      8.767   3.906e-04  |      500    7.6781e-03
     502    3.0031e-05    0.0000e+00   1.243e-05      9.094   3.906e-04  |      500    7.6781e-03
     503    3.0031e-05    0.0000e+00   1.243e-05      8.808   3.906e-04  |      500    7.6781e-03
     504    3.0031e-05    0.0000e+00   1.243e-05      9.103   3.906e-04  |      500    7.6781e-03
     505    3.0031e-05    0.0000e+00   1.243e-05     24.116   3.906e-04  |      505    7.6781e-03
     506    3.0031e-05    0.0000e+00   1.243e-05      9.047   3.906e-04  |      505    7.6781e-03
     507    3.0031e-05    0.0000e+00   1.243e-05      8.799   3.906e-04  |      505    7.6781e-03
     508    3.0031e-05    0.0000e+00   1.243e-05      9.085   3.906e-04  |      505    7.6781e-03
     509    3.0031e-05    0.0000e+00   1.243e-05      8.738   3.906e-04  |      505    7.6781e-03
     510    3.0031e-05    0.0000e+00   1.243e-05     24.410   3.906e-04  |      510    7.6781e-03
     511    3.0031e-05    0.0000e+00   1.243e-05      8.671   3.906e-04  |      510    7.6781e-03
     512    3.0031e-05    0.0000e+00   1.243e-05      8.689   3.906e-04  |      510    7.6781e-03
     513    3.0031e-05    0.0000e+00   1.243e-05      9.062   3.906e-04  |      510    7.6781e-03
     514    3.0031e-05    0.0000e+00   1.243e-05      8.811   3.906e-04  |      510    7.6781e-03
     515    3.0031e-05    0.0000e+00   1.243e-05     24.483   3.906e-04  |      515    7.6781e-03
     516    3.0031e-05    0.0000e+00   1.243e-05      8.727   3.906e-04  |      515    7.6781e-03
     517    3.0031e-05    0.0000e+00   1.243e-05      9.077   3.906e-04  |      515    7.6781e-03
     518    3.0030e-05    0.0000e+00   1.243e-05      8.733   3.906e-04  |      515    7.6781e-03
     519    3.0030e-05    0.0000e+00   1.243e-05      8.838   3.906e-04  |      515    7.6781e-03
     520    3.0030e-05    0.0000e+00   1.243e-05     24.474   1.953e-04  |      520    7.6781e-03
     521    3.0030e-05    0.0000e+00   1.243e-05      8.792   1.953e-04  |      520    7.6781e-03
     522    3.0030e-05    0.0000e+00   1.243e-05      9.058   1.953e-04  |      520    7.6781e-03
     523    3.0030e-05    0.0000e+00   1.243e-05      8.724   1.953e-04  |      520    7.6781e-03
     524    3.0030e-05    0.0000e+00   1.243e-05      8.986   1.953e-04  |      520    7.6781e-03
     525    3.0030e-05    0.0000e+00   1.243e-05     24.076   1.953e-04  |      525    7.6781e-03
     526    3.0030e-05    0.0000e+00   1.243e-05      9.058   1.953e-04  |      525    7.6781e-03
     527    3.0030e-05    0.0000e+00   1.243e-05      8.735   1.953e-04  |      525    7.6781e-03
     528    3.0030e-05    0.0000e+00   1.243e-05      9.016   1.953e-04  |      525    7.6781e-03
     529    3.0030e-05    0.0000e+00   1.243e-05      8.745   1.953e-04  |      525    7.6781e-03
     530    3.0030e-05    0.0000e+00   1.243e-05     24.224   1.953e-04  |      530    7.6781e-03
     531    3.0030e-05    0.0000e+00   1.243e-05      8.949   1.953e-04  |      530    7.6781e-03
     532    3.0030e-05    0.0000e+00   1.243e-05      8.802   1.953e-04  |      530    7.6781e-03
     533    3.0030e-05    0.0000e+00   1.243e-05      9.033   1.953e-04  |      530    7.6781e-03
     534    3.0030e-05    0.0000e+00   1.243e-05      8.770   1.953e-04  |      530    7.6781e-03
     535    3.0030e-05    0.0000e+00   1.243e-05     24.112   1.953e-04  |      535    7.6781e-03
     536    3.0030e-05    0.0000e+00   1.243e-05      9.052   1.953e-04  |      535    7.6781e-03
     537    3.0030e-05    0.0000e+00   1.243e-05      9.082   1.953e-04  |      535    7.6781e-03
     538    3.0030e-05    0.0000e+00   1.243e-05      8.757   1.953e-04  |      535    7.6781e-03
     539    3.0030e-05    0.0000e+00   1.243e-05      8.700   1.953e-04  |      535    7.6781e-03
     540    3.0030e-05    0.0000e+00   1.243e-05     24.442   1.953e-04  |      540    7.6781e-03
     541    3.0030e-05    0.0000e+00   1.243e-05      8.786   1.953e-04  |      540    7.6781e-03
     542    3.0030e-05    0.0000e+00   1.243e-05      9.092   1.953e-04  |      540    7.6781e-03
     543    3.0030e-05    0.0000e+00   1.243e-05      8.736   1.953e-04  |      540    7.6781e-03
     544    3.0030e-05    0.0000e+00   1.243e-05      9.022   1.953e-04  |      540    7.6781e-03
     545    3.0030e-05    0.0000e+00   1.243e-05     24.066   1.953e-04  |      545    7.6781e-03
     546    3.0030e-05    0.0000e+00   1.243e-05      8.669   1.953e-04  |      545    7.6781e-03
     547    3.0030e-05    0.0000e+00   1.243e-05      9.000   1.953e-04  |      545    7.6781e-03
     548    3.0030e-05    0.0000e+00   1.243e-05      8.745   1.953e-04  |      545    7.6781e-03
     549    3.0030e-05    0.0000e+00   1.243e-05      9.079   1.953e-04  |      545    7.6781e-03
     550    3.0030e-05    0.0000e+00   1.243e-05     24.161   1.953e-04  |      550    7.6781e-03
     551    3.0030e-05    0.0000e+00   1.243e-05      9.021   1.953e-04  |      550    7.6781e-03
     552    3.0030e-05    0.0000e+00   1.243e-05      8.752   1.953e-04  |      550    7.6781e-03
     553    3.0030e-05    0.0000e+00   1.243e-05      8.753   1.953e-04  |      550    7.6781e-03
     554    3.0030e-05    0.0000e+00   1.243e-05      8.968   1.953e-04  |      550    7.6781e-03
     555    3.0030e-05    0.0000e+00   1.243e-05     24.374   1.953e-04  |      555    7.6781e-03
     556    3.0030e-05    0.0000e+00   1.243e-05      8.768   1.953e-04  |      555    7.6781e-03
     557    3.0030e-05    0.0000e+00   1.243e-05      8.779   1.953e-04  |      555    7.6781e-03
     558    3.0030e-05    0.0000e+00   1.243e-05      9.027   1.953e-04  |      555    7.6781e-03
     559    3.0030e-05    0.0000e+00   1.243e-05      8.793   1.953e-04  |      555    7.6781e-03
     560    3.0030e-05    0.0000e+00   1.243e-05     24.503   9.766e-05  |      560    7.6781e-03
     561    3.0030e-05    0.0000e+00   1.243e-05      8.677   9.766e-05  |      560    7.6781e-03
     562    3.0030e-05    0.0000e+00   1.243e-05      9.065   9.766e-05  |      560    7.6781e-03
     563    3.0030e-05    0.0000e+00   1.243e-05      8.759   9.766e-05  |      560    7.6781e-03
     564    3.0030e-05    0.0000e+00   1.243e-05      8.776   9.766e-05  |      560    7.6781e-03
     565    3.0030e-05    0.0000e+00   1.243e-05     24.419   9.766e-05  |      565    7.6781e-03
     566    3.0029e-05    0.0000e+00   1.243e-05      8.774   9.766e-05  |      565    7.6781e-03
     567    3.0029e-05    0.0000e+00   1.243e-05      9.018   9.766e-05  |      565    7.6781e-03
     568    3.0029e-05    0.0000e+00   1.243e-05      8.785   9.766e-05  |      565    7.6781e-03
     569    3.0029e-05    0.0000e+00   1.243e-05      9.000   9.766e-05  |      565    7.6781e-03
     570    3.0029e-05    0.0000e+00   1.243e-05     24.134   9.766e-05  |      570    7.6781e-03
     571    3.0029e-05    0.0000e+00   1.243e-05      9.032   9.766e-05  |      570    7.6781e-03
     572    3.0029e-05    0.0000e+00   1.243e-05      8.751   9.766e-05  |      570    7.6781e-03
     573    3.0029e-05    0.0000e+00   1.243e-05      8.718   9.766e-05  |      570    7.6781e-03
     574    3.0029e-05    0.0000e+00   1.243e-05      9.043   9.766e-05  |      570    7.6781e-03
     575    3.0029e-05    0.0000e+00   1.243e-05     24.121   9.766e-05  |      575    7.6781e-03
     576    3.0029e-05    0.0000e+00   1.243e-05      9.059   9.766e-05  |      575    7.6781e-03
     577    3.0029e-05    0.0000e+00   1.243e-05      8.737   9.766e-05  |      575    7.6781e-03
     578    3.0029e-05    0.0000e+00   1.243e-05      9.036   9.766e-05  |      575    7.6781e-03
     579    3.0029e-05    0.0000e+00   1.243e-05      8.769   9.766e-05  |      575    7.6781e-03
     580    3.0029e-05    0.0000e+00   1.243e-05     24.194   9.766e-05  |      580    7.6781e-03
     581    3.0029e-05    0.0000e+00   1.243e-05      9.020   9.766e-05  |      580    7.6781e-03
     582    3.0029e-05    0.0000e+00   1.243e-05      8.779   9.766e-05  |      580    7.6781e-03
     583    3.0029e-05    0.0000e+00   1.243e-05      9.031   9.766e-05  |      580    7.6781e-03
     584    3.0029e-05    0.0000e+00   1.243e-05      8.680   9.766e-05  |      580    7.6781e-03
     585    3.0029e-05    0.0000e+00   1.243e-05     24.366   9.766e-05  |      585    7.6781e-03
     586    3.0029e-05    0.0000e+00   1.243e-05      8.779   9.766e-05  |      585    7.6781e-03
     587    3.0029e-05    0.0000e+00   1.243e-05      9.091   9.766e-05  |      585    7.6781e-03
     588    3.0029e-05    0.0000e+00   1.243e-05      8.756   9.766e-05  |      585    7.6781e-03
     589    3.0029e-05    0.0000e+00   1.243e-05      9.094   9.766e-05  |      585    7.6781e-03
     590    3.0029e-05    0.0000e+00   1.243e-05     24.286   9.766e-05  |      590    7.6781e-03
     591    3.0029e-05    0.0000e+00   1.243e-05      8.781   9.766e-05  |      590    7.6781e-03
     592    3.0029e-05    0.0000e+00   1.243e-05      9.035   9.766e-05  |      590    7.6781e-03
     593    3.0029e-05    0.0000e+00   1.243e-05      8.730   9.766e-05  |      590    7.6781e-03
     594    3.0029e-05    0.0000e+00   1.243e-05      9.046   9.766e-05  |      590    7.6781e-03
     595    3.0029e-05    0.0000e+00   1.243e-05     23.987   9.766e-05  |      595    7.6781e-03
     596    3.0029e-05    0.0000e+00   1.243e-05      9.061   9.766e-05  |      595    7.6781e-03
     597    3.0029e-05    0.0000e+00   1.243e-05      8.737   9.766e-05  |      595    7.6781e-03
     598    3.0029e-05    0.0000e+00   1.243e-05      8.738   9.766e-05  |      595    7.6781e-03
     599    3.0029e-05    0.0000e+00   1.243e-05      9.004   9.766e-05  |      595    7.6781e-03
     600    3.0029e-05    0.0000e+00   1.243e-05     24.284   4.883e-05  |      600    7.6781e-03
     601    3.0029e-05    0.0000e+00   1.243e-05      9.009   4.883e-05  |      600    7.6781e-03
     602    3.0029e-05    0.0000e+00   1.243e-05      8.803   4.883e-05  |      600    7.6781e-03
     603    3.0029e-05    0.0000e+00   1.243e-05      9.105   4.883e-05  |      600    7.6781e-03
     604    3.0029e-05    0.0000e+00   1.243e-05      8.750   4.883e-05  |      600    7.6781e-03
     605    3.0029e-05    0.0000e+00   1.243e-05     24.463   4.883e-05  |      605    7.6781e-03
     606    3.0029e-05    0.0000e+00   1.243e-05      8.755   4.883e-05  |      605    7.6781e-03
     607    3.0029e-05    0.0000e+00   1.243e-05      8.775   4.883e-05  |      605    7.6781e-03
     608    3.0029e-05    0.0000e+00   1.243e-05      9.077   4.883e-05  |      605    7.6781e-03
     609    3.0029e-05    0.0000e+00   1.243e-05      8.735   4.883e-05  |      605    7.6781e-03
     610    3.0029e-05    0.0000e+00   1.243e-05     24.380   4.883e-05  |      610    7.6781e-03
     611    3.0029e-05    0.0000e+00   1.243e-05      8.778   4.883e-05  |      610    7.6781e-03
     612    3.0029e-05    0.0000e+00   1.243e-05      9.047   4.883e-05  |      610    7.6781e-03
     613    3.0029e-05    0.0000e+00   1.243e-05      8.718   4.883e-05  |      610    7.6781e-03
     614    3.0029e-05    0.0000e+00   1.243e-05      8.748   4.883e-05  |      610    7.6781e-03
     615    3.0029e-05    0.0000e+00   1.243e-05     24.341   4.883e-05  |      615    7.6781e-03
     616    3.0029e-05    0.0000e+00   1.243e-05      8.980   4.883e-05  |      615    7.6781e-03
     617    3.0029e-05    0.0000e+00   1.243e-05      8.734   4.883e-05  |      615    7.6781e-03
     618    3.0029e-05    0.0000e+00   1.243e-05      8.781   4.883e-05  |      615    7.6781e-03
     619    3.0029e-05    0.0000e+00   1.243e-05      9.039   4.883e-05  |      615    7.6781e-03
     620    3.0029e-05    0.0000e+00   1.243e-05     24.255   4.883e-05  |      620    7.6781e-03
     621    3.0029e-05    0.0000e+00   1.243e-05      9.052   4.883e-05  |      620    7.6781e-03
     622    3.0029e-05    0.0000e+00   1.243e-05      8.687   4.883e-05  |      620    7.6781e-03
     623    3.0029e-05    0.0000e+00   1.243e-05      9.136   4.883e-05  |      620    7.6781e-03
     624    3.0029e-05    0.0000e+00   1.243e-05      8.763   4.883e-05  |      620    7.6781e-03
     625    3.0029e-05    0.0000e+00   1.243e-05     24.085   4.883e-05  |      625    7.6781e-03
     626    3.0029e-05    0.0000e+00   1.243e-05      8.977   4.883e-05  |      625    7.6781e-03
     627    3.0029e-05    0.0000e+00   1.243e-05      8.784   4.883e-05  |      625    7.6781e-03
     628    3.0029e-05    0.0000e+00   1.243e-05      9.061   4.883e-05  |      625    7.6781e-03
     629    3.0029e-05    0.0000e+00   1.243e-05      8.730   4.883e-05  |      625    7.6781e-03
     630    3.0029e-05    0.0000e+00   1.243e-05     24.432   4.883e-05  |      630    7.6781e-03
     631    3.0029e-05    0.0000e+00   1.243e-05      8.754   4.883e-05  |      630    7.6781e-03
     632    3.0029e-05    0.0000e+00   1.243e-05      9.071   4.883e-05  |      630    7.6781e-03
     633    3.0029e-05    0.0000e+00   1.243e-05      8.651   4.883e-05  |      630    7.6781e-03
     634    3.0029e-05    0.0000e+00   1.243e-05      8.721   4.883e-05  |      630    7.6781e-03
     635    3.0029e-05    0.0000e+00   1.243e-05     24.358   4.883e-05  |      635    7.6781e-03
     636    3.0029e-05    0.0000e+00   1.243e-05      8.765   4.883e-05  |      635    7.6781e-03
     637    3.0029e-05    0.0000e+00   1.243e-05      9.010   4.883e-05  |      635    7.6781e-03
     638    3.0029e-05    0.0000e+00   1.243e-05      8.750   4.883e-05  |      635    7.6781e-03
     639    3.0029e-05    0.0000e+00   1.243e-05      9.055   4.883e-05  |      635    7.6781e-03
     640    3.0029e-05    0.0000e+00   1.243e-05     24.256   2.441e-05  |      640    7.6781e-03
     641    3.0029e-05    0.0000e+00   1.243e-05      8.664   2.441e-05  |      640    7.6781e-03
     642    3.0029e-05    0.0000e+00   1.243e-05      9.066   2.441e-05  |      640    7.6781e-03
     643    3.0029e-05    0.0000e+00   1.243e-05      8.750   2.441e-05  |      640    7.6781e-03
     644    3.0029e-05    0.0000e+00   1.243e-05      9.047   2.441e-05  |      640    7.6781e-03
     645    3.0029e-05    0.0000e+00   1.243e-05     24.059   2.441e-05  |      645    7.6781e-03
     646    3.0029e-05    0.0000e+00   1.243e-05      9.053   2.441e-05  |      645    7.6781e-03
     647    3.0029e-05    0.0000e+00   1.243e-05      8.794   2.441e-05  |      645    7.6781e-03
     648    3.0029e-05    0.0000e+00   1.243e-05      9.049   2.441e-05  |      645    7.6781e-03
     649    3.0029e-05    0.0000e+00   1.243e-05      8.689   2.441e-05  |      645    7.6781e-03
     650    3.0029e-05    0.0000e+00   1.243e-05     24.515   2.441e-05  |      650    7.6781e-03
     651    3.0029e-05    0.0000e+00   1.243e-05      8.758   2.441e-05  |      650    7.6781e-03
     652    3.0029e-05    0.0000e+00   1.243e-05      8.763   2.441e-05  |      650    7.6781e-03
     653    3.0029e-05    0.0000e+00   1.243e-05      9.004   2.441e-05  |      650    7.6781e-03
     654    3.0029e-05    0.0000e+00   1.243e-05      8.769   2.441e-05  |      650    7.6781e-03
     655    3.0029e-05    0.0000e+00   1.243e-05     24.366   2.441e-05  |      655    7.6781e-03
     656    3.0029e-05    0.0000e+00   1.243e-05      8.636   2.441e-05  |      655    7.6781e-03
     657    3.0029e-05    0.0000e+00   1.243e-05      9.102   2.441e-05  |      655    7.6781e-03
     658    3.0029e-05    0.0000e+00   1.243e-05      8.736   2.441e-05  |      655    7.6781e-03
     659    3.0029e-05    0.0000e+00   1.243e-05      8.735   2.441e-05  |      655    7.6781e-03
     660    3.0029e-05    0.0000e+00   1.243e-05     24.427   2.441e-05  |      660    7.6781e-03
     661    3.0029e-05    0.0000e+00   1.243e-05      8.771   2.441e-05  |      660    7.6781e-03
     662    3.0029e-05    0.0000e+00   1.243e-05      9.052   2.441e-05  |      660    7.6781e-03
     663    3.0029e-05    0.0000e+00   1.243e-05      8.747   2.441e-05  |      660    7.6781e-03
     664    3.0029e-05    0.0000e+00   1.243e-05      9.008   2.441e-05  |      660    7.6781e-03
     665    3.0029e-05    0.0000e+00   1.243e-05     23.936   2.441e-05  |      665    7.6781e-03
     666    3.0029e-05    0.0000e+00   1.243e-05      9.050   2.441e-05  |      665    7.6781e-03
     667    3.0029e-05    0.0000e+00   1.243e-05      8.726   2.441e-05  |      665    7.6781e-03
     668    3.0029e-05    0.0000e+00   1.243e-05      9.040   2.441e-05  |      665    7.6781e-03
     669    3.0029e-05    0.0000e+00   1.243e-05      8.744   2.441e-05  |      665    7.6781e-03
     670    3.0029e-05    0.0000e+00   1.243e-05     24.205   2.441e-05  |      670    7.6781e-03
     671    3.0029e-05    0.0000e+00   1.243e-05      8.949   2.441e-05  |      670    7.6781e-03
     672    3.0029e-05    0.0000e+00   1.243e-05      8.663   2.441e-05  |      670    7.6781e-03
     673    3.0029e-05    0.0000e+00   1.243e-05      9.045   2.441e-05  |      670    7.6781e-03
     674    3.0029e-05    0.0000e+00   1.243e-05      8.727   2.441e-05  |      670    7.6781e-03
     675    3.0029e-05    0.0000e+00   1.243e-05     24.080   2.441e-05  |      675    7.6781e-03
     676    3.0029e-05    0.0000e+00   1.243e-05      9.000   2.441e-05  |      675    7.6781e-03
     677    3.0029e-05    0.0000e+00   1.243e-05      9.088   2.441e-05  |      675    7.6781e-03
     678    3.0029e-05    0.0000e+00   1.243e-05      8.751   2.441e-05  |      675    7.6781e-03
     679    3.0029e-05    0.0000e+00   1.243e-05      8.788   2.441e-05  |      675    7.6781e-03
     680    3.0029e-05    0.0000e+00   1.243e-05     24.403   1.221e-05  |      680    7.6781e-03
     681    3.0029e-05    0.0000e+00   1.243e-05      8.746   1.221e-05  |      680    7.6781e-03
     682    3.0029e-05    0.0000e+00   1.243e-05      9.096   1.221e-05  |      680    7.6781e-03
     683    3.0029e-05    0.0000e+00   1.243e-05      8.722   1.221e-05  |      680    7.6781e-03
     684    3.0029e-05    0.0000e+00   1.243e-05      9.074   1.221e-05  |      680    7.6781e-03
     685    3.0029e-05    0.0000e+00   1.243e-05     24.010   1.221e-05  |      685    7.6781e-03
     686    3.0029e-05    0.0000e+00   1.243e-05      8.794   1.221e-05  |      685    7.6781e-03
     687    3.0029e-05    0.0000e+00   1.243e-05      8.873   1.221e-05  |      685    7.6781e-03
     688    3.0029e-05    0.0000e+00   1.243e-05      8.788   1.221e-05  |      685    7.6781e-03
     689    3.0029e-05    0.0000e+00   1.243e-05      9.038   1.221e-05  |      685    7.6781e-03
     690    3.0029e-05    0.0000e+00   1.243e-05     24.190   1.221e-05  |      690    7.6781e-03
     691    3.0029e-05    0.0000e+00   1.243e-05      9.085   1.221e-05  |      690    7.6781e-03
     692    3.0029e-05    0.0000e+00   1.243e-05      8.703   1.221e-05  |      690    7.6781e-03
     693    3.0029e-05    0.0000e+00   1.243e-05      8.745   1.221e-05  |      690    7.6781e-03
     694    3.0029e-05    0.0000e+00   1.243e-05      8.965   1.221e-05  |      690    7.6781e-03
     695    3.0029e-05    0.0000e+00   1.243e-05     24.364   1.221e-05  |      695    7.6781e-03
     696    3.0029e-05    0.0000e+00   1.243e-05      8.761   1.221e-05  |      695    7.6781e-03
     697    3.0029e-05    0.0000e+00   1.243e-05      8.796   1.221e-05  |      695    7.6781e-03
     698    3.0029e-05    0.0000e+00   1.243e-05      9.057   1.221e-05  |      695    7.6781e-03
     699    3.0029e-05    0.0000e+00   1.243e-05      8.782   1.221e-05  |      695    7.6781e-03
     700    3.0029e-05    0.0000e+00   1.243e-05     24.590   1.221e-05  |      700    7.6781e-03
     701    3.0029e-05    0.0000e+00   1.243e-05      8.731   1.221e-05  |      700    7.6781e-03
     702    3.0029e-05    0.0000e+00   1.243e-05      8.950   1.221e-05  |      700    7.6781e-03
     703    3.0029e-05    0.0000e+00   1.243e-05      8.737   1.221e-05  |      700    7.6781e-03
     704    3.0029e-05    0.0000e+00   1.243e-05      8.734   1.221e-05  |      700    7.6781e-03
     705    3.0029e-05    0.0000e+00   1.243e-05     24.369   1.221e-05  |      705    7.6781e-03
     706    3.0029e-05    0.0000e+00   1.243e-05      8.742   1.221e-05  |      705    7.6781e-03
     707    3.0029e-05    0.0000e+00   1.243e-05      9.015   1.221e-05  |      705    7.6781e-03
     708    3.0029e-05    0.0000e+00   1.243e-05      8.769   1.221e-05  |      705    7.6781e-03
     709    3.0029e-05    0.0000e+00   1.243e-05      9.072   1.221e-05  |      705    7.6781e-03
     710    3.0029e-05    0.0000e+00   1.243e-05     24.123   1.221e-05  |      710    7.6781e-03
     711    3.0029e-05    0.0000e+00   1.243e-05      8.970   1.221e-05  |      710    7.6781e-03
     712    3.0029e-05    0.0000e+00   1.243e-05      8.717   1.221e-05  |      710    7.6781e-03
     713    3.0029e-05    0.0000e+00   1.243e-05      8.773   1.221e-05  |      710    7.6781e-03
     714    3.0029e-05    0.0000e+00   1.243e-05      9.006   1.221e-05  |      710    7.6781e-03
     715    3.0029e-05    0.0000e+00   1.243e-05     24.083   1.221e-05  |      715    7.6781e-03
     716    3.0029e-05    0.0000e+00   1.243e-05      9.066   1.221e-05  |      715    7.6781e-03
     717    3.0029e-05    0.0000e+00   1.243e-05      8.760   1.221e-05  |      715    7.6781e-03
     718    3.0029e-05    0.0000e+00   1.243e-05      8.990   1.221e-05  |      715    7.6781e-03
     719    3.0029e-05    0.0000e+00   1.243e-05      8.746   1.221e-05  |      715    7.6781e-03
     720    3.0029e-05    0.0000e+00   1.243e-05     24.114   1.000e-05  |      720    7.6781e-03
     721    3.0029e-05    0.0000e+00   1.243e-05      9.043   1.000e-05  |      720    7.6781e-03
     722    3.0029e-05    0.0000e+00   1.243e-05      8.785   1.000e-05  |      720    7.6781e-03
     723    3.0029e-05    0.0000e+00   1.243e-05      9.056   1.000e-05  |      720    7.6781e-03
     724    3.0029e-05    0.0000e+00   1.243e-05      8.714   1.000e-05  |      720    7.6781e-03
     725    3.0029e-05    0.0000e+00   1.243e-05     24.402   1.000e-05  |      725    7.6781e-03
     726    3.0029e-05    0.0000e+00   1.243e-05      8.799   1.000e-05  |      725    7.6781e-03
     727    3.0029e-05    0.0000e+00   1.243e-05      9.076   1.000e-05  |      725    7.6781e-03
     728    3.0029e-05    0.0000e+00   1.243e-05      8.747   1.000e-05  |      725    7.6781e-03
     729    3.0029e-05    0.0000e+00   1.243e-05      9.092   1.000e-05  |      725    7.6781e-03
     730    3.0029e-05    0.0000e+00   1.243e-05     24.235   1.000e-05  |      730    7.6781e-03
     731    3.0029e-05    0.0000e+00   1.243e-05      8.763   1.000e-05  |      730    7.6781e-03
     732    3.0029e-05    0.0000e+00   1.243e-05      9.043   1.000e-05  |      730    7.6781e-03
     733    3.0029e-05    0.0000e+00   1.243e-05      8.729   1.000e-05  |      730    7.6781e-03
     734    3.0029e-05    0.0000e+00   1.243e-05      9.059   1.000e-05  |      730    7.6781e-03
     735    3.0029e-05    0.0000e+00   1.243e-05     24.044   1.000e-05  |      735    7.6781e-03
     736    3.0029e-05    0.0000e+00   1.243e-05      9.063   1.000e-05  |      735    7.6781e-03
     737    3.0029e-05    0.0000e+00   1.243e-05      8.757   1.000e-05  |      735    7.6781e-03
     738    3.0029e-05    0.0000e+00   1.243e-05      8.779   1.000e-05  |      735    7.6781e-03
     739    3.0029e-05    0.0000e+00   1.243e-05      9.010   1.000e-05  |      735    7.6781e-03
     740    3.0029e-05    0.0000e+00   1.243e-05     24.231   1.000e-05  |      740    7.6781e-03
     741    3.0029e-05    0.0000e+00   1.243e-05      8.939   1.000e-05  |      740    7.6781e-03
     742    3.0029e-05    0.0000e+00   1.243e-05      8.760   1.000e-05  |      740    7.6781e-03
     743    3.0029e-05    0.0000e+00   1.243e-05      8.997   1.000e-05  |      740    7.6781e-03
     744    3.0029e-05    0.0000e+00   1.243e-05      8.753   1.000e-05  |      740    7.6781e-03
     745    3.0029e-05    0.0000e+00   1.243e-05     24.415   1.000e-05  |      745    7.6781e-03
     746    3.0029e-05    0.0000e+00   1.243e-05      8.725   1.000e-05  |      745    7.6781e-03
     747    3.0029e-05    0.0000e+00   1.243e-05      8.725   1.000e-05  |      745    7.6781e-03
     748    3.0029e-05    0.0000e+00   1.243e-05      9.031   1.000e-05  |      745    7.6781e-03
     749    3.0029e-05    0.0000e+00   1.243e-05      8.757   1.000e-05  |      745    7.6781e-03
     750    3.0029e-05    0.0000e+00   1.243e-05     24.479   1.000e-05  |      750    7.6781e-03
     751    3.0029e-05    0.0000e+00   1.243e-05      8.763   1.000e-05  |      750    7.6781e-03
     752    3.0029e-05    0.0000e+00   1.243e-05      9.065   1.000e-05  |      750    7.6781e-03
     753    3.0029e-05    0.0000e+00   1.243e-05      8.733   1.000e-05  |      750    7.6781e-03
     754    3.0029e-05    0.0000e+00   1.243e-05      8.760   1.000e-05  |      750    7.6781e-03
     755    3.0029e-05    0.0000e+00   1.243e-05     24.311   1.000e-05  |      755    7.6781e-03
     756    3.0029e-05    0.0000e+00   1.243e-05      9.109   1.000e-05  |      755    7.6781e-03
     757    3.0029e-05    0.0000e+00   1.243e-05      8.709   1.000e-05  |      755    7.6781e-03
     758    3.0029e-05    0.0000e+00   1.243e-05      8.744   1.000e-05  |      755    7.6781e-03
     759    3.0029e-05    0.0000e+00   1.243e-05      9.039   1.000e-05  |      755    7.6781e-03
     760    3.0029e-05    0.0000e+00   1.243e-05     24.129   1.000e-05  |      760    7.6781e-03
     761    3.0029e-05    0.0000e+00   1.243e-05      9.039   1.000e-05  |      760    7.6781e-03
     762    3.0029e-05    0.0000e+00   1.243e-05      8.673   1.000e-05  |      760    7.6781e-03
     763    3.0029e-05    0.0000e+00   1.243e-05      9.041   1.000e-05  |      760    7.6781e-03
     764    3.0029e-05    0.0000e+00   1.243e-05      8.760   1.000e-05  |      760    7.6781e-03
     765    3.0029e-05    0.0000e+00   1.243e-05     24.061   1.000e-05  |      765    7.6781e-03
     766    3.0029e-05    0.0000e+00   1.243e-05      9.007   1.000e-05  |      765    7.6781e-03
     767    3.0029e-05    0.0000e+00   1.243e-05      8.768   1.000e-05  |      765    7.6781e-03
     768    3.0029e-05    0.0000e+00   1.243e-05      9.043   1.000e-05  |      765    7.6781e-03
     769    3.0029e-05    0.0000e+00   1.243e-05      8.773   1.000e-05  |      765    7.6781e-03
     770    3.0029e-05    0.0000e+00   1.243e-05     24.417   1.000e-05  |      770    7.6781e-03
     771    3.0029e-05    0.0000e+00   1.243e-05      8.732   1.000e-05  |      770    7.6781e-03
     772    3.0029e-05    0.0000e+00   1.243e-05      9.072   1.000e-05  |      770    7.6781e-03
     773    3.0029e-05    0.0000e+00   1.243e-05      8.679   1.000e-05  |      770    7.6781e-03
     774    3.0029e-05    0.0000e+00   1.243e-05      8.784   1.000e-05  |      770    7.6781e-03
     775    3.0029e-05    0.0000e+00   1.243e-05     24.337   1.000e-05  |      775    7.6781e-03
     776    3.0029e-05    0.0000e+00   1.243e-05      8.768   1.000e-05  |      775    7.6781e-03
     777    3.0029e-05    0.0000e+00   1.243e-05      8.994   1.000e-05  |      775    7.6781e-03
     778    3.0029e-05    0.0000e+00   1.243e-05      8.716   1.000e-05  |      775    7.6781e-03
     779    3.0029e-05    0.0000e+00   1.243e-05      9.112   1.000e-05  |      775    7.6781e-03
     780    3.0029e-05    0.0000e+00   1.243e-05     24.126   1.000e-05  |      780    7.6781e-03
     781    3.0029e-05    0.0000e+00   1.243e-05      8.668   1.000e-05  |      780    7.6781e-03
     782    3.0029e-05    0.0000e+00   1.243e-05      9.038   1.000e-05  |      780    7.6781e-03
     783    3.0029e-05    0.0000e+00   1.243e-05      8.793   1.000e-05  |      780    7.6781e-03
     784    3.0029e-05    0.0000e+00   1.243e-05      9.065   1.000e-05  |      780    7.6781e-03
     785    3.0029e-05    0.0000e+00   1.243e-05     24.011   1.000e-05  |      785    7.6781e-03
     786    3.0029e-05    0.0000e+00   1.243e-05      9.084   1.000e-05  |      785    7.6781e-03
     787    3.0029e-05    0.0000e+00   1.243e-05      8.806   1.000e-05  |      785    7.6781e-03
     788    3.0029e-05    0.0000e+00   1.243e-05      9.041   1.000e-05  |      785    7.6781e-03
     789    3.0029e-05    0.0000e+00   1.243e-05      8.740   1.000e-05  |      785    7.6781e-03
     790    3.0029e-05    0.0000e+00   1.243e-05     24.267   1.000e-05  |      790    7.6781e-03
     791    3.0029e-05    0.0000e+00   1.243e-05      8.766   1.000e-05  |      790    7.6781e-03
     792    3.0029e-05    0.0000e+00   1.243e-05      8.806   1.000e-05  |      790    7.6781e-03
     793    3.0029e-05    0.0000e+00   1.243e-05      9.000   1.000e-05  |      790    7.6781e-03
     794    3.0029e-05    0.0000e+00   1.243e-05      8.742   1.000e-05  |      790    7.6781e-03
     795    3.0029e-05    0.0000e+00   1.243e-05     24.307   1.000e-05  |      795    7.6781e-03
     796    3.0029e-05    0.0000e+00   1.243e-05      8.762   1.000e-05  |      795    7.6781e-03
     797    3.0029e-05    0.0000e+00   1.243e-05      8.917   1.000e-05  |      795    7.6781e-03
     798    3.0029e-05    0.0000e+00   1.243e-05      8.757   1.000e-05  |      795    7.6781e-03
     799    3.0029e-05    0.0000e+00   1.243e-05      8.781   1.000e-05  |      795    7.6781e-03
     800    3.0029e-05    0.0000e+00   1.243e-05     24.404   1.000e-05  |      800    7.6781e-03
     801    3.0029e-05    0.0000e+00   1.243e-05      8.778   1.000e-05  |      800    7.6781e-03
     802    3.0029e-05    0.0000e+00   1.243e-05      9.090   1.000e-05  |      800    7.6781e-03
     803    3.0029e-05    0.0000e+00   1.243e-05      8.752   1.000e-05  |      800    7.6781e-03
     804    3.0029e-05    0.0000e+00   1.243e-05      9.072   1.000e-05  |      800    7.6781e-03
     805    3.0029e-05    0.0000e+00   1.243e-05     24.122   1.000e-05  |      805    7.6781e-03
     806    3.0029e-05    0.0000e+00   1.243e-05      9.109   1.000e-05  |      805    7.6781e-03
     807    3.0029e-05    0.0000e+00   1.243e-05      8.725   1.000e-05  |      805    7.6781e-03
     808    3.0029e-05    0.0000e+00   1.243e-05      9.118   1.000e-05  |      805    7.6781e-03
     809    3.0029e-05    0.0000e+00   1.243e-05      8.753   1.000e-05  |      805    7.6781e-03
     810    3.0029e-05    0.0000e+00   1.243e-05     24.207   1.000e-05  |      810    7.6781e-03
     811    3.0029e-05    0.0000e+00   1.243e-05      9.051   1.000e-05  |      810    7.6781e-03
     812    3.0029e-05    0.0000e+00   1.243e-05      8.697   1.000e-05  |      810    7.6781e-03
     813    3.0029e-05    0.0000e+00   1.243e-05      8.993   1.000e-05  |      810    7.6781e-03
     814    3.0029e-05    0.0000e+00   1.243e-05      8.752   1.000e-05  |      810    7.6781e-03
     815    3.0029e-05    0.0000e+00   1.243e-05     24.075   1.000e-05  |      815    7.6781e-03
     816    3.0029e-05    0.0000e+00   1.243e-05      9.005   1.000e-05  |      815    7.6781e-03
     817    3.0029e-05    0.0000e+00   1.243e-05      9.111   1.000e-05  |      815    7.6781e-03
     818    3.0029e-05    0.0000e+00   1.243e-05      8.777   1.000e-05  |      815    7.6781e-03
     819    3.0029e-05    0.0000e+00   1.243e-05      8.788   1.000e-05  |      815    7.6781e-03
     820    3.0029e-05    0.0000e+00   1.243e-05     24.600   1.000e-05  |      820    7.6781e-03
     821    3.0029e-05    0.0000e+00   1.243e-05      8.797   1.000e-05  |      820    7.6781e-03
     822    3.0029e-05    0.0000e+00   1.243e-05      9.033   1.000e-05  |      820    7.6781e-03
     823    3.0029e-05    0.0000e+00   1.243e-05      8.732   1.000e-05  |      820    7.6781e-03
     824    3.0029e-05    0.0000e+00   1.243e-05      9.106   1.000e-05  |      820    7.6781e-03
     825    3.0029e-05    0.0000e+00   1.243e-05     24.021   1.000e-05  |      825    7.6781e-03
     826    3.0029e-05    0.0000e+00   1.243e-05      8.785   1.000e-05  |      825    7.6781e-03
     827    3.0029e-05    0.0000e+00   1.243e-05      8.979   1.000e-05  |      825    7.6781e-03
     828    3.0029e-05    0.0000e+00   1.243e-05      8.730   1.000e-05  |      825    7.6781e-03
     829    3.0029e-05    0.0000e+00   1.243e-05      9.033   1.000e-05  |      825    7.6781e-03
     830    3.0029e-05    0.0000e+00   1.243e-05     24.184   1.000e-05  |      830    7.6781e-03
     831    3.0029e-05    0.0000e+00   1.243e-05      9.020   1.000e-05  |      830    7.6781e-03
     832    3.0029e-05    0.0000e+00   1.243e-05      8.729   1.000e-05  |      830    7.6781e-03
     833    3.0029e-05    0.0000e+00   1.243e-05      8.776   1.000e-05  |      830    7.6781e-03
     834    3.0029e-05    0.0000e+00   1.243e-05      9.034   1.000e-05  |      830    7.6781e-03
     835    3.0029e-05    0.0000e+00   1.243e-05     24.457   1.000e-05  |      835    7.6781e-03
     836    3.0029e-05    0.0000e+00   1.243e-05      8.783   1.000e-05  |      835    7.6781e-03
     837    3.0029e-05    0.0000e+00   1.243e-05      8.785   1.000e-05  |      835    7.6781e-03
     838    3.0029e-05    0.0000e+00   1.243e-05      9.065   1.000e-05  |      835    7.6781e-03
     839    3.0029e-05    0.0000e+00   1.243e-05      8.820   1.000e-05  |      835    7.6781e-03
     840    3.0029e-05    0.0000e+00   1.243e-05     24.549   1.000e-05  |      840    7.6781e-03
     841    3.0029e-05    0.0000e+00   1.243e-05      8.752   1.000e-05  |      840    7.6781e-03
     842    3.0029e-05    0.0000e+00   1.243e-05      9.094   1.000e-05  |      840    7.6781e-03
     843    3.0029e-05    0.0000e+00   1.243e-05      8.611   1.000e-05  |      840    7.6781e-03
     844    3.0029e-05    0.0000e+00   1.243e-05      8.730   1.000e-05  |      840    7.6781e-03
     845    3.0029e-05    0.0000e+00   1.243e-05     24.326   1.000e-05  |      845    7.6781e-03
     846    3.0029e-05    0.0000e+00   1.243e-05      8.704   1.000e-05  |      845    7.6781e-03
     847    3.0029e-05    0.0000e+00   1.243e-05      9.004   1.000e-05  |      845    7.6781e-03
     848    3.0029e-05    0.0000e+00   1.243e-05      8.806   1.000e-05  |      845    7.6781e-03
     849    3.0029e-05    0.0000e+00   1.243e-05      9.096   1.000e-05  |      845    7.6781e-03
     850    3.0029e-05    0.0000e+00   1.243e-05     24.213   1.000e-05  |      850    7.6781e-03
     851    3.0029e-05    0.0000e+00   1.243e-05      9.038   1.000e-05  |      850    7.6781e-03
     852    3.0029e-05    0.0000e+00   1.243e-05      8.771   1.000e-05  |      850    7.6781e-03
     853    3.0029e-05    0.0000e+00   1.243e-05      8.726   1.000e-05  |      850    7.6781e-03
     854    3.0029e-05    0.0000e+00   1.243e-05      9.072   1.000e-05  |      850    7.6781e-03
     855    3.0029e-05    0.0000e+00   1.243e-05     24.082   1.000e-05  |      855    7.6781e-03
     856    3.0029e-05    0.0000e+00   1.243e-05      9.060   1.000e-05  |      855    7.6781e-03
     857    3.0029e-05    0.0000e+00   1.243e-05      8.737   1.000e-05  |      855    7.6781e-03
     858    3.0029e-05    0.0000e+00   1.243e-05      9.047   1.000e-05  |      855    7.6781e-03
     859    3.0029e-05    0.0000e+00   1.243e-05      8.743   1.000e-05  |      855    7.6781e-03
     860    3.0029e-05    0.0000e+00   1.243e-05     24.265   1.000e-05  |      860    7.6781e-03
     861    3.0029e-05    0.0000e+00   1.243e-05      9.038   1.000e-05  |      860    7.6781e-03
     862    3.0029e-05    0.0000e+00   1.243e-05      8.800   1.000e-05  |      860    7.6781e-03
     863    3.0029e-05    0.0000e+00   1.243e-05      9.050   1.000e-05  |      860    7.6781e-03
     864    3.0029e-05    0.0000e+00   1.243e-05      8.712   1.000e-05  |      860    7.6781e-03
     865    3.0029e-05    0.0000e+00   1.243e-05     24.352   1.000e-05  |      865    7.6781e-03
     866    3.0029e-05    0.0000e+00   1.243e-05      8.791   1.000e-05  |      865    7.6781e-03
     867    3.0029e-05    0.0000e+00   1.243e-05      9.037   1.000e-05  |      865    7.6781e-03
     868    3.0029e-05    0.0000e+00   1.243e-05      8.774   1.000e-05  |      865    7.6781e-03
     869    3.0029e-05    0.0000e+00   1.243e-05      9.041   1.000e-05  |      865    7.6781e-03
     870    3.0029e-05    0.0000e+00   1.243e-05     24.133   1.000e-05  |      870    7.6781e-03
     871    3.0029e-05    0.0000e+00   1.243e-05      8.782   1.000e-05  |      870    7.6781e-03
     872    3.0029e-05    0.0000e+00   1.243e-05      9.086   1.000e-05  |      870    7.6781e-03
     873    3.0029e-05    0.0000e+00   1.243e-05      8.745   1.000e-05  |      870    7.6781e-03
     874    3.0029e-05    0.0000e+00   1.243e-05      9.003   1.000e-05  |      870    7.6781e-03
     875    3.0029e-05    0.0000e+00   1.243e-05     23.992   1.000e-05  |      875    7.6781e-03
     876    3.0029e-05    0.0000e+00   1.243e-05      9.093   1.000e-05  |      875    7.6781e-03
     877    3.0029e-05    0.0000e+00   1.243e-05      8.736   1.000e-05  |      875    7.6781e-03
     878    3.0029e-05    0.0000e+00   1.243e-05      8.754   1.000e-05  |      875    7.6781e-03
     879    3.0029e-05    0.0000e+00   1.243e-05      9.007   1.000e-05  |      875    7.6781e-03
     880    3.0029e-05    0.0000e+00   1.243e-05     24.323   1.000e-05  |      880    7.6781e-03
     881    3.0029e-05    0.0000e+00   1.243e-05      8.946   1.000e-05  |      880    7.6781e-03
     882    3.0029e-05    0.0000e+00   1.243e-05      8.771   1.000e-05  |      880    7.6781e-03
     883    3.0029e-05    0.0000e+00   1.243e-05      9.085   1.000e-05  |      880    7.6781e-03
     884    3.0029e-05    0.0000e+00   1.243e-05      8.748   1.000e-05  |      880    7.6781e-03
     885    3.0029e-05    0.0000e+00   1.243e-05     24.401   1.000e-05  |      885    7.6781e-03
     886    3.0029e-05    0.0000e+00   1.243e-05      8.729   1.000e-05  |      885    7.6781e-03
     887    3.0029e-05    0.0000e+00   1.243e-05      8.742   1.000e-05  |      885    7.6781e-03
     888    3.0029e-05    0.0000e+00   1.243e-05      8.999   1.000e-05  |      885    7.6781e-03
     889    3.0029e-05    0.0000e+00   1.243e-05      8.736   1.000e-05  |      885    7.6781e-03
     890    3.0029e-05    0.0000e+00   1.243e-05     24.348   1.000e-05  |      890    7.6781e-03
     891    3.0029e-05    0.0000e+00   1.243e-05      8.731   1.000e-05  |      890    7.6781e-03
     892    3.0029e-05    0.0000e+00   1.243e-05      9.121   1.000e-05  |      890    7.6781e-03
     893    3.0029e-05    0.0000e+00   1.243e-05      8.709   1.000e-05  |      890    7.6781e-03
     894    3.0029e-05    0.0000e+00   1.243e-05      8.777   1.000e-05  |      890    7.6781e-03
     895    3.0029e-05    0.0000e+00   1.243e-05     24.254   1.000e-05  |      895    7.6781e-03
     896    3.0029e-05    0.0000e+00   1.243e-05      9.078   1.000e-05  |      895    7.6781e-03
     897    3.0029e-05    0.0000e+00   1.243e-05      8.714   1.000e-05  |      895    7.6781e-03
     898    3.0029e-05    0.0000e+00   1.243e-05      8.769   1.000e-05  |      895    7.6781e-03
     899    3.0029e-05    0.0000e+00   1.243e-05      9.009   1.000e-05  |      895    7.6781e-03
     900    3.0029e-05    0.0000e+00   1.243e-05     24.159   1.000e-05  |      900    7.6781e-03
     901    3.0029e-05    0.0000e+00   1.243e-05      9.093   1.000e-05  |      900    7.6781e-03
     902    3.0029e-05    0.0000e+00   1.243e-05      8.727   1.000e-05  |      900    7.6781e-03
     903    3.0029e-05    0.0000e+00   1.243e-05      9.089   1.000e-05  |      900    7.6781e-03
     904    3.0029e-05    0.0000e+00   1.243e-05      8.771   1.000e-05  |      900    7.6781e-03
     905    3.0029e-05    0.0000e+00   1.243e-05     24.124   1.000e-05  |      905    7.6781e-03
     906    3.0029e-05    0.0000e+00   1.243e-05      9.049   1.000e-05  |      905    7.6781e-03
     907    3.0029e-05    0.0000e+00   1.243e-05      8.802   1.000e-05  |      905    7.6781e-03
     908    3.0029e-05    0.0000e+00   1.243e-05      9.068   1.000e-05  |      905    7.6781e-03
     909    3.0029e-05    0.0000e+00   1.243e-05      8.729   1.000e-05  |      905    7.6781e-03
     910    3.0029e-05    0.0000e+00   1.243e-05     24.509   1.000e-05  |      910    7.6781e-03
     911    3.0029e-05    0.0000e+00   1.243e-05      8.750   1.000e-05  |      910    7.6781e-03
     912    3.0029e-05    0.0000e+00   1.243e-05      9.127   1.000e-05  |      910    7.6781e-03
     913    3.0029e-05    0.0000e+00   1.243e-05      8.706   1.000e-05  |      910    7.6781e-03
     914    3.0029e-05    0.0000e+00   1.243e-05      8.686   1.000e-05  |      910    7.6781e-03
     915    3.0029e-05    0.0000e+00   1.243e-05     24.241   1.000e-05  |      915    7.6781e-03
     916    3.0029e-05    0.0000e+00   1.243e-05      8.768   1.000e-05  |      915    7.6781e-03
     917    3.0029e-05    0.0000e+00   1.243e-05      8.971   1.000e-05  |      915    7.6781e-03
     918    3.0029e-05    0.0000e+00   1.243e-05      8.731   1.000e-05  |      915    7.6781e-03
     919    3.0029e-05    0.0000e+00   1.243e-05      9.087   1.000e-05  |      915    7.6781e-03
     920    3.0029e-05    0.0000e+00   1.243e-05     24.293   1.000e-05  |      920    7.6781e-03
     921    3.0029e-05    0.0000e+00   1.243e-05      8.665   1.000e-05  |      920    7.6781e-03
     922    3.0029e-05    0.0000e+00   1.243e-05      9.051   1.000e-05  |      920    7.6781e-03
     923    3.0029e-05    0.0000e+00   1.243e-05      8.812   1.000e-05  |      920    7.6781e-03
     924    3.0029e-05    0.0000e+00   1.243e-05      9.048   1.000e-05  |      920    7.6781e-03
     925    3.0029e-05    0.0000e+00   1.243e-05     24.104   1.000e-05  |      925    7.6781e-03
     926    3.0029e-05    0.0000e+00   1.243e-05      9.077   1.000e-05  |      925    7.6781e-03
     927    3.0029e-05    0.0000e+00   1.243e-05      8.751   1.000e-05  |      925    7.6781e-03
     928    3.0029e-05    0.0000e+00   1.243e-05      9.099   1.000e-05  |      925    7.6781e-03
     929    3.0029e-05    0.0000e+00   1.243e-05      8.648   1.000e-05  |      925    7.6781e-03
     930    3.0029e-05    0.0000e+00   1.243e-05     24.189   1.000e-05  |      930    7.6781e-03
     931    3.0029e-05    0.0000e+00   1.243e-05      9.027   1.000e-05  |      930    7.6781e-03
     932    3.0029e-05    0.0000e+00   1.243e-05      8.800   1.000e-05  |      930    7.6781e-03
     933    3.0029e-05    0.0000e+00   1.243e-05      9.025   1.000e-05  |      930    7.6781e-03
     934    3.0029e-05    0.0000e+00   1.243e-05      8.796   1.000e-05  |      930    7.6781e-03
     935    3.0029e-05    0.0000e+00   1.243e-05     24.395   1.000e-05  |      935    7.6781e-03
     936    3.0029e-05    0.0000e+00   1.243e-05      8.655   1.000e-05  |      935    7.6781e-03
     937    3.0029e-05    0.0000e+00   1.243e-05      8.971   1.000e-05  |      935    7.6781e-03
     938    3.0029e-05    0.0000e+00   1.243e-05      8.741   1.000e-05  |      935    7.6781e-03
     939    3.0029e-05    0.0000e+00   1.243e-05      9.082   1.000e-05  |      935    7.6781e-03
     940    3.0029e-05    0.0000e+00   1.243e-05     24.183   1.000e-05  |      940    7.6781e-03
     941    3.0029e-05    0.0000e+00   1.243e-05      8.759   1.000e-05  |      940    7.6781e-03
     942    3.0029e-05    0.0000e+00   1.243e-05      9.017   1.000e-05  |      940    7.6781e-03
     943    3.0029e-05    0.0000e+00   1.243e-05      9.123   1.000e-05  |      940    7.6781e-03
     944    3.0029e-05    0.0000e+00   1.243e-05      8.765   1.000e-05  |      940    7.6781e-03
     945    3.0029e-05    0.0000e+00   1.243e-05     24.145   1.000e-05  |      945    7.6781e-03
     946    3.0029e-05    0.0000e+00   1.243e-05      9.062   1.000e-05  |      945    7.6781e-03
     947    3.0029e-05    0.0000e+00   1.243e-05      8.746   1.000e-05  |      945    7.6781e-03
     948    3.0029e-05    0.0000e+00   1.243e-05      9.123   1.000e-05  |      945    7.6781e-03
     949    3.0029e-05    0.0000e+00   1.243e-05      8.733   1.000e-05  |      945    7.6781e-03
     950    3.0029e-05    0.0000e+00   1.243e-05     24.464   1.000e-05  |      950    7.6781e-03
     951    3.0029e-05    0.0000e+00   1.243e-05      8.735   1.000e-05  |      950    7.6781e-03
     952    3.0029e-05    0.0000e+00   1.243e-05      9.063   1.000e-05  |      950    7.6781e-03
     953    3.0029e-05    0.0000e+00   1.243e-05      8.662   1.000e-05  |      950    7.6781e-03
     954    3.0029e-05    0.0000e+00   1.243e-05      8.738   1.000e-05  |      950    7.6781e-03
     955    3.0029e-05    0.0000e+00   1.243e-05     24.322   1.000e-05  |      955    7.6781e-03
     956    3.0029e-05    0.0000e+00   1.243e-05      8.763   1.000e-05  |      955    7.6781e-03
     957    3.0029e-05    0.0000e+00   1.243e-05      9.077   1.000e-05  |      955    7.6781e-03
     958    3.0029e-05    0.0000e+00   1.243e-05      8.755   1.000e-05  |      955    7.6781e-03
     959    3.0029e-05    0.0000e+00   1.243e-05      9.071   1.000e-05  |      955    7.6781e-03
     960    3.0029e-05    0.0000e+00   1.243e-05     24.127   1.000e-05  |      960    7.6781e-03
     961    3.0029e-05    0.0000e+00   1.243e-05      9.044   1.000e-05  |      960    7.6781e-03
     962    3.0029e-05    0.0000e+00   1.243e-05      8.773   1.000e-05  |      960    7.6781e-03
     963    3.0029e-05    0.0000e+00   1.243e-05      9.065   1.000e-05  |      960    7.6781e-03
     964    3.0029e-05    0.0000e+00   1.243e-05      8.733   1.000e-05  |      960    7.6781e-03
     965    3.0029e-05    0.0000e+00   1.243e-05     24.049   1.000e-05  |      965    7.6781e-03
     966    3.0029e-05    0.0000e+00   1.243e-05      9.012   1.000e-05  |      965    7.6781e-03
     967    3.0029e-05    0.0000e+00   1.243e-05      8.760   1.000e-05  |      965    7.6781e-03
     968    3.0029e-05    0.0000e+00   1.243e-05      8.971   1.000e-05  |      965    7.6781e-03
     969    3.0029e-05    0.0000e+00   1.243e-05      8.733   1.000e-05  |      965    7.6781e-03
     970    3.0029e-05    0.0000e+00   1.243e-05     24.374   1.000e-05  |      970    7.6781e-03
     971    3.0029e-05    0.0000e+00   1.243e-05      8.673   1.000e-05  |      970    7.6781e-03
     972    3.0029e-05    0.0000e+00   1.243e-05      9.053   1.000e-05  |      970    7.6781e-03
     973    3.0029e-05    0.0000e+00   1.243e-05      8.748   1.000e-05  |      970    7.6781e-03
     974    3.0029e-05    0.0000e+00   1.243e-05      8.790   1.000e-05  |      970    7.6781e-03
     975    3.0029e-05    0.0000e+00   1.243e-05     24.359   1.000e-05  |      975    7.6781e-03
     976    3.0029e-05    0.0000e+00   1.243e-05      9.086   1.000e-05  |      975    7.6781e-03
     977    3.0029e-05    0.0000e+00   1.243e-05      8.760   1.000e-05  |      975    7.6781e-03
     978    3.0029e-05    0.0000e+00   1.243e-05      8.765   1.000e-05  |      975    7.6781e-03
     979    3.0029e-05    0.0000e+00   1.243e-05      9.065   1.000e-05  |      975    7.6781e-03
     980    3.0029e-05    0.0000e+00   1.243e-05     24.163   1.000e-05  |      980    7.6781e-03
     981    3.0029e-05    0.0000e+00   1.243e-05      9.101   1.000e-05  |      980    7.6781e-03
     982    3.0029e-05    0.0000e+00   1.243e-05      8.764   1.000e-05  |      980    7.6781e-03
     983    3.0029e-05    0.0000e+00   1.243e-05      9.070   1.000e-05  |      980    7.6781e-03
     984    3.0029e-05    0.0000e+00   1.243e-05      8.718   1.000e-05  |      980    7.6781e-03
     985    3.0029e-05    0.0000e+00   1.243e-05     24.062   1.000e-05  |      985    7.6781e-03
     986    3.0029e-05    0.0000e+00   1.243e-05      9.017   1.000e-05  |      985    7.6781e-03
     987    3.0029e-05    0.0000e+00   1.243e-05      8.725   1.000e-05  |      985    7.6781e-03
     988    3.0029e-05    0.0000e+00   1.243e-05      9.037   1.000e-05  |      985    7.6781e-03
     989    3.0029e-05    0.0000e+00   1.243e-05      8.764   1.000e-05  |      985    7.6781e-03
     990    3.0029e-05    0.0000e+00   1.243e-05     24.464   1.000e-05  |      990    7.6781e-03
     991    3.0029e-05    0.0000e+00   1.243e-05      8.670   1.000e-05  |      990    7.6781e-03
     992    3.0029e-05    0.0000e+00   1.243e-05      9.071   1.000e-05  |      990    7.6781e-03
     993    3.0029e-05    0.0000e+00   1.243e-05      8.756   1.000e-05  |      990    7.6781e-03
     994    3.0029e-05    0.0000e+00   1.243e-05      9.054   1.000e-05  |      990    7.6781e-03
     995    3.0029e-05    0.0000e+00   1.243e-05     24.040   1.000e-05  |      995    7.6781e-03
     996    3.0029e-05    0.0000e+00   1.243e-05      8.767   1.000e-05  |      995    7.6781e-03
     997    3.0029e-05    0.0000e+00   1.243e-05      9.060   1.000e-05  |      995    7.6781e-03
     998    3.0029e-05    0.0000e+00   1.243e-05      8.791   1.000e-05  |      995    7.6781e-03
     999    3.0029e-05    0.0000e+00   1.243e-05      8.900   1.000e-05  |      995    7.6781e-03
    1000    3.0029e-05    0.0000e+00   1.243e-05     24.167   1.000e-05  |     1000    7.6781e-03
    1001    3.0029e-05    0.0000e+00   1.243e-05      9.049   1.000e-05  |     1000    7.6781e-03
    1002    3.0029e-05    0.0000e+00   1.243e-05      8.733   1.000e-05  |     1000    7.6781e-03
    1003    3.0029e-05    0.0000e+00   1.243e-05      9.055   1.000e-05  |     1000    7.6781e-03
    1004    3.0029e-05    0.0000e+00   1.243e-05      8.780   1.000e-05  |     1000    7.6781e-03
    1005    3.0029e-05    0.0000e+00   1.243e-05     24.453   1.000e-05  |     1005    7.6781e-03
    1006    3.0029e-05    0.0000e+00   1.243e-05      8.657   1.000e-05  |     1005    7.6781e-03
    1007    3.0029e-05    0.0000e+00   1.243e-05      8.754   1.000e-05  |     1005    7.6781e-03
    1008    3.0029e-05    0.0000e+00   1.243e-05      9.037   1.000e-05  |     1005    7.6781e-03
    1009    3.0029e-05    0.0000e+00   1.243e-05      8.773   1.000e-05  |     1005    7.6781e-03
    1010    3.0029e-05    0.0000e+00   1.243e-05     24.475   1.000e-05  |     1010    7.6781e-03
    1011    3.0029e-05    0.0000e+00   1.243e-05      8.820   1.000e-05  |     1010    7.6781e-03
    1012    3.0029e-05    0.0000e+00   1.243e-05      9.034   1.000e-05  |     1010    7.6781e-03
    1013    3.0029e-05    0.0000e+00   1.243e-05      8.799   1.000e-05  |     1010    7.6781e-03
    1014    3.0029e-05    0.0000e+00   1.243e-05      8.983   1.000e-05  |     1010    7.6781e-03
    1015    3.0029e-05    0.0000e+00   1.243e-05     24.044   1.000e-05  |     1015    7.6781e-03
    1016    3.0029e-05    0.0000e+00   1.243e-05      9.065   1.000e-05  |     1015    7.6781e-03
    1017    3.0029e-05    0.0000e+00   1.243e-05      8.749   1.000e-05  |     1015    7.6781e-03
    1018    3.0029e-05    0.0000e+00   1.243e-05      8.739   1.000e-05  |     1015    7.6781e-03
    1019    3.0029e-05    0.0000e+00   1.243e-05      9.058   1.000e-05  |     1015    7.6781e-03
    1020    3.0029e-05    0.0000e+00   1.243e-05     24.224   1.000e-05  |     1020    7.6781e-03
    1021    3.0029e-05    0.0000e+00   1.243e-05      8.903   1.000e-05  |     1020    7.6781e-03
    1022    3.0029e-05    0.0000e+00   1.243e-05      8.739   1.000e-05  |     1020    7.6781e-03
    1023    3.0029e-05    0.0000e+00   1.243e-05      9.049   1.000e-05  |     1020    7.6781e-03
    1024    3.0029e-05    0.0000e+00   1.243e-05      8.793   1.000e-05  |     1020    7.6781e-03
    1025    3.0029e-05    0.0000e+00   1.243e-05     24.332   1.000e-05  |     1025    7.6781e-03
    1026    3.0029e-05    0.0000e+00   1.243e-05      8.747   1.000e-05  |     1025    7.6781e-03
    1027    3.0029e-05    0.0000e+00   1.243e-05      9.089   1.000e-05  |     1025    7.6781e-03
    1028    3.0029e-05    0.0000e+00   1.243e-05      8.736   1.000e-05  |     1025    7.6781e-03
    1029    3.0029e-05    0.0000e+00   1.243e-05      8.749   1.000e-05  |     1025    7.6781e-03
    1030    3.0029e-05    0.0000e+00   1.243e-05     24.352   1.000e-05  |     1030    7.6781e-03
    1031    3.0029e-05    0.0000e+00   1.243e-05      8.788   1.000e-05  |     1030    7.6781e-03
    1032    3.0029e-05    0.0000e+00   1.243e-05      9.055   1.000e-05  |     1030    7.6781e-03
    1033    3.0029e-05    0.0000e+00   1.243e-05      8.747   1.000e-05  |     1030    7.6781e-03
    1034    3.0029e-05    0.0000e+00   1.243e-05      9.025   1.000e-05  |     1030    7.6781e-03
    1035    3.0029e-05    0.0000e+00   1.243e-05     24.109   1.000e-05  |     1035    7.6781e-03
    1036    3.0029e-05    0.0000e+00   1.243e-05      8.959   1.000e-05  |     1035    7.6781e-03
    1037    3.0029e-05    0.0000e+00   1.243e-05      8.717   1.000e-05  |     1035    7.6781e-03
    1038    3.0029e-05    0.0000e+00   1.243e-05      9.090   1.000e-05  |     1035    7.6781e-03
    1039    3.0029e-05    0.0000e+00   1.243e-05      8.762   1.000e-05  |     1035    7.6781e-03
    1040    3.0029e-05    0.0000e+00   1.243e-05     24.149   1.000e-05  |     1040    7.6781e-03
    1041    3.0029e-05    0.0000e+00   1.243e-05      8.965   1.000e-05  |     1040    7.6781e-03
    1042    3.0029e-05    0.0000e+00   1.243e-05      8.763   1.000e-05  |     1040    7.6781e-03
    1043    3.0029e-05    0.0000e+00   1.243e-05      9.064   1.000e-05  |     1040    7.6781e-03
    1044    3.0029e-05    0.0000e+00   1.243e-05      8.823   1.000e-05  |     1040    7.6781e-03
    1045    3.0029e-05    0.0000e+00   1.243e-05     24.188   1.000e-05  |     1045    7.6781e-03
    1046    3.0029e-05    0.0000e+00   1.243e-05      8.729   1.000e-05  |     1045    7.6781e-03
    1047    3.0029e-05    0.0000e+00   1.243e-05      9.044   1.000e-05  |     1045    7.6781e-03
    1048    3.0029e-05    0.0000e+00   1.243e-05      8.740   1.000e-05  |     1045    7.6781e-03
    1049    3.0029e-05    0.0000e+00   1.243e-05      9.055   1.000e-05  |     1045    7.6781e-03
    1050    3.0029e-05    0.0000e+00   1.243e-05     24.225   1.000e-05  |     1050    7.6781e-03
    1051    3.0029e-05    0.0000e+00   1.243e-05      8.699   1.000e-05  |     1050    7.6781e-03
    1052    3.0029e-05    0.0000e+00   1.243e-05      8.987   1.000e-05  |     1050    7.6781e-03
    1053    3.0029e-05    0.0000e+00   1.243e-05      8.930   1.000e-05  |     1050    7.6781e-03
    1054    3.0029e-05    0.0000e+00   1.243e-05      8.749   1.000e-05  |     1050    7.6781e-03
    1055    3.0029e-05    0.0000e+00   1.243e-05     24.030   1.000e-05  |     1055    7.6781e-03
    1056    3.0029e-05    0.0000e+00   1.243e-05      9.039   1.000e-05  |     1055    7.6781e-03
    1057    3.0029e-05    0.0000e+00   1.243e-05      8.721   1.000e-05  |     1055    7.6781e-03
    1058    3.0029e-05    0.0000e+00   1.243e-05      9.076   1.000e-05  |     1055    7.6781e-03
    1059    3.0029e-05    0.0000e+00   1.243e-05      8.735   1.000e-05  |     1055    7.6781e-03
    1060    3.0029e-05    0.0000e+00   1.243e-05     24.584   1.000e-05  |     1060    7.6781e-03
    1061    3.0029e-05    0.0000e+00   1.243e-05      8.752   1.000e-05  |     1060    7.6781e-03
    1062    3.0029e-05    0.0000e+00   1.243e-05      9.111   1.000e-05  |     1060    7.6781e-03
    1063    3.0029e-05    0.0000e+00   1.243e-05      8.751   1.000e-05  |     1060    7.6781e-03
    1064    3.0029e-05    0.0000e+00   1.243e-05      8.813   1.000e-05  |     1060    7.6781e-03
    1065    3.0029e-05    0.0000e+00   1.243e-05     24.351   1.000e-05  |     1065    7.6781e-03
    1066    3.0029e-05    0.0000e+00   1.243e-05      8.739   1.000e-05  |     1065    7.6781e-03
    1067    3.0029e-05    0.0000e+00   1.243e-05      9.083   1.000e-05  |     1065    7.6781e-03
    1068    3.0029e-05    0.0000e+00   1.243e-05      8.722   1.000e-05  |     1065    7.6781e-03
    1069    3.0029e-05    0.0000e+00   1.243e-05      8.951   1.000e-05  |     1065    7.6781e-03
    1070    3.0029e-05    0.0000e+00   1.243e-05     24.278   1.000e-05  |     1070    7.6781e-03
    1071    3.0029e-05    0.0000e+00   1.243e-05      9.089   1.000e-05  |     1070    7.6781e-03
    1072    3.0029e-05    0.0000e+00   1.243e-05      8.700   1.000e-05  |     1070    7.6781e-03
    1073    3.0029e-05    0.0000e+00   1.243e-05      9.093   1.000e-05  |     1070    7.6781e-03
    1074    3.0029e-05    0.0000e+00   1.243e-05      8.788   1.000e-05  |     1070    7.6781e-03
    1075    3.0029e-05    0.0000e+00   1.243e-05     24.148   1.000e-05  |     1075    7.6781e-03
    1076    3.0029e-05    0.0000e+00   1.243e-05      8.979   1.000e-05  |     1075    7.6781e-03
    1077    3.0029e-05    0.0000e+00   1.243e-05      8.782   1.000e-05  |     1075    7.6781e-03
    1078    3.0029e-05    0.0000e+00   1.243e-05      9.046   1.000e-05  |     1075    7.6781e-03
    1079    3.0029e-05    0.0000e+00   1.243e-05      8.701   1.000e-05  |     1075    7.6781e-03
    1080    3.0029e-05    0.0000e+00   1.243e-05     24.433   1.000e-05  |     1080    7.6781e-03
    1081    3.0029e-05    0.0000e+00   1.243e-05      8.743   1.000e-05  |     1080    7.6781e-03
    1082    3.0029e-05    0.0000e+00   1.243e-05      9.065   1.000e-05  |     1080    7.6781e-03
    1083    3.0029e-05    0.0000e+00   1.243e-05      8.774   1.000e-05  |     1080    7.6781e-03
    1084    3.0029e-05    0.0000e+00   1.243e-05      9.053   1.000e-05  |     1080    7.6781e-03
    1085    3.0029e-05    0.0000e+00   1.243e-05     23.934   1.000e-05  |     1085    7.6781e-03
    1086    3.0029e-05    0.0000e+00   1.243e-05      9.078   1.000e-05  |     1085    7.6781e-03
    1087    3.0029e-05    0.0000e+00   1.243e-05      8.747   1.000e-05  |     1085    7.6781e-03
    1088    3.0029e-05    0.0000e+00   1.243e-05      8.739   1.000e-05  |     1085    7.6781e-03
    1089    3.0029e-05    0.0000e+00   1.243e-05      9.030   1.000e-05  |     1085    7.6781e-03
    1090    3.0028e-05    0.0000e+00   1.243e-05     24.460   1.000e-05  |     1090    7.6781e-03
    1091    3.0028e-05    0.0000e+00   1.243e-05      8.740   1.000e-05  |     1090    7.6781e-03
    1092    3.0028e-05    0.0000e+00   1.243e-05      8.714   1.000e-05  |     1090    7.6781e-03
    1093    3.0028e-05    0.0000e+00   1.243e-05      8.954   1.000e-05  |     1090    7.6781e-03
    1094    3.0028e-05    0.0000e+00   1.243e-05      8.753   1.000e-05  |     1090    7.6781e-03
    1095    3.0028e-05    0.0000e+00   1.243e-05     24.374   1.000e-05  |     1095    7.6781e-03
    1096    3.0028e-05    0.0000e+00   1.243e-05      8.731   1.000e-05  |     1095    7.6781e-03
    1097    3.0028e-05    0.0000e+00   1.243e-05      9.117   1.000e-05  |     1095    7.6781e-03
    1098    3.0028e-05    0.0000e+00   1.243e-05      8.734   1.000e-05  |     1095    7.6781e-03
    1099    3.0028e-05    0.0000e+00   1.243e-05      8.781   1.000e-05  |     1095    7.6781e-03
    1100    3.0028e-05    0.0000e+00   1.243e-05     24.382   1.000e-05  |     1100    7.6781e-03
    1101    3.0028e-05    0.0000e+00   1.243e-05      9.008   1.000e-05  |     1100    7.6781e-03
    1102    3.0028e-05    0.0000e+00   1.243e-05      8.752   1.000e-05  |     1100    7.6781e-03
    1103    3.0028e-05    0.0000e+00   1.243e-05      8.761   1.000e-05  |     1100    7.6781e-03
    1104    3.0028e-05    0.0000e+00   1.243e-05      8.960   1.000e-05  |     1100    7.6781e-03
    1105    3.0028e-05    0.0000e+00   1.243e-05     23.985   1.000e-05  |     1105    7.6781e-03
    1106    3.0028e-05    0.0000e+00   1.243e-05      9.074   1.000e-05  |     1105    7.6781e-03
    1107    3.0028e-05    0.0000e+00   1.243e-05      8.732   1.000e-05  |     1105    7.6781e-03
    1108    3.0028e-05    0.0000e+00   1.243e-05      9.067   1.000e-05  |     1105    7.6781e-03
    1109    3.0028e-05    0.0000e+00   1.243e-05      8.671   1.000e-05  |     1105    7.6781e-03
    1110    3.0028e-05    0.0000e+00   1.243e-05     24.212   1.000e-05  |     1110    7.6781e-03
    1111    3.0028e-05    0.0000e+00   1.243e-05      8.972   1.000e-05  |     1110    7.6781e-03
    1112    3.0028e-05    0.0000e+00   1.243e-05      9.089   1.000e-05  |     1110    7.6781e-03
    1113    3.0028e-05    0.0000e+00   1.243e-05      8.754   1.000e-05  |     1110    7.6781e-03
    1114    3.0028e-05    0.0000e+00   1.243e-05      8.750   1.000e-05  |     1110    7.6781e-03
    1115    3.0028e-05    0.0000e+00   1.243e-05     24.348   1.000e-05  |     1115    7.6781e-03
    1116    3.0028e-05    0.0000e+00   1.243e-05      8.671   1.000e-05  |     1115    7.6781e-03
    1117    3.0028e-05    0.0000e+00   1.243e-05      9.007   1.000e-05  |     1115    7.6781e-03
    1118    3.0028e-05    0.0000e+00   1.243e-05      8.757   1.000e-05  |     1115    7.6781e-03
    1119    3.0028e-05    0.0000e+00   1.243e-05      9.041   1.000e-05  |     1115    7.6781e-03
    1120    3.0028e-05    0.0000e+00   1.243e-05     24.221   1.000e-05  |     1120    7.6781e-03
    1121    3.0028e-05    0.0000e+00   1.243e-05      8.813   1.000e-05  |     1120    7.6781e-03
    1122    3.0028e-05    0.0000e+00   1.243e-05      8.971   1.000e-05  |     1120    7.6781e-03
    1123    3.0028e-05    0.0000e+00   1.243e-05      9.005   1.000e-05  |     1120    7.6781e-03
    1124    3.0028e-05    0.0000e+00   1.243e-05      8.646   1.000e-05  |     1120    7.6781e-03
    1125    3.0028e-05    0.0000e+00   1.243e-05     24.094   1.000e-05  |     1125    7.6781e-03
    1126    3.0028e-05    0.0000e+00   1.243e-05      9.020   1.000e-05  |     1125    7.6781e-03
    1127    3.0028e-05    0.0000e+00   1.243e-05      8.739   1.000e-05  |     1125    7.6781e-03
    1128    3.0028e-05    0.0000e+00   1.243e-05      9.068   1.000e-05  |     1125    7.6781e-03
    1129    3.0028e-05    0.0000e+00   1.243e-05      8.760   1.000e-05  |     1125    7.6781e-03
    1130    3.0028e-05    0.0000e+00   1.243e-05     24.516   1.000e-05  |     1130    7.6782e-03
    1131    3.0028e-05    0.0000e+00   1.243e-05      8.698   1.000e-05  |     1130    7.6782e-03
    1132    3.0028e-05    0.0000e+00   1.243e-05      9.079   1.000e-05  |     1130    7.6782e-03
    1133    3.0028e-05    0.0000e+00   1.243e-05      8.771   1.000e-05  |     1130    7.6782e-03
    1134    3.0028e-05    0.0000e+00   1.243e-05      8.768   1.000e-05  |     1130    7.6782e-03
    1135    3.0028e-05    0.0000e+00   1.243e-05     24.350   1.000e-05  |     1135    7.6782e-03
    1136    3.0028e-05    0.0000e+00   1.243e-05      8.779   1.000e-05  |     1135    7.6782e-03
    1137    3.0028e-05    0.0000e+00   1.243e-05      9.072   1.000e-05  |     1135    7.6782e-03
    1138    3.0028e-05    0.0000e+00   1.243e-05      8.751   1.000e-05  |     1135    7.6782e-03
    1139    3.0028e-05    0.0000e+00   1.243e-05      9.063   1.000e-05  |     1135    7.6782e-03
    1140    3.0028e-05    0.0000e+00   1.243e-05     24.037   1.000e-05  |     1140    7.6782e-03
    1141    3.0028e-05    0.0000e+00   1.243e-05      9.038   1.000e-05  |     1140    7.6782e-03
    1142    3.0028e-05    0.0000e+00   1.243e-05      8.730   1.000e-05  |     1140    7.6782e-03
    1143    3.0028e-05    0.0000e+00   1.243e-05      9.039   1.000e-05  |     1140    7.6782e-03
    1144    3.0028e-05    0.0000e+00   1.243e-05      8.758   1.000e-05  |     1140    7.6782e-03
    1145    3.0028e-05    0.0000e+00   1.243e-05     24.060   1.000e-05  |     1145    7.6782e-03
    1146    3.0028e-05    0.0000e+00   1.243e-05      9.040   1.000e-05  |     1145    7.6782e-03
    1147    3.0028e-05    0.0000e+00   1.243e-05      8.733   1.000e-05  |     1145    7.6782e-03
    1148    3.0028e-05    0.0000e+00   1.243e-05      9.056   1.000e-05  |     1145    7.6782e-03
    1149    3.0028e-05    0.0000e+00   1.243e-05      8.732   1.000e-05  |     1145    7.6782e-03
    1150    3.0028e-05    0.0000e+00   1.243e-05     24.489   1.000e-05  |     1150    7.6782e-03
    1151    3.0028e-05    0.0000e+00   1.243e-05      8.720   1.000e-05  |     1150    7.6782e-03
    1152    3.0028e-05    0.0000e+00   1.243e-05      9.046   1.000e-05  |     1150    7.6782e-03
    1153    3.0028e-05    0.0000e+00   1.243e-05      8.731   1.000e-05  |     1150    7.6782e-03
    1154    3.0028e-05    0.0000e+00   1.243e-05      9.012   1.000e-05  |     1150    7.6782e-03
    1155    3.0028e-05    0.0000e+00   1.243e-05     23.956   1.000e-05  |     1155    7.6782e-03
    1156    3.0028e-05    0.0000e+00   1.243e-05      9.035   1.000e-05  |     1155    7.6782e-03
    1157    3.0028e-05    0.0000e+00   1.243e-05      8.732   1.000e-05  |     1155    7.6782e-03
    1158    3.0028e-05    0.0000e+00   1.243e-05      8.730   1.000e-05  |     1155    7.6782e-03
    1159    3.0028e-05    0.0000e+00   1.243e-05      8.996   1.000e-05  |     1155    7.6782e-03
    1160    3.0028e-05    0.0000e+00   1.243e-05     24.515   1.000e-05  |     1160    7.6782e-03
    1161    3.0028e-05    0.0000e+00   1.243e-05      8.694   1.000e-05  |     1160    7.6782e-03
    1162    3.0028e-05    0.0000e+00   1.243e-05      8.640   1.000e-05  |     1160    7.6782e-03
    1163    3.0028e-05    0.0000e+00   1.243e-05      9.033   1.000e-05  |     1160    7.6782e-03
    1164    3.0028e-05    0.0000e+00   1.243e-05      8.712   1.000e-05  |     1160    7.6782e-03
    1165    3.0028e-05    0.0000e+00   1.243e-05     24.250   1.000e-05  |     1165    7.6782e-03
    1166    3.0028e-05    0.0000e+00   1.243e-05      8.711   1.000e-05  |     1165    7.6782e-03
    1167    3.0028e-05    0.0000e+00   1.243e-05      9.116   1.000e-05  |     1165    7.6782e-03
    1168    3.0028e-05    0.0000e+00   1.243e-05      8.744   1.000e-05  |     1165    7.6782e-03
    1169    3.0028e-05    0.0000e+00   1.243e-05      8.766   1.000e-05  |     1165    7.6782e-03
    1170    3.0028e-05    0.0000e+00   1.243e-05     24.414   1.000e-05  |     1170    7.6782e-03
    1171    3.0028e-05    0.0000e+00   1.243e-05      8.786   1.000e-05  |     1170    7.6782e-03
    1172    3.0028e-05    0.0000e+00   1.243e-05      8.983   1.000e-05  |     1170    7.6782e-03
    1173    3.0028e-05    0.0000e+00   1.243e-05      8.761   1.000e-05  |     1170    7.6782e-03
    1174    3.0028e-05    0.0000e+00   1.243e-05      9.007   1.000e-05  |     1170    7.6782e-03
    1175    3.0028e-05    0.0000e+00   1.243e-05     24.104   1.000e-05  |     1175    7.6782e-03
    1176    3.0028e-05    0.0000e+00   1.243e-05      9.027   1.000e-05  |     1175    7.6782e-03
    1177    3.0028e-05    0.0000e+00   1.243e-05      8.722   1.000e-05  |     1175    7.6782e-03
    1178    3.0028e-05    0.0000e+00   1.243e-05      8.959   1.000e-05  |     1175    7.6782e-03
    1179    3.0028e-05    0.0000e+00   1.243e-05      8.774   1.000e-05  |     1175    7.6782e-03
    1180    3.0028e-05    0.0000e+00   1.243e-05     24.568   1.000e-05  |     1180    7.6782e-03
    1181    3.0028e-05    0.0000e+00   1.243e-05      8.734   1.000e-05  |     1180    7.6782e-03
    1182    3.0028e-05    0.0000e+00   1.243e-05      9.056   1.000e-05  |     1180    7.6782e-03
    1183    3.0028e-05    0.0000e+00   1.243e-05      8.768   1.000e-05  |     1180    7.6782e-03
    1184    3.0028e-05    0.0000e+00   1.243e-05      8.756   1.000e-05  |     1180    7.6782e-03
    1185    3.0028e-05    0.0000e+00   1.243e-05     24.400   1.000e-05  |     1185    7.6782e-03
    1186    3.0028e-05    0.0000e+00   1.243e-05      8.753   1.000e-05  |     1185    7.6782e-03
    1187    3.0028e-05    0.0000e+00   1.243e-05      9.067   1.000e-05  |     1185    7.6782e-03
    1188    3.0028e-05    0.0000e+00   1.243e-05      8.752   1.000e-05  |     1185    7.6782e-03
    1189    3.0028e-05    0.0000e+00   1.243e-05      8.995   1.000e-05  |     1185    7.6782e-03
    1190    3.0028e-05    0.0000e+00   1.243e-05     24.158   1.000e-05  |     1190    7.6782e-03
    1191    3.0028e-05    0.0000e+00   1.243e-05      8.759   1.000e-05  |     1190    7.6782e-03
    1192    3.0028e-05    0.0000e+00   1.243e-05      9.002   1.000e-05  |     1190    7.6782e-03
    1193    3.0028e-05    0.0000e+00   1.243e-05      8.959   1.000e-05  |     1190    7.6782e-03
    1194    3.0028e-05    0.0000e+00   1.243e-05      8.762   1.000e-05  |     1190    7.6782e-03
    1195    3.0028e-05    0.0000e+00   1.243e-05     24.074   1.000e-05  |     1195    7.6782e-03
    1196    3.0028e-05    0.0000e+00   1.243e-05      9.045   1.000e-05  |     1195    7.6782e-03
    1197    3.0028e-05    0.0000e+00   1.243e-05      8.720   1.000e-05  |     1195    7.6782e-03
    1198    3.0028e-05    0.0000e+00   1.243e-05      9.077   1.000e-05  |     1195    7.6782e-03
    1199    3.0028e-05    0.0000e+00   1.243e-05      8.757   1.000e-05  |     1195    7.6782e-03
    1200    3.0028e-05    0.0000e+00   1.243e-05     24.488   1.000e-05  |     1200    7.6782e-03
    1201    3.0028e-05    0.0000e+00   1.243e-05      8.755   1.000e-05  |     1200    7.6782e-03
    1202    3.0028e-05    0.0000e+00   1.243e-05      9.073   1.000e-05  |     1200    7.6782e-03
    1203    3.0028e-05    0.0000e+00   1.243e-05      8.725   1.000e-05  |     1200    7.6782e-03
    1204    3.0028e-05    0.0000e+00   1.243e-05      8.767   1.000e-05  |     1200    7.6782e-03
    1205    3.0028e-05    0.0000e+00   1.243e-05     24.308   1.000e-05  |     1205    7.6782e-03
    1206    3.0028e-05    0.0000e+00   1.243e-05      8.767   1.000e-05  |     1205    7.6782e-03
    1207    3.0028e-05    0.0000e+00   1.243e-05      9.061   1.000e-05  |     1205    7.6782e-03
    1208    3.0028e-05    0.0000e+00   1.243e-05      8.717   1.000e-05  |     1205    7.6782e-03
    1209    3.0028e-05    0.0000e+00   1.243e-05      9.022   1.000e-05  |     1205    7.6782e-03
    1210    3.0028e-05    0.0000e+00   1.243e-05     24.153   1.000e-05  |     1210    7.6782e-03
    1211    3.0028e-05    0.0000e+00   1.243e-05      9.030   1.000e-05  |     1210    7.6782e-03
    1212    3.0028e-05    0.0000e+00   1.243e-05      8.762   1.000e-05  |     1210    7.6782e-03
    1213    3.0028e-05    0.0000e+00   1.243e-05      9.108   1.000e-05  |     1210    7.6782e-03
    1214    3.0028e-05    0.0000e+00   1.243e-05      8.748   1.000e-05  |     1210    7.6782e-03
    1215    3.0028e-05    0.0000e+00   1.243e-05     24.053   1.000e-05  |     1215    7.6782e-03
    1216    3.0028e-05    0.0000e+00   1.243e-05      8.960   1.000e-05  |     1215    7.6782e-03
    1217    3.0028e-05    0.0000e+00   1.243e-05      8.796   1.000e-05  |     1215    7.6782e-03
    1218    3.0028e-05    0.0000e+00   1.243e-05      9.032   1.000e-05  |     1215    7.6782e-03
    1219    3.0028e-05    0.0000e+00   1.243e-05      8.725   1.000e-05  |     1215    7.6782e-03
    1220    3.0028e-05    0.0000e+00   1.243e-05     24.422   1.000e-05  |     1220    7.6782e-03
    1221    3.0028e-05    0.0000e+00   1.243e-05      8.694   1.000e-05  |     1220    7.6782e-03
    1222    3.0028e-05    0.0000e+00   1.243e-05      9.060   1.000e-05  |     1220    7.6782e-03
    1223    3.0028e-05    0.0000e+00   1.243e-05      8.734   1.000e-05  |     1220    7.6782e-03
    1224    3.0028e-05    0.0000e+00   1.243e-05      9.044   1.000e-05  |     1220    7.6782e-03
    1225    3.0028e-05    0.0000e+00   1.243e-05     23.963   1.000e-05  |     1225    7.6782e-03
    1226    3.0028e-05    0.0000e+00   1.243e-05      9.030   1.000e-05  |     1225    7.6782e-03
    1227    3.0028e-05    0.0000e+00   1.243e-05      8.729   1.000e-05  |     1225    7.6782e-03
    1228    3.0028e-05    0.0000e+00   1.243e-05      8.761   1.000e-05  |     1225    7.6782e-03
    1229    3.0028e-05    0.0000e+00   1.243e-05      9.012   1.000e-05  |     1225    7.6782e-03
    1230    3.0028e-05    0.0000e+00   1.243e-05     24.532   1.000e-05  |     1230    7.6782e-03
    1231    3.0028e-05    0.0000e+00   1.243e-05      8.759   1.000e-05  |     1230    7.6782e-03
    1232    3.0028e-05    0.0000e+00   1.243e-05      8.748   1.000e-05  |     1230    7.6782e-03
    1233    3.0028e-05    0.0000e+00   1.243e-05      8.964   1.000e-05  |     1230    7.6782e-03
    1234    3.0028e-05    0.0000e+00   1.243e-05      8.732   1.000e-05  |     1230    7.6782e-03
    1235    3.0028e-05    0.0000e+00   1.243e-05     24.382   1.000e-05  |     1235    7.6782e-03
    1236    3.0028e-05    0.0000e+00   1.243e-05      8.722   1.000e-05  |     1235    7.6782e-03
    1237    3.0028e-05    0.0000e+00   1.243e-05      9.055   1.000e-05  |     1235    7.6782e-03
    1238    3.0028e-05    0.0000e+00   1.243e-05      8.743   1.000e-05  |     1235    7.6782e-03
    1239    3.0028e-05    0.0000e+00   1.243e-05      8.755   1.000e-05  |     1235    7.6782e-03
    1240    3.0028e-05    0.0000e+00   1.243e-05     24.415   1.000e-05  |     1240    7.6782e-03
    1241    3.0028e-05    0.0000e+00   1.243e-05      8.781   1.000e-05  |     1240    7.6782e-03
    1242    3.0028e-05    0.0000e+00   1.243e-05      8.966   1.000e-05  |     1240    7.6782e-03
    1243    3.0028e-05    0.0000e+00   1.243e-05      8.762   1.000e-05  |     1240    7.6782e-03
    1244    3.0028e-05    0.0000e+00   1.243e-05      9.061   1.000e-05  |     1240    7.6782e-03
    1245    3.0028e-05    0.0000e+00   1.243e-05     24.038   1.000e-05  |     1245    7.6782e-03
    1246    3.0028e-05    0.0000e+00   1.243e-05      9.018   1.000e-05  |     1245    7.6782e-03
    1247    3.0028e-05    0.0000e+00   1.243e-05      8.783   1.000e-05  |     1245    7.6782e-03
    1248    3.0028e-05    0.0000e+00   1.243e-05      9.003   1.000e-05  |     1245    7.6782e-03
    1249    3.0028e-05    0.0000e+00   1.243e-05      8.679   1.000e-05  |     1245    7.6782e-03
    1250    3.0028e-05    0.0000e+00   1.243e-05     24.580   1.000e-05  |     1250    7.6782e-03
    1251    3.0028e-05    0.0000e+00   1.243e-05      8.730   1.000e-05  |     1250    7.6782e-03
    1252    3.0028e-05    0.0000e+00   1.243e-05      8.774   1.000e-05  |     1250    7.6782e-03
    1253    3.0028e-05    0.0000e+00   1.243e-05      9.028   1.000e-05  |     1250    7.6782e-03
    1254    3.0028e-05    0.0000e+00   1.243e-05      8.768   1.000e-05  |     1250    7.6782e-03
    1255    3.0028e-05    0.0000e+00   1.243e-05     24.277   1.000e-05  |     1255    7.6782e-03
    1256    3.0028e-05    0.0000e+00   1.243e-05      8.699   1.000e-05  |     1255    7.6782e-03
    1257    3.0028e-05    0.0000e+00   1.243e-05      9.030   1.000e-05  |     1255    7.6782e-03
    1258    3.0028e-05    0.0000e+00   1.243e-05      8.730   1.000e-05  |     1255    7.6782e-03
    1259    3.0028e-05    0.0000e+00   1.243e-05      9.037   1.000e-05  |     1255    7.6782e-03
    1260    3.0028e-05    0.0000e+00   1.243e-05     24.124   1.000e-05  |     1260    7.6782e-03
    1261    3.0028e-05    0.0000e+00   1.243e-05      9.081   1.000e-05  |     1260    7.6782e-03
    1262    3.0028e-05    0.0000e+00   1.243e-05      8.747   1.000e-05  |     1260    7.6782e-03
    1263    3.0028e-05    0.0000e+00   1.243e-05      9.052   1.000e-05  |     1260    7.6782e-03
    1264    3.0028e-05    0.0000e+00   1.243e-05      8.766   1.000e-05  |     1260    7.6782e-03
    1265    3.0028e-05    0.0000e+00   1.243e-05     24.101   1.000e-05  |     1265    7.6782e-03
    1266    3.0028e-05    0.0000e+00   1.243e-05      8.997   1.000e-05  |     1265    7.6782e-03
    1267    3.0028e-05    0.0000e+00   1.243e-05      8.783   1.000e-05  |     1265    7.6782e-03
    1268    3.0028e-05    0.0000e+00   1.243e-05      9.055   1.000e-05  |     1265    7.6782e-03
    1269    3.0028e-05    0.0000e+00   1.243e-05      8.780   1.000e-05  |     1265    7.6782e-03
    1270    3.0028e-05    0.0000e+00   1.243e-05     24.468   1.000e-05  |     1270    7.6782e-03
    1271    3.0028e-05    0.0000e+00   1.243e-05      8.807   1.000e-05  |     1270    7.6782e-03
    1272    3.0028e-05    0.0000e+00   1.243e-05      8.948   1.000e-05  |     1270    7.6782e-03
    1273    3.0028e-05    0.0000e+00   1.243e-05      8.747   1.000e-05  |     1270    7.6782e-03
    1274    3.0028e-05    0.0000e+00   1.243e-05      9.046   1.000e-05  |     1270    7.6782e-03
    1275    3.0028e-05    0.0000e+00   1.243e-05     23.967   1.000e-05  |     1275    7.6782e-03
    1276    3.0028e-05    0.0000e+00   1.243e-05      8.789   1.000e-05  |     1275    7.6782e-03
    1277    3.0028e-05    0.0000e+00   1.243e-05      9.008   1.000e-05  |     1275    7.6782e-03
    1278    3.0028e-05    0.0000e+00   1.243e-05      8.749   1.000e-05  |     1275    7.6782e-03
    1279    3.0028e-05    0.0000e+00   1.243e-05      9.050   1.000e-05  |     1275    7.6782e-03
    1280    3.0028e-05    0.0000e+00   1.243e-05     24.158   1.000e-05  |     1280    7.6782e-03
    1281    3.0028e-05    0.0000e+00   1.243e-05      8.970   1.000e-05  |     1280    7.6782e-03
    1282    3.0028e-05    0.0000e+00   1.243e-05      8.760   1.000e-05  |     1280    7.6782e-03
    1283    3.0028e-05    0.0000e+00   1.243e-05      9.102   1.000e-05  |     1280    7.6782e-03
    1284    3.0028e-05    0.0000e+00   1.243e-05      8.740   1.000e-05  |     1280    7.6782e-03
    1285    3.0028e-05    0.0000e+00   1.243e-05     24.367   1.000e-05  |     1285    7.6782e-03
    1286    3.0028e-05    0.0000e+00   1.243e-05      8.742   1.000e-05  |     1285    7.6782e-03
    1287    3.0028e-05    0.0000e+00   1.243e-05      8.735   1.000e-05  |     1285    7.6782e-03
    1288    3.0028e-05    0.0000e+00   1.243e-05      8.970   1.000e-05  |     1285    7.6782e-03
    1289    3.0028e-05    0.0000e+00   1.243e-05      8.777   1.000e-05  |     1285    7.6782e-03
    1290    3.0028e-05    0.0000e+00   1.243e-05     24.404   1.000e-05  |     1290    7.6782e-03
    1291    3.0028e-05    0.0000e+00   1.243e-05      8.767   1.000e-05  |     1290    7.6782e-03
    1292    3.0028e-05    0.0000e+00   1.243e-05      9.062   1.000e-05  |     1290    7.6782e-03
    1293    3.0028e-05    0.0000e+00   1.243e-05      8.807   1.000e-05  |     1290    7.6782e-03
    1294    3.0028e-05    0.0000e+00   1.243e-05      9.068   1.000e-05  |     1290    7.6782e-03
    1295    3.0028e-05    0.0000e+00   1.243e-05     24.072   1.000e-05  |     1295    7.6782e-03
    1296    3.0028e-05    0.0000e+00   1.243e-05      9.065   1.000e-05  |     1295    7.6782e-03
    1297    3.0028e-05    0.0000e+00   1.243e-05      8.684   1.000e-05  |     1295    7.6782e-03
    1298    3.0028e-05    0.0000e+00   1.243e-05      8.756   1.000e-05  |     1295    7.6782e-03
    1299    3.0028e-05    0.0000e+00   1.243e-05      9.080   1.000e-05  |     1295    7.6782e-03
    1300    3.0028e-05    0.0000e+00   1.243e-05     24.245   1.000e-05  |     1300    7.6782e-03
    1301    3.0028e-05    0.0000e+00   1.243e-05      9.016   1.000e-05  |     1300    7.6782e-03
    1302    3.0028e-05    0.0000e+00   1.243e-05      8.754   1.000e-05  |     1300    7.6782e-03
    1303    3.0028e-05    0.0000e+00   1.243e-05      8.949   1.000e-05  |     1300    7.6782e-03
    1304    3.0028e-05    0.0000e+00   1.243e-05      8.761   1.000e-05  |     1300    7.6782e-03
    1305    3.0028e-05    0.0000e+00   1.243e-05     24.337   1.000e-05  |     1305    7.6782e-03
    1306    3.0028e-05    0.0000e+00   1.243e-05      8.733   1.000e-05  |     1305    7.6782e-03
    1307    3.0028e-05    0.0000e+00   1.243e-05      9.073   1.000e-05  |     1305    7.6782e-03
    1308    3.0028e-05    0.0000e+00   1.243e-05      8.752   1.000e-05  |     1305    7.6782e-03
    1309    3.0028e-05    0.0000e+00   1.243e-05      8.769   1.000e-05  |     1305    7.6782e-03
    1310    3.0028e-05    0.0000e+00   1.243e-05     24.556   1.000e-05  |     1310    7.6782e-03
    1311    3.0028e-05    0.0000e+00   1.243e-05      8.762   1.000e-05  |     1310    7.6782e-03
    1312    3.0028e-05    0.0000e+00   1.243e-05      8.980   1.000e-05  |     1310    7.6782e-03
    1313    3.0028e-05    0.0000e+00   1.243e-05      8.752   1.000e-05  |     1310    7.6782e-03
    1314    3.0028e-05    0.0000e+00   1.243e-05      9.062   1.000e-05  |     1310    7.6782e-03
    1315    3.0028e-05    0.0000e+00   1.243e-05     24.076   1.000e-05  |     1315    7.6782e-03
    1316    3.0028e-05    0.0000e+00   1.243e-05      9.018   1.000e-05  |     1315    7.6782e-03
    1317    3.0028e-05    0.0000e+00   1.243e-05      8.767   1.000e-05  |     1315    7.6782e-03
    1318    3.0028e-05    0.0000e+00   1.243e-05      8.982   1.000e-05  |     1315    7.6782e-03
    1319    3.0028e-05    0.0000e+00   1.243e-05      8.715   1.000e-05  |     1315    7.6782e-03
    1320    3.0028e-05    0.0000e+00   1.243e-05     24.292   1.000e-05  |     1320    7.6782e-03
    1321    3.0028e-05    0.0000e+00   1.243e-05      9.018   1.000e-05  |     1320    7.6782e-03
    1322    3.0028e-05    0.0000e+00   1.243e-05      8.808   1.000e-05  |     1320    7.6782e-03
    1323    3.0028e-05    0.0000e+00   1.243e-05      9.060   1.000e-05  |     1320    7.6782e-03
    1324    3.0028e-05    0.0000e+00   1.243e-05      8.764   1.000e-05  |     1320    7.6782e-03
    1325    3.0028e-05    0.0000e+00   1.243e-05     24.405   1.000e-05  |     1325    7.6782e-03
    1326    3.0028e-05    0.0000e+00   1.243e-05      8.771   1.000e-05  |     1325    7.6782e-03
    1327    3.0028e-05    0.0000e+00   1.243e-05      9.051   1.000e-05  |     1325    7.6782e-03
    1328    3.0028e-05    0.0000e+00   1.243e-05      8.732   1.000e-05  |     1325    7.6782e-03
    1329    3.0028e-05    0.0000e+00   1.243e-05      9.097   1.000e-05  |     1325    7.6782e-03
    1330    3.0028e-05    0.0000e+00   1.243e-05     24.242   1.000e-05  |     1330    7.6782e-03
    1331    3.0028e-05    0.0000e+00   1.243e-05      8.749   1.000e-05  |     1330    7.6782e-03
    1332    3.0028e-05    0.0000e+00   1.243e-05      9.013   1.000e-05  |     1330    7.6782e-03
    1333    3.0028e-05    0.0000e+00   1.243e-05      8.759   1.000e-05  |     1330    7.6782e-03
    1334    3.0028e-05    0.0000e+00   1.243e-05      8.979   1.000e-05  |     1330    7.6782e-03
    1335    3.0028e-05    0.0000e+00   1.243e-05     24.150   1.000e-05  |     1335    7.6782e-03
    1336    3.0028e-05    0.0000e+00   1.243e-05      9.017   1.000e-05  |     1335    7.6782e-03
    1337    3.0028e-05    0.0000e+00   1.243e-05      8.802   1.000e-05  |     1335    7.6782e-03
    1338    3.0028e-05    0.0000e+00   1.243e-05      9.057   1.000e-05  |     1335    7.6782e-03
    1339    3.0028e-05    0.0000e+00   1.243e-05      8.780   1.000e-05  |     1335    7.6782e-03
    1340    3.0028e-05    0.0000e+00   1.243e-05     24.375   1.000e-05  |     1340    7.6782e-03
    1341    3.0028e-05    0.0000e+00   1.243e-05      8.797   1.000e-05  |     1340    7.6782e-03
    1342    3.0028e-05    0.0000e+00   1.243e-05      9.089   1.000e-05  |     1340    7.6782e-03
    1343    3.0028e-05    0.0000e+00   1.243e-05      8.752   1.000e-05  |     1340    7.6782e-03
    1344    3.0028e-05    0.0000e+00   1.243e-05      9.068   1.000e-05  |     1340    7.6782e-03
    1345    3.0028e-05    0.0000e+00   1.243e-05     23.973   1.000e-05  |     1345    7.6782e-03
    1346    3.0028e-05    0.0000e+00   1.243e-05      8.788   1.000e-05  |     1345    7.6782e-03
    1347    3.0028e-05    0.0000e+00   1.243e-05      8.999   1.000e-05  |     1345    7.6782e-03
    1348    3.0028e-05    0.0000e+00   1.243e-05      8.741   1.000e-05  |     1345    7.6782e-03
    1349    3.0028e-05    0.0000e+00   1.243e-05      8.997   1.000e-05  |     1345    7.6782e-03
    1350    3.0028e-05    0.0000e+00   1.243e-05     24.186   1.000e-05  |     1350    7.6782e-03
    1351    3.0028e-05    0.0000e+00   1.243e-05      8.986   1.000e-05  |     1350    7.6782e-03
    1352    3.0028e-05    0.0000e+00   1.243e-05      8.773   1.000e-05  |     1350    7.6782e-03
    1353    3.0028e-05    0.0000e+00   1.243e-05      9.037   1.000e-05  |     1350    7.6782e-03
    1354    3.0028e-05    0.0000e+00   1.243e-05      8.762   1.000e-05  |     1350    7.6782e-03
    1355    3.0028e-05    0.0000e+00   1.243e-05     24.379   1.000e-05  |     1355    7.6782e-03
    1356    3.0028e-05    0.0000e+00   1.243e-05      8.756   1.000e-05  |     1355    7.6782e-03
    1357    3.0028e-05    0.0000e+00   1.243e-05      8.746   1.000e-05  |     1355    7.6782e-03
    1358    3.0028e-05    0.0000e+00   1.243e-05      9.071   1.000e-05  |     1355    7.6782e-03
    1359    3.0028e-05    0.0000e+00   1.243e-05      8.787   1.000e-05  |     1355    7.6782e-03
    1360    3.0028e-05    0.0000e+00   1.243e-05     24.445   1.000e-05  |     1360    7.6783e-03
    1361    3.0028e-05    0.0000e+00   1.243e-05      8.762   1.000e-05  |     1360    7.6783e-03
    1362    3.0028e-05    0.0000e+00   1.243e-05      9.052   1.000e-05  |     1360    7.6783e-03
    1363    3.0028e-05    0.0000e+00   1.243e-05      8.758   1.000e-05  |     1360    7.6783e-03
    1364    3.0028e-05    0.0000e+00   1.243e-05      9.034   1.000e-05  |     1360    7.6783e-03
    1365    3.0028e-05    0.0000e+00   1.243e-05     23.992   1.000e-05  |     1365    7.6783e-03
    1366    3.0028e-05    0.0000e+00   1.243e-05      9.073   1.000e-05  |     1365    7.6783e-03
    1367    3.0028e-05    0.0000e+00   1.243e-05      8.752   1.000e-05  |     1365    7.6783e-03
    1368    3.0028e-05    0.0000e+00   1.243e-05      8.785   1.000e-05  |     1365    7.6783e-03
    1369    3.0028e-05    0.0000e+00   1.243e-05      9.060   1.000e-05  |     1365    7.6783e-03
    1370    3.0028e-05    0.0000e+00   1.243e-05     24.255   1.000e-05  |     1370    7.6783e-03
    1371    3.0028e-05    0.0000e+00   1.243e-05      9.023   1.000e-05  |     1370    7.6783e-03
    1372    3.0028e-05    0.0000e+00   1.243e-05      8.708   1.000e-05  |     1370    7.6783e-03
    1373    3.0028e-05    0.0000e+00   1.243e-05      9.032   1.000e-05  |     1370    7.6783e-03
    1374    3.0028e-05    0.0000e+00   1.243e-05      8.768   1.000e-05  |     1370    7.6783e-03
    1375    3.0028e-05    0.0000e+00   1.243e-05     24.400   1.000e-05  |     1375    7.6783e-03
    1376    3.0028e-05    0.0000e+00   1.243e-05      8.728   1.000e-05  |     1375    7.6783e-03
    1377    3.0028e-05    0.0000e+00   1.243e-05      9.102   1.000e-05  |     1375    7.6783e-03
    1378    3.0028e-05    0.0000e+00   1.243e-05      8.757   1.000e-05  |     1375    7.6783e-03
    1379    3.0028e-05    0.0000e+00   1.243e-05      8.777   1.000e-05  |     1375    7.6783e-03
    1380    3.0028e-05    0.0000e+00   1.243e-05     24.585   1.000e-05  |     1380    7.6783e-03
    1381    3.0028e-05    0.0000e+00   1.243e-05      8.760   1.000e-05  |     1380    7.6783e-03
    1382    3.0028e-05    0.0000e+00   1.243e-05      9.028   1.000e-05  |     1380    7.6783e-03
    1383    3.0028e-05    0.0000e+00   1.243e-05      8.782   1.000e-05  |     1380    7.6783e-03
    1384    3.0028e-05    0.0000e+00   1.243e-05      9.019   1.000e-05  |     1380    7.6783e-03
    1385    3.0028e-05    0.0000e+00   1.243e-05     24.120   1.000e-05  |     1385    7.6783e-03
    1386    3.0028e-05    0.0000e+00   1.243e-05      9.013   1.000e-05  |     1385    7.6783e-03
    1387    3.0028e-05    0.0000e+00   1.243e-05      8.730   1.000e-05  |     1385    7.6783e-03
    1388    3.0028e-05    0.0000e+00   1.243e-05      8.980   1.000e-05  |     1385    7.6783e-03
    1389    3.0028e-05    0.0000e+00   1.243e-05      8.723   1.000e-05  |     1385    7.6783e-03
    1390    3.0028e-05    0.0000e+00   1.243e-05     24.080   1.000e-05  |     1390    7.6783e-03
    1391    3.0028e-05    0.0000e+00   1.243e-05      9.026   1.000e-05  |     1390    7.6783e-03
    1392    3.0028e-05    0.0000e+00   1.243e-05      8.802   1.000e-05  |     1390    7.6783e-03
    1393    3.0028e-05    0.0000e+00   1.243e-05      9.043   1.000e-05  |     1390    7.6783e-03
    1394    3.0028e-05    0.0000e+00   1.243e-05      8.741   1.000e-05  |     1390    7.6783e-03
    1395    3.0028e-05    0.0000e+00   1.243e-05     24.410   1.000e-05  |     1395    7.6783e-03
    1396    3.0028e-05    0.0000e+00   1.243e-05      8.708   1.000e-05  |     1395    7.6783e-03
    1397    3.0028e-05    0.0000e+00   1.243e-05      9.043   1.000e-05  |     1395    7.6783e-03
    1398    3.0028e-05    0.0000e+00   1.243e-05      8.718   1.000e-05  |     1395    7.6783e-03
    1399    3.0028e-05    0.0000e+00   1.243e-05      9.105   1.000e-05  |     1395    7.6783e-03
    1400    3.0028e-05    0.0000e+00   1.243e-05     24.242   1.000e-05  |     1400    7.6783e-03
    1401    3.0028e-05    0.0000e+00   1.243e-05      8.765   1.000e-05  |     1400    7.6783e-03
    1402    3.0028e-05    0.0000e+00   1.243e-05      8.985   1.000e-05  |     1400    7.6783e-03
    1403    3.0028e-05    0.0000e+00   1.243e-05      8.793   1.000e-05  |     1400    7.6783e-03
    1404    3.0028e-05    0.0000e+00   1.243e-05      8.941   1.000e-05  |     1400    7.6783e-03
    1405    3.0028e-05    0.0000e+00   1.243e-05     24.069   1.000e-05  |     1405    7.6783e-03
    1406    3.0028e-05    0.0000e+00   1.243e-05      9.066   1.000e-05  |     1405    7.6783e-03
    1407    3.0028e-05    0.0000e+00   1.243e-05      8.765   1.000e-05  |     1405    7.6783e-03
    1408    3.0028e-05    0.0000e+00   1.243e-05      9.073   1.000e-05  |     1405    7.6783e-03
    1409    3.0028e-05    0.0000e+00   1.243e-05      8.818   1.000e-05  |     1405    7.6783e-03
    1410    3.0028e-05    0.0000e+00   1.243e-05     24.405   1.000e-05  |     1410    7.6783e-03
    1411    3.0028e-05    0.0000e+00   1.243e-05      8.759   1.000e-05  |     1410    7.6783e-03
    1412    3.0028e-05    0.0000e+00   1.243e-05      8.965   1.000e-05  |     1410    7.6783e-03
    1413    3.0028e-05    0.0000e+00   1.243e-05      8.720   1.000e-05  |     1410    7.6783e-03
    1414    3.0028e-05    0.0000e+00   1.243e-05      9.007   1.000e-05  |     1410    7.6783e-03
    1415    3.0028e-05    0.0000e+00   1.243e-05     24.025   1.000e-05  |     1415    7.6783e-03
    1416    3.0028e-05    0.0000e+00   1.243e-05      8.769   1.000e-05  |     1415    7.6783e-03
    1417    3.0028e-05    0.0000e+00   1.243e-05      8.957   1.000e-05  |     1415    7.6783e-03
    1418    3.0028e-05    0.0000e+00   1.243e-05      8.808   1.000e-05  |     1415    7.6783e-03
    1419    3.0028e-05    0.0000e+00   1.243e-05      9.041   1.000e-05  |     1415    7.6783e-03
    1420    3.0028e-05    0.0000e+00   1.243e-05     24.227   1.000e-05  |     1420    7.6783e-03
    1421    3.0028e-05    0.0000e+00   1.243e-05      9.050   1.000e-05  |     1420    7.6783e-03
    1422    3.0028e-05    0.0000e+00   1.243e-05      8.786   1.000e-05  |     1420    7.6783e-03
    1423    3.0028e-05    0.0000e+00   1.243e-05      9.059   1.000e-05  |     1420    7.6783e-03
    1424    3.0028e-05    0.0000e+00   1.243e-05      8.743   1.000e-05  |     1420    7.6783e-03
    1425    3.0028e-05    0.0000e+00   1.243e-05     24.353   1.000e-05  |     1425    7.6783e-03
    1426    3.0028e-05    0.0000e+00   1.243e-05      8.757   1.000e-05  |     1425    7.6783e-03
    1427    3.0028e-05    0.0000e+00   1.243e-05      8.770   1.000e-05  |     1425    7.6783e-03
    1428    3.0028e-05    0.0000e+00   1.243e-05      8.984   1.000e-05  |     1425    7.6783e-03
    1429    3.0028e-05    0.0000e+00   1.243e-05      8.752   1.000e-05  |     1425    7.6783e-03
    1430    3.0028e-05    0.0000e+00   1.243e-05     24.508   1.000e-05  |     1430    7.6783e-03
    1431    3.0028e-05    0.0000e+00   1.243e-05      8.825   1.000e-05  |     1430    7.6783e-03
    1432    3.0028e-05    0.0000e+00   1.243e-05      8.974   1.000e-05  |     1430    7.6783e-03
    1433    3.0028e-05    0.0000e+00   1.243e-05      8.748   1.000e-05  |     1430    7.6783e-03
    1434    3.0028e-05    0.0000e+00   1.243e-05      9.059   1.000e-05  |     1430    7.6783e-03
    1435    3.0028e-05    0.0000e+00   1.243e-05     24.015   1.000e-05  |     1435    7.6783e-03
    1436    3.0028e-05    0.0000e+00   1.243e-05      8.996   1.000e-05  |     1435    7.6783e-03
    1437    3.0028e-05    0.0000e+00   1.243e-05      8.742   1.000e-05  |     1435    7.6783e-03
    1438    3.0028e-05    0.0000e+00   1.243e-05      8.768   1.000e-05  |     1435    7.6783e-03
    1439    3.0028e-05    0.0000e+00   1.243e-05      9.051   1.000e-05  |     1435    7.6783e-03
    1440    3.0028e-05    0.0000e+00   1.243e-05     24.273   1.000e-05  |     1440    7.6783e-03
    1441    3.0028e-05    0.0000e+00   1.243e-05      8.993   1.000e-05  |     1440    7.6783e-03
    1442    3.0028e-05    0.0000e+00   1.243e-05      8.742   1.000e-05  |     1440    7.6783e-03
    1443    3.0028e-05    0.0000e+00   1.243e-05      8.976   1.000e-05  |     1440    7.6783e-03
    1444    3.0028e-05    0.0000e+00   1.243e-05      8.771   1.000e-05  |     1440    7.6783e-03
    1445    3.0028e-05    0.0000e+00   1.243e-05     24.407   1.000e-05  |     1445    7.6783e-03
    1446    3.0028e-05    0.0000e+00   1.243e-05      8.725   1.000e-05  |     1445    7.6783e-03
    1447    3.0028e-05    0.0000e+00   1.243e-05      9.066   1.000e-05  |     1445    7.6783e-03
    1448    3.0028e-05    0.0000e+00   1.243e-05      8.734   1.000e-05  |     1445    7.6783e-03
    1449    3.0028e-05    0.0000e+00   1.243e-05      8.765   1.000e-05  |     1445    7.6783e-03
    1450    3.0028e-05    0.0000e+00   1.243e-05     24.380   1.000e-05  |     1450    7.6783e-03
    1451    3.0028e-05    0.0000e+00   1.243e-05      8.763   1.000e-05  |     1450    7.6783e-03
    1452    3.0028e-05    0.0000e+00   1.243e-05      8.934   1.000e-05  |     1450    7.6783e-03
    1453    3.0028e-05    0.0000e+00   1.243e-05      8.772   1.000e-05  |     1450    7.6783e-03
    1454    3.0028e-05    0.0000e+00   1.243e-05      9.044   1.000e-05  |     1450    7.6783e-03
    1455    3.0028e-05    0.0000e+00   1.243e-05     24.088   1.000e-05  |     1455    7.6783e-03
    1456    3.0028e-05    0.0000e+00   1.243e-05      9.029   1.000e-05  |     1455    7.6783e-03
    1457    3.0028e-05    0.0000e+00   1.243e-05      8.731   1.000e-05  |     1455    7.6783e-03
    1458    3.0028e-05    0.0000e+00   1.243e-05      9.008   1.000e-05  |     1455    7.6783e-03
    1459    3.0028e-05    0.0000e+00   1.243e-05      8.736   1.000e-05  |     1455    7.6783e-03
    1460    3.0028e-05    0.0000e+00   1.243e-05     24.232   1.000e-05  |     1460    7.6783e-03
    1461    3.0028e-05    0.0000e+00   1.243e-05      9.032   1.000e-05  |     1460    7.6783e-03
    1462    3.0028e-05    0.0000e+00   1.243e-05      8.820   1.000e-05  |     1460    7.6783e-03
    1463    3.0028e-05    0.0000e+00   1.243e-05      9.007   1.000e-05  |     1460    7.6783e-03
    1464    3.0028e-05    0.0000e+00   1.243e-05      8.771   1.000e-05  |     1460    7.6783e-03
    1465    3.0028e-05    0.0000e+00   1.243e-05     24.372   1.000e-05  |     1465    7.6783e-03
    1466    3.0028e-05    0.0000e+00   1.243e-05      8.736   1.000e-05  |     1465    7.6783e-03
    1467    3.0028e-05    0.0000e+00   1.243e-05      9.065   1.000e-05  |     1465    7.6783e-03
    1468    3.0028e-05    0.0000e+00   1.243e-05      8.749   1.000e-05  |     1465    7.6783e-03
    1469    3.0028e-05    0.0000e+00   1.243e-05      9.063   1.000e-05  |     1465    7.6783e-03
    1470    3.0028e-05    0.0000e+00   1.243e-05     24.195   1.000e-05  |     1470    7.6783e-03
    1471    3.0028e-05    0.0000e+00   1.243e-05      8.717   1.000e-05  |     1470    7.6783e-03
    1472    3.0028e-05    0.0000e+00   1.243e-05      9.038   1.000e-05  |     1470    7.6783e-03
    1473    3.0028e-05    0.0000e+00   1.243e-05      8.740   1.000e-05  |     1470    7.6783e-03
    1474    3.0028e-05    0.0000e+00   1.243e-05      9.070   1.000e-05  |     1470    7.6783e-03
    1475    3.0028e-05    0.0000e+00   1.243e-05     24.041   1.000e-05  |     1475    7.6783e-03
    1476    3.0028e-05    0.0000e+00   1.243e-05      9.031   1.000e-05  |     1475    7.6783e-03
    1477    3.0028e-05    0.0000e+00   1.243e-05      8.803   1.000e-05  |     1475    7.6783e-03
    1478    3.0028e-05    0.0000e+00   1.243e-05      9.016   1.000e-05  |     1475    7.6783e-03
    1479    3.0028e-05    0.0000e+00   1.243e-05      8.756   1.000e-05  |     1475    7.6783e-03
    1480    3.0028e-05    0.0000e+00   1.243e-05     24.367   1.000e-05  |     1480    7.6783e-03
    1481    3.0028e-05    0.0000e+00   1.243e-05      8.775   1.000e-05  |     1480    7.6783e-03
    1482    3.0028e-05    0.0000e+00   1.243e-05      9.064   1.000e-05  |     1480    7.6783e-03
    1483    3.0028e-05    0.0000e+00   1.243e-05      8.737   1.000e-05  |     1480    7.6783e-03
    1484    3.0028e-05    0.0000e+00   1.243e-05      9.002   1.000e-05  |     1480    7.6783e-03
    1485    3.0028e-05    0.0000e+00   1.243e-05     24.070   1.000e-05  |     1485    7.6783e-03
    1486    3.0028e-05    0.0000e+00   1.243e-05      8.760   1.000e-05  |     1485    7.6783e-03
    1487    3.0028e-05    0.0000e+00   1.243e-05      9.039   1.000e-05  |     1485    7.6783e-03
    1488    3.0028e-05    0.0000e+00   1.243e-05      8.778   1.000e-05  |     1485    7.6783e-03
    1489    3.0028e-05    0.0000e+00   1.243e-05      8.973   1.000e-05  |     1485    7.6783e-03
    1490    3.0028e-05    0.0000e+00   1.243e-05     24.152   1.000e-05  |     1490    7.6783e-03
    1491    3.0028e-05    0.0000e+00   1.243e-05      9.009   1.000e-05  |     1490    7.6783e-03
    1492    3.0028e-05    0.0000e+00   1.243e-05      8.793   1.000e-05  |     1490    7.6783e-03
    1493    3.0028e-05    0.0000e+00   1.243e-05      9.012   1.000e-05  |     1490    7.6783e-03
    1494    3.0028e-05    0.0000e+00   1.243e-05      8.728   1.000e-05  |     1490    7.6783e-03
    1495    3.0028e-05    0.0000e+00   1.243e-05     24.397   1.000e-05  |     1495    7.6783e-03
    1496    3.0028e-05    0.0000e+00   1.243e-05      8.764   1.000e-05  |     1495    7.6783e-03
    1497    3.0028e-05    0.0000e+00   1.243e-05      8.782   1.000e-05  |     1495    7.6783e-03
    1498    3.0028e-05    0.0000e+00   1.243e-05      9.025   1.000e-05  |     1495    7.6783e-03
    1499    3.0028e-05    0.0000e+00   1.243e-05      8.780   1.000e-05  |     1495    7.6783e-03
    1500    3.0028e-05    0.0000e+00   1.243e-05     24.454   1.000e-05  |     1500    7.6783e-03
    1501    3.0028e-05    0.0000e+00   1.243e-05      8.778   1.000e-05  |     1500    7.6783e-03
    1502    3.0028e-05    0.0000e+00   1.243e-05      9.060   1.000e-05  |     1500    7.6783e-03
    1503    3.0028e-05    0.0000e+00   1.243e-05      8.731   1.000e-05  |     1500    7.6783e-03
    1504    3.0028e-05    0.0000e+00   1.243e-05      9.066   1.000e-05  |     1500    7.6783e-03
    1505    3.0028e-05    0.0000e+00   1.243e-05     24.061   1.000e-05  |     1505    7.6783e-03
    1506    3.0028e-05    0.0000e+00   1.243e-05      9.130   1.000e-05  |     1505    7.6783e-03
    1507    3.0028e-05    0.0000e+00   1.243e-05      8.753   1.000e-05  |     1505    7.6783e-03
    1508    3.0028e-05    0.0000e+00   1.243e-05      8.796   1.000e-05  |     1505    7.6783e-03
    1509    3.0028e-05    0.0000e+00   1.243e-05      9.044   1.000e-05  |     1505    7.6783e-03
    1510    3.0028e-05    0.0000e+00   1.243e-05     24.238   1.000e-05  |     1510    7.6783e-03
    1511    3.0028e-05    0.0000e+00   1.243e-05      9.010   1.000e-05  |     1510    7.6783e-03
    1512    3.0028e-05    0.0000e+00   1.243e-05      8.786   1.000e-05  |     1510    7.6783e-03
    1513    3.0028e-05    0.0000e+00   1.243e-05      9.078   1.000e-05  |     1510    7.6783e-03
    1514    3.0028e-05    0.0000e+00   1.243e-05      8.783   1.000e-05  |     1510    7.6783e-03
    1515    3.0028e-05    0.0000e+00   1.243e-05     24.359   1.000e-05  |     1515    7.6783e-03
    1516    3.0028e-05    0.0000e+00   1.243e-05      8.752   1.000e-05  |     1515    7.6783e-03
    1517    3.0028e-05    0.0000e+00   1.243e-05      9.044   1.000e-05  |     1515    7.6783e-03
    1518    3.0028e-05    0.0000e+00   1.243e-05      8.752   1.000e-05  |     1515    7.6783e-03
    1519    3.0028e-05    0.0000e+00   1.243e-05      8.682   1.000e-05  |     1515    7.6783e-03
    1520    3.0028e-05    0.0000e+00   1.243e-05     24.531   1.000e-05  |     1520    7.6783e-03
    1521    3.0028e-05    0.0000e+00   1.243e-05      8.722   1.000e-05  |     1520    7.6783e-03
    1522    3.0028e-05    0.0000e+00   1.243e-05      9.029   1.000e-05  |     1520    7.6783e-03
    1523    3.0028e-05    0.0000e+00   1.243e-05      8.778   1.000e-05  |     1520    7.6783e-03
    1524    3.0028e-05    0.0000e+00   1.243e-05      9.034   1.000e-05  |     1520    7.6783e-03
    1525    3.0028e-05    0.0000e+00   1.243e-05     24.037   1.000e-05  |     1525    7.6784e-03
    1526    3.0028e-05    0.0000e+00   1.243e-05      9.021   1.000e-05  |     1525    7.6784e-03
    1527    3.0028e-05    0.0000e+00   1.243e-05      8.741   1.000e-05  |     1525    7.6784e-03
    1528    3.0028e-05    0.0000e+00   1.243e-05      9.141   1.000e-05  |     1525    7.6784e-03
    1529    3.0028e-05    0.0000e+00   1.243e-05      8.695   1.000e-05  |     1525    7.6784e-03
    1530    3.0028e-05    0.0000e+00   1.243e-05     24.179   1.000e-05  |     1530    7.6784e-03
    1531    3.0028e-05    0.0000e+00   1.243e-05      9.020   1.000e-05  |     1530    7.6784e-03
    1532    3.0028e-05    0.0000e+00   1.243e-05      8.775   1.000e-05  |     1530    7.6784e-03
    1533    3.0028e-05    0.0000e+00   1.243e-05      8.959   1.000e-05  |     1530    7.6784e-03
    1534    3.0028e-05    0.0000e+00   1.243e-05      8.787   1.000e-05  |     1530    7.6784e-03
    1535    3.0028e-05    0.0000e+00   1.243e-05     24.329   1.000e-05  |     1535    7.6784e-03
    1536    3.0028e-05    0.0000e+00   1.243e-05      8.728   1.000e-05  |     1535    7.6784e-03
    1537    3.0028e-05    0.0000e+00   1.243e-05      9.035   1.000e-05  |     1535    7.6784e-03
    1538    3.0028e-05    0.0000e+00   1.243e-05      8.737   1.000e-05  |     1535    7.6784e-03
    1539    3.0028e-05    0.0000e+00   1.243e-05      9.106   1.000e-05  |     1535    7.6784e-03
    1540    3.0028e-05    0.0000e+00   1.243e-05     24.241   1.000e-05  |     1540    7.6784e-03
    1541    3.0028e-05    0.0000e+00   1.243e-05      8.737   1.000e-05  |     1540    7.6784e-03
    1542    3.0028e-05    0.0000e+00   1.243e-05      8.959   1.000e-05  |     1540    7.6784e-03
    1543    3.0028e-05    0.0000e+00   1.243e-05      8.784   1.000e-05  |     1540    7.6784e-03
    1544    3.0028e-05    0.0000e+00   1.243e-05      8.984   1.000e-05  |     1540    7.6784e-03
    1545    3.0028e-05    0.0000e+00   1.243e-05     23.983   1.000e-05  |     1545    7.6784e-03
    1546    3.0028e-05    0.0000e+00   1.243e-05      9.044   1.000e-05  |     1545    7.6784e-03
    1547    3.0028e-05    0.0000e+00   1.243e-05      8.765   1.000e-05  |     1545    7.6784e-03
    1548    3.0028e-05    0.0000e+00   1.243e-05      9.032   1.000e-05  |     1545    7.6784e-03
    1549    3.0028e-05    0.0000e+00   1.243e-05      8.740   1.000e-05  |     1545    7.6784e-03
    1550    3.0028e-05    0.0000e+00   1.243e-05     24.489   1.000e-05  |     1550    7.6784e-03
    1551    3.0028e-05    0.0000e+00   1.243e-05      8.752   1.000e-05  |     1550    7.6784e-03
    1552    3.0028e-05    0.0000e+00   1.243e-05      9.033   1.000e-05  |     1550    7.6784e-03
    1553    3.0028e-05    0.0000e+00   1.243e-05      8.738   1.000e-05  |     1550    7.6784e-03
    1554    3.0028e-05    0.0000e+00   1.243e-05      9.087   1.000e-05  |     1550    7.6784e-03
    1555    3.0028e-05    0.0000e+00   1.243e-05     23.998   1.000e-05  |     1555    7.6784e-03
    1556    3.0028e-05    0.0000e+00   1.243e-05      8.784   1.000e-05  |     1555    7.6784e-03
    1557    3.0028e-05    0.0000e+00   1.243e-05      9.053   1.000e-05  |     1555    7.6784e-03
    1558    3.0028e-05    0.0000e+00   1.243e-05      8.726   1.000e-05  |     1555    7.6784e-03
    1559    3.0028e-05    0.0000e+00   1.243e-05      8.994   1.000e-05  |     1555    7.6784e-03
    1560    3.0028e-05    0.0000e+00   1.243e-05     24.184   1.000e-05  |     1560    7.6784e-03
    1561    3.0028e-05    0.0000e+00   1.243e-05      9.046   1.000e-05  |     1560    7.6784e-03
    1562    3.0028e-05    0.0000e+00   1.243e-05      8.803   1.000e-05  |     1560    7.6784e-03
    1563    3.0028e-05    0.0000e+00   1.243e-05      9.093   1.000e-05  |     1560    7.6784e-03
    1564    3.0028e-05    0.0000e+00   1.243e-05      8.726   1.000e-05  |     1560    7.6784e-03
    1565    3.0028e-05    0.0000e+00   1.243e-05     24.379   1.000e-05  |     1565    7.6784e-03
    1566    3.0028e-05    0.0000e+00   1.243e-05      8.754   1.000e-05  |     1565    7.6784e-03
    1567    3.0028e-05    0.0000e+00   1.243e-05      8.770   1.000e-05  |     1565    7.6784e-03
    1568    3.0028e-05    0.0000e+00   1.243e-05      8.980   1.000e-05  |     1565    7.6784e-03
    1569    3.0028e-05    0.0000e+00   1.243e-05      8.752   1.000e-05  |     1565    7.6784e-03
    1570    3.0028e-05    0.0000e+00   1.243e-05     24.523   1.000e-05  |     1570    7.6784e-03
    1571    3.0028e-05    0.0000e+00   1.243e-05      8.755   1.000e-05  |     1570    7.6784e-03
    1572    3.0028e-05    0.0000e+00   1.243e-05      9.038   1.000e-05  |     1570    7.6784e-03
    1573    3.0028e-05    0.0000e+00   1.243e-05      8.805   1.000e-05  |     1570    7.6784e-03
    1574    3.0028e-05    0.0000e+00   1.243e-05      9.035   1.000e-05  |     1570    7.6784e-03
    1575    3.0028e-05    0.0000e+00   1.243e-05     23.972   1.000e-05  |     1575    7.6784e-03
    1576    3.0028e-05    0.0000e+00   1.243e-05      9.126   1.000e-05  |     1575    7.6784e-03
    1577    3.0028e-05    0.0000e+00   1.243e-05      8.767   1.000e-05  |     1575    7.6784e-03
    1578    3.0028e-05    0.0000e+00   1.243e-05      8.773   1.000e-05  |     1575    7.6784e-03
    1579    3.0028e-05    0.0000e+00   1.243e-05      9.076   1.000e-05  |     1575    7.6784e-03
    1580    3.0028e-05    0.0000e+00   1.243e-05     24.193   1.000e-05  |     1580    7.6784e-03
    1581    3.0028e-05    0.0000e+00   1.243e-05      8.994   1.000e-05  |     1580    7.6784e-03
    1582    3.0028e-05    0.0000e+00   1.243e-05      8.665   1.000e-05  |     1580    7.6784e-03
    1583    3.0028e-05    0.0000e+00   1.243e-05      9.043   1.000e-05  |     1580    7.6784e-03
    1584    3.0028e-05    0.0000e+00   1.243e-05      8.743   1.000e-05  |     1580    7.6784e-03
    1585    3.0028e-05    0.0000e+00   1.243e-05     24.303   1.000e-05  |     1585    7.6784e-03
    1586    3.0028e-05    0.0000e+00   1.243e-05      8.762   1.000e-05  |     1585    7.6784e-03
    1587    3.0028e-05    0.0000e+00   1.243e-05      9.042   1.000e-05  |     1585    7.6784e-03
    1588    3.0028e-05    0.0000e+00   1.243e-05      8.742   1.000e-05  |     1585    7.6784e-03
    1589    3.0028e-05    0.0000e+00   1.243e-05      8.774   1.000e-05  |     1585    7.6784e-03
    1590    3.0028e-05    0.0000e+00   1.243e-05     24.345   1.000e-05  |     1590    7.6784e-03
    1591    3.0028e-05    0.0000e+00   1.243e-05      8.774   1.000e-05  |     1590    7.6784e-03
    1592    3.0028e-05    0.0000e+00   1.243e-05      9.024   1.000e-05  |     1590    7.6784e-03
    1593    3.0028e-05    0.0000e+00   1.243e-05      8.782   1.000e-05  |     1590    7.6784e-03
    1594    3.0028e-05    0.0000e+00   1.243e-05      9.068   1.000e-05  |     1590    7.6784e-03
    1595    3.0028e-05    0.0000e+00   1.243e-05     24.077   1.000e-05  |     1595    7.6784e-03
    1596    3.0028e-05    0.0000e+00   1.243e-05      9.080   1.000e-05  |     1595    7.6784e-03
    1597    3.0028e-05    0.0000e+00   1.243e-05      8.723   1.000e-05  |     1595    7.6784e-03
    1598    3.0028e-05    0.0000e+00   1.243e-05      9.101   1.000e-05  |     1595    7.6784e-03
    1599    3.0028e-05    0.0000e+00   1.243e-05      8.736   1.000e-05  |     1595    7.6784e-03
    1600    3.0028e-05    0.0000e+00   1.243e-05     24.287   1.000e-05  |     1600    7.6784e-03
    1601    3.0028e-05    0.0000e+00   1.243e-05      9.039   1.000e-05  |     1600    7.6784e-03
    1602    3.0028e-05    0.0000e+00   1.243e-05      8.797   1.000e-05  |     1600    7.6784e-03
    1603    3.0028e-05    0.0000e+00   1.243e-05      9.039   1.000e-05  |     1600    7.6784e-03
    1604    3.0028e-05    0.0000e+00   1.243e-05      8.784   1.000e-05  |     1600    7.6784e-03
    1605    3.0028e-05    0.0000e+00   1.243e-05     24.310   1.000e-05  |     1605    7.6784e-03
    1606    3.0028e-05    0.0000e+00   1.243e-05      8.727   1.000e-05  |     1605    7.6784e-03
    1607    3.0028e-05    0.0000e+00   1.243e-05      9.056   1.000e-05  |     1605    7.6784e-03
    1608    3.0028e-05    0.0000e+00   1.243e-05      8.780   1.000e-05  |     1605    7.6784e-03
    1609    3.0028e-05    0.0000e+00   1.243e-05      9.070   1.000e-05  |     1605    7.6784e-03
    1610    3.0028e-05    0.0000e+00   1.243e-05     24.157   1.000e-05  |     1610    7.6784e-03
    1611    3.0028e-05    0.0000e+00   1.243e-05      8.769   1.000e-05  |     1610    7.6784e-03
    1612    3.0028e-05    0.0000e+00   1.243e-05      8.924   1.000e-05  |     1610    7.6784e-03
    1613    3.0028e-05    0.0000e+00   1.243e-05      8.768   1.000e-05  |     1610    7.6784e-03
    1614    3.0028e-05    0.0000e+00   1.243e-05      9.056   1.000e-05  |     1610    7.6784e-03
    1615    3.0028e-05    0.0000e+00   1.243e-05     24.056   1.000e-05  |     1615    7.6784e-03
    1616    3.0028e-05    0.0000e+00   1.243e-05      9.009   1.000e-05  |     1615    7.6784e-03
    1617    3.0028e-05    0.0000e+00   1.243e-05      8.804   1.000e-05  |     1615    7.6784e-03
    1618    3.0028e-05    0.0000e+00   1.243e-05      9.072   1.000e-05  |     1615    7.6784e-03
    1619    3.0028e-05    0.0000e+00   1.243e-05      8.751   1.000e-05  |     1615    7.6784e-03
    1620    3.0028e-05    0.0000e+00   1.243e-05     24.481   1.000e-05  |     1620    7.6784e-03
    1621    3.0028e-05    0.0000e+00   1.243e-05      8.828   1.000e-05  |     1620    7.6784e-03
    1622    3.0028e-05    0.0000e+00   1.243e-05      9.052   1.000e-05  |     1620    7.6784e-03
    1623    3.0028e-05    0.0000e+00   1.243e-05      8.769   1.000e-05  |     1620    7.6784e-03
    1624    3.0028e-05    0.0000e+00   1.243e-05      9.104   1.000e-05  |     1620    7.6784e-03
    1625    3.0028e-05    0.0000e+00   1.243e-05     24.057   1.000e-05  |     1625    7.6784e-03
    1626    3.0028e-05    0.0000e+00   1.243e-05      8.757   1.000e-05  |     1625    7.6784e-03
    1627    3.0028e-05    0.0000e+00   1.243e-05      8.905   1.000e-05  |     1625    7.6784e-03
    1628    3.0028e-05    0.0000e+00   1.243e-05      8.773   1.000e-05  |     1625    7.6784e-03
    1629    3.0028e-05    0.0000e+00   1.243e-05      9.052   1.000e-05  |     1625    7.6784e-03
    1630    3.0028e-05    0.0000e+00   1.243e-05     24.170   1.000e-05  |     1630    7.6784e-03
    1631    3.0028e-05    0.0000e+00   1.243e-05      9.022   1.000e-05  |     1630    7.6784e-03
    1632    3.0028e-05    0.0000e+00   1.243e-05      8.815   1.000e-05  |     1630    7.6784e-03
    1633    3.0028e-05    0.0000e+00   1.243e-05      9.105   1.000e-05  |     1630    7.6784e-03
    1634    3.0028e-05    0.0000e+00   1.243e-05      8.728   1.000e-05  |     1630    7.6784e-03
    1635    3.0028e-05    0.0000e+00   1.243e-05     24.297   1.000e-05  |     1635    7.6784e-03
    1636    3.0028e-05    0.0000e+00   1.243e-05      8.784   1.000e-05  |     1635    7.6784e-03
    1637    3.0028e-05    0.0000e+00   1.243e-05      8.803   1.000e-05  |     1635    7.6784e-03
    1638    3.0028e-05    0.0000e+00   1.243e-05      9.036   1.000e-05  |     1635    7.6784e-03
    1639    3.0028e-05    0.0000e+00   1.243e-05      8.754   1.000e-05  |     1635    7.6784e-03
    1640    3.0028e-05    0.0000e+00   1.243e-05     24.413   1.000e-05  |     1640    7.6784e-03
    1641    3.0028e-05    0.0000e+00   1.243e-05      8.759   1.000e-05  |     1640    7.6784e-03
    1642    3.0028e-05    0.0000e+00   1.243e-05      8.939   1.000e-05  |     1640    7.6784e-03
    1643    3.0028e-05    0.0000e+00   1.243e-05      8.783   1.000e-05  |     1640    7.6784e-03
    1644    3.0028e-05    0.0000e+00   1.243e-05      9.013   1.000e-05  |     1640    7.6784e-03
    1645    3.0028e-05    0.0000e+00   1.243e-05     23.928   1.000e-05  |     1645    7.6784e-03
    1646    3.0028e-05    0.0000e+00   1.243e-05      9.099   1.000e-05  |     1645    7.6784e-03
    1647    3.0028e-05    0.0000e+00   1.243e-05      8.754   1.000e-05  |     1645    7.6784e-03
    1648    3.0028e-05    0.0000e+00   1.243e-05      8.770   1.000e-05  |     1645    7.6784e-03
    1649    3.0028e-05    0.0000e+00   1.243e-05      9.023   1.000e-05  |     1645    7.6784e-03
    1650    3.0028e-05    0.0000e+00   1.243e-05     24.153   1.000e-05  |     1650    7.6784e-03
    1651    3.0028e-05    0.0000e+00   1.243e-05      9.038   1.000e-05  |     1650    7.6784e-03
    1652    3.0028e-05    0.0000e+00   1.243e-05      8.756   1.000e-05  |     1650    7.6784e-03
    1653    3.0028e-05    0.0000e+00   1.243e-05      9.001   1.000e-05  |     1650    7.6784e-03
    1654    3.0028e-05    0.0000e+00   1.243e-05      8.748   1.000e-05  |     1650    7.6784e-03
    1655    3.0028e-05    0.0000e+00   1.243e-05     24.296   1.000e-05  |     1655    7.6784e-03
    1656    3.0028e-05    0.0000e+00   1.243e-05      8.773   1.000e-05  |     1655    7.6784e-03
    1657    3.0028e-05    0.0000e+00   1.243e-05      8.954   1.000e-05  |     1655    7.6784e-03
    1658    3.0028e-05    0.0000e+00   1.243e-05      8.764   1.000e-05  |     1655    7.6784e-03
    1659    3.0028e-05    0.0000e+00   1.243e-05      8.806   1.000e-05  |     1655    7.6784e-03
    1660    3.0028e-05    0.0000e+00   1.243e-05     24.470   1.000e-05  |     1660    7.6784e-03
    1661    3.0028e-05    0.0000e+00   1.243e-05      8.763   1.000e-05  |     1660    7.6784e-03
    1662    3.0028e-05    0.0000e+00   1.243e-05      9.078   1.000e-05  |     1660    7.6784e-03
    1663    3.0028e-05    0.0000e+00   1.243e-05      8.785   1.000e-05  |     1660    7.6784e-03
    1664    3.0028e-05    0.0000e+00   1.243e-05      9.053   1.000e-05  |     1660    7.6784e-03
    1665    3.0028e-05    0.0000e+00   1.243e-05     23.990   1.000e-05  |     1665    7.6785e-03
    1666    3.0028e-05    0.0000e+00   1.243e-05      9.081   1.000e-05  |     1665    7.6785e-03
    1667    3.0028e-05    0.0000e+00   1.243e-05      8.736   1.000e-05  |     1665    7.6785e-03
    1668    3.0028e-05    0.0000e+00   1.243e-05      9.114   1.000e-05  |     1665    7.6785e-03
    1669    3.0028e-05    0.0000e+00   1.243e-05      8.773   1.000e-05  |     1665    7.6785e-03
    1670    3.0028e-05    0.0000e+00   1.243e-05     24.163   1.000e-05  |     1670    7.6785e-03
    1671    3.0028e-05    0.0000e+00   1.243e-05      9.050   1.000e-05  |     1670    7.6785e-03
    1672    3.0028e-05    0.0000e+00   1.243e-05      8.788   1.000e-05  |     1670    7.6785e-03
    1673    3.0028e-05    0.0000e+00   1.243e-05      8.909   1.000e-05  |     1670    7.6785e-03
    1674    3.0028e-05    0.0000e+00   1.243e-05      8.807   1.000e-05  |     1670    7.6785e-03
    1675    3.0028e-05    0.0000e+00   1.243e-05     24.390   1.000e-05  |     1675    7.6785e-03
    1676    3.0028e-05    0.0000e+00   1.243e-05      8.671   1.000e-05  |     1675    7.6785e-03
    1677    3.0028e-05    0.0000e+00   1.243e-05      9.027   1.000e-05  |     1675    7.6785e-03
    1678    3.0028e-05    0.0000e+00   1.243e-05      8.761   1.000e-05  |     1675    7.6785e-03
    1679    3.0028e-05    0.0000e+00   1.243e-05      9.036   1.000e-05  |     1675    7.6785e-03
    1680    3.0028e-05    0.0000e+00   1.243e-05     24.109   1.000e-05  |     1680    7.6785e-03
    1681    3.0028e-05    0.0000e+00   1.243e-05      8.713   1.000e-05  |     1680    7.6785e-03
    1682    3.0028e-05    0.0000e+00   1.243e-05      9.005   1.000e-05  |     1680    7.6785e-03
    1683    3.0028e-05    0.0000e+00   1.243e-05      8.744   1.000e-05  |     1680    7.6785e-03
    1684    3.0028e-05    0.0000e+00   1.243e-05      9.009   1.000e-05  |     1680    7.6785e-03
    1685    3.0028e-05    0.0000e+00   1.243e-05     24.059   1.000e-05  |     1685    7.6785e-03
    1686    3.0028e-05    0.0000e+00   1.243e-05      9.003   1.000e-05  |     1685    7.6785e-03
    1687    3.0028e-05    0.0000e+00   1.243e-05      8.797   1.000e-05  |     1685    7.6785e-03
    1688    3.0028e-05    0.0000e+00   1.243e-05      9.059   1.000e-05  |     1685    7.6785e-03
    1689    3.0028e-05    0.0000e+00   1.243e-05      8.761   1.000e-05  |     1685    7.6785e-03
    1690    3.0028e-05    0.0000e+00   1.243e-05     24.542   1.000e-05  |     1690    7.6785e-03
    1691    3.0028e-05    0.0000e+00   1.243e-05      8.778   1.000e-05  |     1690    7.6785e-03
    1692    3.0028e-05    0.0000e+00   1.243e-05      9.013   1.000e-05  |     1690    7.6785e-03
    1693    3.0028e-05    0.0000e+00   1.243e-05      8.755   1.000e-05  |     1690    7.6785e-03
    1694    3.0028e-05    0.0000e+00   1.243e-05      8.792   1.000e-05  |     1690    7.6785e-03
    1695    3.0028e-05    0.0000e+00   1.243e-05     24.332   1.000e-05  |     1695    7.6785e-03
    1696    3.0028e-05    0.0000e+00   1.243e-05      8.717   1.000e-05  |     1695    7.6785e-03
    1697    3.0028e-05    0.0000e+00   1.243e-05      8.945   1.000e-05  |     1695    7.6785e-03
    1698    3.0028e-05    0.0000e+00   1.243e-05      8.790   1.000e-05  |     1695    7.6785e-03
    1699    3.0028e-05    0.0000e+00   1.243e-05      9.058   1.000e-05  |     1695    7.6785e-03
    1700    3.0028e-05    0.0000e+00   1.243e-05     24.187   1.000e-05  |     1700    7.6785e-03
    1701    3.0028e-05    0.0000e+00   1.243e-05      9.057   1.000e-05  |     1700    7.6785e-03
    1702    3.0028e-05    0.0000e+00   1.243e-05      8.704   1.000e-05  |     1700    7.6785e-03
    1703    3.0028e-05    0.0000e+00   1.243e-05      9.006   1.000e-05  |     1700    7.6785e-03
    1704    3.0028e-05    0.0000e+00   1.243e-05      8.696   1.000e-05  |     1700    7.6785e-03
    1705    3.0028e-05    0.0000e+00   1.243e-05     24.180   1.000e-05  |     1705    7.6785e-03
    1706    3.0028e-05    0.0000e+00   1.243e-05      8.744   1.000e-05  |     1705    7.6785e-03
    1707    3.0028e-05    0.0000e+00   1.243e-05      9.080   1.000e-05  |     1705    7.6785e-03
    1708    3.0028e-05    0.0000e+00   1.243e-05      8.744   1.000e-05  |     1705    7.6785e-03
    1709    3.0028e-05    0.0000e+00   1.243e-05      9.091   1.000e-05  |     1705    7.6785e-03
    1710    3.0028e-05    0.0000e+00   1.243e-05     24.247   1.000e-05  |     1710    7.6785e-03
    1711    3.0028e-05    0.0000e+00   1.243e-05      8.742   1.000e-05  |     1710    7.6785e-03
    1712    3.0028e-05    0.0000e+00   1.243e-05      8.944   1.000e-05  |     1710    7.6785e-03
    1713    3.0028e-05    0.0000e+00   1.243e-05      8.693   1.000e-05  |     1710    7.6785e-03
    1714    3.0028e-05    0.0000e+00   1.243e-05      9.022   1.000e-05  |     1710    7.6785e-03
    1715    3.0028e-05    0.0000e+00   1.243e-05     24.067   1.000e-05  |     1715    7.6785e-03
    1716    3.0028e-05    0.0000e+00   1.243e-05      9.028   1.000e-05  |     1715    7.6785e-03
    1717    3.0028e-05    0.0000e+00   1.243e-05      9.047   1.000e-05  |     1715    7.6785e-03
    1718    3.0028e-05    0.0000e+00   1.243e-05      8.761   1.000e-05  |     1715    7.6785e-03
    1719    3.0028e-05    0.0000e+00   1.243e-05      8.786   1.000e-05  |     1715    7.6785e-03
    1720    3.0028e-05    0.0000e+00   1.243e-05     24.396   1.000e-05  |     1720    7.6785e-03
    1721    3.0028e-05    0.0000e+00   1.243e-05      8.719   1.000e-05  |     1720    7.6785e-03
    1722    3.0028e-05    0.0000e+00   1.243e-05      9.078   1.000e-05  |     1720    7.6785e-03
    1723    3.0028e-05    0.0000e+00   1.243e-05      8.738   1.000e-05  |     1720    7.6785e-03
    1724    3.0028e-05    0.0000e+00   1.243e-05      9.035   1.000e-05  |     1720    7.6785e-03
    1725    3.0028e-05    0.0000e+00   1.243e-05     24.047   1.000e-05  |     1725    7.6785e-03
    1726    3.0028e-05    0.0000e+00   1.243e-05      9.047   1.000e-05  |     1725    7.6785e-03
    1727    3.0028e-05    0.0000e+00   1.243e-05      8.750   1.000e-05  |     1725    7.6785e-03
    1728    3.0028e-05    0.0000e+00   1.243e-05      9.089   1.000e-05  |     1725    7.6785e-03
    1729    3.0028e-05    0.0000e+00   1.243e-05      8.659   1.000e-05  |     1725    7.6785e-03
    1730    3.0028e-05    0.0000e+00   1.243e-05     24.128   1.000e-05  |     1730    7.6785e-03
    1731    3.0028e-05    0.0000e+00   1.243e-05      8.960   1.000e-05  |     1730    7.6785e-03
    1732    3.0028e-05    0.0000e+00   1.243e-05      8.793   1.000e-05  |     1730    7.6785e-03
    1733    3.0028e-05    0.0000e+00   1.243e-05      9.042   1.000e-05  |     1730    7.6785e-03
    1734    3.0028e-05    0.0000e+00   1.243e-05      8.758   1.000e-05  |     1730    7.6785e-03
    1735    3.0028e-05    0.0000e+00   1.243e-05     24.316   1.000e-05  |     1735    7.6785e-03
    1736    3.0028e-05    0.0000e+00   1.243e-05      9.081   1.000e-05  |     1735    7.6785e-03
    1737    3.0028e-05    0.0000e+00   1.243e-05      8.754   1.000e-05  |     1735    7.6785e-03
    1738    3.0028e-05    0.0000e+00   1.243e-05      8.810   1.000e-05  |     1735    7.6785e-03
    1739    3.0028e-05    0.0000e+00   1.243e-05      9.000   1.000e-05  |     1735    7.6785e-03
    1740    3.0028e-05    0.0000e+00   1.243e-05     24.251   1.000e-05  |     1740    7.6785e-03
    1741    3.0028e-05    0.0000e+00   1.243e-05      9.024   1.000e-05  |     1740    7.6785e-03
    1742    3.0028e-05    0.0000e+00   1.243e-05      8.742   1.000e-05  |     1740    7.6785e-03
    1743    3.0028e-05    0.0000e+00   1.243e-05      9.045   1.000e-05  |     1740    7.6785e-03
    1744    3.0028e-05    0.0000e+00   1.243e-05      8.638   1.000e-05  |     1740    7.6785e-03
    1745    3.0028e-05    0.0000e+00   1.243e-05     24.248   1.000e-05  |     1745    7.6785e-03
    1746    3.0028e-05    0.0000e+00   1.243e-05      8.750   1.000e-05  |     1745    7.6785e-03
    1747    3.0028e-05    0.0000e+00   1.243e-05      9.119   1.000e-05  |     1745    7.6785e-03
    1748    3.0028e-05    0.0000e+00   1.243e-05      8.743   1.000e-05  |     1745    7.6785e-03
    1749    3.0028e-05    0.0000e+00   1.243e-05      8.785   1.000e-05  |     1745    7.6785e-03
    1750    3.0028e-05    0.0000e+00   1.243e-05     24.449   1.000e-05  |     1750    7.6785e-03
    1751    3.0028e-05    0.0000e+00   1.243e-05      8.730   1.000e-05  |     1750    7.6785e-03
    1752    3.0028e-05    0.0000e+00   1.243e-05      8.961   1.000e-05  |     1750    7.6785e-03
    1753    3.0028e-05    0.0000e+00   1.243e-05      8.765   1.000e-05  |     1750    7.6785e-03
    1754    3.0028e-05    0.0000e+00   1.243e-05      9.011   1.000e-05  |     1750    7.6785e-03
    1755    3.0028e-05    0.0000e+00   1.243e-05     24.312   1.000e-05  |     1755    7.6785e-03
    1756    3.0028e-05    0.0000e+00   1.243e-05      8.787   1.000e-05  |     1755    7.6785e-03
    1757    3.0028e-05    0.0000e+00   1.243e-05      8.827   1.000e-05  |     1755    7.6785e-03
    1758    3.0028e-05    0.0000e+00   1.243e-05      9.060   1.000e-05  |     1755    7.6785e-03
    1759    3.0028e-05    0.0000e+00   1.243e-05      8.718   1.000e-05  |     1755    7.6785e-03
    1760    3.0028e-05    0.0000e+00   1.243e-05     24.443   1.000e-05  |     1760    7.6785e-03
    1761    3.0028e-05    0.0000e+00   1.243e-05      8.756   1.000e-05  |     1760    7.6785e-03
    1762    3.0028e-05    0.0000e+00   1.243e-05      9.068   1.000e-05  |     1760    7.6785e-03
    1763    3.0028e-05    0.0000e+00   1.243e-05      8.727   1.000e-05  |     1760    7.6785e-03
    1764    3.0028e-05    0.0000e+00   1.243e-05      9.047   1.000e-05  |     1760    7.6785e-03
    1765    3.0028e-05    0.0000e+00   1.243e-05     24.050   1.000e-05  |     1765    7.6785e-03
    1766    3.0028e-05    0.0000e+00   1.243e-05      8.732   1.000e-05  |     1765    7.6785e-03
    1767    3.0028e-05    0.0000e+00   1.243e-05      9.043   1.000e-05  |     1765    7.6785e-03
    1768    3.0028e-05    0.0000e+00   1.243e-05      8.803   1.000e-05  |     1765    7.6785e-03
    1769    3.0028e-05    0.0000e+00   1.243e-05      9.087   1.000e-05  |     1765    7.6785e-03
    1770    3.0028e-05    0.0000e+00   1.243e-05     24.170   1.000e-05  |     1770    7.6785e-03
    1771    3.0028e-05    0.0000e+00   1.243e-05      9.104   1.000e-05  |     1770    7.6785e-03
    1772    3.0028e-05    0.0000e+00   1.243e-05      8.759   1.000e-05  |     1770    7.6785e-03
    1773    3.0028e-05    0.0000e+00   1.243e-05      9.062   1.000e-05  |     1770    7.6785e-03
    1774    3.0028e-05    0.0000e+00   1.243e-05      8.649   1.000e-05  |     1770    7.6785e-03
    1775    3.0028e-05    0.0000e+00   1.243e-05     24.315   1.000e-05  |     1775    7.6785e-03
    1776    3.0028e-05    0.0000e+00   1.243e-05      8.751   1.000e-05  |     1775    7.6785e-03
    1777    3.0028e-05    0.0000e+00   1.243e-05      9.046   1.000e-05  |     1775    7.6785e-03
    1778    3.0028e-05    0.0000e+00   1.243e-05      8.755   1.000e-05  |     1775    7.6785e-03
    1779    3.0028e-05    0.0000e+00   1.243e-05      8.807   1.000e-05  |     1775    7.6785e-03
    1780    3.0028e-05    0.0000e+00   1.243e-05     24.453   1.000e-05  |     1780    7.6785e-03
    1781    3.0028e-05    0.0000e+00   1.243e-05      8.631   1.000e-05  |     1780    7.6785e-03
    1782    3.0028e-05    0.0000e+00   1.243e-05      8.988   1.000e-05  |     1780    7.6785e-03
    1783    3.0028e-05    0.0000e+00   1.243e-05      8.788   1.000e-05  |     1780    7.6785e-03
    1784    3.0028e-05    0.0000e+00   1.243e-05      9.024   1.000e-05  |     1780    7.6785e-03
    1785    3.0028e-05    0.0000e+00   1.243e-05     24.024   1.000e-05  |     1785    7.6785e-03
    1786    3.0028e-05    0.0000e+00   1.243e-05      9.052   1.000e-05  |     1785    7.6785e-03
    1787    3.0028e-05    0.0000e+00   1.243e-05      8.778   1.000e-05  |     1785    7.6785e-03
    1788    3.0028e-05    0.0000e+00   1.243e-05      9.071   1.000e-05  |     1785    7.6785e-03
    1789    3.0028e-05    0.0000e+00   1.243e-05      8.711   1.000e-05  |     1785    7.6785e-03
    1790    3.0028e-05    0.0000e+00   1.243e-05     24.440   1.000e-05  |     1790    7.6786e-03
    1791    3.0028e-05    0.0000e+00   1.243e-05      8.727   1.000e-05  |     1790    7.6786e-03
    1792    3.0028e-05    0.0000e+00   1.243e-05      9.062   1.000e-05  |     1790    7.6786e-03
    1793    3.0028e-05    0.0000e+00   1.243e-05      8.711   1.000e-05  |     1790    7.6786e-03
    1794    3.0028e-05    0.0000e+00   1.243e-05      9.064   1.000e-05  |     1790    7.6786e-03
    1795    3.0028e-05    0.0000e+00   1.243e-05     24.039   1.000e-05  |     1795    7.6786e-03
    1796    3.0028e-05    0.0000e+00   1.243e-05      8.954   1.000e-05  |     1795    7.6786e-03
    1797    3.0028e-05    0.0000e+00   1.243e-05      8.774   1.000e-05  |     1795    7.6786e-03
    1798    3.0028e-05    0.0000e+00   1.243e-05      8.804   1.000e-05  |     1795    7.6786e-03
    1799    3.0028e-05    0.0000e+00   1.243e-05      9.049   1.000e-05  |     1795    7.6786e-03
    1800    3.0028e-05    0.0000e+00   1.243e-05     24.213   1.000e-05  |     1800    7.6786e-03
    1801    3.0028e-05    0.0000e+00   1.243e-05      9.039   1.000e-05  |     1800    7.6786e-03
    1802    3.0028e-05    0.0000e+00   1.243e-05      8.766   1.000e-05  |     1800    7.6786e-03
    1803    3.0028e-05    0.0000e+00   1.243e-05      9.035   1.000e-05  |     1800    7.6786e-03
    1804    3.0028e-05    0.0000e+00   1.243e-05      8.759   1.000e-05  |     1800    7.6786e-03
    1805    3.0028e-05    0.0000e+00   1.243e-05     24.272   1.000e-05  |     1805    7.6786e-03
    1806    3.0028e-05    0.0000e+00   1.243e-05      8.825   1.000e-05  |     1805    7.6786e-03
    1807    3.0028e-05    0.0000e+00   1.243e-05      9.091   1.000e-05  |     1805    7.6786e-03
    1808    3.0028e-05    0.0000e+00   1.243e-05      8.734   1.000e-05  |     1805    7.6786e-03
    1809    3.0028e-05    0.0000e+00   1.243e-05      9.026   1.000e-05  |     1805    7.6786e-03
    1810    3.0028e-05    0.0000e+00   1.243e-05     24.239   1.000e-05  |     1810    7.6786e-03
    1811    3.0028e-05    0.0000e+00   1.243e-05      8.932   1.000e-05  |     1810    7.6786e-03
    1812    3.0028e-05    0.0000e+00   1.243e-05      8.707   1.000e-05  |     1810    7.6786e-03
    1813    3.0028e-05    0.0000e+00   1.243e-05      8.754   1.000e-05  |     1810    7.6786e-03
    1814    3.0028e-05    0.0000e+00   1.243e-05      9.040   1.000e-05  |     1810    7.6786e-03
    1815    3.0028e-05    0.0000e+00   1.243e-05     24.065   1.000e-05  |     1815    7.6786e-03
    1816    3.0028e-05    0.0000e+00   1.243e-05      8.968   1.000e-05  |     1815    7.6786e-03
    1817    3.0028e-05    0.0000e+00   1.243e-05      8.767   1.000e-05  |     1815    7.6786e-03
    1818    3.0028e-05    0.0000e+00   1.243e-05      8.967   1.000e-05  |     1815    7.6786e-03
    1819    3.0028e-05    0.0000e+00   1.243e-05      9.098   1.000e-05  |     1815    7.6786e-03
    1820    3.0028e-05    0.0000e+00   1.243e-05     24.184   1.000e-05  |     1820    7.6786e-03
    1821    3.0028e-05    0.0000e+00   1.243e-05      8.758   1.000e-05  |     1820    7.6786e-03
    1822    3.0028e-05    0.0000e+00   1.243e-05      8.986   1.000e-05  |     1820    7.6786e-03
    1823    3.0028e-05    0.0000e+00   1.243e-05      8.724   1.000e-05  |     1820    7.6786e-03
    1824    3.0028e-05    0.0000e+00   1.243e-05      9.001   1.000e-05  |     1820    7.6786e-03
    1825    3.0028e-05    0.0000e+00   1.243e-05     24.030   1.000e-05  |     1825    7.6786e-03
    1826    3.0028e-05    0.0000e+00   1.243e-05      9.072   1.000e-05  |     1825    7.6786e-03
    1827    3.0028e-05    0.0000e+00   1.243e-05      8.687   1.000e-05  |     1825    7.6786e-03
    1828    3.0028e-05    0.0000e+00   1.243e-05      8.934   1.000e-05  |     1825    7.6786e-03
    1829    3.0028e-05    0.0000e+00   1.243e-05      8.803   1.000e-05  |     1825    7.6786e-03
    1830    3.0028e-05    0.0000e+00   1.243e-05     24.563   1.000e-05  |     1830    7.6786e-03
    1831    3.0028e-05    0.0000e+00   1.243e-05      8.749   1.000e-05  |     1830    7.6786e-03
    1832    3.0028e-05    0.0000e+00   1.243e-05      8.702   1.000e-05  |     1830    7.6786e-03
    1833    3.0028e-05    0.0000e+00   1.243e-05      9.048   1.000e-05  |     1830    7.6786e-03
    1834    3.0028e-05    0.0000e+00   1.243e-05      8.794   1.000e-05  |     1830    7.6786e-03
    1835    3.0028e-05    0.0000e+00   1.243e-05     24.282   1.000e-05  |     1835    7.6786e-03
    1836    3.0028e-05    0.0000e+00   1.243e-05      8.754   1.000e-05  |     1835    7.6786e-03
    1837    3.0028e-05    0.0000e+00   1.243e-05      8.993   1.000e-05  |     1835    7.6786e-03
    1838    3.0028e-05    0.0000e+00   1.243e-05      9.078   1.000e-05  |     1835    7.6786e-03
    1839    3.0028e-05    0.0000e+00   1.243e-05      8.780   1.000e-05  |     1835    7.6786e-03
    1840    3.0028e-05    0.0000e+00   1.243e-05     24.146   1.000e-05  |     1840    7.6786e-03
    1841    3.0028e-05    0.0000e+00   1.243e-05      9.065   1.000e-05  |     1840    7.6786e-03
    1842    3.0028e-05    0.0000e+00   1.243e-05      8.738   1.000e-05  |     1840    7.6786e-03
    1843    3.0028e-05    0.0000e+00   1.243e-05      9.028   1.000e-05  |     1840    7.6786e-03
    1844    3.0028e-05    0.0000e+00   1.243e-05      8.617   1.000e-05  |     1840    7.6786e-03
    1845    3.0028e-05    0.0000e+00   1.243e-05     24.369   1.000e-05  |     1845    7.6786e-03
    1846    3.0028e-05    0.0000e+00   1.243e-05      8.714   1.000e-05  |     1845    7.6786e-03
    1847    3.0028e-05    0.0000e+00   1.243e-05      9.039   1.000e-05  |     1845    7.6786e-03
    1848    3.0028e-05    0.0000e+00   1.243e-05      8.795   1.000e-05  |     1845    7.6786e-03
    1849    3.0028e-05    0.0000e+00   1.243e-05      9.094   1.000e-05  |     1845    7.6786e-03
    1850    3.0028e-05    0.0000e+00   1.243e-05     24.163   1.000e-05  |     1850    7.6786e-03
    1851    3.0028e-05    0.0000e+00   1.243e-05      8.702   1.000e-05  |     1850    7.6786e-03
    1852    3.0028e-05    0.0000e+00   1.243e-05      9.059   1.000e-05  |     1850    7.6786e-03
    1853    3.0028e-05    0.0000e+00   1.243e-05      8.779   1.000e-05  |     1850    7.6786e-03
    1854    3.0028e-05    0.0000e+00   1.243e-05      9.009   1.000e-05  |     1850    7.6786e-03
    1855    3.0028e-05    0.0000e+00   1.243e-05     24.075   1.000e-05  |     1855    7.6786e-03
    1856    3.0028e-05    0.0000e+00   1.243e-05      9.023   1.000e-05  |     1855    7.6786e-03
    1857    3.0028e-05    0.0000e+00   1.243e-05      9.089   1.000e-05  |     1855    7.6786e-03
    1858    3.0028e-05    0.0000e+00   1.243e-05      8.746   1.000e-05  |     1855    7.6786e-03
    1859    3.0028e-05    0.0000e+00   1.243e-05      8.700   1.000e-05  |     1855    7.6786e-03
    1860    3.0028e-05    0.0000e+00   1.243e-05     24.395   1.000e-05  |     1860    7.6786e-03
    1861    3.0028e-05    0.0000e+00   1.243e-05      8.736   1.000e-05  |     1860    7.6786e-03
    1862    3.0028e-05    0.0000e+00   1.243e-05      9.029   1.000e-05  |     1860    7.6786e-03
    1863    3.0028e-05    0.0000e+00   1.243e-05      8.746   1.000e-05  |     1860    7.6786e-03
    1864    3.0028e-05    0.0000e+00   1.243e-05      9.051   1.000e-05  |     1860    7.6786e-03
    1865    3.0028e-05    0.0000e+00   1.243e-05     24.106   1.000e-05  |     1865    7.6786e-03
    1866    3.0028e-05    0.0000e+00   1.243e-05      8.991   1.000e-05  |     1865    7.6786e-03
    1867    3.0028e-05    0.0000e+00   1.243e-05      8.667   1.000e-05  |     1865    7.6786e-03
    1868    3.0028e-05    0.0000e+00   1.243e-05      9.036   1.000e-05  |     1865    7.6786e-03
    1869    3.0028e-05    0.0000e+00   1.243e-05      8.761   1.000e-05  |     1865    7.6786e-03
    1870    3.0028e-05    0.0000e+00   1.243e-05     24.186   1.000e-05  |     1870    7.6786e-03
    1871    3.0028e-05    0.0000e+00   1.243e-05      8.999   1.000e-05  |     1870    7.6786e-03
    1872    3.0028e-05    0.0000e+00   1.243e-05      8.785   1.000e-05  |     1870    7.6786e-03
    1873    3.0028e-05    0.0000e+00   1.243e-05      8.995   1.000e-05  |     1870    7.6786e-03
    1874    3.0028e-05    0.0000e+00   1.243e-05      8.797   1.000e-05  |     1870    7.6786e-03
    1875    3.0028e-05    0.0000e+00   1.243e-05     24.262   1.000e-05  |     1875    7.6786e-03
    1876    3.0028e-05    0.0000e+00   1.243e-05      9.065   1.000e-05  |     1875    7.6786e-03
    1877    3.0028e-05    0.0000e+00   1.243e-05      8.762   1.000e-05  |     1875    7.6786e-03
    1878    3.0028e-05    0.0000e+00   1.243e-05      8.771   1.000e-05  |     1875    7.6786e-03
    1879    3.0028e-05    0.0000e+00   1.243e-05      9.047   1.000e-05  |     1875    7.6786e-03
    1880    3.0028e-05    0.0000e+00   1.243e-05     24.265   1.000e-05  |     1880    7.6786e-03
    1881    3.0028e-05    0.0000e+00   1.243e-05      8.988   1.000e-05  |     1880    7.6786e-03
    1882    3.0028e-05    0.0000e+00   1.243e-05      8.719   1.000e-05  |     1880    7.6786e-03
    1883    3.0028e-05    0.0000e+00   1.243e-05      8.956   1.000e-05  |     1880    7.6786e-03
    1884    3.0028e-05    0.0000e+00   1.243e-05      8.741   1.000e-05  |     1880    7.6786e-03
    1885    3.0028e-05    0.0000e+00   1.243e-05     24.343   1.000e-05  |     1885    7.6786e-03
    1886    3.0028e-05    0.0000e+00   1.243e-05      8.710   1.000e-05  |     1885    7.6786e-03
    1887    3.0028e-05    0.0000e+00   1.243e-05      9.075   1.000e-05  |     1885    7.6786e-03
    1888    3.0028e-05    0.0000e+00   1.243e-05      8.739   1.000e-05  |     1885    7.6786e-03
    1889    3.0028e-05    0.0000e+00   1.243e-05      8.729   1.000e-05  |     1885    7.6786e-03
    1890    3.0028e-05    0.0000e+00   1.243e-05     24.582   1.000e-05  |     1890    7.6786e-03
    1891    3.0028e-05    0.0000e+00   1.243e-05      8.800   1.000e-05  |     1890    7.6786e-03
    1892    3.0028e-05    0.0000e+00   1.243e-05      9.032   1.000e-05  |     1890    7.6786e-03
    1893    3.0028e-05    0.0000e+00   1.243e-05      8.743   1.000e-05  |     1890    7.6786e-03
    1894    3.0028e-05    0.0000e+00   1.243e-05      9.002   1.000e-05  |     1890    7.6786e-03
    1895    3.0028e-05    0.0000e+00   1.243e-05     24.378   1.000e-05  |     1895    7.6786e-03
    1896    3.0028e-05    0.0000e+00   1.243e-05      8.765   1.000e-05  |     1895    7.6786e-03
    1897    3.0028e-05    0.0000e+00   1.243e-05      8.771   1.000e-05  |     1895    7.6786e-03
    1898    3.0028e-05    0.0000e+00   1.243e-05      9.016   1.000e-05  |     1895    7.6786e-03
    1899    3.0028e-05    0.0000e+00   1.243e-05      8.701   1.000e-05  |     1895    7.6786e-03
    1900    3.0028e-05    0.0000e+00   1.243e-05     24.517   1.000e-05  |     1900    7.6786e-03
    1901    3.0028e-05    0.0000e+00   1.243e-05      8.779   1.000e-05  |     1900    7.6786e-03
    1902    3.0028e-05    0.0000e+00   1.243e-05      9.074   1.000e-05  |     1900    7.6786e-03
    1903    3.0028e-05    0.0000e+00   1.243e-05      8.715   1.000e-05  |     1900    7.6786e-03
    1904    3.0028e-05    0.0000e+00   1.243e-05      9.096   1.000e-05  |     1900    7.6786e-03
    1905    3.0028e-05    0.0000e+00   1.243e-05     24.091   1.000e-05  |     1905    7.6786e-03
    1906    3.0028e-05    0.0000e+00   1.243e-05      8.787   1.000e-05  |     1905    7.6786e-03
    1907    3.0028e-05    0.0000e+00   1.243e-05      9.075   1.000e-05  |     1905    7.6786e-03
    1908    3.0028e-05    0.0000e+00   1.243e-05      8.789   1.000e-05  |     1905    7.6786e-03
    1909    3.0028e-05    0.0000e+00   1.243e-05      9.037   1.000e-05  |     1905    7.6786e-03
    1910    3.0028e-05    0.0000e+00   1.243e-05     24.107   1.000e-05  |     1910    7.6787e-03
    1911    3.0028e-05    0.0000e+00   1.243e-05      9.052   1.000e-05  |     1910    7.6787e-03
    1912    3.0028e-05    0.0000e+00   1.243e-05      8.729   1.000e-05  |     1910    7.6787e-03
    1913    3.0028e-05    0.0000e+00   1.243e-05      9.008   1.000e-05  |     1910    7.6787e-03
    1914    3.0028e-05    0.0000e+00   1.243e-05      8.653   1.000e-05  |     1910    7.6787e-03
    1915    3.0028e-05    0.0000e+00   1.243e-05     24.394   1.000e-05  |     1915    7.6787e-03
    1916    3.0028e-05    0.0000e+00   1.243e-05      8.712   1.000e-05  |     1915    7.6787e-03
    1917    3.0028e-05    0.0000e+00   1.243e-05      9.118   1.000e-05  |     1915    7.6787e-03
    1918    3.0028e-05    0.0000e+00   1.243e-05      8.742   1.000e-05  |     1915    7.6787e-03
    1919    3.0028e-05    0.0000e+00   1.243e-05      8.829   1.000e-05  |     1915    7.6787e-03
    1920    3.0028e-05    0.0000e+00   1.243e-05     24.553   1.000e-05  |     1920    7.6787e-03
    1921    3.0028e-05    0.0000e+00   1.243e-05      8.750   1.000e-05  |     1920    7.6787e-03
    1922    3.0028e-05    0.0000e+00   1.243e-05      9.035   1.000e-05  |     1920    7.6787e-03
    1923    3.0028e-05    0.0000e+00   1.243e-05      8.749   1.000e-05  |     1920    7.6787e-03
    1924    3.0028e-05    0.0000e+00   1.243e-05      9.021   1.000e-05  |     1920    7.6787e-03
    1925    3.0028e-05    0.0000e+00   1.243e-05     24.012   1.000e-05  |     1925    7.6787e-03
    1926    3.0028e-05    0.0000e+00   1.243e-05      9.006   1.000e-05  |     1925    7.6787e-03
    1927    3.0028e-05    0.0000e+00   1.243e-05      8.764   1.000e-05  |     1925    7.6787e-03
    1928    3.0028e-05    0.0000e+00   1.243e-05      9.084   1.000e-05  |     1925    7.6787e-03
    1929    3.0028e-05    0.0000e+00   1.243e-05      8.592   1.000e-05  |     1925    7.6787e-03
    1930    3.0028e-05    0.0000e+00   1.243e-05     24.435   1.000e-05  |     1930    7.6787e-03
    1931    3.0028e-05    0.0000e+00   1.243e-05      8.753   1.000e-05  |     1930    7.6787e-03
    1932    3.0028e-05    0.0000e+00   1.243e-05      9.030   1.000e-05  |     1930    7.6787e-03
    1933    3.0028e-05    0.0000e+00   1.243e-05      8.716   1.000e-05  |     1930    7.6787e-03
    1934    3.0028e-05    0.0000e+00   1.243e-05      9.043   1.000e-05  |     1930    7.6787e-03
    1935    3.0028e-05    0.0000e+00   1.243e-05     24.089   1.000e-05  |     1935    7.6787e-03
    1936    3.0028e-05    0.0000e+00   1.243e-05      8.992   1.000e-05  |     1935    7.6787e-03
    1937    3.0028e-05    0.0000e+00   1.243e-05      8.773   1.000e-05  |     1935    7.6787e-03
    1938    3.0028e-05    0.0000e+00   1.243e-05      8.765   1.000e-05  |     1935    7.6787e-03
    1939    3.0028e-05    0.0000e+00   1.243e-05      9.034   1.000e-05  |     1935    7.6787e-03
    1940    3.0028e-05    0.0000e+00   1.243e-05     24.132   1.000e-05  |     1940    7.6787e-03
    1941    3.0028e-05    0.0000e+00   1.243e-05      9.056   1.000e-05  |     1940    7.6787e-03
    1942    3.0028e-05    0.0000e+00   1.243e-05      8.781   1.000e-05  |     1940    7.6787e-03
    1943    3.0028e-05    0.0000e+00   1.243e-05      9.004   1.000e-05  |     1940    7.6787e-03
    1944    3.0028e-05    0.0000e+00   1.243e-05      8.712   1.000e-05  |     1940    7.6787e-03
    1945    3.0028e-05    0.0000e+00   1.243e-05     24.261   1.000e-05  |     1945    7.6787e-03
    1946    3.0028e-05    0.0000e+00   1.243e-05      8.829   1.000e-05  |     1945    7.6787e-03
    1947    3.0028e-05    0.0000e+00   1.243e-05      9.039   1.000e-05  |     1945    7.6787e-03
    1948    3.0028e-05    0.0000e+00   1.243e-05      8.719   1.000e-05  |     1945    7.6787e-03
    1949    3.0028e-05    0.0000e+00   1.243e-05      9.085   1.000e-05  |     1945    7.6787e-03
    1950    3.0028e-05    0.0000e+00   1.243e-05     24.269   1.000e-05  |     1950    7.6787e-03
    1951    3.0028e-05    0.0000e+00   1.243e-05      8.974   1.000e-05  |     1950    7.6787e-03
    1952    3.0028e-05    0.0000e+00   1.243e-05      8.766   1.000e-05  |     1950    7.6787e-03
    1953    3.0028e-05    0.0000e+00   1.243e-05      8.780   1.000e-05  |     1950    7.6787e-03
    1954    3.0028e-05    0.0000e+00   1.243e-05      9.012   1.000e-05  |     1950    7.6787e-03
    1955    3.0028e-05    0.0000e+00   1.243e-05     24.047   1.000e-05  |     1955    7.6787e-03
    1956    3.0028e-05    0.0000e+00   1.243e-05      9.032   1.000e-05  |     1955    7.6787e-03
    1957    3.0028e-05    0.0000e+00   1.243e-05      8.800   1.000e-05  |     1955    7.6787e-03
    1958    3.0028e-05    0.0000e+00   1.243e-05      8.977   1.000e-05  |     1955    7.6787e-03
    1959    3.0028e-05    0.0000e+00   1.243e-05      9.065   1.000e-05  |     1955    7.6787e-03
    1960    3.0028e-05    0.0000e+00   1.243e-05     24.243   1.000e-05  |     1960    7.6787e-03
    1961    3.0028e-05    0.0000e+00   1.243e-05      8.788   1.000e-05  |     1960    7.6787e-03
    1962    3.0028e-05    0.0000e+00   1.243e-05      9.049   1.000e-05  |     1960    7.6787e-03
    1963    3.0028e-05    0.0000e+00   1.243e-05      8.696   1.000e-05  |     1960    7.6787e-03
    1964    3.0028e-05    0.0000e+00   1.243e-05      9.005   1.000e-05  |     1960    7.6787e-03
    1965    3.0028e-05    0.0000e+00   1.243e-05     23.986   1.000e-05  |     1965    7.6787e-03
    1966    3.0028e-05    0.0000e+00   1.243e-05      8.926   1.000e-05  |     1965    7.6787e-03
    1967    3.0028e-05    0.0000e+00   1.243e-05      8.701   1.000e-05  |     1965    7.6787e-03
    1968    3.0028e-05    0.0000e+00   1.243e-05      9.017   1.000e-05  |     1965    7.6787e-03
    1969    3.0028e-05    0.0000e+00   1.243e-05      8.781   1.000e-05  |     1965    7.6787e-03
    1970    3.0028e-05    0.0000e+00   1.243e-05     24.521   1.000e-05  |     1970    7.6787e-03
    1971    3.0028e-05    0.0000e+00   1.243e-05      8.742   1.000e-05  |     1970    7.6787e-03
    1972    3.0028e-05    0.0000e+00   1.243e-05      8.802   1.000e-05  |     1970    7.6787e-03
    1973    3.0028e-05    0.0000e+00   1.243e-05      9.030   1.000e-05  |     1970    7.6787e-03
    1974    3.0028e-05    0.0000e+00   1.243e-05      8.764   1.000e-05  |     1970    7.6787e-03
    1975    3.0028e-05    0.0000e+00   1.243e-05     24.295   1.000e-05  |     1975    7.6787e-03
    1976    3.0028e-05    0.0000e+00   1.243e-05      8.775   1.000e-05  |     1975    7.6787e-03
    1977    3.0028e-05    0.0000e+00   1.243e-05      9.038   1.000e-05  |     1975    7.6787e-03
    1978    3.0028e-05    0.0000e+00   1.243e-05      9.084   1.000e-05  |     1975    7.6787e-03
    1979    3.0028e-05    0.0000e+00   1.243e-05      8.743   1.000e-05  |     1975    7.6787e-03
    1980    3.0028e-05    0.0000e+00   1.243e-05     24.201   1.000e-05  |     1980    7.6787e-03
    1981    3.0028e-05    0.0000e+00   1.243e-05      9.056   1.000e-05  |     1980    7.6787e-03
    1982    3.0028e-05    0.0000e+00   1.243e-05      8.638   1.000e-05  |     1980    7.6787e-03
    1983    3.0028e-05    0.0000e+00   1.243e-05      9.040   1.000e-05  |     1980    7.6787e-03
    1984    3.0028e-05    0.0000e+00   1.243e-05      8.717   1.000e-05  |     1980    7.6787e-03
    1985    3.0028e-05    0.0000e+00   1.243e-05     24.323   1.000e-05  |     1985    7.6787e-03
    1986    3.0028e-05    0.0000e+00   1.243e-05      8.726   1.000e-05  |     1985    7.6787e-03
    1987    3.0028e-05    0.0000e+00   1.243e-05      9.041   1.000e-05  |     1985    7.6787e-03
    1988    3.0028e-05    0.0000e+00   1.243e-05      8.804   1.000e-05  |     1985    7.6787e-03
    1989    3.0028e-05    0.0000e+00   1.243e-05      9.074   1.000e-05  |     1985    7.6787e-03
    1990    3.0028e-05    0.0000e+00   1.243e-05     24.203   1.000e-05  |     1990    7.6787e-03
    1991    3.0028e-05    0.0000e+00   1.243e-05      8.766   1.000e-05  |     1990    7.6787e-03
    1992    3.0028e-05    0.0000e+00   1.243e-05      9.015   1.000e-05  |     1990    7.6787e-03
    1993    3.0028e-05    0.0000e+00   1.243e-05      8.764   1.000e-05  |     1990    7.6787e-03
    1994    3.0028e-05    0.0000e+00   1.243e-05      9.024   1.000e-05  |     1990    7.6787e-03
    1995    3.0028e-05    0.0000e+00   1.243e-05     24.048   1.000e-05  |     1995    7.6787e-03
    1996    3.0028e-05    0.0000e+00   1.243e-05      8.994   1.000e-05  |     1995    7.6787e-03
    1997    3.0028e-05    0.0000e+00   1.243e-05      9.081   1.000e-05  |     1995    7.6787e-03
    1998    3.0028e-05    0.0000e+00   1.243e-05      8.710   1.000e-05  |     1995    7.6787e-03
    1999    3.0028e-05    0.0000e+00   1.243e-05      8.723   1.000e-05  |     1995    7.6787e-03
    2000    3.0028e-05    0.0000e+00   1.243e-05     24.426   1.000e-05  |     2000    7.6787e-03
    2001    3.0028e-05    0.0000e+00   1.243e-05      8.727   1.000e-05  |     2000    7.6787e-03
    2002    3.0028e-05    0.0000e+00   1.243e-05      9.023   1.000e-05  |     2000    7.6787e-03
    2003    3.0028e-05    0.0000e+00   1.243e-05      8.761   1.000e-05  |     2000    7.6787e-03
    2004    3.0028e-05    0.0000e+00   1.243e-05      9.100   1.000e-05  |     2000    7.6787e-03
    2005    3.0028e-05    0.0000e+00   1.243e-05     24.128   1.000e-05  |     2005    7.6787e-03
    2006    3.0028e-05    0.0000e+00   1.243e-05      9.016   1.000e-05  |     2005    7.6787e-03
    2007    3.0028e-05    0.0000e+00   1.243e-05      8.795   1.000e-05  |     2005    7.6787e-03
    2008    3.0028e-05    0.0000e+00   1.243e-05      9.134   1.000e-05  |     2005    7.6787e-03
    2009    3.0028e-05    0.0000e+00   1.243e-05      8.744   1.000e-05  |     2005    7.6787e-03
    2010    3.0028e-05    0.0000e+00   1.243e-05     24.202   1.000e-05  |     2010    7.6787e-03
    2011    3.0028e-05    0.0000e+00   1.243e-05      9.013   1.000e-05  |     2010    7.6787e-03
    2012    3.0028e-05    0.0000e+00   1.243e-05      8.760   1.000e-05  |     2010    7.6787e-03
    2013    3.0028e-05    0.0000e+00   1.243e-05      9.030   1.000e-05  |     2010    7.6787e-03
    2014    3.0028e-05    0.0000e+00   1.243e-05      8.658   1.000e-05  |     2010    7.6787e-03
    2015    3.0028e-05    0.0000e+00   1.243e-05     24.324   1.000e-05  |     2015    7.6787e-03
    2016    3.0028e-05    0.0000e+00   1.243e-05      9.080   1.000e-05  |     2015    7.6787e-03
    2017    3.0028e-05    0.0000e+00   1.243e-05      8.703   1.000e-05  |     2015    7.6787e-03
    2018    3.0028e-05    0.0000e+00   1.243e-05      8.784   1.000e-05  |     2015    7.6787e-03
    2019    3.0028e-05    0.0000e+00   1.243e-05      9.223   1.000e-05  |     2015    7.6787e-03
    2020    3.0028e-05    0.0000e+00   1.243e-05     24.211   1.000e-05  |     2020    7.6787e-03
    2021    3.0028e-05    0.0000e+00   1.243e-05      8.944   1.000e-05  |     2020    7.6787e-03
    2022    3.0028e-05    0.0000e+00   1.243e-05      8.764   1.000e-05  |     2020    7.6787e-03
    2023    3.0028e-05    0.0000e+00   1.243e-05      9.023   1.000e-05  |     2020    7.6787e-03
    2024    3.0028e-05    0.0000e+00   1.243e-05      8.759   1.000e-05  |     2020    7.6787e-03
    2025    3.0028e-05    0.0000e+00   1.243e-05     24.345   1.000e-05  |     2025    7.6787e-03
    2026    3.0028e-05    0.0000e+00   1.243e-05      8.779   1.000e-05  |     2025    7.6787e-03
    2027    3.0028e-05    0.0000e+00   1.243e-05      9.064   1.000e-05  |     2025    7.6787e-03
    2028    3.0028e-05    0.0000e+00   1.243e-05      8.772   1.000e-05  |     2025    7.6787e-03
    2029    3.0028e-05    0.0000e+00   1.243e-05      8.766   1.000e-05  |     2025    7.6787e-03
    2030    3.0028e-05    0.0000e+00   1.243e-05     24.391   1.000e-05  |     2030    7.6788e-03
    2031    3.0028e-05    0.0000e+00   1.243e-05      8.741   1.000e-05  |     2030    7.6788e-03
    2032    3.0028e-05    0.0000e+00   1.243e-05      9.035   1.000e-05  |     2030    7.6788e-03
    2033    3.0028e-05    0.0000e+00   1.243e-05      8.782   1.000e-05  |     2030    7.6788e-03
    2034    3.0028e-05    0.0000e+00   1.243e-05      8.988   1.000e-05  |     2030    7.6788e-03
    2035    3.0028e-05    0.0000e+00   1.243e-05     24.501   1.000e-05  |     2035    7.6788e-03
    2036    3.0028e-05    0.0000e+00   1.243e-05      8.735   1.000e-05  |     2035    7.6788e-03
    2037    3.0028e-05    0.0000e+00   1.243e-05      8.763   1.000e-05  |     2035    7.6788e-03
    2038    3.0028e-05    0.0000e+00   1.243e-05      8.917   1.000e-05  |     2035    7.6788e-03
    2039    3.0028e-05    0.0000e+00   1.243e-05      8.742   1.000e-05  |     2035    7.6788e-03
    2040    3.0028e-05    0.0000e+00   1.243e-05     24.502   1.000e-05  |     2040    7.6788e-03
    2041    3.0028e-05    0.0000e+00   1.243e-05      8.774   1.000e-05  |     2040    7.6788e-03
    2042    3.0028e-05    0.0000e+00   1.243e-05      9.072   1.000e-05  |     2040    7.6788e-03
    2043    3.0028e-05    0.0000e+00   1.243e-05      8.713   1.000e-05  |     2040    7.6788e-03
    2044    3.0028e-05    0.0000e+00   1.243e-05      9.096   1.000e-05  |     2040    7.6788e-03
    2045    3.0028e-05    0.0000e+00   1.243e-05     24.146   1.000e-05  |     2045    7.6788e-03
    2046    3.0028e-05    0.0000e+00   1.243e-05      8.795   1.000e-05  |     2045    7.6788e-03
    2047    3.0028e-05    0.0000e+00   1.243e-05      9.016   1.000e-05  |     2045    7.6788e-03
    2048    3.0028e-05    0.0000e+00   1.243e-05      8.793   1.000e-05  |     2045    7.6788e-03
    2049    3.0028e-05    0.0000e+00   1.243e-05      9.056   1.000e-05  |     2045    7.6788e-03
    2050    3.0028e-05    0.0000e+00   1.243e-05     24.117   1.000e-05  |     2050    7.6788e-03
    2051    3.0028e-05    0.0000e+00   1.243e-05      9.069   1.000e-05  |     2050    7.6788e-03
    2052    3.0028e-05    0.0000e+00   1.243e-05      8.717   1.000e-05  |     2050    7.6788e-03
    2053    3.0028e-05    0.0000e+00   1.243e-05      8.968   1.000e-05  |     2050    7.6788e-03
    2054    3.0028e-05    0.0000e+00   1.243e-05      8.715   1.000e-05  |     2050    7.6788e-03
    2055    3.0028e-05    0.0000e+00   1.243e-05     24.407   1.000e-05  |     2055    7.6788e-03
    2056    3.0028e-05    0.0000e+00   1.243e-05      8.730   1.000e-05  |     2055    7.6788e-03
    2057    3.0028e-05    0.0000e+00   1.243e-05      9.104   1.000e-05  |     2055    7.6788e-03
    2058    3.0028e-05    0.0000e+00   1.243e-05      8.748   1.000e-05  |     2055    7.6788e-03
    2059    3.0028e-05    0.0000e+00   1.243e-05      8.782   1.000e-05  |     2055    7.6788e-03
    2060    3.0028e-05    0.0000e+00   1.243e-05     24.568   1.000e-05  |     2060    7.6788e-03
    2061    3.0028e-05    0.0000e+00   1.243e-05      8.684   1.000e-05  |     2060    7.6788e-03
    2062    3.0028e-05    0.0000e+00   1.243e-05      9.013   1.000e-05  |     2060    7.6788e-03
    2063    3.0028e-05    0.0000e+00   1.243e-05      8.765   1.000e-05  |     2060    7.6788e-03
    2064    3.0028e-05    0.0000e+00   1.243e-05      9.013   1.000e-05  |     2060    7.6788e-03
    2065    3.0028e-05    0.0000e+00   1.243e-05     24.020   1.000e-05  |     2065    7.6788e-03
    2066    3.0028e-05    0.0000e+00   1.243e-05      9.023   1.000e-05  |     2065    7.6788e-03
    2067    3.0028e-05    0.0000e+00   1.243e-05      8.753   1.000e-05  |     2065    7.6788e-03
    2068    3.0028e-05    0.0000e+00   1.243e-05      9.052   1.000e-05  |     2065    7.6788e-03
    2069    3.0028e-05    0.0000e+00   1.243e-05      8.645   1.000e-05  |     2065    7.6788e-03
    2070    3.0028e-05    0.0000e+00   1.243e-05     24.546   1.000e-05  |     2070    7.6788e-03
    2071    3.0028e-05    0.0000e+00   1.243e-05      8.720   1.000e-05  |     2070    7.6788e-03
    2072    3.0028e-05    0.0000e+00   1.243e-05      9.006   1.000e-05  |     2070    7.6788e-03
    2073    3.0028e-05    0.0000e+00   1.243e-05      8.705   1.000e-05  |     2070    7.6788e-03
    2074    3.0028e-05    0.0000e+00   1.243e-05      9.072   1.000e-05  |     2070    7.6788e-03
    2075    3.0028e-05    0.0000e+00   1.243e-05     24.081   1.000e-05  |     2075    7.6788e-03
    2076    3.0028e-05    0.0000e+00   1.243e-05      8.926   1.000e-05  |     2075    7.6788e-03
    2077    3.0028e-05    0.0000e+00   1.243e-05      8.774   1.000e-05  |     2075    7.6788e-03
    2078    3.0028e-05    0.0000e+00   1.243e-05      8.760   1.000e-05  |     2075    7.6788e-03
    2079    3.0028e-05    0.0000e+00   1.243e-05      8.998   1.000e-05  |     2075    7.6788e-03
    2080    3.0028e-05    0.0000e+00   1.243e-05     24.202   1.000e-05  |     2080    7.6788e-03
    2081    3.0028e-05    0.0000e+00   1.243e-05      9.046   1.000e-05  |     2080    7.6788e-03
    2082    3.0028e-05    0.0000e+00   1.243e-05      8.761   1.000e-05  |     2080    7.6788e-03
    2083    3.0028e-05    0.0000e+00   1.243e-05      9.009   1.000e-05  |     2080    7.6788e-03
    2084    3.0028e-05    0.0000e+00   1.243e-05      8.707   1.000e-05  |     2080    7.6788e-03
    2085    3.0028e-05    0.0000e+00   1.243e-05     24.161   1.000e-05  |     2085    7.6788e-03
    2086    3.0028e-05    0.0000e+00   1.243e-05      8.644   1.000e-05  |     2085    7.6788e-03
    2087    3.0028e-05    0.0000e+00   1.243e-05      8.802   1.000e-05  |     2085    7.6788e-03
    2088    3.0028e-05    0.0000e+00   1.243e-05      8.700   1.000e-05  |     2085    7.6788e-03
    2089    3.0028e-05    0.0000e+00   1.243e-05      9.098   1.000e-05  |     2085    7.6788e-03
    2090    3.0028e-05    0.0000e+00   1.243e-05     24.201   1.000e-05  |     2090    7.6788e-03
    2091    3.0028e-05    0.0000e+00   1.243e-05      9.025   1.000e-05  |     2090    7.6788e-03
    2092    3.0028e-05    0.0000e+00   1.243e-05      8.771   1.000e-05  |     2090    7.6788e-03
    2093    3.0028e-05    0.0000e+00   1.243e-05      8.744   1.000e-05  |     2090    7.6788e-03
    2094    3.0028e-05    0.0000e+00   1.243e-05      9.004   1.000e-05  |     2090    7.6788e-03
    2095    3.0028e-05    0.0000e+00   1.243e-05     24.159   1.000e-05  |     2095    7.6788e-03
    2096    3.0028e-05    0.0000e+00   1.243e-05      9.038   1.000e-05  |     2095    7.6788e-03
    2097    3.0028e-05    0.0000e+00   1.243e-05      8.754   1.000e-05  |     2095    7.6788e-03
    2098    3.0028e-05    0.0000e+00   1.243e-05      9.031   1.000e-05  |     2095    7.6788e-03
    2099    3.0028e-05    0.0000e+00   1.243e-05      9.054   1.000e-05  |     2095    7.6788e-03
    2100    3.0028e-05    0.0000e+00   1.243e-05     24.254   1.000e-05  |     2100    7.6788e-03
    2101    3.0028e-05    0.0000e+00   1.243e-05      8.798   1.000e-05  |     2100    7.6788e-03
    2102    3.0028e-05    0.0000e+00   1.243e-05      9.050   1.000e-05  |     2100    7.6788e-03
    2103    3.0028e-05    0.0000e+00   1.243e-05      8.702   1.000e-05  |     2100    7.6788e-03
    2104    3.0028e-05    0.0000e+00   1.243e-05      9.085   1.000e-05  |     2100    7.6788e-03
    2105    3.0028e-05    0.0000e+00   1.243e-05     24.061   1.000e-05  |     2105    7.6788e-03
    2106    3.0028e-05    0.0000e+00   1.243e-05      9.012   1.000e-05  |     2105    7.6788e-03
    2107    3.0028e-05    0.0000e+00   1.243e-05      8.762   1.000e-05  |     2105    7.6788e-03
    2108    3.0028e-05    0.0000e+00   1.243e-05      9.054   1.000e-05  |     2105    7.6788e-03
    2109    3.0028e-05    0.0000e+00   1.243e-05      8.775   1.000e-05  |     2105    7.6788e-03
    2110    3.0028e-05    0.0000e+00   1.243e-05     24.533   1.000e-05  |     2110    7.6788e-03
    2111    3.0028e-05    0.0000e+00   1.243e-05      8.767   1.000e-05  |     2110    7.6788e-03
    2112    3.0028e-05    0.0000e+00   1.243e-05      8.730   1.000e-05  |     2110    7.6788e-03
    2113    3.0028e-05    0.0000e+00   1.243e-05      9.020   1.000e-05  |     2110    7.6788e-03
    2114    3.0028e-05    0.0000e+00   1.243e-05      8.779   1.000e-05  |     2110    7.6788e-03
    2115    3.0028e-05    0.0000e+00   1.243e-05     24.208   1.000e-05  |     2115    7.6788e-03
    2116    3.0028e-05    0.0000e+00   1.243e-05      8.760   1.000e-05  |     2115    7.6788e-03
    2117    3.0028e-05    0.0000e+00   1.243e-05      9.039   1.000e-05  |     2115    7.6788e-03
    2118    3.0028e-05    0.0000e+00   1.243e-05      8.983   1.000e-05  |     2115    7.6788e-03
    2119    3.0028e-05    0.0000e+00   1.243e-05      8.710   1.000e-05  |     2115    7.6788e-03
    2120    3.0028e-05    0.0000e+00   1.243e-05     24.215   1.000e-05  |     2120    7.6788e-03
    2121    3.0028e-05    0.0000e+00   1.243e-05      9.061   1.000e-05  |     2120    7.6788e-03
    2122    3.0028e-05    0.0000e+00   1.243e-05      8.741   1.000e-05  |     2120    7.6788e-03
    2123    3.0028e-05    0.0000e+00   1.243e-05      9.062   1.000e-05  |     2120    7.6788e-03
    2124    3.0028e-05    0.0000e+00   1.243e-05      8.725   1.000e-05  |     2120    7.6788e-03
    2125    3.0028e-05    0.0000e+00   1.243e-05     24.448   1.000e-05  |     2125    7.6788e-03
    2126    3.0028e-05    0.0000e+00   1.243e-05      8.732   1.000e-05  |     2125    7.6788e-03
    2127    3.0028e-05    0.0000e+00   1.243e-05      9.073   1.000e-05  |     2125    7.6788e-03
    2128    3.0028e-05    0.0000e+00   1.243e-05      8.787   1.000e-05  |     2125    7.6788e-03
    2129    3.0028e-05    0.0000e+00   1.243e-05      9.043   1.000e-05  |     2125    7.6788e-03
    2130    3.0028e-05    0.0000e+00   1.243e-05     24.177   1.000e-05  |     2130    7.6788e-03
    2131    3.0028e-05    0.0000e+00   1.243e-05      8.724   1.000e-05  |     2130    7.6788e-03
    2132    3.0028e-05    0.0000e+00   1.243e-05      9.050   1.000e-05  |     2130    7.6788e-03
    2133    3.0028e-05    0.0000e+00   1.243e-05      8.680   1.000e-05  |     2130    7.6788e-03
    2134    3.0028e-05    0.0000e+00   1.243e-05      8.957   1.000e-05  |     2130    7.6788e-03
    2135    3.0028e-05    0.0000e+00   1.243e-05     24.069   1.000e-05  |     2135    7.6788e-03
    2136    3.0028e-05    0.0000e+00   1.243e-05      9.008   1.000e-05  |     2135    7.6788e-03
    2137    3.0028e-05    0.0000e+00   1.243e-05      9.084   1.000e-05  |     2135    7.6788e-03
    2138    3.0028e-05    0.0000e+00   1.243e-05      8.710   1.000e-05  |     2135    7.6788e-03
    2139    3.0028e-05    0.0000e+00   1.243e-05      8.797   1.000e-05  |     2135    7.6788e-03
    2140    3.0028e-05    0.0000e+00   1.243e-05     24.439   1.000e-05  |     2140    7.6788e-03
    2141    3.0028e-05    0.0000e+00   1.243e-05      8.683   1.000e-05  |     2140    7.6788e-03
    2142    3.0028e-05    0.0000e+00   1.243e-05      9.062   1.000e-05  |     2140    7.6788e-03
    2143    3.0028e-05    0.0000e+00   1.243e-05      8.729   1.000e-05  |     2140    7.6788e-03
    2144    3.0028e-05    0.0000e+00   1.243e-05      9.098   1.000e-05  |     2140    7.6788e-03
    2145    3.0028e-05    0.0000e+00   1.243e-05     24.112   1.000e-05  |     2145    7.6788e-03
    2146    3.0028e-05    0.0000e+00   1.243e-05      9.080   1.000e-05  |     2145    7.6788e-03
    2147    3.0028e-05    0.0000e+00   1.243e-05      8.824   1.000e-05  |     2145    7.6788e-03
    2148    3.0028e-05    0.0000e+00   1.243e-05      9.107   1.000e-05  |     2145    7.6788e-03
    2149    3.0028e-05    0.0000e+00   1.243e-05      8.735   1.000e-05  |     2145    7.6788e-03
    2150    3.0028e-05    0.0000e+00   1.243e-05     24.147   1.000e-05  |     2150    7.6789e-03
    2151    3.0028e-05    0.0000e+00   1.243e-05      9.002   1.000e-05  |     2150    7.6789e-03
    2152    3.0028e-05    0.0000e+00   1.243e-05      8.749   1.000e-05  |     2150    7.6789e-03
    2153    3.0028e-05    0.0000e+00   1.243e-05      9.045   1.000e-05  |     2150    7.6789e-03
    2154    3.0028e-05    0.0000e+00   1.243e-05      8.754   1.000e-05  |     2150    7.6789e-03
    2155    3.0028e-05    0.0000e+00   1.243e-05     24.302   1.000e-05  |     2155    7.6789e-03
    2156    3.0028e-05    0.0000e+00   1.243e-05      9.091   1.000e-05  |     2155    7.6789e-03
    2157    3.0028e-05    0.0000e+00   1.243e-05      8.678   1.000e-05  |     2155    7.6789e-03
    2158    3.0028e-05    0.0000e+00   1.243e-05      8.729   1.000e-05  |     2155    7.6789e-03
    2159    3.0028e-05    0.0000e+00   1.243e-05      9.035   1.000e-05  |     2155    7.6789e-03
    2160    3.0028e-05    0.0000e+00   1.243e-05     24.195   1.000e-05  |     2160    7.6789e-03
    2161    3.0028e-05    0.0000e+00   1.243e-05      9.001   1.000e-05  |     2160    7.6789e-03
    2162    3.0028e-05    0.0000e+00   1.243e-05      8.773   1.000e-05  |     2160    7.6789e-03
    2163    3.0028e-05    0.0000e+00   1.243e-05      9.034   1.000e-05  |     2160    7.6789e-03
    2164    3.0028e-05    0.0000e+00   1.243e-05      8.736   1.000e-05  |     2160    7.6789e-03
    2165    3.0028e-05    0.0000e+00   1.243e-05     24.425   1.000e-05  |     2165    7.6789e-03
    2166    3.0028e-05    0.0000e+00   1.243e-05      8.795   1.000e-05  |     2165    7.6789e-03
    2167    3.0028e-05    0.0000e+00   1.243e-05      9.079   1.000e-05  |     2165    7.6789e-03
    2168    3.0028e-05    0.0000e+00   1.243e-05      8.748   1.000e-05  |     2165    7.6789e-03
    2169    3.0028e-05    0.0000e+00   1.243e-05      8.774   1.000e-05  |     2165    7.6789e-03
    2170    3.0028e-05    0.0000e+00   1.243e-05     24.431   1.000e-05  |     2170    7.6789e-03
    2171    3.0028e-05    0.0000e+00   1.243e-05      8.751   1.000e-05  |     2170    7.6789e-03
    2172    3.0028e-05    0.0000e+00   1.243e-05      8.993   1.000e-05  |     2170    7.6789e-03
    2173    3.0028e-05    0.0000e+00   1.243e-05      8.660   1.000e-05  |     2170    7.6789e-03
    2174    3.0028e-05    0.0000e+00   1.243e-05      9.028   1.000e-05  |     2170    7.6789e-03
    2175    3.0028e-05    0.0000e+00   1.243e-05     24.434   1.000e-05  |     2175    7.6789e-03
    2176    3.0028e-05    0.0000e+00   1.243e-05      8.723   1.000e-05  |     2175    7.6789e-03
    2177    3.0028e-05    0.0000e+00   1.243e-05      8.782   1.000e-05  |     2175    7.6789e-03
    2178    3.0028e-05    0.0000e+00   1.243e-05      9.104   1.000e-05  |     2175    7.6789e-03
    2179    3.0028e-05    0.0000e+00   1.243e-05      8.698   1.000e-05  |     2175    7.6789e-03
    2180    3.0028e-05    0.0000e+00   1.243e-05     24.565   1.000e-05  |     2180    7.6789e-03
    2181    3.0028e-05    0.0000e+00   1.243e-05      8.777   1.000e-05  |     2180    7.6789e-03
    2182    3.0028e-05    0.0000e+00   1.243e-05      9.069   1.000e-05  |     2180    7.6789e-03
    2183    3.0028e-05    0.0000e+00   1.243e-05      8.758   1.000e-05  |     2180    7.6789e-03
    2184    3.0028e-05    0.0000e+00   1.243e-05      9.106   1.000e-05  |     2180    7.6789e-03
    2185    3.0028e-05    0.0000e+00   1.243e-05     24.128   1.000e-05  |     2185    7.6789e-03
    2186    3.0028e-05    0.0000e+00   1.243e-05      8.775   1.000e-05  |     2185    7.6789e-03
    2187    3.0028e-05    0.0000e+00   1.243e-05      9.020   1.000e-05  |     2185    7.6789e-03
    2188    3.0028e-05    0.0000e+00   1.243e-05      8.791   1.000e-05  |     2185    7.6789e-03
    2189    3.0028e-05    0.0000e+00   1.243e-05      8.921   1.000e-05  |     2185    7.6789e-03
    2190    3.0028e-05    0.0000e+00   1.243e-05     24.242   1.000e-05  |     2190    7.6789e-03
    2191    3.0028e-05    0.0000e+00   1.243e-05      9.073   1.000e-05  |     2190    7.6789e-03
    2192    3.0028e-05    0.0000e+00   1.243e-05      8.722   1.000e-05  |     2190    7.6789e-03
    2193    3.0028e-05    0.0000e+00   1.243e-05      9.050   1.000e-05  |     2190    7.6789e-03
    2194    3.0028e-05    0.0000e+00   1.243e-05      8.738   1.000e-05  |     2190    7.6789e-03
    2195    3.0028e-05    0.0000e+00   1.243e-05     24.374   1.000e-05  |     2195    7.6789e-03
    2196    3.0028e-05    0.0000e+00   1.243e-05      8.694   1.000e-05  |     2195    7.6789e-03
    2197    3.0028e-05    0.0000e+00   1.243e-05      8.978   1.000e-05  |     2195    7.6789e-03
    2198    3.0028e-05    0.0000e+00   1.243e-05      8.767   1.000e-05  |     2195    7.6789e-03
    2199    3.0028e-05    0.0000e+00   1.243e-05      8.758   1.000e-05  |     2195    7.6789e-03
    2200    3.0028e-05    0.0000e+00   1.243e-05     24.497   1.000e-05  |     2200    7.6789e-03
    2201    3.0028e-05    0.0000e+00   1.243e-05      8.778   1.000e-05  |     2200    7.6789e-03
    2202    3.0028e-05    0.0000e+00   1.243e-05      9.023   1.000e-05  |     2200    7.6789e-03
    2203    3.0028e-05    0.0000e+00   1.243e-05      8.757   1.000e-05  |     2200    7.6789e-03
    2204    3.0028e-05    0.0000e+00   1.243e-05      8.981   1.000e-05  |     2200    7.6789e-03
    2205    3.0028e-05    0.0000e+00   1.243e-05     24.065   1.000e-05  |     2205    7.6789e-03
    2206    3.0028e-05    0.0000e+00   1.243e-05      9.041   1.000e-05  |     2205    7.6789e-03
    2207    3.0028e-05    0.0000e+00   1.243e-05      8.762   1.000e-05  |     2205    7.6789e-03
    2208    3.0028e-05    0.0000e+00   1.243e-05      9.048   1.000e-05  |     2205    7.6789e-03
    2209    3.0028e-05    0.0000e+00   1.243e-05      8.716   1.000e-05  |     2205    7.6789e-03
    2210    3.0028e-05    0.0000e+00   1.243e-05     24.514   1.000e-05  |     2210    7.6789e-03
    2211    3.0028e-05    0.0000e+00   1.243e-05      8.702   1.000e-05  |     2210    7.6789e-03
    2212    3.0028e-05    0.0000e+00   1.243e-05      8.898   1.000e-05  |     2210    7.6789e-03
    2213    3.0028e-05    0.0000e+00   1.243e-05      8.723   1.000e-05  |     2210    7.6789e-03
    2214    3.0028e-05    0.0000e+00   1.243e-05      9.066   1.000e-05  |     2210    7.6789e-03
    2215    3.0028e-05    0.0000e+00   1.243e-05     24.110   1.000e-05  |     2215    7.6789e-03
    2216    3.0028e-05    0.0000e+00   1.243e-05      9.064   1.000e-05  |     2215    7.6789e-03
    2217    3.0028e-05    0.0000e+00   1.243e-05      8.758   1.000e-05  |     2215    7.6789e-03
    2218    3.0028e-05    0.0000e+00   1.243e-05      8.784   1.000e-05  |     2215    7.6789e-03
    2219    3.0028e-05    0.0000e+00   1.243e-05      9.037   1.000e-05  |     2215    7.6789e-03
    2220    3.0028e-05    0.0000e+00   1.243e-05     24.236   1.000e-05  |     2220    7.6789e-03
    2221    3.0028e-05    0.0000e+00   1.243e-05      8.980   1.000e-05  |     2220    7.6789e-03
    2222    3.0028e-05    0.0000e+00   1.243e-05      8.742   1.000e-05  |     2220    7.6789e-03
    2223    3.0028e-05    0.0000e+00   1.243e-05      9.050   1.000e-05  |     2220    7.6789e-03
    2224    3.0028e-05    0.0000e+00   1.243e-05      8.721   1.000e-05  |     2220    7.6789e-03
    2225    3.0028e-05    0.0000e+00   1.243e-05     24.360   1.000e-05  |     2225    7.6789e-03
    2226    3.0028e-05    0.0000e+00   1.243e-05      8.771   1.000e-05  |     2225    7.6789e-03
    2227    3.0028e-05    0.0000e+00   1.243e-05      8.995   1.000e-05  |     2225    7.6789e-03
    2228    3.0028e-05    0.0000e+00   1.243e-05      8.733   1.000e-05  |     2225    7.6789e-03
    2229    3.0028e-05    0.0000e+00   1.243e-05      9.052   1.000e-05  |     2225    7.6789e-03
    2230    3.0028e-05    0.0000e+00   1.243e-05     24.184   1.000e-05  |     2230    7.6789e-03
    2231    3.0028e-05    0.0000e+00   1.243e-05      8.984   1.000e-05  |     2230    7.6789e-03
    2232    3.0028e-05    0.0000e+00   1.243e-05      8.699   1.000e-05  |     2230    7.6789e-03
    2233    3.0028e-05    0.0000e+00   1.243e-05      8.784   1.000e-05  |     2230    7.6789e-03
    2234    3.0028e-05    0.0000e+00   1.243e-05      8.979   1.000e-05  |     2230    7.6789e-03
    2235    3.0028e-05    0.0000e+00   1.243e-05     24.064   1.000e-05  |     2235    7.6789e-03
    2236    3.0028e-05    0.0000e+00   1.243e-05      9.069   1.000e-05  |     2235    7.6789e-03
    2237    3.0028e-05    0.0000e+00   1.243e-05      8.740   1.000e-05  |     2235    7.6789e-03
    2238    3.0028e-05    0.0000e+00   1.243e-05      9.000   1.000e-05  |     2235    7.6789e-03
    2239    3.0028e-05    0.0000e+00   1.243e-05      9.081   1.000e-05  |     2235    7.6789e-03
    2240    3.0028e-05    0.0000e+00   1.243e-05     24.236   1.000e-05  |     2240    7.6789e-03
    2241    3.0028e-05    0.0000e+00   1.243e-05      8.784   1.000e-05  |     2240    7.6789e-03
    2242    3.0028e-05    0.0000e+00   1.243e-05      9.010   1.000e-05  |     2240    7.6789e-03
    2243    3.0028e-05    0.0000e+00   1.243e-05      8.654   1.000e-05  |     2240    7.6789e-03
    2244    3.0028e-05    0.0000e+00   1.243e-05      9.074   1.000e-05  |     2240    7.6789e-03
    2245    3.0028e-05    0.0000e+00   1.243e-05     24.019   1.000e-05  |     2245    7.6789e-03
    2246    3.0028e-05    0.0000e+00   1.243e-05      8.998   1.000e-05  |     2245    7.6789e-03
    2247    3.0028e-05    0.0000e+00   1.243e-05      8.679   1.000e-05  |     2245    7.6789e-03
    2248    3.0028e-05    0.0000e+00   1.243e-05      9.053   1.000e-05  |     2245    7.6789e-03
    2249    3.0028e-05    0.0000e+00   1.243e-05      8.763   1.000e-05  |     2245    7.6789e-03
    2250    3.0028e-05    0.0000e+00   1.243e-05     24.486   1.000e-05  |     2250    7.6789e-03
    2251    3.0028e-05    0.0000e+00   1.243e-05      8.705   1.000e-05  |     2250    7.6789e-03
    2252    3.0028e-05    0.0000e+00   1.243e-05      8.770   1.000e-05  |     2250    7.6789e-03
    2253    3.0028e-05    0.0000e+00   1.243e-05      8.985   1.000e-05  |     2250    7.6789e-03
    2254    3.0028e-05    0.0000e+00   1.243e-05      8.764   1.000e-05  |     2250    7.6789e-03
    2255    3.0028e-05    0.0000e+00   1.243e-05     24.382   1.000e-05  |     2255    7.6789e-03
    2256    3.0028e-05    0.0000e+00   1.243e-05      8.774   1.000e-05  |     2255    7.6789e-03
    2257    3.0028e-05    0.0000e+00   1.243e-05      9.003   1.000e-05  |     2255    7.6789e-03
    2258    3.0028e-05    0.0000e+00   1.243e-05      9.043   1.000e-05  |     2255    7.6789e-03
    2259    3.0028e-05    0.0000e+00   1.243e-05      8.742   1.000e-05  |     2255    7.6789e-03
    2260    3.0028e-05    0.0000e+00   1.243e-05     24.319   1.000e-05  |     2260    7.6789e-03
    2261    3.0028e-05    0.0000e+00   1.243e-05      9.047   1.000e-05  |     2260    7.6789e-03
    2262    3.0028e-05    0.0000e+00   1.243e-05      8.712   1.000e-05  |     2260    7.6789e-03
    2263    3.0028e-05    0.0000e+00   1.243e-05      9.040   1.000e-05  |     2260    7.6789e-03
    2264    3.0028e-05    0.0000e+00   1.243e-05      8.726   1.000e-05  |     2260    7.6789e-03
    2265    3.0028e-05    0.0000e+00   1.243e-05     24.381   1.000e-05  |     2265    7.6789e-03
    2266    3.0028e-05    0.0000e+00   1.243e-05      8.707   1.000e-05  |     2265    7.6789e-03
    2267    3.0028e-05    0.0000e+00   1.243e-05      9.046   1.000e-05  |     2265    7.6789e-03
    2268    3.0028e-05    0.0000e+00   1.243e-05      8.810   1.000e-05  |     2265    7.6789e-03
    2269    3.0028e-05    0.0000e+00   1.243e-05      9.089   1.000e-05  |     2265    7.6789e-03
    2270    3.0028e-05    0.0000e+00   1.243e-05     24.284   1.000e-05  |     2270    7.6789e-03
    2271    3.0028e-05    0.0000e+00   1.243e-05      8.704   1.000e-05  |     2270    7.6789e-03
    2272    3.0028e-05    0.0000e+00   1.243e-05      9.006   1.000e-05  |     2270    7.6789e-03
    2273    3.0028e-05    0.0000e+00   1.243e-05      8.935   1.000e-05  |     2270    7.6789e-03
    2274    3.0028e-05    0.0000e+00   1.243e-05      8.706   1.000e-05  |     2270    7.6789e-03
    2275    3.0028e-05    0.0000e+00   1.243e-05     24.050   1.000e-05  |     2275    7.6789e-03
    2276    3.0028e-05    0.0000e+00   1.243e-05      9.011   1.000e-05  |     2275    7.6789e-03
    2277    3.0028e-05    0.0000e+00   1.243e-05      8.705   1.000e-05  |     2275    7.6789e-03
    2278    3.0028e-05    0.0000e+00   1.243e-05      8.982   1.000e-05  |     2275    7.6789e-03
    2279    3.0028e-05    0.0000e+00   1.243e-05      8.713   1.000e-05  |     2275    7.6789e-03
    2280    3.0028e-05    0.0000e+00   1.243e-05     24.557   1.000e-05  |     2280    7.6789e-03
    2281    3.0028e-05    0.0000e+00   1.243e-05      8.697   1.000e-05  |     2280    7.6789e-03
    2282    3.0028e-05    0.0000e+00   1.243e-05      9.041   1.000e-05  |     2280    7.6789e-03
    2283    3.0028e-05    0.0000e+00   1.243e-05      8.778   1.000e-05  |     2280    7.6789e-03
    2284    3.0028e-05    0.0000e+00   1.243e-05      9.066   1.000e-05  |     2280    7.6789e-03
    2285    3.0028e-05    0.0000e+00   1.243e-05     24.116   1.000e-05  |     2285    7.6789e-03
    2286    3.0028e-05    0.0000e+00   1.243e-05      8.728   1.000e-05  |     2285    7.6789e-03
    2287    3.0028e-05    0.0000e+00   1.243e-05      9.045   1.000e-05  |     2285    7.6789e-03
    2288    3.0028e-05    0.0000e+00   1.243e-05      9.041   1.000e-05  |     2285    7.6789e-03
    2289    3.0028e-05    0.0000e+00   1.243e-05      8.757   1.000e-05  |     2285    7.6789e-03
    2290    3.0028e-05    0.0000e+00   1.243e-05     24.092   1.000e-05  |     2290    7.6790e-03
    2291    3.0028e-05    0.0000e+00   1.243e-05      9.084   1.000e-05  |     2290    7.6790e-03
    2292    3.0028e-05    0.0000e+00   1.243e-05      8.709   1.000e-05  |     2290    7.6790e-03
    2293    3.0028e-05    0.0000e+00   1.243e-05      9.044   1.000e-05  |     2290    7.6790e-03
    2294    3.0028e-05    0.0000e+00   1.243e-05      8.753   1.000e-05  |     2290    7.6790e-03
    2295    3.0028e-05    0.0000e+00   1.243e-05     24.420   1.000e-05  |     2295    7.6790e-03
    2296    3.0028e-05    0.0000e+00   1.243e-05      8.701   1.000e-05  |     2295    7.6790e-03
    2297    3.0028e-05    0.0000e+00   1.243e-05      9.015   1.000e-05  |     2295    7.6790e-03
    2298    3.0028e-05    0.0000e+00   1.243e-05      8.738   1.000e-05  |     2295    7.6790e-03
    2299    3.0028e-05    0.0000e+00   1.243e-05      8.798   1.000e-05  |     2295    7.6790e-03
    2300    3.0028e-05    0.0000e+00   1.243e-05     24.478   1.000e-05  |     2300    7.6790e-03
    2301    3.0028e-05    0.0000e+00   1.243e-05      8.698   1.000e-05  |     2300    7.6790e-03
    2302    3.0028e-05    0.0000e+00   1.243e-05      9.016   1.000e-05  |     2300    7.6790e-03
    2303    3.0028e-05    0.0000e+00   1.243e-05      8.727   1.000e-05  |     2300    7.6790e-03
    2304    3.0028e-05    0.0000e+00   1.243e-05      9.044   1.000e-05  |     2300    7.6790e-03
    2305    3.0028e-05    0.0000e+00   1.243e-05     24.180   1.000e-05  |     2305    7.6790e-03
    2306    3.0028e-05    0.0000e+00   1.243e-05      8.759   1.000e-05  |     2305    7.6790e-03
    2307    3.0028e-05    0.0000e+00   1.243e-05      8.812   1.000e-05  |     2305    7.6790e-03
    2308    3.0028e-05    0.0000e+00   1.243e-05      9.045   1.000e-05  |     2305    7.6790e-03
    2309    3.0028e-05    0.0000e+00   1.243e-05      8.713   1.000e-05  |     2305    7.6790e-03
    2310    3.0028e-05    0.0000e+00   1.243e-05     24.474   1.000e-05  |     2310    7.6790e-03
    2311    3.0028e-05    0.0000e+00   1.243e-05      8.756   1.000e-05  |     2310    7.6790e-03
    2312    3.0028e-05    0.0000e+00   1.243e-05      9.013   1.000e-05  |     2310    7.6790e-03
    2313    3.0028e-05    0.0000e+00   1.243e-05      8.749   1.000e-05  |     2310    7.6790e-03
    2314    3.0028e-05    0.0000e+00   1.243e-05      8.779   1.000e-05  |     2310    7.6790e-03
    2315    3.0028e-05    0.0000e+00   1.243e-05     24.396   1.000e-05  |     2315    7.6790e-03
    2316    3.0028e-05    0.0000e+00   1.243e-05      8.767   1.000e-05  |     2315    7.6790e-03
    2317    3.0028e-05    0.0000e+00   1.243e-05      8.999   1.000e-05  |     2315    7.6790e-03
    2318    3.0028e-05    0.0000e+00   1.243e-05      8.769   1.000e-05  |     2315    7.6790e-03
    2319    3.0028e-05    0.0000e+00   1.243e-05      9.039   1.000e-05  |     2315    7.6790e-03
    2320    3.0028e-05    0.0000e+00   1.243e-05     24.487   1.000e-05  |     2320    7.6790e-03
    2321    3.0028e-05    0.0000e+00   1.243e-05      8.756   1.000e-05  |     2320    7.6790e-03
    2322    3.0028e-05    0.0000e+00   1.243e-05      8.756   1.000e-05  |     2320    7.6790e-03
    2323    3.0028e-05    0.0000e+00   1.243e-05      9.062   1.000e-05  |     2320    7.6790e-03
    2324    3.0028e-05    0.0000e+00   1.243e-05      8.744   1.000e-05  |     2320    7.6790e-03
    2325    3.0028e-05    0.0000e+00   1.243e-05     24.369   1.000e-05  |     2325    7.6790e-03
    2326    3.0028e-05    0.0000e+00   1.243e-05      8.764   1.000e-05  |     2325    7.6790e-03
    2327    3.0028e-05    0.0000e+00   1.243e-05      9.059   1.000e-05  |     2325    7.6790e-03
    2328    3.0028e-05    0.0000e+00   1.243e-05      8.633   1.000e-05  |     2325    7.6790e-03
    2329    3.0028e-05    0.0000e+00   1.243e-05      8.752   1.000e-05  |     2325    7.6790e-03
    2330    3.0028e-05    0.0000e+00   1.243e-05     24.399   1.000e-05  |     2330    7.6790e-03
    2331    3.0028e-05    0.0000e+00   1.243e-05      8.781   1.000e-05  |     2330    7.6790e-03
    2332    3.0028e-05    0.0000e+00   1.243e-05      8.975   1.000e-05  |     2330    7.6790e-03
    2333    3.0028e-05    0.0000e+00   1.243e-05      9.096   1.000e-05  |     2330    7.6790e-03
    2334    3.0028e-05    0.0000e+00   1.243e-05      8.738   1.000e-05  |     2330    7.6790e-03
    2335    3.0028e-05    0.0000e+00   1.243e-05     24.144   1.000e-05  |     2335    7.6790e-03
    2336    3.0028e-05    0.0000e+00   1.243e-05      8.988   1.000e-05  |     2335    7.6790e-03
    2337    3.0028e-05    0.0000e+00   1.243e-05      8.750   1.000e-05  |     2335    7.6790e-03
    2338    3.0028e-05    0.0000e+00   1.243e-05      9.063   1.000e-05  |     2335    7.6790e-03
    2339    3.0028e-05    0.0000e+00   1.243e-05      8.730   1.000e-05  |     2335    7.6790e-03
    2340    3.0028e-05    0.0000e+00   1.243e-05     24.555   1.000e-05  |     2340    7.6790e-03
    2341    3.0028e-05    0.0000e+00   1.243e-05      8.750   1.000e-05  |     2340    7.6790e-03
    2342    3.0028e-05    0.0000e+00   1.243e-05      9.052   1.000e-05  |     2340    7.6790e-03
    2343    3.0028e-05    0.0000e+00   1.243e-05      8.740   1.000e-05  |     2340    7.6790e-03
    2344    3.0028e-05    0.0000e+00   1.243e-05      8.703   1.000e-05  |     2340    7.6790e-03
    2345    3.0028e-05    0.0000e+00   1.243e-05     24.192   1.000e-05  |     2345    7.6790e-03
    2346    3.0028e-05    0.0000e+00   1.243e-05      8.803   1.000e-05  |     2345    7.6790e-03
    2347    3.0028e-05    0.0000e+00   1.243e-05      9.023   1.000e-05  |     2345    7.6790e-03
    2348    3.0028e-05    0.0000e+00   1.243e-05      8.758   1.000e-05  |     2345    7.6790e-03
    2349    3.0028e-05    0.0000e+00   1.243e-05      9.045   1.000e-05  |     2345    7.6790e-03
    2350    3.0028e-05    0.0000e+00   1.243e-05     24.202   1.000e-05  |     2350    7.6790e-03
    2351    3.0028e-05    0.0000e+00   1.243e-05      9.023   1.000e-05  |     2350    7.6790e-03
    2352    3.0028e-05    0.0000e+00   1.243e-05      8.624   1.000e-05  |     2350    7.6790e-03
    2353    3.0028e-05    0.0000e+00   1.243e-05      9.023   1.000e-05  |     2350    7.6790e-03
    2354    3.0028e-05    0.0000e+00   1.243e-05      8.766   1.000e-05  |     2350    7.6790e-03
    2355    3.0028e-05    0.0000e+00   1.243e-05     24.456   1.000e-05  |     2355    7.6790e-03
    2356    3.0028e-05    0.0000e+00   1.243e-05      8.766   1.000e-05  |     2355    7.6790e-03
    2357    3.0028e-05    0.0000e+00   1.243e-05      9.019   1.000e-05  |     2355    7.6790e-03
    2358    3.0028e-05    0.0000e+00   1.243e-05      8.823   1.000e-05  |     2355    7.6790e-03
    2359    3.0028e-05    0.0000e+00   1.243e-05      9.080   1.000e-05  |     2355    7.6790e-03
    2360    3.0028e-05    0.0000e+00   1.242e-05     24.242   1.000e-05  |     2360    7.6790e-03
    2361    3.0028e-05    0.0000e+00   1.242e-05      8.749   1.000e-05  |     2360    7.6790e-03
    2362    3.0028e-05    0.0000e+00   1.242e-05      8.991   1.000e-05  |     2360    7.6790e-03
    2363    3.0028e-05    0.0000e+00   1.242e-05      9.078   1.000e-05  |     2360    7.6790e-03
    2364    3.0028e-05    0.0000e+00   1.242e-05      8.740   1.000e-05  |     2360    7.6790e-03
    2365    3.0028e-05    0.0000e+00   1.242e-05     24.134   1.000e-05  |     2365    7.6790e-03
    2366    3.0028e-05    0.0000e+00   1.242e-05      9.024   1.000e-05  |     2365    7.6790e-03
    2367    3.0028e-05    0.0000e+00   1.242e-05      8.630   1.000e-05  |     2365    7.6790e-03
    2368    3.0028e-05    0.0000e+00   1.242e-05      9.055   1.000e-05  |     2365    7.6790e-03
    2369    3.0028e-05    0.0000e+00   1.242e-05      8.726   1.000e-05  |     2365    7.6790e-03
    2370    3.0028e-05    0.0000e+00   1.242e-05     24.528   1.000e-05  |     2370    7.6790e-03
    2371    3.0028e-05    0.0000e+00   1.242e-05      8.694   1.000e-05  |     2370    7.6790e-03
    2372    3.0028e-05    0.0000e+00   1.242e-05      9.043   1.000e-05  |     2370    7.6790e-03
    2373    3.0028e-05    0.0000e+00   1.242e-05      8.774   1.000e-05  |     2370    7.6790e-03
    2374    3.0028e-05    0.0000e+00   1.242e-05      9.071   1.000e-05  |     2370    7.6790e-03
    2375    3.0028e-05    0.0000e+00   1.242e-05     24.141   1.000e-05  |     2375    7.6790e-03
    2376    3.0028e-05    0.0000e+00   1.242e-05      8.748   1.000e-05  |     2375    7.6790e-03
    2377    3.0028e-05    0.0000e+00   1.242e-05      9.040   1.000e-05  |     2375    7.6790e-03
    2378    3.0028e-05    0.0000e+00   1.242e-05      9.073   1.000e-05  |     2375    7.6790e-03
    2379    3.0028e-05    0.0000e+00   1.242e-05      8.758   1.000e-05  |     2375    7.6790e-03
    2380    3.0028e-05    0.0000e+00   1.242e-05     24.230   1.000e-05  |     2380    7.6790e-03
    2381    3.0028e-05    0.0000e+00   1.242e-05      9.023   1.000e-05  |     2380    7.6790e-03
    2382    3.0028e-05    0.0000e+00   1.242e-05      8.687   1.000e-05  |     2380    7.6790e-03
    2383    3.0028e-05    0.0000e+00   1.242e-05      8.950   1.000e-05  |     2380    7.6790e-03
    2384    3.0028e-05    0.0000e+00   1.242e-05      8.712   1.000e-05  |     2380    7.6790e-03
    2385    3.0028e-05    0.0000e+00   1.242e-05     24.296   1.000e-05  |     2385    7.6790e-03
    2386    3.0028e-05    0.0000e+00   1.242e-05      8.728   1.000e-05  |     2385    7.6790e-03
    2387    3.0028e-05    0.0000e+00   1.242e-05      9.044   1.000e-05  |     2385    7.6790e-03
    2388    3.0028e-05    0.0000e+00   1.242e-05      8.767   1.000e-05  |     2385    7.6790e-03
    2389    3.0028e-05    0.0000e+00   1.242e-05      8.753   1.000e-05  |     2385    7.6790e-03
    2390    3.0028e-05    0.0000e+00   1.242e-05     24.559   1.000e-05  |     2390    7.6790e-03
    2391    3.0028e-05    0.0000e+00   1.242e-05      8.747   1.000e-05  |     2390    7.6790e-03
    2392    3.0028e-05    0.0000e+00   1.242e-05      9.015   1.000e-05  |     2390    7.6790e-03
    2393    3.0028e-05    0.0000e+00   1.242e-05      8.725   1.000e-05  |     2390    7.6790e-03
    2394    3.0028e-05    0.0000e+00   1.242e-05      8.983   1.000e-05  |     2390    7.6790e-03
    2395    3.0028e-05    0.0000e+00   1.242e-05     24.284   1.000e-05  |     2395    7.6790e-03
    2396    3.0028e-05    0.0000e+00   1.242e-05      8.771   1.000e-05  |     2395    7.6790e-03
    2397    3.0028e-05    0.0000e+00   1.242e-05      8.786   1.000e-05  |     2395    7.6790e-03
    2398    3.0028e-05    0.0000e+00   1.242e-05      8.992   1.000e-05  |     2395    7.6790e-03
    2399    3.0028e-05    0.0000e+00   1.242e-05      8.723   1.000e-05  |     2395    7.6790e-03
    2400    3.0028e-05    0.0000e+00   1.242e-05     24.443   1.000e-05  |     2400    7.6790e-03
    2401    3.0028e-05    0.0000e+00   1.242e-05      8.767   1.000e-05  |     2400    7.6790e-03
    2402    3.0028e-05    0.0000e+00   1.242e-05      9.034   1.000e-05  |     2400    7.6790e-03
    2403    3.0028e-05    0.0000e+00   1.242e-05      8.742   1.000e-05  |     2400    7.6790e-03
    2404    3.0028e-05    0.0000e+00   1.242e-05      8.770   1.000e-05  |     2400    7.6790e-03
    2405    3.0028e-05    0.0000e+00   1.242e-05     24.387   1.000e-05  |     2405    7.6790e-03
    2406    3.0028e-05    0.0000e+00   1.242e-05      8.728   1.000e-05  |     2405    7.6790e-03
    2407    3.0028e-05    0.0000e+00   1.242e-05      9.028   1.000e-05  |     2405    7.6790e-03
    2408    3.0028e-05    0.0000e+00   1.242e-05      8.745   1.000e-05  |     2405    7.6790e-03
    2409    3.0028e-05    0.0000e+00   1.242e-05      9.021   1.000e-05  |     2405    7.6790e-03
    2410    3.0028e-05    0.0000e+00   1.242e-05     24.476   1.000e-05  |     2410    7.6790e-03
    2411    3.0028e-05    0.0000e+00   1.242e-05      8.749   1.000e-05  |     2410    7.6790e-03
    2412    3.0028e-05    0.0000e+00   1.242e-05      8.785   1.000e-05  |     2410    7.6790e-03
    2413    3.0028e-05    0.0000e+00   1.242e-05      8.933   1.000e-05  |     2410    7.6790e-03
    2414    3.0028e-05    0.0000e+00   1.242e-05      8.741   1.000e-05  |     2410    7.6790e-03
    2415    3.0028e-05    0.0000e+00   1.242e-05     24.367   1.000e-05  |     2415    7.6790e-03
    2416    3.0028e-05    0.0000e+00   1.242e-05      8.778   1.000e-05  |     2415    7.6790e-03
    2417    3.0028e-05    0.0000e+00   1.242e-05      9.063   1.000e-05  |     2415    7.6790e-03
    2418    3.0028e-05    0.0000e+00   1.242e-05      8.722   1.000e-05  |     2415    7.6790e-03
    2419    3.0028e-05    0.0000e+00   1.242e-05      8.739   1.000e-05  |     2415    7.6790e-03
    2420    3.0028e-05    0.0000e+00   1.242e-05     24.500   1.000e-05  |     2420    7.6790e-03
    2421    3.0028e-05    0.0000e+00   1.242e-05      8.770   1.000e-05  |     2420    7.6790e-03
    2422    3.0028e-05    0.0000e+00   1.242e-05      8.955   1.000e-05  |     2420    7.6790e-03
    2423    3.0028e-05    0.0000e+00   1.242e-05      9.061   1.000e-05  |     2420    7.6790e-03
    2424    3.0028e-05    0.0000e+00   1.242e-05      8.776   1.000e-05  |     2420    7.6790e-03
    2425    3.0028e-05    0.0000e+00   1.242e-05     24.063   1.000e-05  |     2425    7.6790e-03
    2426    3.0028e-05    0.0000e+00   1.242e-05      8.983   1.000e-05  |     2425    7.6790e-03
    2427    3.0028e-05    0.0000e+00   1.242e-05      8.758   1.000e-05  |     2425    7.6790e-03
    2428    3.0028e-05    0.0000e+00   1.242e-05      9.039   1.000e-05  |     2425    7.6790e-03
    2429    3.0028e-05    0.0000e+00   1.242e-05      8.705   1.000e-05  |     2425    7.6790e-03
    2430    3.0028e-05    0.0000e+00   1.242e-05     24.491   1.000e-05  |     2430    7.6790e-03
    2431    3.0028e-05    0.0000e+00   1.242e-05      8.768   1.000e-05  |     2430    7.6790e-03
    2432    3.0028e-05    0.0000e+00   1.242e-05      9.069   1.000e-05  |     2430    7.6790e-03
    2433    3.0028e-05    0.0000e+00   1.242e-05      8.741   1.000e-05  |     2430    7.6790e-03
    2434    3.0028e-05    0.0000e+00   1.242e-05      8.691   1.000e-05  |     2430    7.6790e-03
    2435    3.0028e-05    0.0000e+00   1.242e-05     24.355   1.000e-05  |     2435    7.6790e-03
    2436    3.0028e-05    0.0000e+00   1.242e-05      8.785   1.000e-05  |     2435    7.6790e-03
    2437    3.0028e-05    0.0000e+00   1.242e-05      8.949   1.000e-05  |     2435    7.6790e-03
    2438    3.0028e-05    0.0000e+00   1.242e-05      8.775   1.000e-05  |     2435    7.6790e-03
    2439    3.0028e-05    0.0000e+00   1.242e-05      9.014   1.000e-05  |     2435    7.6790e-03
    2440    3.0028e-05    0.0000e+00   1.242e-05     24.195   1.000e-05  |     2440    7.6790e-03
    2441    3.0028e-05    0.0000e+00   1.242e-05      8.971   1.000e-05  |     2440    7.6790e-03
    2442    3.0028e-05    0.0000e+00   1.242e-05      8.729   1.000e-05  |     2440    7.6790e-03
    2443    3.0028e-05    0.0000e+00   1.242e-05      9.048   1.000e-05  |     2440    7.6790e-03
    2444    3.0028e-05    0.0000e+00   1.242e-05      8.662   1.000e-05  |     2440    7.6790e-03
    2445    3.0028e-05    0.0000e+00   1.242e-05     24.401   1.000e-05  |     2445    7.6790e-03
    2446    3.0028e-05    0.0000e+00   1.242e-05      8.761   1.000e-05  |     2445    7.6790e-03
    2447    3.0028e-05    0.0000e+00   1.242e-05      9.057   1.000e-05  |     2445    7.6790e-03
    2448    3.0028e-05    0.0000e+00   1.242e-05      8.805   1.000e-05  |     2445    7.6790e-03
    2449    3.0028e-05    0.0000e+00   1.242e-05      9.057   1.000e-05  |     2445    7.6790e-03
    2450    3.0028e-05    0.0000e+00   1.242e-05     24.167   1.000e-05  |     2450    7.6790e-03
    2451    3.0028e-05    0.0000e+00   1.242e-05      8.728   1.000e-05  |     2450    7.6790e-03
    2452    3.0028e-05    0.0000e+00   1.242e-05      8.942   1.000e-05  |     2450    7.6790e-03
    2453    3.0028e-05    0.0000e+00   1.242e-05      9.063   1.000e-05  |     2450    7.6790e-03
    2454    3.0028e-05    0.0000e+00   1.242e-05      8.749   1.000e-05  |     2450    7.6790e-03
    2455    3.0028e-05    0.0000e+00   1.242e-05     24.075   1.000e-05  |     2455    7.6790e-03
    2456    3.0028e-05    0.0000e+00   1.242e-05      9.053   1.000e-05  |     2455    7.6790e-03
    2457    3.0028e-05    0.0000e+00   1.242e-05      8.725   1.000e-05  |     2455    7.6790e-03
    2458    3.0028e-05    0.0000e+00   1.242e-05      9.050   1.000e-05  |     2455    7.6790e-03
    2459    3.0028e-05    0.0000e+00   1.242e-05      8.680   1.000e-05  |     2455    7.6790e-03
    2460    3.0028e-05    0.0000e+00   1.242e-05     24.394   1.000e-05  |     2460    7.6790e-03
    2461    3.0028e-05    0.0000e+00   1.242e-05      8.731   1.000e-05  |     2460    7.6790e-03
    2462    3.0028e-05    0.0000e+00   1.242e-05      9.034   1.000e-05  |     2460    7.6790e-03
    2463    3.0028e-05    0.0000e+00   1.242e-05      8.809   1.000e-05  |     2460    7.6790e-03
    2464    3.0028e-05    0.0000e+00   1.242e-05      9.069   1.000e-05  |     2460    7.6790e-03
    2465    3.0028e-05    0.0000e+00   1.242e-05     24.029   1.000e-05  |     2465    7.6790e-03
    2466    3.0028e-05    0.0000e+00   1.242e-05      8.797   1.000e-05  |     2465    7.6790e-03
    2467    3.0028e-05    0.0000e+00   1.242e-05      8.995   1.000e-05  |     2465    7.6790e-03
    2468    3.0028e-05    0.0000e+00   1.242e-05      8.949   1.000e-05  |     2465    7.6790e-03
    2469    3.0028e-05    0.0000e+00   1.242e-05      8.779   1.000e-05  |     2465    7.6790e-03
    2470    3.0028e-05    0.0000e+00   1.242e-05     24.228   1.000e-05  |     2470    7.6790e-03
    2471    3.0028e-05    0.0000e+00   1.242e-05      9.032   1.000e-05  |     2470    7.6790e-03
    2472    3.0028e-05    0.0000e+00   1.242e-05      8.751   1.000e-05  |     2470    7.6790e-03
    2473    3.0028e-05    0.0000e+00   1.242e-05      9.073   1.000e-05  |     2470    7.6790e-03
    2474    3.0028e-05    0.0000e+00   1.242e-05      8.735   1.000e-05  |     2470    7.6790e-03
    2475    3.0028e-05    0.0000e+00   1.242e-05     24.410   1.000e-05  |     2475    7.6791e-03
    2476    3.0028e-05    0.0000e+00   1.242e-05      8.724   1.000e-05  |     2475    7.6791e-03
    2477    3.0028e-05    0.0000e+00   1.242e-05      9.068   1.000e-05  |     2475    7.6791e-03
    2478    3.0028e-05    0.0000e+00   1.242e-05      8.741   1.000e-05  |     2475    7.6791e-03
    2479    3.0028e-05    0.0000e+00   1.242e-05      8.737   1.000e-05  |     2475    7.6791e-03
    2480    3.0028e-05    0.0000e+00   1.242e-05     24.462   1.000e-05  |     2480    7.6791e-03
    2481    3.0028e-05    0.0000e+00   1.242e-05      8.794   1.000e-05  |     2480    7.6791e-03
    2482    3.0028e-05    0.0000e+00   1.242e-05      9.027   1.000e-05  |     2480    7.6791e-03
    2483    3.0028e-05    0.0000e+00   1.242e-05      8.721   1.000e-05  |     2480    7.6791e-03
    2484    3.0028e-05    0.0000e+00   1.242e-05      8.941   1.000e-05  |     2480    7.6791e-03
    2485    3.0028e-05    0.0000e+00   1.242e-05     24.406   1.000e-05  |     2485    7.6791e-03
    2486    3.0028e-05    0.0000e+00   1.242e-05      8.709   1.000e-05  |     2485    7.6791e-03
    2487    3.0028e-05    0.0000e+00   1.242e-05      8.777   1.000e-05  |     2485    7.6791e-03
    2488    3.0028e-05    0.0000e+00   1.242e-05      9.045   1.000e-05  |     2485    7.6791e-03
    2489    3.0028e-05    0.0000e+00   1.242e-05      8.727   1.000e-05  |     2485    7.6791e-03
    2490    3.0028e-05    0.0000e+00   1.242e-05     24.598   1.000e-05  |     2490    7.6791e-03
    2491    3.0028e-05    0.0000e+00   1.242e-05      8.720   1.000e-05  |     2490    7.6791e-03
    2492    3.0028e-05    0.0000e+00   1.242e-05      9.109   1.000e-05  |     2490    7.6791e-03
    2493    3.0028e-05    0.0000e+00   1.242e-05      8.759   1.000e-05  |     2490    7.6791e-03
    2494    3.0028e-05    0.0000e+00   1.242e-05      8.773   1.000e-05  |     2490    7.6791e-03
    2495    3.0028e-05    0.0000e+00   1.242e-05     24.346   1.000e-05  |     2495    7.6791e-03
    2496    3.0028e-05    0.0000e+00   1.242e-05      8.781   1.000e-05  |     2495    7.6791e-03
    2497    3.0028e-05    0.0000e+00   1.242e-05      9.047   1.000e-05  |     2495    7.6791e-03
    2498    3.0028e-05    0.0000e+00   1.242e-05      8.753   1.000e-05  |     2495    7.6791e-03
    2499    3.0028e-05    0.0000e+00   1.242e-05      9.002   1.000e-05  |     2495    7.6791e-03
    2500    3.0028e-05    0.0000e+00   1.242e-05     24.411   1.000e-05  |     2500    7.6791e-03
    2501    3.0028e-05    0.0000e+00   1.242e-05      8.753   1.000e-05  |     2500    7.6791e-03
    2502    3.0028e-05    0.0000e+00   1.242e-05      8.738   1.000e-05  |     2500    7.6791e-03
    2503    3.0028e-05    0.0000e+00   1.242e-05      9.032   1.000e-05  |     2500    7.6791e-03
    2504    3.0028e-05    0.0000e+00   1.242e-05      8.722   1.000e-05  |     2500    7.6791e-03
    2505    3.0028e-05    0.0000e+00   1.242e-05     24.320   1.000e-05  |     2505    7.6791e-03
    2506    3.0028e-05    0.0000e+00   1.242e-05      8.778   1.000e-05  |     2505    7.6791e-03
    2507    3.0028e-05    0.0000e+00   1.242e-05      9.005   1.000e-05  |     2505    7.6791e-03
    2508    3.0028e-05    0.0000e+00   1.242e-05      8.724   1.000e-05  |     2505    7.6791e-03
    2509    3.0028e-05    0.0000e+00   1.242e-05      8.788   1.000e-05  |     2505    7.6791e-03
    2510    3.0028e-05    0.0000e+00   1.242e-05     24.327   1.000e-05  |     2510    7.6791e-03
    2511    3.0028e-05    0.0000e+00   1.242e-05      8.802   1.000e-05  |     2510    7.6791e-03
    2512    3.0028e-05    0.0000e+00   1.242e-05      8.991   1.000e-05  |     2510    7.6791e-03
    2513    3.0028e-05    0.0000e+00   1.242e-05      9.058   1.000e-05  |     2510    7.6791e-03
    2514    3.0028e-05    0.0000e+00   1.242e-05      8.717   1.000e-05  |     2510    7.6791e-03
    2515    3.0028e-05    0.0000e+00   1.242e-05     24.179   1.000e-05  |     2515    7.6791e-03
    2516    3.0028e-05    0.0000e+00   1.242e-05      9.060   1.000e-05  |     2515    7.6791e-03
    2517    3.0028e-05    0.0000e+00   1.242e-05      8.728   1.000e-05  |     2515    7.6791e-03
    2518    3.0028e-05    0.0000e+00   1.242e-05      9.066   1.000e-05  |     2515    7.6791e-03
    2519    3.0028e-05    0.0000e+00   1.242e-05      8.777   1.000e-05  |     2515    7.6791e-03
    2520    3.0028e-05    0.0000e+00   1.242e-05     24.551   1.000e-05  |     2520    7.6791e-03
    2521    3.0028e-05    0.0000e+00   1.242e-05      8.741   1.000e-05  |     2520    7.6791e-03
    2522    3.0028e-05    0.0000e+00   1.242e-05      9.055   1.000e-05  |     2520    7.6791e-03
    2523    3.0028e-05    0.0000e+00   1.242e-05      8.737   1.000e-05  |     2520    7.6791e-03
    2524    3.0028e-05    0.0000e+00   1.242e-05      8.754   1.000e-05  |     2520    7.6791e-03
    2525    3.0028e-05    0.0000e+00   1.242e-05     24.244   1.000e-05  |     2525    7.6791e-03
    2526    3.0028e-05    0.0000e+00   1.242e-05      8.811   1.000e-05  |     2525    7.6791e-03
    2527    3.0028e-05    0.0000e+00   1.242e-05      8.985   1.000e-05  |     2525    7.6791e-03
    2528    3.0028e-05    0.0000e+00   1.242e-05      8.750   1.000e-05  |     2525    7.6791e-03
    2529    3.0028e-05    0.0000e+00   1.242e-05      9.041   1.000e-05  |     2525    7.6791e-03
    2530    3.0028e-05    0.0000e+00   1.242e-05     24.232   1.000e-05  |     2530    7.6791e-03
    2531    3.0028e-05    0.0000e+00   1.242e-05      9.057   1.000e-05  |     2530    7.6791e-03
    2532    3.0028e-05    0.0000e+00   1.242e-05      8.723   1.000e-05  |     2530    7.6791e-03
    2533    3.0028e-05    0.0000e+00   1.242e-05      8.985   1.000e-05  |     2530    7.6791e-03
    2534    3.0028e-05    0.0000e+00   1.242e-05      8.761   1.000e-05  |     2530    7.6791e-03
    2535    3.0028e-05    0.0000e+00   1.242e-05     24.348   1.000e-05  |     2535    7.6791e-03
    2536    3.0028e-05    0.0000e+00   1.242e-05      8.703   1.000e-05  |     2535    7.6791e-03
    2537    3.0028e-05    0.0000e+00   1.242e-05      9.019   1.000e-05  |     2535    7.6791e-03
    2538    3.0028e-05    0.0000e+00   1.242e-05      8.763   1.000e-05  |     2535    7.6791e-03
    2539    3.0028e-05    0.0000e+00   1.242e-05      9.047   1.000e-05  |     2535    7.6791e-03
    2540    3.0028e-05    0.0000e+00   1.242e-05     24.251   1.000e-05  |     2540    7.6791e-03
    2541    3.0028e-05    0.0000e+00   1.242e-05      8.736   1.000e-05  |     2540    7.6791e-03
    2542    3.0028e-05    0.0000e+00   1.242e-05      9.025   1.000e-05  |     2540    7.6791e-03
    2543    3.0028e-05    0.0000e+00   1.242e-05      9.077   1.000e-05  |     2540    7.6791e-03
    2544    3.0028e-05    0.0000e+00   1.242e-05      8.734   1.000e-05  |     2540    7.6791e-03
    2545    3.0028e-05    0.0000e+00   1.242e-05     24.064   1.000e-05  |     2545    7.6791e-03
    2546    3.0028e-05    0.0000e+00   1.242e-05      9.032   1.000e-05  |     2545    7.6791e-03
    2547    3.0028e-05    0.0000e+00   1.242e-05      8.750   1.000e-05  |     2545    7.6791e-03
    2548    3.0028e-05    0.0000e+00   1.242e-05      8.963   1.000e-05  |     2545    7.6791e-03
    2549    3.0028e-05    0.0000e+00   1.242e-05      8.750   1.000e-05  |     2545    7.6791e-03
    2550    3.0028e-05    0.0000e+00   1.242e-05     24.531   1.000e-05  |     2550    7.6791e-03
    2551    3.0028e-05    0.0000e+00   1.242e-05      8.744   1.000e-05  |     2550    7.6791e-03
    2552    3.0028e-05    0.0000e+00   1.242e-05      9.028   1.000e-05  |     2550    7.6791e-03
    2553    3.0028e-05    0.0000e+00   1.242e-05      8.714   1.000e-05  |     2550    7.6791e-03
    2554    3.0028e-05    0.0000e+00   1.242e-05      9.081   1.000e-05  |     2550    7.6791e-03
    2555    3.0028e-05    0.0000e+00   1.242e-05     24.039   1.000e-05  |     2555    7.6791e-03
    2556    3.0028e-05    0.0000e+00   1.242e-05      8.720   1.000e-05  |     2555    7.6791e-03
    2557    3.0028e-05    0.0000e+00   1.242e-05      9.017   1.000e-05  |     2555    7.6791e-03
    2558    3.0028e-05    0.0000e+00   1.242e-05      9.076   1.000e-05  |     2555    7.6791e-03
    2559    3.0028e-05    0.0000e+00   1.242e-05      8.778   1.000e-05  |     2555    7.6791e-03
    2560    3.0028e-05    0.0000e+00   1.242e-05     24.222   1.000e-05  |     2560    7.6791e-03
    2561    3.0028e-05    0.0000e+00   1.242e-05      9.075   1.000e-05  |     2560    7.6791e-03
    2562    3.0028e-05    0.0000e+00   1.242e-05      8.703   1.000e-05  |     2560    7.6791e-03
    2563    3.0028e-05    0.0000e+00   1.242e-05      9.070   1.000e-05  |     2560    7.6791e-03
    2564    3.0028e-05    0.0000e+00   1.242e-05      8.683   1.000e-05  |     2560    7.6791e-03
    2565    3.0028e-05    0.0000e+00   1.242e-05     24.289   1.000e-05  |     2565    7.6791e-03
    2566    3.0028e-05    0.0000e+00   1.242e-05      8.742   1.000e-05  |     2565    7.6791e-03
    2567    3.0028e-05    0.0000e+00   1.242e-05      9.087   1.000e-05  |     2565    7.6791e-03
    2568    3.0028e-05    0.0000e+00   1.242e-05      8.699   1.000e-05  |     2565    7.6791e-03
    2569    3.0028e-05    0.0000e+00   1.242e-05      8.733   1.000e-05  |     2565    7.6791e-03
    2570    3.0028e-05    0.0000e+00   1.242e-05     24.465   1.000e-05  |     2570    7.6791e-03
    2571    3.0028e-05    0.0000e+00   1.242e-05      8.728   1.000e-05  |     2570    7.6791e-03
    2572    3.0028e-05    0.0000e+00   1.242e-05      8.995   1.000e-05  |     2570    7.6791e-03
    2573    3.0028e-05    0.0000e+00   1.242e-05      8.776   1.000e-05  |     2570    7.6791e-03
    2574    3.0028e-05    0.0000e+00   1.242e-05      9.024   1.000e-05  |     2570    7.6791e-03
    2575    3.0028e-05    0.0000e+00   1.242e-05     24.398   1.000e-05  |     2575    7.6791e-03
    2576    3.0028e-05    0.0000e+00   1.242e-05      8.751   1.000e-05  |     2575    7.6791e-03
    2577    3.0028e-05    0.0000e+00   1.242e-05      8.732   1.000e-05  |     2575    7.6791e-03
    2578    3.0028e-05    0.0000e+00   1.242e-05      9.103   1.000e-05  |     2575    7.6791e-03
    2579    3.0028e-05    0.0000e+00   1.242e-05      8.746   1.000e-05  |     2575    7.6791e-03
    2580    3.0028e-05    0.0000e+00   1.242e-05     24.478   1.000e-05  |     2580    7.6791e-03
    2581    3.0028e-05    0.0000e+00   1.242e-05      8.749   1.000e-05  |     2580    7.6791e-03
    2582    3.0028e-05    0.0000e+00   1.242e-05      9.079   1.000e-05  |     2580    7.6791e-03
    2583    3.0028e-05    0.0000e+00   1.242e-05      8.737   1.000e-05  |     2580    7.6791e-03
    2584    3.0028e-05    0.0000e+00   1.242e-05      8.671   1.000e-05  |     2580    7.6791e-03
    2585    3.0028e-05    0.0000e+00   1.242e-05     24.276   1.000e-05  |     2585    7.6791e-03
    2586    3.0028e-05    0.0000e+00   1.242e-05      8.746   1.000e-05  |     2585    7.6791e-03
    2587    3.0028e-05    0.0000e+00   1.242e-05      9.064   1.000e-05  |     2585    7.6791e-03
    2588    3.0028e-05    0.0000e+00   1.242e-05      8.736   1.000e-05  |     2585    7.6791e-03
    2589    3.0028e-05    0.0000e+00   1.242e-05      9.047   1.000e-05  |     2585    7.6791e-03
    2590    3.0028e-05    0.0000e+00   1.242e-05     24.582   1.000e-05  |     2590    7.6791e-03
    2591    3.0028e-05    0.0000e+00   1.242e-05      8.774   1.000e-05  |     2590    7.6791e-03
    2592    3.0028e-05    0.0000e+00   1.242e-05      8.742   1.000e-05  |     2590    7.6791e-03
    2593    3.0028e-05    0.0000e+00   1.242e-05      9.037   1.000e-05  |     2590    7.6791e-03
    2594    3.0028e-05    0.0000e+00   1.242e-05      8.761   1.000e-05  |     2590    7.6791e-03
    2595    3.0028e-05    0.0000e+00   1.242e-05     24.331   1.000e-05  |     2595    7.6791e-03
    2596    3.0028e-05    0.0000e+00   1.242e-05      8.783   1.000e-05  |     2595    7.6791e-03
    2597    3.0028e-05    0.0000e+00   1.242e-05      9.059   1.000e-05  |     2595    7.6791e-03
    2598    3.0028e-05    0.0000e+00   1.242e-05      8.737   1.000e-05  |     2595    7.6791e-03
    2599    3.0028e-05    0.0000e+00   1.242e-05      8.726   1.000e-05  |     2595    7.6791e-03
    2600    3.0028e-05    0.0000e+00   1.242e-05     24.450   1.000e-05  |     2600    7.6791e-03
    2601    3.0028e-05    0.0000e+00   1.242e-05      8.773   1.000e-05  |     2600    7.6791e-03
    2602    3.0028e-05    0.0000e+00   1.242e-05      8.994   1.000e-05  |     2600    7.6791e-03
    2603    3.0028e-05    0.0000e+00   1.242e-05      9.057   1.000e-05  |     2600    7.6791e-03
    2604    3.0028e-05    0.0000e+00   1.242e-05      8.750   1.000e-05  |     2600    7.6791e-03
    2605    3.0028e-05    0.0000e+00   1.242e-05     24.138   1.000e-05  |     2605    7.6791e-03
    2606    3.0028e-05    0.0000e+00   1.242e-05      8.943   1.000e-05  |     2605    7.6791e-03
    2607    3.0028e-05    0.0000e+00   1.242e-05      8.736   1.000e-05  |     2605    7.6791e-03
    2608    3.0028e-05    0.0000e+00   1.242e-05      9.030   1.000e-05  |     2605    7.6791e-03
    2609    3.0028e-05    0.0000e+00   1.242e-05      8.734   1.000e-05  |     2605    7.6791e-03
    2610    3.0028e-05    0.0000e+00   1.242e-05     24.542   1.000e-05  |     2610    7.6791e-03
    2611    3.0028e-05    0.0000e+00   1.242e-05      8.772   1.000e-05  |     2610    7.6791e-03
    2612    3.0028e-05    0.0000e+00   1.242e-05      9.097   1.000e-05  |     2610    7.6791e-03
    2613    3.0028e-05    0.0000e+00   1.242e-05      8.750   1.000e-05  |     2610    7.6791e-03
    2614    3.0028e-05    0.0000e+00   1.242e-05      8.782   1.000e-05  |     2610    7.6791e-03
    2615    3.0028e-05    0.0000e+00   1.242e-05     24.261   1.000e-05  |     2615    7.6791e-03
    2616    3.0028e-05    0.0000e+00   1.242e-05      8.756   1.000e-05  |     2615    7.6791e-03
    2617    3.0028e-05    0.0000e+00   1.242e-05      9.056   1.000e-05  |     2615    7.6791e-03
    2618    3.0028e-05    0.0000e+00   1.242e-05      8.751   1.000e-05  |     2615    7.6791e-03
    2619    3.0028e-05    0.0000e+00   1.242e-05      9.018   1.000e-05  |     2615    7.6791e-03
    2620    3.0028e-05    0.0000e+00   1.242e-05     24.344   1.000e-05  |     2620    7.6791e-03
    2621    3.0028e-05    0.0000e+00   1.242e-05      9.055   1.000e-05  |     2620    7.6791e-03
    2622    3.0028e-05    0.0000e+00   1.242e-05      8.720   1.000e-05  |     2620    7.6791e-03
    2623    3.0028e-05    0.0000e+00   1.242e-05      8.890   1.000e-05  |     2620    7.6791e-03
    2624    3.0028e-05    0.0000e+00   1.242e-05      8.726   1.000e-05  |     2620    7.6791e-03
    2625    3.0028e-05    0.0000e+00   1.242e-05     24.293   1.000e-05  |     2625    7.6791e-03
    2626    3.0028e-05    0.0000e+00   1.242e-05      8.714   1.000e-05  |     2625    7.6791e-03
    2627    3.0028e-05    0.0000e+00   1.242e-05      9.077   1.000e-05  |     2625    7.6791e-03
    2628    3.0028e-05    0.0000e+00   1.242e-05      8.808   1.000e-05  |     2625    7.6791e-03
    2629    3.0028e-05    0.0000e+00   1.242e-05      9.082   1.000e-05  |     2625    7.6791e-03
    2630    3.0028e-05    0.0000e+00   1.242e-05     24.210   1.000e-05  |     2630    7.6791e-03
    2631    3.0028e-05    0.0000e+00   1.242e-05      8.783   1.000e-05  |     2630    7.6791e-03
    2632    3.0028e-05    0.0000e+00   1.242e-05      8.990   1.000e-05  |     2630    7.6791e-03
    2633    3.0028e-05    0.0000e+00   1.242e-05      9.058   1.000e-05  |     2630    7.6791e-03
    2634    3.0028e-05    0.0000e+00   1.242e-05      8.794   1.000e-05  |     2630    7.6791e-03
    2635    3.0028e-05    0.0000e+00   1.242e-05     24.135   1.000e-05  |     2635    7.6791e-03
    2636    3.0029e-05    0.0000e+00   1.242e-05      9.016   1.000e-05  |     2635    7.6791e-03
    2637    3.0029e-05    0.0000e+00   1.242e-05      8.679   1.000e-05  |     2635    7.6791e-03
    2638    3.0029e-05    0.0000e+00   1.242e-05      9.018   1.000e-05  |     2635    7.6791e-03
    2639    3.0029e-05    0.0000e+00   1.242e-05      8.736   1.000e-05  |     2635    7.6791e-03
    2640    3.0029e-05    0.0000e+00   1.242e-05     24.451   1.000e-05  |     2640    7.6791e-03
    2641    3.0029e-05    0.0000e+00   1.242e-05      8.712   1.000e-05  |     2640    7.6791e-03
    2642    3.0029e-05    0.0000e+00   1.242e-05      9.028   1.000e-05  |     2640    7.6791e-03
    2643    3.0029e-05    0.0000e+00   1.242e-05      8.778   1.000e-05  |     2640    7.6791e-03
    2644    3.0029e-05    0.0000e+00   1.242e-05      9.063   1.000e-05  |     2640    7.6791e-03
    2645    3.0029e-05    0.0000e+00   1.242e-05     24.121   1.000e-05  |     2645    7.6791e-03
    2646    3.0029e-05    0.0000e+00   1.242e-05      8.695   1.000e-05  |     2645    7.6791e-03
    2647    3.0029e-05    0.0000e+00   1.242e-05      9.006   1.000e-05  |     2645    7.6791e-03
    2648    3.0029e-05    0.0000e+00   1.242e-05      9.121   1.000e-05  |     2645    7.6791e-03
    2649    3.0029e-05    0.0000e+00   1.242e-05      8.750   1.000e-05  |     2645    7.6791e-03
    2650    3.0029e-05    0.0000e+00   1.242e-05     24.162   1.000e-05  |     2650    7.6791e-03
    2651    3.0029e-05    0.0000e+00   1.242e-05      9.051   1.000e-05  |     2650    7.6791e-03
    2652    3.0029e-05    0.0000e+00   1.242e-05      8.745   1.000e-05  |     2650    7.6791e-03
    2653    3.0029e-05    0.0000e+00   1.242e-05      8.982   1.000e-05  |     2650    7.6791e-03
    2654    3.0029e-05    0.0000e+00   1.242e-05      8.732   1.000e-05  |     2650    7.6791e-03
    2655    3.0029e-05    0.0000e+00   1.242e-05     24.240   1.000e-05  |     2655    7.6791e-03
    2656    3.0029e-05    0.0000e+00   1.242e-05      8.719   1.000e-05  |     2655    7.6791e-03
    2657    3.0029e-05    0.0000e+00   1.242e-05      9.077   1.000e-05  |     2655    7.6791e-03
    2658    3.0029e-05    0.0000e+00   1.242e-05      8.747   1.000e-05  |     2655    7.6791e-03
    2659    3.0029e-05    0.0000e+00   1.242e-05      8.786   1.000e-05  |     2655    7.6791e-03
    2660    3.0029e-05    0.0000e+00   1.242e-05     24.405   1.000e-05  |     2660    7.6791e-03
    2661    3.0029e-05    0.0000e+00   1.242e-05      8.718   1.000e-05  |     2660    7.6791e-03
    2662    3.0029e-05    0.0000e+00   1.242e-05      8.960   1.000e-05  |     2660    7.6791e-03
    2663    3.0029e-05    0.0000e+00   1.242e-05      8.668   1.000e-05  |     2660    7.6791e-03
    2664    3.0029e-05    0.0000e+00   1.242e-05      9.002   1.000e-05  |     2660    7.6791e-03
    2665    3.0029e-05    0.0000e+00   1.242e-05     24.395   1.000e-05  |     2665    7.6791e-03
    2666    3.0029e-05    0.0000e+00   1.242e-05      8.759   1.000e-05  |     2665    7.6791e-03
    2667    3.0029e-05    0.0000e+00   1.242e-05      8.778   1.000e-05  |     2665    7.6791e-03
    2668    3.0029e-05    0.0000e+00   1.242e-05      9.019   1.000e-05  |     2665    7.6791e-03
    2669    3.0029e-05    0.0000e+00   1.242e-05      8.713   1.000e-05  |     2665    7.6791e-03
    2670    3.0029e-05    0.0000e+00   1.242e-05     24.529   1.000e-05  |     2670    7.6791e-03
    2671    3.0029e-05    0.0000e+00   1.242e-05      8.735   1.000e-05  |     2670    7.6791e-03
    2672    3.0029e-05    0.0000e+00   1.242e-05      8.999   1.000e-05  |     2670    7.6791e-03
    2673    3.0029e-05    0.0000e+00   1.242e-05      8.730   1.000e-05  |     2670    7.6791e-03
    2674    3.0029e-05    0.0000e+00   1.242e-05      8.783   1.000e-05  |     2670    7.6791e-03
    2675    3.0029e-05    0.0000e+00   1.242e-05     24.294   1.000e-05  |     2675    7.6791e-03
    2676    3.0029e-05    0.0000e+00   1.242e-05      8.742   1.000e-05  |     2675    7.6791e-03
    2677    3.0029e-05    0.0000e+00   1.242e-05      9.036   1.000e-05  |     2675    7.6791e-03
    2678    3.0029e-05    0.0000e+00   1.242e-05      8.666   1.000e-05  |     2675    7.6791e-03
    2679    3.0029e-05    0.0000e+00   1.242e-05      9.017   1.000e-05  |     2675    7.6791e-03
    2680    3.0029e-05    0.0000e+00   1.242e-05     24.457   1.000e-05  |     2680    7.6791e-03
    2681    3.0029e-05    0.0000e+00   1.242e-05      8.744   1.000e-05  |     2680    7.6791e-03
    2682    3.0029e-05    0.0000e+00   1.242e-05      8.745   1.000e-05  |     2680    7.6791e-03
    2683    3.0029e-05    0.0000e+00   1.242e-05      9.058   1.000e-05  |     2680    7.6791e-03
    2684    3.0029e-05    0.0000e+00   1.242e-05      8.707   1.000e-05  |     2680    7.6791e-03
    2685    3.0029e-05    0.0000e+00   1.242e-05     24.381   1.000e-05  |     2685    7.6791e-03
    2686    3.0029e-05    0.0000e+00   1.242e-05      8.810   1.000e-05  |     2685    7.6791e-03
    2687    3.0029e-05    0.0000e+00   1.242e-05      8.997   1.000e-05  |     2685    7.6791e-03
    2688    3.0029e-05    0.0000e+00   1.242e-05      8.765   1.000e-05  |     2685    7.6791e-03
    2689    3.0029e-05    0.0000e+00   1.242e-05      8.715   1.000e-05  |     2685    7.6791e-03
    2690    3.0029e-05    0.0000e+00   1.242e-05     24.416   1.000e-05  |     2690    7.6791e-03
    2691    3.0029e-05    0.0000e+00   1.242e-05      8.765   1.000e-05  |     2690    7.6791e-03
    2692    3.0029e-05    0.0000e+00   1.242e-05      8.969   1.000e-05  |     2690    7.6791e-03
    2693    3.0029e-05    0.0000e+00   1.242e-05      8.996   1.000e-05  |     2690    7.6791e-03
    2694    3.0029e-05    0.0000e+00   1.242e-05      8.750   1.000e-05  |     2690    7.6791e-03
    2695    3.0029e-05    0.0000e+00   1.242e-05     24.123   1.000e-05  |     2695    7.6791e-03
    2696    3.0029e-05    0.0000e+00   1.242e-05      9.059   1.000e-05  |     2695    7.6791e-03
    2697    3.0029e-05    0.0000e+00   1.242e-05      8.749   1.000e-05  |     2695    7.6791e-03
    2698    3.0029e-05    0.0000e+00   1.242e-05      9.071   1.000e-05  |     2695    7.6791e-03
    2699    3.0029e-05    0.0000e+00   1.242e-05      8.738   1.000e-05  |     2695    7.6791e-03
    2700    3.0029e-05    0.0000e+00   1.242e-05     24.585   1.000e-05  |     2700    7.6791e-03
    2701    3.0029e-05    0.0000e+00   1.242e-05      8.771   1.000e-05  |     2700    7.6791e-03
    2702    3.0029e-05    0.0000e+00   1.242e-05      9.114   1.000e-05  |     2700    7.6791e-03
    2703    3.0029e-05    0.0000e+00   1.242e-05      8.726   1.000e-05  |     2700    7.6791e-03
    2704    3.0029e-05    0.0000e+00   1.242e-05      8.784   1.000e-05  |     2700    7.6791e-03
    2705    3.0029e-05    0.0000e+00   1.242e-05     24.360   1.000e-05  |     2705    7.6791e-03
    2706    3.0029e-05    0.0000e+00   1.242e-05      8.769   1.000e-05  |     2705    7.6791e-03
    2707    3.0029e-05    0.0000e+00   1.242e-05      8.979   1.000e-05  |     2705    7.6791e-03
    2708    3.0029e-05    0.0000e+00   1.242e-05      8.722   1.000e-05  |     2705    7.6791e-03
    2709    3.0029e-05    0.0000e+00   1.242e-05      9.041   1.000e-05  |     2705    7.6791e-03
    2710    3.0029e-05    0.0000e+00   1.242e-05     24.232   1.000e-05  |     2710    7.6791e-03
    2711    3.0029e-05    0.0000e+00   1.242e-05      9.088   1.000e-05  |     2710    7.6791e-03
    2712    3.0029e-05    0.0000e+00   1.242e-05      8.755   1.000e-05  |     2710    7.6791e-03
    2713    3.0029e-05    0.0000e+00   1.242e-05      9.043   1.000e-05  |     2710    7.6791e-03
    2714    3.0029e-05    0.0000e+00   1.242e-05      8.748   1.000e-05  |     2710    7.6791e-03
    2715    3.0029e-05    0.0000e+00   1.242e-05     24.352   1.000e-05  |     2715    7.6791e-03
    2716    3.0029e-05    0.0000e+00   1.242e-05      8.750   1.000e-05  |     2715    7.6791e-03
    2717    3.0029e-05    0.0000e+00   1.242e-05      9.065   1.000e-05  |     2715    7.6791e-03
    2718    3.0029e-05    0.0000e+00   1.242e-05      8.755   1.000e-05  |     2715    7.6791e-03
    2719    3.0029e-05    0.0000e+00   1.242e-05      9.070   1.000e-05  |     2715    7.6791e-03
    2720    3.0029e-05    0.0000e+00   1.242e-05     24.266   1.000e-05  |     2720    7.6791e-03
    2721    3.0029e-05    0.0000e+00   1.242e-05      8.752   1.000e-05  |     2720    7.6791e-03
    2722    3.0029e-05    0.0000e+00   1.242e-05      9.006   1.000e-05  |     2720    7.6791e-03
    2723    3.0029e-05    0.0000e+00   1.242e-05      9.067   1.000e-05  |     2720    7.6791e-03
    2724    3.0029e-05    0.0000e+00   1.242e-05      8.742   1.000e-05  |     2720    7.6791e-03
    2725    3.0029e-05    0.0000e+00   1.242e-05     24.118   1.000e-05  |     2725    7.6791e-03
    2726    3.0029e-05    0.0000e+00   1.242e-05      9.058   1.000e-05  |     2725    7.6791e-03
    2727    3.0029e-05    0.0000e+00   1.242e-05      8.746   1.000e-05  |     2725    7.6791e-03
    2728    3.0029e-05    0.0000e+00   1.242e-05      9.043   1.000e-05  |     2725    7.6791e-03
    2729    3.0029e-05    0.0000e+00   1.242e-05      8.744   1.000e-05  |     2725    7.6791e-03
    2730    3.0029e-05    0.0000e+00   1.242e-05     24.571   1.000e-05  |     2730    7.6791e-03
    2731    3.0029e-05    0.0000e+00   1.242e-05      8.706   1.000e-05  |     2730    7.6791e-03
    2732    3.0029e-05    0.0000e+00   1.242e-05      9.054   1.000e-05  |     2730    7.6791e-03
    2733    3.0029e-05    0.0000e+00   1.242e-05      8.811   1.000e-05  |     2730    7.6791e-03
    2734    3.0029e-05    0.0000e+00   1.242e-05      9.066   1.000e-05  |     2730    7.6791e-03
    2735    3.0029e-05    0.0000e+00   1.242e-05     24.131   1.000e-05  |     2735    7.6791e-03
    2736    3.0029e-05    0.0000e+00   1.242e-05      8.769   1.000e-05  |     2735    7.6791e-03
    2737    3.0029e-05    0.0000e+00   1.242e-05      8.992   1.000e-05  |     2735    7.6791e-03
    2738    3.0029e-05    0.0000e+00   1.242e-05      9.033   1.000e-05  |     2735    7.6791e-03
    2739    3.0029e-05    0.0000e+00   1.242e-05      8.740   1.000e-05  |     2735    7.6791e-03
    2740    3.0029e-05    0.0000e+00   1.242e-05     24.293   1.000e-05  |     2740    7.6791e-03
    2741    3.0029e-05    0.0000e+00   1.242e-05      9.002   1.000e-05  |     2740    7.6791e-03
    2742    3.0029e-05    0.0000e+00   1.242e-05      8.726   1.000e-05  |     2740    7.6791e-03
    2743    3.0029e-05    0.0000e+00   1.242e-05      9.101   1.000e-05  |     2740    7.6791e-03
    2744    3.0029e-05    0.0000e+00   1.242e-05      8.756   1.000e-05  |     2740    7.6791e-03
    2745    3.0029e-05    0.0000e+00   1.242e-05     24.451   1.000e-05  |     2745    7.6791e-03
    2746    3.0029e-05    0.0000e+00   1.242e-05      8.728   1.000e-05  |     2745    7.6791e-03
    2747    3.0029e-05    0.0000e+00   1.242e-05      9.054   1.000e-05  |     2745    7.6791e-03
    2748    3.0029e-05    0.0000e+00   1.242e-05      8.766   1.000e-05  |     2745    7.6791e-03
    2749    3.0029e-05    0.0000e+00   1.242e-05      8.746   1.000e-05  |     2745    7.6791e-03
    2750    3.0029e-05    0.0000e+00   1.242e-05     24.354   1.000e-05  |     2750    7.6791e-03
    2751    3.0029e-05    0.0000e+00   1.242e-05      8.727   1.000e-05  |     2750    7.6791e-03
    2752    3.0029e-05    0.0000e+00   1.242e-05      9.027   1.000e-05  |     2750    7.6791e-03
    2753    3.0029e-05    0.0000e+00   1.242e-05      8.788   1.000e-05  |     2750    7.6791e-03
    2754    3.0029e-05    0.0000e+00   1.242e-05      8.883   1.000e-05  |     2750    7.6791e-03
    2755    3.0029e-05    0.0000e+00   1.242e-05     24.375   1.000e-05  |     2755    7.6791e-03
    2756    3.0029e-05    0.0000e+00   1.242e-05      8.780   1.000e-05  |     2755    7.6791e-03
    2757    3.0029e-05    0.0000e+00   1.242e-05      8.742   1.000e-05  |     2755    7.6791e-03
    2758    3.0029e-05    0.0000e+00   1.242e-05      9.045   1.000e-05  |     2755    7.6791e-03
    2759    3.0029e-05    0.0000e+00   1.242e-05      8.727   1.000e-05  |     2755    7.6791e-03
    2760    3.0029e-05    0.0000e+00   1.242e-05     24.429   1.000e-05  |     2760    7.6791e-03
    2761    3.0029e-05    0.0000e+00   1.242e-05      8.782   1.000e-05  |     2760    7.6791e-03
    2762    3.0029e-05    0.0000e+00   1.242e-05      8.965   1.000e-05  |     2760    7.6791e-03
    2763    3.0029e-05    0.0000e+00   1.242e-05      8.778   1.000e-05  |     2760    7.6791e-03
    2764    3.0029e-05    0.0000e+00   1.242e-05      8.746   1.000e-05  |     2760    7.6791e-03
    2765    3.0029e-05    0.0000e+00   1.242e-05     24.393   1.000e-05  |     2765    7.6791e-03
    2766    3.0029e-05    0.0000e+00   1.242e-05      8.796   1.000e-05  |     2765    7.6791e-03
    2767    3.0029e-05    0.0000e+00   1.242e-05      9.016   1.000e-05  |     2765    7.6791e-03
    2768    3.0029e-05    0.0000e+00   1.242e-05      8.715   1.000e-05  |     2765    7.6791e-03
    2769    3.0029e-05    0.0000e+00   1.242e-05      8.971   1.000e-05  |     2765    7.6791e-03
    2770    3.0029e-05    0.0000e+00   1.242e-05     24.534   1.000e-05  |     2770    7.6791e-03
    2771    3.0029e-05    0.0000e+00   1.242e-05      8.728   1.000e-05  |     2770    7.6791e-03
    2772    3.0029e-05    0.0000e+00   1.242e-05      8.747   1.000e-05  |     2770    7.6791e-03
    2773    3.0029e-05    0.0000e+00   1.242e-05      9.048   1.000e-05  |     2770    7.6791e-03
    2774    3.0029e-05    0.0000e+00   1.242e-05      8.727   1.000e-05  |     2770    7.6791e-03
    2775    3.0029e-05    0.0000e+00   1.242e-05     24.423   1.000e-05  |     2775    7.6791e-03
    2776    3.0029e-05    0.0000e+00   1.242e-05      8.780   1.000e-05  |     2775    7.6791e-03
    2777    3.0029e-05    0.0000e+00   1.242e-05      9.087   1.000e-05  |     2775    7.6791e-03
    2778    3.0029e-05    0.0000e+00   1.242e-05      8.687   1.000e-05  |     2775    7.6791e-03
    2779    3.0029e-05    0.0000e+00   1.242e-05      8.761   1.000e-05  |     2775    7.6791e-03
    2780    3.0029e-05    0.0000e+00   1.242e-05     24.535   1.000e-05  |     2780    7.6791e-03
    2781    3.0029e-05    0.0000e+00   1.242e-05      8.790   1.000e-05  |     2780    7.6791e-03
    2782    3.0029e-05    0.0000e+00   1.242e-05      9.042   1.000e-05  |     2780    7.6791e-03
    2783    3.0029e-05    0.0000e+00   1.242e-05      9.111   1.000e-05  |     2780    7.6791e-03
    2784    3.0029e-05    0.0000e+00   1.242e-05      8.764   1.000e-05  |     2780    7.6791e-03
    2785    3.0029e-05    0.0000e+00   1.242e-05     24.052   1.000e-05  |     2785    7.6791e-03
    2786    3.0029e-05    0.0000e+00   1.242e-05      9.045   1.000e-05  |     2785    7.6791e-03
    2787    3.0029e-05    0.0000e+00   1.242e-05      8.720   1.000e-05  |     2785    7.6791e-03
    2788    3.0029e-05    0.0000e+00   1.242e-05      9.040   1.000e-05  |     2785    7.6791e-03
    2789    3.0029e-05    0.0000e+00   1.242e-05      8.740   1.000e-05  |     2785    7.6791e-03
    2790    3.0029e-05    0.0000e+00   1.242e-05     24.439   1.000e-05  |     2790    7.6791e-03
    2791    3.0029e-05    0.0000e+00   1.242e-05      8.703   1.000e-05  |     2790    7.6791e-03
    2792    3.0029e-05    0.0000e+00   1.242e-05      9.023   1.000e-05  |     2790    7.6791e-03
    2793    3.0029e-05    0.0000e+00   1.242e-05      8.756   1.000e-05  |     2790    7.6791e-03
    2794    3.0029e-05    0.0000e+00   1.242e-05      8.680   1.000e-05  |     2790    7.6791e-03
    2795    3.0029e-05    0.0000e+00   1.242e-05     24.315   1.000e-05  |     2795    7.6791e-03
    2796    3.0029e-05    0.0000e+00   1.242e-05      8.746   1.000e-05  |     2795    7.6791e-03
    2797    3.0029e-05    0.0000e+00   1.242e-05      9.056   1.000e-05  |     2795    7.6791e-03
    2798    3.0029e-05    0.0000e+00   1.242e-05      8.766   1.000e-05  |     2795    7.6791e-03
    2799    3.0029e-05    0.0000e+00   1.242e-05      9.023   1.000e-05  |     2795    7.6791e-03
    2800    3.0029e-05    0.0000e+00   1.242e-05     24.310   1.000e-05  |     2800    7.6791e-03
    2801    3.0029e-05    0.0000e+00   1.242e-05      8.934   1.000e-05  |     2800    7.6791e-03
    2802    3.0029e-05    0.0000e+00   1.242e-05      8.744   1.000e-05  |     2800    7.6791e-03
    2803    3.0029e-05    0.0000e+00   1.242e-05      9.095   1.000e-05  |     2800    7.6791e-03
    2804    3.0029e-05    0.0000e+00   1.242e-05      8.711   1.000e-05  |     2800    7.6791e-03
    2805    3.0029e-05    0.0000e+00   1.242e-05     24.379   1.000e-05  |     2805    7.6791e-03
    2806    3.0029e-05    0.0000e+00   1.242e-05      8.700   1.000e-05  |     2805    7.6791e-03
    2807    3.0029e-05    0.0000e+00   1.242e-05      9.018   1.000e-05  |     2805    7.6791e-03
    2808    3.0029e-05    0.0000e+00   1.242e-05      8.774   1.000e-05  |     2805    7.6791e-03
    2809    3.0029e-05    0.0000e+00   1.242e-05      9.067   1.000e-05  |     2805    7.6791e-03
    2810    3.0029e-05    0.0000e+00   1.242e-05     24.062   1.000e-05  |     2810    7.6791e-03
    2811    3.0029e-05    0.0000e+00   1.242e-05      8.712   1.000e-05  |     2810    7.6791e-03
    2812    3.0029e-05    0.0000e+00   1.242e-05      9.018   1.000e-05  |     2810    7.6791e-03
    2813    3.0029e-05    0.0000e+00   1.242e-05      9.082   1.000e-05  |     2810    7.6791e-03
    2814    3.0029e-05    0.0000e+00   1.242e-05      8.746   1.000e-05  |     2810    7.6791e-03
    2815    3.0029e-05    0.0000e+00   1.242e-05     24.097   1.000e-05  |     2815    7.6791e-03
    2816    3.0029e-05    0.0000e+00   1.242e-05      9.082   1.000e-05  |     2815    7.6791e-03
    2817    3.0029e-05    0.0000e+00   1.242e-05      8.707   1.000e-05  |     2815    7.6791e-03
    2818    3.0029e-05    0.0000e+00   1.242e-05      9.052   1.000e-05  |     2815    7.6791e-03
    2819    3.0029e-05    0.0000e+00   1.242e-05      8.732   1.000e-05  |     2815    7.6791e-03
    2820    3.0029e-05    0.0000e+00   1.242e-05     24.496   1.000e-05  |     2820    7.6791e-03
    2821    3.0029e-05    0.0000e+00   1.242e-05      8.724   1.000e-05  |     2820    7.6791e-03
    2822    3.0029e-05    0.0000e+00   1.242e-05      9.044   1.000e-05  |     2820    7.6791e-03
    2823    3.0029e-05    0.0000e+00   1.242e-05      8.775   1.000e-05  |     2820    7.6791e-03
    2824    3.0029e-05    0.0000e+00   1.242e-05      9.043   1.000e-05  |     2820    7.6791e-03
    2825    3.0029e-05    0.0000e+00   1.242e-05     24.112   1.000e-05  |     2825    7.6791e-03
    2826    3.0029e-05    0.0000e+00   1.242e-05      8.750   1.000e-05  |     2825    7.6791e-03
    2827    3.0029e-05    0.0000e+00   1.242e-05      8.950   1.000e-05  |     2825    7.6791e-03
    2828    3.0029e-05    0.0000e+00   1.242e-05      9.098   1.000e-05  |     2825    7.6791e-03
    2829    3.0029e-05    0.0000e+00   1.242e-05      8.749   1.000e-05  |     2825    7.6791e-03
    2830    3.0029e-05    0.0000e+00   1.242e-05     24.215   1.000e-05  |     2830    7.6791e-03
    2831    3.0029e-05    0.0000e+00   1.242e-05      9.012   1.000e-05  |     2830    7.6791e-03
    2832    3.0029e-05    0.0000e+00   1.242e-05      8.737   1.000e-05  |     2830    7.6791e-03
    2833    3.0029e-05    0.0000e+00   1.242e-05      8.921   1.000e-05  |     2830    7.6791e-03
    2834    3.0029e-05    0.0000e+00   1.242e-05      8.722   1.000e-05  |     2830    7.6791e-03
    2835    3.0029e-05    0.0000e+00   1.242e-05     24.299   1.000e-05  |     2835    7.6791e-03
    2836    3.0029e-05    0.0000e+00   1.242e-05      8.759   1.000e-05  |     2835    7.6791e-03
    2837    3.0029e-05    0.0000e+00   1.242e-05      9.078   1.000e-05  |     2835    7.6791e-03
    2838    3.0029e-05    0.0000e+00   1.242e-05      8.714   1.000e-05  |     2835    7.6791e-03
    2839    3.0029e-05    0.0000e+00   1.242e-05      8.769   1.000e-05  |     2835    7.6791e-03
    2840    3.0029e-05    0.0000e+00   1.242e-05     24.508   1.000e-05  |     2840    7.6791e-03
    2841    3.0029e-05    0.0000e+00   1.242e-05      8.740   1.000e-05  |     2840    7.6791e-03
    2842    3.0029e-05    0.0000e+00   1.242e-05      9.015   1.000e-05  |     2840    7.6791e-03
    2843    3.0029e-05    0.0000e+00   1.242e-05      8.726   1.000e-05  |     2840    7.6791e-03
    2844    3.0029e-05    0.0000e+00   1.242e-05      9.028   1.000e-05  |     2840    7.6791e-03
    2845    3.0029e-05    0.0000e+00   1.242e-05     24.401   1.000e-05  |     2845    7.6791e-03
    2846    3.0029e-05    0.0000e+00   1.242e-05      8.779   1.000e-05  |     2845    7.6791e-03
    2847    3.0029e-05    0.0000e+00   1.242e-05      8.761   1.000e-05  |     2845    7.6791e-03
    2848    3.0029e-05    0.0000e+00   1.242e-05      9.017   1.000e-05  |     2845    7.6791e-03
    2849    3.0029e-05    0.0000e+00   1.242e-05      8.733   1.000e-05  |     2845    7.6791e-03
    2850    3.0029e-05    0.0000e+00   1.242e-05     24.466   1.000e-05  |     2850    7.6791e-03
    2851    3.0029e-05    0.0000e+00   1.242e-05      8.823   1.000e-05  |     2850    7.6791e-03
    2852    3.0029e-05    0.0000e+00   1.242e-05      9.048   1.000e-05  |     2850    7.6791e-03
    2853    3.0029e-05    0.0000e+00   1.242e-05      8.745   1.000e-05  |     2850    7.6791e-03
    2854    3.0029e-05    0.0000e+00   1.242e-05      8.754   1.000e-05  |     2850    7.6791e-03
    2855    3.0029e-05    0.0000e+00   1.242e-05     24.276   1.000e-05  |     2855    7.6791e-03
    2856    3.0029e-05    0.0000e+00   1.242e-05      9.096   1.000e-05  |     2855    7.6791e-03
    2857    3.0029e-05    0.0000e+00   1.242e-05      8.775   1.000e-05  |     2855    7.6791e-03
    2858    3.0029e-05    0.0000e+00   1.242e-05      8.710   1.000e-05  |     2855    7.6791e-03
    2859    3.0029e-05    0.0000e+00   1.242e-05      9.052   1.000e-05  |     2855    7.6791e-03
    2860    3.0029e-05    0.0000e+00   1.242e-05     24.331   1.000e-05  |     2860    7.6791e-03
    2861    3.0029e-05    0.0000e+00   1.242e-05      8.996   1.000e-05  |     2860    7.6791e-03
    2862    3.0029e-05    0.0000e+00   1.242e-05      8.799   1.000e-05  |     2860    7.6791e-03
    2863    3.0029e-05    0.0000e+00   1.242e-05      9.052   1.000e-05  |     2860    7.6791e-03
    2864    3.0029e-05    0.0000e+00   1.242e-05      8.724   1.000e-05  |     2860    7.6791e-03
    2865    3.0029e-05    0.0000e+00   1.242e-05     24.448   1.000e-05  |     2865    7.6791e-03
    2866    3.0029e-05    0.0000e+00   1.242e-05      8.788   1.000e-05  |     2865    7.6791e-03
    2867    3.0029e-05    0.0000e+00   1.242e-05      8.778   1.000e-05  |     2865    7.6791e-03
    2868    3.0029e-05    0.0000e+00   1.242e-05      9.040   1.000e-05  |     2865    7.6791e-03
    2869    3.0029e-05    0.0000e+00   1.242e-05      8.793   1.000e-05  |     2865    7.6791e-03
    2870    3.0029e-05    0.0000e+00   1.242e-05     24.407   1.000e-05  |     2870    7.6791e-03
    2871    3.0029e-05    0.0000e+00   1.242e-05      8.776   1.000e-05  |     2870    7.6791e-03
    2872    3.0029e-05    0.0000e+00   1.242e-05      9.032   1.000e-05  |     2870    7.6791e-03
    2873    3.0029e-05    0.0000e+00   1.242e-05      8.709   1.000e-05  |     2870    7.6791e-03
    2874    3.0029e-05    0.0000e+00   1.242e-05      9.011   1.000e-05  |     2870    7.6791e-03
    2875    3.0029e-05    0.0000e+00   1.242e-05     24.166   1.000e-05  |     2875    7.6791e-03
    2876    3.0029e-05    0.0000e+00   1.242e-05      9.081   1.000e-05  |     2875    7.6791e-03
    2877    3.0029e-05    0.0000e+00   1.242e-05      8.726   1.000e-05  |     2875    7.6791e-03
    2878    3.0029e-05    0.0000e+00   1.242e-05      8.763   1.000e-05  |     2875    7.6791e-03
    2879    3.0029e-05    0.0000e+00   1.242e-05      8.917   1.000e-05  |     2875    7.6791e-03
    2880    3.0029e-05    0.0000e+00   1.242e-05     24.227   1.000e-05  |     2880    7.6791e-03
    2881    3.0029e-05    0.0000e+00   1.242e-05      9.014   1.000e-05  |     2880    7.6791e-03
    2882    3.0029e-05    0.0000e+00   1.242e-05      9.101   1.000e-05  |     2880    7.6791e-03
    2883    3.0029e-05    0.0000e+00   1.242e-05      8.733   1.000e-05  |     2880    7.6791e-03
    2884    3.0029e-05    0.0000e+00   1.242e-05      8.754   1.000e-05  |     2880    7.6791e-03
    2885    3.0029e-05    0.0000e+00   1.242e-05     24.341   1.000e-05  |     2885    7.6791e-03
    2886    3.0029e-05    0.0000e+00   1.242e-05      8.738   1.000e-05  |     2885    7.6791e-03
    2887    3.0029e-05    0.0000e+00   1.242e-05      9.059   1.000e-05  |     2885    7.6791e-03
    2888    3.0029e-05    0.0000e+00   1.242e-05      8.809   1.000e-05  |     2885    7.6791e-03
    2889    3.0029e-05    0.0000e+00   1.242e-05      9.063   1.000e-05  |     2885    7.6791e-03
    2890    3.0029e-05    0.0000e+00   1.242e-05     24.204   1.000e-05  |     2890    7.6791e-03
    2891    3.0029e-05    0.0000e+00   1.242e-05      8.759   1.000e-05  |     2890    7.6791e-03
    2892    3.0029e-05    0.0000e+00   1.242e-05      9.017   1.000e-05  |     2890    7.6791e-03
    2893    3.0029e-05    0.0000e+00   1.242e-05      9.008   1.000e-05  |     2890    7.6791e-03
    2894    3.0029e-05    0.0000e+00   1.242e-05      8.664   1.000e-05  |     2890    7.6791e-03
    2895    3.0029e-05    0.0000e+00   1.242e-05     24.033   1.000e-05  |     2895    7.6791e-03
    2896    3.0029e-05    0.0000e+00   1.242e-05      9.015   1.000e-05  |     2895    7.6791e-03
    2897    3.0029e-05    0.0000e+00   1.242e-05      8.713   1.000e-05  |     2895    7.6791e-03
    2898    3.0029e-05    0.0000e+00   1.242e-05      9.083   1.000e-05  |     2895    7.6791e-03
    2899    3.0029e-05    0.0000e+00   1.242e-05      8.759   1.000e-05  |     2895    7.6791e-03
    2900    3.0029e-05    0.0000e+00   1.242e-05     24.463   1.000e-05  |     2900    7.6791e-03
    2901    3.0029e-05    0.0000e+00   1.242e-05      8.666   1.000e-05  |     2900    7.6791e-03
    2902    3.0029e-05    0.0000e+00   1.242e-05      9.083   1.000e-05  |     2900    7.6791e-03
    2903    3.0029e-05    0.0000e+00   1.242e-05      8.753   1.000e-05  |     2900    7.6791e-03
    2904    3.0029e-05    0.0000e+00   1.242e-05      9.039   1.000e-05  |     2900    7.6791e-03
    2905    3.0029e-05    0.0000e+00   1.242e-05     24.047   1.000e-05  |     2905    7.6791e-03
    2906    3.0029e-05    0.0000e+00   1.242e-05      9.076   1.000e-05  |     2905    7.6791e-03
    2907    3.0029e-05    0.0000e+00   1.242e-05      8.786   1.000e-05  |     2905    7.6791e-03
    2908    3.0029e-05    0.0000e+00   1.242e-05      9.061   1.000e-05  |     2905    7.6791e-03
    2909    3.0029e-05    0.0000e+00   1.242e-05      8.662   1.000e-05  |     2905    7.6791e-03
    2910    3.0029e-05    0.0000e+00   1.242e-05     24.204   1.000e-05  |     2910    7.6791e-03
    2911    3.0029e-05    0.0000e+00   1.242e-05      8.989   1.000e-05  |     2910    7.6791e-03
    2912    3.0029e-05    0.0000e+00   1.242e-05      9.069   1.000e-05  |     2910    7.6791e-03
    2913    3.0029e-05    0.0000e+00   1.242e-05      8.773   1.000e-05  |     2910    7.6791e-03
    2914    3.0029e-05    0.0000e+00   1.242e-05      8.776   1.000e-05  |     2910    7.6791e-03
    2915    3.0029e-05    0.0000e+00   1.242e-05     24.308   1.000e-05  |     2915    7.6791e-03
    2916    3.0029e-05    0.0000e+00   1.242e-05      8.763   1.000e-05  |     2915    7.6791e-03
    2917    3.0029e-05    0.0000e+00   1.242e-05      8.969   1.000e-05  |     2915    7.6791e-03
    2918    3.0029e-05    0.0000e+00   1.242e-05      8.742   1.000e-05  |     2915    7.6791e-03
    2919    3.0029e-05    0.0000e+00   1.242e-05      9.047   1.000e-05  |     2915    7.6791e-03
    2920    3.0029e-05    0.0000e+00   1.242e-05     24.157   1.000e-05  |     2920    7.6791e-03
    2921    3.0029e-05    0.0000e+00   1.242e-05      9.039   1.000e-05  |     2920    7.6791e-03
    2922    3.0029e-05    0.0000e+00   1.242e-05      8.739   1.000e-05  |     2920    7.6791e-03
    2923    3.0029e-05    0.0000e+00   1.242e-05      8.705   1.000e-05  |     2920    7.6791e-03
    2924    3.0029e-05    0.0000e+00   1.242e-05      8.957   1.000e-05  |     2920    7.6791e-03
    2925    3.0029e-05    0.0000e+00   1.242e-05     24.427   1.000e-05  |     2925    7.6790e-03
    2926    3.0029e-05    0.0000e+00   1.242e-05      8.754   1.000e-05  |     2925    7.6790e-03
    2927    3.0029e-05    0.0000e+00   1.242e-05      8.764   1.000e-05  |     2925    7.6790e-03
    2928    3.0029e-05    0.0000e+00   1.242e-05      9.051   1.000e-05  |     2925    7.6790e-03
    2929    3.0029e-05    0.0000e+00   1.242e-05      8.754   1.000e-05  |     2925    7.6790e-03
    2930    3.0029e-05    0.0000e+00   1.242e-05     24.581   1.000e-05  |     2930    7.6790e-03
    2931    3.0029e-05    0.0000e+00   1.242e-05      8.719   1.000e-05  |     2930    7.6790e-03
    2932    3.0029e-05    0.0000e+00   1.242e-05      9.031   1.000e-05  |     2930    7.6790e-03
    2933    3.0029e-05    0.0000e+00   1.242e-05      8.726   1.000e-05  |     2930    7.6790e-03
    2934    3.0029e-05    0.0000e+00   1.242e-05      9.048   1.000e-05  |     2930    7.6790e-03
    2935    3.0029e-05    0.0000e+00   1.242e-05     24.091   1.000e-05  |     2935    7.6790e-03
    2936    3.0029e-05    0.0000e+00   1.242e-05      8.750   1.000e-05  |     2935    7.6790e-03
    2937    3.0029e-05    0.0000e+00   1.242e-05      9.059   1.000e-05  |     2935    7.6790e-03
    2938    3.0029e-05    0.0000e+00   1.242e-05      9.104   1.000e-05  |     2935    7.6790e-03
    2939    3.0029e-05    0.0000e+00   1.242e-05      8.740   1.000e-05  |     2935    7.6790e-03
    2940    3.0029e-05    0.0000e+00   1.242e-05     24.165   1.000e-05  |     2940    7.6790e-03
    2941    3.0029e-05    0.0000e+00   1.242e-05      9.057   1.000e-05  |     2940    7.6790e-03
    2942    3.0029e-05    0.0000e+00   1.242e-05      8.756   1.000e-05  |     2940    7.6790e-03
    2943    3.0029e-05    0.0000e+00   1.242e-05      8.989   1.000e-05  |     2940    7.6790e-03
    2944    3.0029e-05    0.0000e+00   1.242e-05      8.764   1.000e-05  |     2940    7.6790e-03
    2945    3.0029e-05    0.0000e+00   1.242e-05     24.363   1.000e-05  |     2945    7.6790e-03
    2946    3.0029e-05    0.0000e+00   1.242e-05      8.714   1.000e-05  |     2945    7.6790e-03
    2947    3.0029e-05    0.0000e+00   1.242e-05      8.750   1.000e-05  |     2945    7.6790e-03
    2948    3.0029e-05    0.0000e+00   1.242e-05      9.041   1.000e-05  |     2945    7.6790e-03
    2949    3.0029e-05    0.0000e+00   1.242e-05      8.654   1.000e-05  |     2945    7.6790e-03
    2950    3.0029e-05    0.0000e+00   1.242e-05     24.494   1.000e-05  |     2950    7.6790e-03
    2951    3.0029e-05    0.0000e+00   1.242e-05      8.694   1.000e-05  |     2950    7.6790e-03
    2952    3.0029e-05    0.0000e+00   1.242e-05      9.027   1.000e-05  |     2950    7.6790e-03
    2953    3.0029e-05    0.0000e+00   1.242e-05      8.773   1.000e-05  |     2950    7.6790e-03
    2954    3.0029e-05    0.0000e+00   1.242e-05      9.054   1.000e-05  |     2950    7.6790e-03
    2955    3.0029e-05    0.0000e+00   1.242e-05     24.087   1.000e-05  |     2955    7.6790e-03
    2956    3.0029e-05    0.0000e+00   1.242e-05      8.896   1.000e-05  |     2955    7.6790e-03
    2957    3.0029e-05    0.0000e+00   1.242e-05      8.711   1.000e-05  |     2955    7.6790e-03
    2958    3.0029e-05    0.0000e+00   1.242e-05      9.099   1.000e-05  |     2955    7.6790e-03
    2959    3.0029e-05    0.0000e+00   1.242e-05      8.723   1.000e-05  |     2955    7.6790e-03
    2960    3.0029e-05    0.0000e+00   1.242e-05     24.271   1.000e-05  |     2960    7.6790e-03
    2961    3.0029e-05    0.0000e+00   1.242e-05      8.984   1.000e-05  |     2960    7.6790e-03
    2962    3.0029e-05    0.0000e+00   1.242e-05      8.781   1.000e-05  |     2960    7.6790e-03
    2963    3.0029e-05    0.0000e+00   1.242e-05      8.986   1.000e-05  |     2960    7.6790e-03
    2964    3.0029e-05    0.0000e+00   1.242e-05      8.771   1.000e-05  |     2960    7.6790e-03
    2965    3.0029e-05    0.0000e+00   1.242e-05     24.208   1.000e-05  |     2965    7.6790e-03
    2966    3.0029e-05    0.0000e+00   1.242e-05      8.745   1.000e-05  |     2965    7.6790e-03
    2967    3.0029e-05    0.0000e+00   1.242e-05      9.022   1.000e-05  |     2965    7.6790e-03
    2968    3.0029e-05    0.0000e+00   1.242e-05      8.827   1.000e-05  |     2965    7.6790e-03
    2969    3.0029e-05    0.0000e+00   1.242e-05      9.106   1.000e-05  |     2965    7.6790e-03
    2970    3.0029e-05    0.0000e+00   1.242e-05     24.161   1.000e-05  |     2970    7.6790e-03
    2971    3.0029e-05    0.0000e+00   1.242e-05      9.090   1.000e-05  |     2970    7.6790e-03
    2972    3.0029e-05    0.0000e+00   1.242e-05      8.706   1.000e-05  |     2970    7.6790e-03
    2973    3.0029e-05    0.0000e+00   1.242e-05      9.009   1.000e-05  |     2970    7.6790e-03
    2974    3.0029e-05    0.0000e+00   1.242e-05      8.752   1.000e-05  |     2970    7.6790e-03
    2975    3.0029e-05    0.0000e+00   1.242e-05     24.068   1.000e-05  |     2975    7.6790e-03
    2976    3.0029e-05    0.0000e+00   1.242e-05      9.048   1.000e-05  |     2975    7.6790e-03
    2977    3.0029e-05    0.0000e+00   1.242e-05      8.782   1.000e-05  |     2975    7.6790e-03
    2978    3.0029e-05    0.0000e+00   1.242e-05      9.055   1.000e-05  |     2975    7.6790e-03
    2979    3.0029e-05    0.0000e+00   1.242e-05      8.732   1.000e-05  |     2975    7.6790e-03
    2980    3.0029e-05    0.0000e+00   1.242e-05     24.460   1.000e-05  |     2980    7.6790e-03
    2981    3.0029e-05    0.0000e+00   1.242e-05      8.713   1.000e-05  |     2980    7.6790e-03
    2982    3.0029e-05    0.0000e+00   1.242e-05      9.070   1.000e-05  |     2980    7.6790e-03
    2983    3.0029e-05    0.0000e+00   1.242e-05      8.747   1.000e-05  |     2980    7.6790e-03
    2984    3.0029e-05    0.0000e+00   1.242e-05      9.032   1.000e-05  |     2980    7.6790e-03
    2985    3.0029e-05    0.0000e+00   1.242e-05     24.010   1.000e-05  |     2985    7.6790e-03
    2986    3.0029e-05    0.0000e+00   1.242e-05      9.069   1.000e-05  |     2985    7.6790e-03
    2987    3.0029e-05    0.0000e+00   1.242e-05      8.763   1.000e-05  |     2985    7.6790e-03
    2988    3.0029e-05    0.0000e+00   1.242e-05      8.940   1.000e-05  |     2985    7.6790e-03
    2989    3.0029e-05    0.0000e+00   1.242e-05      8.761   1.000e-05  |     2985    7.6790e-03
    2990    3.0029e-05    0.0000e+00   1.242e-05     24.475   1.000e-05  |     2990    7.6790e-03
    2991    3.0029e-05    0.0000e+00   1.242e-05      8.719   1.000e-05  |     2990    7.6790e-03
    2992    3.0030e-05    0.0000e+00   1.242e-05      8.780   1.000e-05  |     2990    7.6790e-03
    2993    3.0030e-05    0.0000e+00   1.242e-05      9.024   1.000e-05  |     2990    7.6790e-03
    2994    3.0030e-05    0.0000e+00   1.242e-05      9.036   1.000e-05  |     2990    7.6790e-03
    2995    3.0030e-05    0.0000e+00   1.242e-05     24.092   1.000e-05  |     2995    7.6790e-03
    2996    3.0030e-05    0.0000e+00   1.242e-05      8.768   1.000e-05  |     2995    7.6790e-03
    2997    3.0030e-05    0.0000e+00   1.242e-05      9.046   1.000e-05  |     2995    7.6790e-03
    2998    3.0030e-05    0.0000e+00   1.242e-05      8.772   1.000e-05  |     2995    7.6790e-03
    2999    3.0030e-05    0.0000e+00   1.242e-05      9.059   1.000e-05  |     2995    7.6790e-03
    3000    3.0030e-05    0.0000e+00   1.242e-05     24.217   1.000e-05  |     3000    7.6790e-03
    3001    3.0030e-05    0.0000e+00   1.242e-05      9.010   1.000e-05  |     3000    7.6790e-03
    3002    3.0030e-05    0.0000e+00   1.242e-05      8.774   1.000e-05  |     3000    7.6790e-03
    3003    3.0030e-05    0.0000e+00   1.242e-05      9.046   1.000e-05  |     3000    7.6790e-03
    3004    3.0030e-05    0.0000e+00   1.242e-05      8.729   1.000e-05  |     3000    7.6790e-03
    3005    3.0030e-05    0.0000e+00   1.242e-05     24.062   1.000e-05  |     3005    7.6790e-03
    3006    3.0030e-05    0.0000e+00   1.242e-05      9.056   1.000e-05  |     3005    7.6790e-03
    3007    3.0030e-05    0.0000e+00   1.242e-05      9.109   1.000e-05  |     3005    7.6790e-03
    3008    3.0030e-05    0.0000e+00   1.242e-05      8.790   1.000e-05  |     3005    7.6790e-03
    3009    3.0030e-05    0.0000e+00   1.242e-05      8.769   1.000e-05  |     3005    7.6790e-03
    3010    3.0030e-05    0.0000e+00   1.242e-05     24.594   1.000e-05  |     3010    7.6790e-03
    3011    3.0030e-05    0.0000e+00   1.242e-05      8.696   1.000e-05  |     3010    7.6790e-03
    3012    3.0030e-05    0.0000e+00   1.242e-05      9.001   1.000e-05  |     3010    7.6790e-03
    3013    3.0030e-05    0.0000e+00   1.242e-05      8.685   1.000e-05  |     3010    7.6790e-03
    3014    3.0030e-05    0.0000e+00   1.242e-05      9.067   1.000e-05  |     3010    7.6790e-03
    3015    3.0030e-05    0.0000e+00   1.242e-05     24.046   1.000e-05  |     3015    7.6790e-03
    3016    3.0030e-05    0.0000e+00   1.242e-05      8.747   1.000e-05  |     3015    7.6790e-03
    3017    3.0030e-05    0.0000e+00   1.242e-05      9.015   1.000e-05  |     3015    7.6790e-03
    3018    3.0030e-05    0.0000e+00   1.242e-05      8.742   1.000e-05  |     3015    7.6790e-03
    3019    3.0030e-05    0.0000e+00   1.242e-05      8.954   1.000e-05  |     3015    7.6790e-03
    3020    3.0030e-05    0.0000e+00   1.242e-05     24.238   1.000e-05  |     3020    7.6790e-03
    3021    3.0030e-05    0.0000e+00   1.242e-05      8.993   1.000e-05  |     3020    7.6790e-03
    3022    3.0030e-05    0.0000e+00   1.242e-05      8.747   1.000e-05  |     3020    7.6790e-03
    3023    3.0030e-05    0.0000e+00   1.242e-05      9.004   1.000e-05  |     3020    7.6790e-03
    3024    3.0030e-05    0.0000e+00   1.242e-05      8.764   1.000e-05  |     3020    7.6790e-03
    3025    3.0030e-05    0.0000e+00   1.242e-05     24.262   1.000e-05  |     3025    7.6790e-03
    3026    3.0030e-05    0.0000e+00   1.242e-05      9.130   1.000e-05  |     3025    7.6790e-03
    3027    3.0030e-05    0.0000e+00   1.242e-05      8.720   1.000e-05  |     3025    7.6790e-03
    3028    3.0030e-05    0.0000e+00   1.242e-05      8.761   1.000e-05  |     3025    7.6790e-03
    3029    3.0030e-05    0.0000e+00   1.242e-05      9.049   1.000e-05  |     3025    7.6790e-03
    3030    3.0030e-05    0.0000e+00   1.242e-05     24.134   1.000e-05  |     3030    7.6790e-03
    3031    3.0030e-05    0.0000e+00   1.242e-05      9.043   1.000e-05  |     3030    7.6790e-03
    3032    3.0030e-05    0.0000e+00   1.242e-05      8.756   1.000e-05  |     3030    7.6790e-03
    3033    3.0030e-05    0.0000e+00   1.242e-05      9.031   1.000e-05  |     3030    7.6790e-03
    3034    3.0030e-05    0.0000e+00   1.242e-05      8.735   1.000e-05  |     3030    7.6790e-03
    3035    3.0030e-05    0.0000e+00   1.242e-05     24.360   1.000e-05  |     3035    7.6790e-03
    3036    3.0030e-05    0.0000e+00   1.242e-05      8.761   1.000e-05  |     3035    7.6790e-03
    3037    3.0030e-05    0.0000e+00   1.242e-05      8.784   1.000e-05  |     3035    7.6790e-03
    3038    3.0030e-05    0.0000e+00   1.242e-05      9.035   1.000e-05  |     3035    7.6790e-03
    3039    3.0030e-05    0.0000e+00   1.242e-05      8.803   1.000e-05  |     3035    7.6790e-03
    3040    3.0030e-05    0.0000e+00   1.242e-05     24.447   1.000e-05  |     3040    7.6790e-03
    3041    3.0030e-05    0.0000e+00   1.242e-05      8.671   1.000e-05  |     3040    7.6790e-03
    3042    3.0030e-05    0.0000e+00   1.242e-05      9.036   1.000e-05  |     3040    7.6790e-03
    3043    3.0030e-05    0.0000e+00   1.242e-05      8.786   1.000e-05  |     3040    7.6790e-03
    3044    3.0030e-05    0.0000e+00   1.242e-05      8.982   1.000e-05  |     3040    7.6790e-03
    3045    3.0030e-05    0.0000e+00   1.242e-05     24.025   1.000e-05  |     3045    7.6790e-03
    3046    3.0030e-05    0.0000e+00   1.242e-05      9.071   1.000e-05  |     3045    7.6790e-03
    3047    3.0030e-05    0.0000e+00   1.242e-05      8.704   1.000e-05  |     3045    7.6790e-03
    3048    3.0030e-05    0.0000e+00   1.242e-05      8.764   1.000e-05  |     3045    7.6790e-03
    3049    3.0030e-05    0.0000e+00   1.242e-05      8.930   1.000e-05  |     3045    7.6790e-03
    3050    3.0030e-05    0.0000e+00   1.242e-05     24.249   1.000e-05  |     3050    7.6790e-03
    3051    3.0030e-05    0.0000e+00   1.242e-05      8.961   1.000e-05  |     3050    7.6790e-03
    3052    3.0030e-05    0.0000e+00   1.242e-05      9.035   1.000e-05  |     3050    7.6790e-03
    3053    3.0030e-05    0.0000e+00   1.242e-05      8.708   1.000e-05  |     3050    7.6790e-03
    3054    3.0030e-05    0.0000e+00   1.242e-05      8.758   1.000e-05  |     3050    7.6790e-03
    3055    3.0030e-05    0.0000e+00   1.242e-05     24.356   1.000e-05  |     3055    7.6790e-03
    3056    3.0030e-05    0.0000e+00   1.242e-05      8.703   1.000e-05  |     3055    7.6790e-03
    3057    3.0030e-05    0.0000e+00   1.242e-05      9.024   1.000e-05  |     3055    7.6790e-03
    3058    3.0030e-05    0.0000e+00   1.242e-05      8.814   1.000e-05  |     3055    7.6790e-03
    3059    3.0030e-05    0.0000e+00   1.242e-05      9.021   1.000e-05  |     3055    7.6790e-03
    3060    3.0030e-05    0.0000e+00   1.242e-05     24.261   1.000e-05  |     3060    7.6790e-03
    3061    3.0030e-05    0.0000e+00   1.242e-05      8.748   1.000e-05  |     3060    7.6790e-03
    3062    3.0030e-05    0.0000e+00   1.242e-05      9.012   1.000e-05  |     3060    7.6790e-03
    3063    3.0030e-05    0.0000e+00   1.242e-05      9.020   1.000e-05  |     3060    7.6790e-03
    3064    3.0030e-05    0.0000e+00   1.242e-05      8.725   1.000e-05  |     3060    7.6790e-03
    3065    3.0030e-05    0.0000e+00   1.242e-05     24.163   1.000e-05  |     3065    7.6790e-03
    3066    3.0030e-05    0.0000e+00   1.242e-05      9.028   1.000e-05  |     3065    7.6790e-03
    3067    3.0030e-05    0.0000e+00   1.242e-05      8.682   1.000e-05  |     3065    7.6790e-03
    3068    3.0030e-05    0.0000e+00   1.242e-05      9.040   1.000e-05  |     3065    7.6790e-03
    3069    3.0030e-05    0.0000e+00   1.242e-05      8.735   1.000e-05  |     3065    7.6790e-03
    3070    3.0030e-05    0.0000e+00   1.242e-05     24.445   1.000e-05  |     3070    7.6790e-03
    3071    3.0030e-05    0.0000e+00   1.242e-05      8.738   1.000e-05  |     3070    7.6790e-03
    3072    3.0030e-05    0.0000e+00   1.242e-05      8.985   1.000e-05  |     3070    7.6790e-03
    3073    3.0030e-05    0.0000e+00   1.242e-05      8.764   1.000e-05  |     3070    7.6790e-03
    3074    3.0030e-05    0.0000e+00   1.242e-05      9.093   1.000e-05  |     3070    7.6790e-03
    3075    3.0030e-05    0.0000e+00   1.242e-05     23.938   1.000e-05  |     3075    7.6790e-03
    3076    3.0030e-05    0.0000e+00   1.242e-05      9.015   1.000e-05  |     3075    7.6790e-03
    3077    3.0030e-05    0.0000e+00   1.242e-05      8.813   1.000e-05  |     3075    7.6790e-03
    3078    3.0030e-05    0.0000e+00   1.242e-05      9.061   1.000e-05  |     3075    7.6790e-03
    3079    3.0030e-05    0.0000e+00   1.242e-05      8.702   1.000e-05  |     3075    7.6790e-03
    3080    3.0030e-05    0.0000e+00   1.242e-05     24.300   1.000e-05  |     3080    7.6789e-03
    3081    3.0030e-05    0.0000e+00   1.242e-05      9.015   1.000e-05  |     3080    7.6789e-03
    3082    3.0030e-05    0.0000e+00   1.242e-05      9.050   1.000e-05  |     3080    7.6789e-03
    3083    3.0030e-05    0.0000e+00   1.242e-05      8.742   1.000e-05  |     3080    7.6789e-03
    3084    3.0030e-05    0.0000e+00   1.242e-05      8.781   1.000e-05  |     3080    7.6789e-03
    3085    3.0030e-05    0.0000e+00   1.242e-05     24.329   1.000e-05  |     3085    7.6789e-03
    3086    3.0030e-05    0.0000e+00   1.242e-05      8.801   1.000e-05  |     3085    7.6789e-03
    3087    3.0030e-05    0.0000e+00   1.242e-05      9.090   1.000e-05  |     3085    7.6789e-03
    3088    3.0030e-05    0.0000e+00   1.242e-05      8.713   1.000e-05  |     3085    7.6789e-03
    3089    3.0030e-05    0.0000e+00   1.242e-05      8.989   1.000e-05  |     3085    7.6789e-03
    3090    3.0030e-05    0.0000e+00   1.242e-05     24.146   1.000e-05  |     3090    7.6789e-03
    3091    3.0030e-05    0.0000e+00   1.242e-05      9.037   1.000e-05  |     3090    7.6789e-03
    3092    3.0030e-05    0.0000e+00   1.242e-05      8.754   1.000e-05  |     3090    7.6789e-03
    3093    3.0030e-05    0.0000e+00   1.242e-05      8.743   1.000e-05  |     3090    7.6789e-03
    3094    3.0030e-05    0.0000e+00   1.242e-05      9.034   1.000e-05  |     3090    7.6789e-03
    3095    3.0030e-05    0.0000e+00   1.242e-05     24.390   1.000e-05  |     3095    7.6789e-03
    3096    3.0030e-05    0.0000e+00   1.242e-05      8.786   1.000e-05  |     3095    7.6789e-03
    3097    3.0030e-05    0.0000e+00   1.242e-05      8.750   1.000e-05  |     3095    7.6789e-03
    3098    3.0030e-05    0.0000e+00   1.242e-05      8.980   1.000e-05  |     3095    7.6789e-03
    3099    3.0030e-05    0.0000e+00   1.242e-05      8.727   1.000e-05  |     3095    7.6789e-03
    3100    3.0030e-05    0.0000e+00   1.242e-05     24.467   1.000e-05  |     3100    7.6789e-03
    3101    3.0030e-05    0.0000e+00   1.242e-05      8.714   1.000e-05  |     3100    7.6789e-03
    3102    3.0030e-05    0.0000e+00   1.242e-05      9.039   1.000e-05  |     3100    7.6789e-03
    3103    3.0030e-05    0.0000e+00   1.242e-05      8.790   1.000e-05  |     3100    7.6789e-03
    3104    3.0030e-05    0.0000e+00   1.242e-05      9.099   1.000e-05  |     3100    7.6789e-03
    3105    3.0030e-05    0.0000e+00   1.242e-05     23.974   1.000e-05  |     3105    7.6789e-03
    3106    3.0030e-05    0.0000e+00   1.242e-05      8.782   1.000e-05  |     3105    7.6789e-03
    3107    3.0030e-05    0.0000e+00   1.242e-05      8.992   1.000e-05  |     3105    7.6789e-03
    3108    3.0030e-05    0.0000e+00   1.242e-05      9.077   1.000e-05  |     3105    7.6789e-03
    3109    3.0030e-05    0.0000e+00   1.242e-05      8.789   1.000e-05  |     3105    7.6789e-03
    3110    3.0030e-05    0.0000e+00   1.242e-05     24.280   1.000e-05  |     3110    7.6789e-03
    3111    3.0030e-05    0.0000e+00   1.242e-05      8.961   1.000e-05  |     3110    7.6789e-03
    3112    3.0030e-05    0.0000e+00   1.242e-05      8.754   1.000e-05  |     3110    7.6789e-03
    3113    3.0030e-05    0.0000e+00   1.242e-05      9.015   1.000e-05  |     3110    7.6789e-03
    3114    3.0030e-05    0.0000e+00   1.242e-05      8.805   1.000e-05  |     3110    7.6789e-03
    3115    3.0030e-05    0.0000e+00   1.242e-05     24.372   1.000e-05  |     3115    7.6789e-03
    3116    3.0030e-05    0.0000e+00   1.242e-05      8.750   1.000e-05  |     3115    7.6789e-03
    3117    3.0030e-05    0.0000e+00   1.242e-05      8.724   1.000e-05  |     3115    7.6789e-03
    3118    3.0030e-05    0.0000e+00   1.242e-05      9.008   1.000e-05  |     3115    7.6789e-03
    3119    3.0030e-05    0.0000e+00   1.242e-05      8.731   1.000e-05  |     3115    7.6789e-03
    3120    3.0030e-05    0.0000e+00   1.242e-05     24.577   1.000e-05  |     3120    7.6789e-03
    3121    3.0030e-05    0.0000e+00   1.242e-05      8.760   1.000e-05  |     3120    7.6789e-03
    3122    3.0030e-05    0.0000e+00   1.242e-05      9.008   1.000e-05  |     3120    7.6789e-03
    3123    3.0030e-05    0.0000e+00   1.242e-05      8.770   1.000e-05  |     3120    7.6789e-03
    3124    3.0030e-05    0.0000e+00   1.242e-05      9.027   1.000e-05  |     3120    7.6789e-03
    3125    3.0030e-05    0.0000e+00   1.242e-05     24.150   1.000e-05  |     3125    7.6789e-03
    3126    3.0030e-05    0.0000e+00   1.242e-05      9.070   1.000e-05  |     3125    7.6789e-03
    3127    3.0030e-05    0.0000e+00   1.242e-05      8.709   1.000e-05  |     3125    7.6789e-03
    3128    3.0030e-05    0.0000e+00   1.242e-05      9.024   1.000e-05  |     3125    7.6789e-03
    3129    3.0030e-05    0.0000e+00   1.242e-05      8.720   1.000e-05  |     3125    7.6789e-03
    3130    3.0030e-05    0.0000e+00   1.242e-05     24.255   1.000e-05  |     3130    7.6789e-03
    3131    3.0030e-05    0.0000e+00   1.242e-05      9.029   1.000e-05  |     3130    7.6789e-03
    3132    3.0030e-05    0.0000e+00   1.242e-05      8.747   1.000e-05  |     3130    7.6789e-03
    3133    3.0030e-05    0.0000e+00   1.242e-05      9.054   1.000e-05  |     3130    7.6789e-03
    3134    3.0030e-05    0.0000e+00   1.242e-05      8.824   1.000e-05  |     3130    7.6789e-03
    3135    3.0030e-05    0.0000e+00   1.242e-05     24.315   1.000e-05  |     3135    7.6789e-03
    3136    3.0030e-05    0.0000e+00   1.242e-05      8.736   1.000e-05  |     3135    7.6789e-03
    3137    3.0030e-05    0.0000e+00   1.242e-05      9.060   1.000e-05  |     3135    7.6789e-03
    3138    3.0030e-05    0.0000e+00   1.242e-05      8.764   1.000e-05  |     3135    7.6789e-03
    3139    3.0030e-05    0.0000e+00   1.242e-05      9.090   1.000e-05  |     3135    7.6789e-03
    3140    3.0030e-05    0.0000e+00   1.242e-05     24.200   1.000e-05  |     3140    7.6789e-03
    3141    3.0030e-05    0.0000e+00   1.242e-05      9.059   1.000e-05  |     3140    7.6789e-03
    3142    3.0030e-05    0.0000e+00   1.242e-05      8.745   1.000e-05  |     3140    7.6789e-03
    3143    3.0030e-05    0.0000e+00   1.242e-05      9.014   1.000e-05  |     3140    7.6789e-03
    3144    3.0030e-05    0.0000e+00   1.242e-05      8.734   1.000e-05  |     3140    7.6789e-03
    3145    3.0030e-05    0.0000e+00   1.242e-05     24.035   1.000e-05  |     3145    7.6789e-03
    3146    3.0030e-05    0.0000e+00   1.242e-05      9.047   1.000e-05  |     3145    7.6789e-03
    3147    3.0030e-05    0.0000e+00   1.242e-05      8.786   1.000e-05  |     3145    7.6789e-03
    3148    3.0030e-05    0.0000e+00   1.242e-05      9.037   1.000e-05  |     3145    7.6789e-03
    3149    3.0030e-05    0.0000e+00   1.242e-05      8.729   1.000e-05  |     3145    7.6789e-03
    3150    3.0030e-05    0.0000e+00   1.242e-05     24.527   1.000e-05  |     3150    7.6789e-03
    3151    3.0030e-05    0.0000e+00   1.242e-05      8.723   1.000e-05  |     3150    7.6789e-03
    3152    3.0030e-05    0.0000e+00   1.242e-05      9.043   1.000e-05  |     3150    7.6789e-03
    3153    3.0030e-05    0.0000e+00   1.242e-05      8.761   1.000e-05  |     3150    7.6789e-03
    3154    3.0030e-05    0.0000e+00   1.242e-05      9.053   1.000e-05  |     3150    7.6789e-03
    3155    3.0030e-05    0.0000e+00   1.242e-05     24.032   1.000e-05  |     3155    7.6789e-03
    3156    3.0030e-05    0.0000e+00   1.242e-05      9.054   1.000e-05  |     3155    7.6789e-03
    3157    3.0030e-05    0.0000e+00   1.242e-05      8.718   1.000e-05  |     3155    7.6789e-03
    3158    3.0030e-05    0.0000e+00   1.242e-05      8.985   1.000e-05  |     3155    7.6789e-03
    3159    3.0030e-05    0.0000e+00   1.242e-05      8.716   1.000e-05  |     3155    7.6789e-03
    3160    3.0030e-05    0.0000e+00   1.242e-05     24.465   1.000e-05  |     3160    7.6789e-03
    3161    3.0030e-05    0.0000e+00   1.242e-05      8.755   1.000e-05  |     3160    7.6789e-03
    3162    3.0030e-05    0.0000e+00   1.242e-05      8.743   1.000e-05  |     3160    7.6789e-03
    3163    3.0030e-05    0.0000e+00   1.242e-05      8.960   1.000e-05  |     3160    7.6789e-03
    3164    3.0030e-05    0.0000e+00   1.242e-05      9.047   1.000e-05  |     3160    7.6789e-03
    3165    3.0030e-05    0.0000e+00   1.242e-05     24.103   1.000e-05  |     3165    7.6789e-03
    3166    3.0030e-05    0.0000e+00   1.242e-05      8.779   1.000e-05  |     3165    7.6789e-03
    3167    3.0030e-05    0.0000e+00   1.242e-05      9.023   1.000e-05  |     3165    7.6789e-03
    3168    3.0030e-05    0.0000e+00   1.242e-05      8.738   1.000e-05  |     3165    7.6789e-03
    3169    3.0030e-05    0.0000e+00   1.242e-05      9.057   1.000e-05  |     3165    7.6789e-03
    3170    3.0030e-05    0.0000e+00   1.242e-05     24.129   1.000e-05  |     3170    7.6789e-03
    3171    3.0030e-05    0.0000e+00   1.242e-05      8.998   1.000e-05  |     3170    7.6789e-03
    3172    3.0030e-05    0.0000e+00   1.242e-05      8.790   1.000e-05  |     3170    7.6789e-03
    3173    3.0030e-05    0.0000e+00   1.242e-05      8.969   1.000e-05  |     3170    7.6789e-03
    3174    3.0030e-05    0.0000e+00   1.242e-05      8.730   1.000e-05  |     3170    7.6789e-03
    3175    3.0030e-05    0.0000e+00   1.242e-05     24.083   1.000e-05  |     3175    7.6789e-03
    3176    3.0030e-05    0.0000e+00   1.242e-05      9.022   1.000e-05  |     3175    7.6789e-03
    3177    3.0030e-05    0.0000e+00   1.242e-05      9.107   1.000e-05  |     3175    7.6789e-03
    3178    3.0030e-05    0.0000e+00   1.242e-05      8.776   1.000e-05  |     3175    7.6789e-03
    3179    3.0030e-05    0.0000e+00   1.242e-05      8.787   1.000e-05  |     3175    7.6789e-03
    3180    3.0030e-05    0.0000e+00   1.242e-05     24.552   1.000e-05  |     3180    7.6789e-03
    3181    3.0030e-05    0.0000e+00   1.242e-05      8.729   1.000e-05  |     3180    7.6789e-03
    3182    3.0030e-05    0.0000e+00   1.242e-05      9.030   1.000e-05  |     3180    7.6789e-03
    3183    3.0030e-05    0.0000e+00   1.242e-05      8.721   1.000e-05  |     3180    7.6789e-03
    3184    3.0030e-05    0.0000e+00   1.242e-05      9.112   1.000e-05  |     3180    7.6789e-03
    3185    3.0030e-05    0.0000e+00   1.242e-05     24.053   1.000e-05  |     3185    7.6789e-03
    3186    3.0030e-05    0.0000e+00   1.242e-05      8.746   1.000e-05  |     3185    7.6789e-03
    3187    3.0030e-05    0.0000e+00   1.242e-05      8.916   1.000e-05  |     3185    7.6789e-03
    3188    3.0030e-05    0.0000e+00   1.242e-05      8.747   1.000e-05  |     3185    7.6789e-03
    3189    3.0030e-05    0.0000e+00   1.242e-05      8.981   1.000e-05  |     3185    7.6789e-03
    3190    3.0030e-05    0.0000e+00   1.242e-05     24.313   1.000e-05  |     3190    7.6788e-03
    3191    3.0030e-05    0.0000e+00   1.242e-05      9.012   1.000e-05  |     3190    7.6788e-03
    3192    3.0030e-05    0.0000e+00   1.242e-05      8.752   1.000e-05  |     3190    7.6788e-03
    3193    3.0030e-05    0.0000e+00   1.242e-05      9.011   1.000e-05  |     3190    7.6788e-03
    3194    3.0030e-05    0.0000e+00   1.242e-05      8.770   1.000e-05  |     3190    7.6788e-03
    3195    3.0030e-05    0.0000e+00   1.242e-05     24.363   1.000e-05  |     3195    7.6788e-03
    3196    3.0030e-05    0.0000e+00   1.242e-05      9.077   1.000e-05  |     3195    7.6788e-03
    3197    3.0030e-05    0.0000e+00   1.242e-05      8.745   1.000e-05  |     3195    7.6788e-03
    3198    3.0030e-05    0.0000e+00   1.242e-05      8.778   1.000e-05  |     3195    7.6788e-03
    3199    3.0030e-05    0.0000e+00   1.242e-05      9.011   1.000e-05  |     3195    7.6788e-03
    3200    3.0030e-05    0.0000e+00   1.242e-05     24.158   1.000e-05  |     3200    7.6788e-03
    3201    3.0030e-05    0.0000e+00   1.242e-05      9.059   1.000e-05  |     3200    7.6788e-03
    3202    3.0030e-05    0.0000e+00   1.242e-05      8.695   1.000e-05  |     3200    7.6788e-03
    3203    3.0030e-05    0.0000e+00   1.242e-05      9.013   1.000e-05  |     3200    7.6788e-03
    3204    3.0030e-05    0.0000e+00   1.242e-05      8.704   1.000e-05  |     3200    7.6788e-03
    3205    3.0030e-05    0.0000e+00   1.242e-05     24.438   1.000e-05  |     3205    7.6788e-03
    3206    3.0030e-05    0.0000e+00   1.242e-05      8.687   1.000e-05  |     3205    7.6788e-03
    3207    3.0030e-05    0.0000e+00   1.242e-05      8.786   1.000e-05  |     3205    7.6788e-03
    3208    3.0030e-05    0.0000e+00   1.242e-05      9.007   1.000e-05  |     3205    7.6788e-03
    3209    3.0030e-05    0.0000e+00   1.242e-05      9.097   1.000e-05  |     3205    7.6788e-03
    3210    3.0030e-05    0.0000e+00   1.242e-05     24.262   1.000e-05  |     3210    7.6788e-03
    3211    3.0030e-05    0.0000e+00   1.242e-05      8.763   1.000e-05  |     3210    7.6788e-03
    3212    3.0030e-05    0.0000e+00   1.242e-05      9.044   1.000e-05  |     3210    7.6788e-03
    3213    3.0030e-05    0.0000e+00   1.242e-05      8.717   1.000e-05  |     3210    7.6788e-03
    3214    3.0030e-05    0.0000e+00   1.242e-05      9.047   1.000e-05  |     3210    7.6788e-03
    3215    3.0030e-05    0.0000e+00   1.242e-05     24.095   1.000e-05  |     3215    7.6788e-03
    3216    3.0030e-05    0.0000e+00   1.242e-05      9.079   1.000e-05  |     3215    7.6788e-03
    3217    3.0030e-05    0.0000e+00   1.242e-05      8.748   1.000e-05  |     3215    7.6788e-03
    3218    3.0030e-05    0.0000e+00   1.242e-05      8.766   1.000e-05  |     3215    7.6788e-03
    3219    3.0030e-05    0.0000e+00   1.242e-05      8.928   1.000e-05  |     3215    7.6788e-03
    3220    3.0030e-05    0.0000e+00   1.242e-05     24.219   1.000e-05  |     3220    7.6788e-03
    3221    3.0030e-05    0.0000e+00   1.242e-05      9.003   1.000e-05  |     3220    7.6788e-03
    3222    3.0030e-05    0.0000e+00   1.242e-05      9.049   1.000e-05  |     3220    7.6788e-03
    3223    3.0030e-05    0.0000e+00   1.242e-05      8.745   1.000e-05  |     3220    7.6788e-03
    3224    3.0030e-05    0.0000e+00   1.242e-05      8.779   1.000e-05  |     3220    7.6788e-03
    3225    3.0030e-05    0.0000e+00   1.242e-05     24.355   1.000e-05  |     3225    7.6788e-03
    3226    3.0030e-05    0.0000e+00   1.242e-05      8.675   1.000e-05  |     3225    7.6788e-03
    3227    3.0031e-05    0.0000e+00   1.242e-05      8.994   1.000e-05  |     3225    7.6788e-03
    3228    3.0031e-05    0.0000e+00   1.242e-05      8.787   1.000e-05  |     3225    7.6788e-03
    3229    3.0031e-05    0.0000e+00   1.242e-05      9.063   1.000e-05  |     3225    7.6788e-03
    3230    3.0031e-05    0.0000e+00   1.242e-05     24.196   1.000e-05  |     3230    7.6788e-03
    3231    3.0031e-05    0.0000e+00   1.242e-05      8.737   1.000e-05  |     3230    7.6788e-03
    3232    3.0031e-05    0.0000e+00   1.242e-05      9.029   1.000e-05  |     3230    7.6788e-03
    3233    3.0031e-05    0.0000e+00   1.242e-05      9.100   1.000e-05  |     3230    7.6788e-03
    3234    3.0031e-05    0.0000e+00   1.242e-05      8.753   1.000e-05  |     3230    7.6788e-03
    3235    3.0031e-05    0.0000e+00   1.242e-05     24.028   1.000e-05  |     3235    7.6788e-03
    3236    3.0031e-05    0.0000e+00   1.242e-05      9.061   1.000e-05  |     3235    7.6788e-03
    3237    3.0031e-05    0.0000e+00   1.242e-05      8.730   1.000e-05  |     3235    7.6788e-03
    3238    3.0031e-05    0.0000e+00   1.242e-05      9.037   1.000e-05  |     3235    7.6788e-03
    3239    3.0031e-05    0.0000e+00   1.242e-05      8.801   1.000e-05  |     3235    7.6788e-03
    3240    3.0031e-05    0.0000e+00   1.242e-05     24.514   1.000e-05  |     3240    7.6788e-03
    3241    3.0031e-05    0.0000e+00   1.242e-05      8.715   1.000e-05  |     3240    7.6788e-03
    3242    3.0031e-05    0.0000e+00   1.242e-05      9.017   1.000e-05  |     3240    7.6788e-03
    3243    3.0031e-05    0.0000e+00   1.242e-05      8.649   1.000e-05  |     3240    7.6788e-03
    3244    3.0031e-05    0.0000e+00   1.242e-05      9.067   1.000e-05  |     3240    7.6788e-03
    3245    3.0031e-05    0.0000e+00   1.242e-05     24.081   1.000e-05  |     3245    7.6788e-03
    3246    3.0031e-05    0.0000e+00   1.242e-05      9.077   1.000e-05  |     3245    7.6788e-03
    3247    3.0031e-05    0.0000e+00   1.242e-05      8.767   1.000e-05  |     3245    7.6788e-03
    3248    3.0031e-05    0.0000e+00   1.242e-05      9.063   1.000e-05  |     3245    7.6788e-03
    3249    3.0031e-05    0.0000e+00   1.242e-05      8.771   1.000e-05  |     3245    7.6788e-03
    3250    3.0031e-05    0.0000e+00   1.242e-05     24.177   1.000e-05  |     3250    7.6788e-03
    3251    3.0031e-05    0.0000e+00   1.242e-05      8.976   1.000e-05  |     3250    7.6788e-03
    3252    3.0031e-05    0.0000e+00   1.242e-05      9.076   1.000e-05  |     3250    7.6788e-03
    3253    3.0031e-05    0.0000e+00   1.242e-05      8.736   1.000e-05  |     3250    7.6788e-03
    3254    3.0031e-05    0.0000e+00   1.242e-05      8.793   1.000e-05  |     3250    7.6788e-03
    3255    3.0031e-05    0.0000e+00   1.242e-05     24.367   1.000e-05  |     3255    7.6788e-03
    3256    3.0031e-05    0.0000e+00   1.242e-05      8.751   1.000e-05  |     3255    7.6788e-03
    3257    3.0031e-05    0.0000e+00   1.242e-05      9.053   1.000e-05  |     3255    7.6788e-03
    3258    3.0031e-05    0.0000e+00   1.242e-05      8.710   1.000e-05  |     3255    7.6788e-03
    3259    3.0031e-05    0.0000e+00   1.242e-05      9.074   1.000e-05  |     3255    7.6788e-03
    3260    3.0031e-05    0.0000e+00   1.242e-05     24.302   1.000e-05  |     3260    7.6788e-03
    3261    3.0031e-05    0.0000e+00   1.242e-05      9.061   1.000e-05  |     3260    7.6788e-03
    3262    3.0031e-05    0.0000e+00   1.242e-05      8.725   1.000e-05  |     3260    7.6788e-03
    3263    3.0031e-05    0.0000e+00   1.242e-05      8.741   1.000e-05  |     3260    7.6788e-03
    3264    3.0031e-05    0.0000e+00   1.242e-05      8.997   1.000e-05  |     3260    7.6788e-03
    3265    3.0031e-05    0.0000e+00   1.242e-05     24.364   1.000e-05  |     3265    7.6788e-03
    3266    3.0031e-05    0.0000e+00   1.242e-05      8.719   1.000e-05  |     3265    7.6788e-03
    3267    3.0031e-05    0.0000e+00   1.242e-05      8.791   1.000e-05  |     3265    7.6788e-03
    3268    3.0031e-05    0.0000e+00   1.242e-05      9.039   1.000e-05  |     3265    7.6788e-03
    3269    3.0031e-05    0.0000e+00   1.242e-05      8.739   1.000e-05  |     3265    7.6788e-03
    3270    3.0031e-05    0.0000e+00   1.242e-05     24.491   1.000e-05  |     3270    7.6788e-03
    3271    3.0031e-05    0.0000e+00   1.242e-05      8.722   1.000e-05  |     3270    7.6788e-03
    3272    3.0031e-05    0.0000e+00   1.242e-05      9.023   1.000e-05  |     3270    7.6788e-03
    3273    3.0031e-05    0.0000e+00   1.242e-05      8.786   1.000e-05  |     3270    7.6788e-03
    3274    3.0031e-05    0.0000e+00   1.242e-05      9.057   1.000e-05  |     3270    7.6788e-03
    3275    3.0031e-05    0.0000e+00   1.242e-05     24.102   1.000e-05  |     3275    7.6787e-03
    3276    3.0031e-05    0.0000e+00   1.242e-05      8.754   1.000e-05  |     3275    7.6787e-03
    3277    3.0031e-05    0.0000e+00   1.242e-05      9.022   1.000e-05  |     3275    7.6787e-03
    3278    3.0031e-05    0.0000e+00   1.242e-05      9.104   1.000e-05  |     3275    7.6787e-03
    3279    3.0031e-05    0.0000e+00   1.242e-05      8.753   1.000e-05  |     3275    7.6787e-03
    3280    3.0031e-05    0.0000e+00   1.242e-05     24.166   1.000e-05  |     3280    7.6787e-03
    3281    3.0031e-05    0.0000e+00   1.242e-05      9.065   1.000e-05  |     3280    7.6787e-03
    3282    3.0031e-05    0.0000e+00   1.242e-05      8.662   1.000e-05  |     3280    7.6787e-03
    3283    3.0031e-05    0.0000e+00   1.242e-05      8.984   1.000e-05  |     3280    7.6787e-03
    3284    3.0031e-05    0.0000e+00   1.242e-05      8.755   1.000e-05  |     3280    7.6787e-03
    3285    3.0031e-05    0.0000e+00   1.242e-05     24.317   1.000e-05  |     3285    7.6787e-03
    3286    3.0031e-05    0.0000e+00   1.242e-05      8.741   1.000e-05  |     3285    7.6787e-03
    3287    3.0031e-05    0.0000e+00   1.242e-05      8.731   1.000e-05  |     3285    7.6787e-03
    3288    3.0031e-05    0.0000e+00   1.242e-05      9.037   1.000e-05  |     3285    7.6787e-03
    3289    3.0031e-05    0.0000e+00   1.242e-05      8.772   1.000e-05  |     3285    7.6787e-03
    3290    3.0031e-05    0.0000e+00   1.242e-05     24.502   1.000e-05  |     3290    7.6787e-03
    3291    3.0031e-05    0.0000e+00   1.242e-05      8.748   1.000e-05  |     3290    7.6787e-03
    3292    3.0031e-05    0.0000e+00   1.242e-05      9.062   1.000e-05  |     3290    7.6787e-03
    3293    3.0031e-05    0.0000e+00   1.242e-05      8.735   1.000e-05  |     3290    7.6787e-03
    3294    3.0031e-05    0.0000e+00   1.242e-05      8.986   1.000e-05  |     3290    7.6787e-03
    3295    3.0031e-05    0.0000e+00   1.242e-05     24.105   1.000e-05  |     3295    7.6787e-03
    3296    3.0031e-05    0.0000e+00   1.242e-05      9.036   1.000e-05  |     3295    7.6787e-03
    3297    3.0031e-05    0.0000e+00   1.242e-05      8.650   1.000e-05  |     3295    7.6787e-03
    3298    3.0031e-05    0.0000e+00   1.242e-05      9.074   1.000e-05  |     3295    7.6787e-03
    3299    3.0031e-05    0.0000e+00   1.242e-05      8.697   1.000e-05  |     3295    7.6787e-03
    3300    3.0031e-05    0.0000e+00   1.242e-05     24.256   1.000e-05  |     3300    7.6787e-03
    3301    3.0031e-05    0.0000e+00   1.242e-05      9.030   1.000e-05  |     3300    7.6787e-03
    3302    3.0031e-05    0.0000e+00   1.242e-05      8.782   1.000e-05  |     3300    7.6787e-03
    3303    3.0031e-05    0.0000e+00   1.242e-05      9.000   1.000e-05  |     3300    7.6787e-03
    3304    3.0031e-05    0.0000e+00   1.242e-05      8.746   1.000e-05  |     3300    7.6787e-03
    3305    3.0031e-05    0.0000e+00   1.242e-05     24.355   1.000e-05  |     3305    7.6787e-03
    3306    3.0031e-05    0.0000e+00   1.242e-05      8.752   1.000e-05  |     3305    7.6787e-03
    3307    3.0031e-05    0.0000e+00   1.242e-05      9.024   1.000e-05  |     3305    7.6787e-03
    3308    3.0031e-05    0.0000e+00   1.242e-05      8.714   1.000e-05  |     3305    7.6787e-03
    3309    3.0031e-05    0.0000e+00   1.242e-05      9.088   1.000e-05  |     3305    7.6787e-03
    3310    3.0031e-05    0.0000e+00   1.242e-05     24.283   1.000e-05  |     3310    7.6787e-03
    3311    3.0031e-05    0.0000e+00   1.242e-05      9.052   1.000e-05  |     3310    7.6787e-03
    3312    3.0031e-05    0.0000e+00   1.242e-05      8.705   1.000e-05  |     3310    7.6787e-03
    3313    3.0031e-05    0.0000e+00   1.242e-05      8.987   1.000e-05  |     3310    7.6787e-03
    3314    3.0031e-05    0.0000e+00   1.242e-05      8.766   1.000e-05  |     3310    7.6787e-03
    3315    3.0031e-05    0.0000e+00   1.242e-05     24.010   1.000e-05  |     3315    7.6787e-03
    3316    3.0031e-05    0.0000e+00   1.242e-05      9.056   1.000e-05  |     3315    7.6787e-03
    3317    3.0031e-05    0.0000e+00   1.242e-05      8.779   1.000e-05  |     3315    7.6787e-03
    3318    3.0031e-05    0.0000e+00   1.242e-05      9.035   1.000e-05  |     3315    7.6787e-03
    3319    3.0031e-05    0.0000e+00   1.242e-05      8.765   1.000e-05  |     3315    7.6787e-03
    3320    3.0031e-05    0.0000e+00   1.242e-05     24.593   1.000e-05  |     3320    7.6787e-03
    3321    3.0031e-05    0.0000e+00   1.242e-05      8.720   1.000e-05  |     3320    7.6787e-03
    3322    3.0031e-05    0.0000e+00   1.242e-05      8.988   1.000e-05  |     3320    7.6787e-03
    3323    3.0031e-05    0.0000e+00   1.242e-05      8.741   1.000e-05  |     3320    7.6787e-03
    3324    3.0031e-05    0.0000e+00   1.242e-05      9.069   1.000e-05  |     3320    7.6787e-03
    3325    3.0031e-05    0.0000e+00   1.242e-05     24.105   1.000e-05  |     3325    7.6787e-03
    3326    3.0031e-05    0.0000e+00   1.242e-05      9.061   1.000e-05  |     3325    7.6787e-03
    3327    3.0031e-05    0.0000e+00   1.242e-05      8.729   1.000e-05  |     3325    7.6787e-03
    3328    3.0031e-05    0.0000e+00   1.242e-05      8.949   1.000e-05  |     3325    7.6787e-03
    3329    3.0031e-05    0.0000e+00   1.242e-05      8.734   1.000e-05  |     3325    7.6787e-03
    3330    3.0031e-05    0.0000e+00   1.242e-05     24.426   1.000e-05  |     3330    7.6787e-03
    3331    3.0031e-05    0.0000e+00   1.242e-05      8.753   1.000e-05  |     3330    7.6787e-03
    3332    3.0031e-05    0.0000e+00   1.242e-05      8.772   1.000e-05  |     3330    7.6787e-03
    3333    3.0031e-05    0.0000e+00   1.242e-05      9.008   1.000e-05  |     3330    7.6787e-03
    3334    3.0031e-05    0.0000e+00   1.242e-05      9.066   1.000e-05  |     3330    7.6787e-03
    3335    3.0031e-05    0.0000e+00   1.242e-05     24.058   1.000e-05  |     3335    7.6787e-03
    3336    3.0031e-05    0.0000e+00   1.242e-05      8.782   1.000e-05  |     3335    7.6787e-03
    3337    3.0031e-05    0.0000e+00   1.242e-05      9.064   1.000e-05  |     3335    7.6787e-03
    3338    3.0031e-05    0.0000e+00   1.242e-05      8.735   1.000e-05  |     3335    7.6787e-03
    3339    3.0031e-05    0.0000e+00   1.242e-05      9.049   1.000e-05  |     3335    7.6787e-03
    3340    3.0031e-05    0.0000e+00   1.242e-05     24.235   1.000e-05  |     3340    7.6787e-03
    3341    3.0031e-05    0.0000e+00   1.242e-05      9.082   1.000e-05  |     3340    7.6787e-03
    3342    3.0031e-05    0.0000e+00   1.242e-05      8.800   1.000e-05  |     3340    7.6787e-03
    3343    3.0031e-05    0.0000e+00   1.242e-05      9.032   1.000e-05  |     3340    7.6787e-03
    3344    3.0031e-05    0.0000e+00   1.242e-05      8.733   1.000e-05  |     3340    7.6787e-03
    3345    3.0031e-05    0.0000e+00   1.242e-05     24.064   1.000e-05  |     3345    7.6787e-03
    3346    3.0031e-05    0.0000e+00   1.242e-05      9.058   1.000e-05  |     3345    7.6787e-03
    3347    3.0031e-05    0.0000e+00   1.242e-05      9.134   1.000e-05  |     3345    7.6787e-03
    3348    3.0031e-05    0.0000e+00   1.242e-05      8.758   1.000e-05  |     3345    7.6787e-03
    3349    3.0031e-05    0.0000e+00   1.242e-05      8.795   1.000e-05  |     3345    7.6787e-03
    3350    3.0031e-05    0.0000e+00   1.242e-05     24.470   1.000e-05  |     3350    7.6787e-03
    3351    3.0031e-05    0.0000e+00   1.242e-05      8.696   1.000e-05  |     3350    7.6787e-03
    3352    3.0031e-05    0.0000e+00   1.242e-05      9.057   1.000e-05  |     3350    7.6787e-03
    3353    3.0031e-05    0.0000e+00   1.242e-05      8.728   1.000e-05  |     3350    7.6787e-03
    3354    3.0031e-05    0.0000e+00   1.242e-05      9.099   1.000e-05  |     3350    7.6787e-03
    3355    3.0031e-05    0.0000e+00   1.242e-05     24.086   1.000e-05  |     3355    7.6786e-03
    3356    3.0031e-05    0.0000e+00   1.242e-05      8.730   1.000e-05  |     3355    7.6786e-03
    3357    3.0031e-05    0.0000e+00   1.242e-05      9.026   1.000e-05  |     3355    7.6786e-03
    3358    3.0031e-05    0.0000e+00   1.242e-05      8.762   1.000e-05  |     3355    7.6786e-03
    3359    3.0031e-05    0.0000e+00   1.242e-05      9.031   1.000e-05  |     3355    7.6786e-03
    3360    3.0031e-05    0.0000e+00   1.242e-05     24.261   1.000e-05  |     3360    7.6786e-03
    3361    3.0031e-05    0.0000e+00   1.242e-05      8.967   1.000e-05  |     3360    7.6786e-03
    3362    3.0031e-05    0.0000e+00   1.242e-05      8.754   1.000e-05  |     3360    7.6786e-03
    3363    3.0031e-05    0.0000e+00   1.242e-05      9.022   1.000e-05  |     3360    7.6786e-03
    3364    3.0031e-05    0.0000e+00   1.242e-05      8.774   1.000e-05  |     3360    7.6786e-03
    3365    3.0031e-05    0.0000e+00   1.242e-05     24.389   1.000e-05  |     3365    7.6786e-03
    3366    3.0031e-05    0.0000e+00   1.242e-05      9.076   1.000e-05  |     3365    7.6786e-03
    3367    3.0031e-05    0.0000e+00   1.242e-05      8.771   1.000e-05  |     3365    7.6786e-03
    3368    3.0031e-05    0.0000e+00   1.242e-05      8.821   1.000e-05  |     3365    7.6786e-03
    3369    3.0031e-05    0.0000e+00   1.242e-05      9.031   1.000e-05  |     3365    7.6786e-03
    3370    3.0031e-05    0.0000e+00   1.242e-05     24.313   1.000e-05  |     3370    7.6786e-03
    3371    3.0031e-05    0.0000e+00   1.242e-05      9.056   1.000e-05  |     3370    7.6786e-03
    3372    3.0031e-05    0.0000e+00   1.242e-05      8.714   1.000e-05  |     3370    7.6786e-03
    3373    3.0031e-05    0.0000e+00   1.242e-05      8.907   1.000e-05  |     3370    7.6786e-03
    3374    3.0031e-05    0.0000e+00   1.242e-05      8.780   1.000e-05  |     3370    7.6786e-03
    3375    3.0031e-05    0.0000e+00   1.242e-05     24.455   1.000e-05  |     3375    7.6786e-03
    3376    3.0031e-05    0.0000e+00   1.242e-05      8.758   1.000e-05  |     3375    7.6786e-03
    3377    3.0031e-05    0.0000e+00   1.242e-05      8.757   1.000e-05  |     3375    7.6786e-03
    3378    3.0031e-05    0.0000e+00   1.242e-05      9.024   1.000e-05  |     3375    7.6786e-03
    3379    3.0031e-05    0.0000e+00   1.242e-05      9.139   1.000e-05  |     3375    7.6786e-03
    3380    3.0031e-05    0.0000e+00   1.242e-05     24.345   1.000e-05  |     3380    7.6786e-03
    3381    3.0031e-05    0.0000e+00   1.242e-05      8.680   1.000e-05  |     3380    7.6786e-03
    3382    3.0031e-05    0.0000e+00   1.242e-05      9.006   1.000e-05  |     3380    7.6786e-03
    3383    3.0031e-05    0.0000e+00   1.242e-05      8.732   1.000e-05  |     3380    7.6786e-03
    3384    3.0031e-05    0.0000e+00   1.242e-05      9.038   1.000e-05  |     3380    7.6786e-03
    3385    3.0031e-05    0.0000e+00   1.242e-05     23.991   1.000e-05  |     3385    7.6786e-03
    3386    3.0031e-05    0.0000e+00   1.242e-05      9.072   1.000e-05  |     3385    7.6786e-03
    3387    3.0031e-05    0.0000e+00   1.242e-05      8.792   1.000e-05  |     3385    7.6786e-03
    3388    3.0031e-05    0.0000e+00   1.242e-05      8.763   1.000e-05  |     3385    7.6786e-03
    3389    3.0031e-05    0.0000e+00   1.242e-05      8.977   1.000e-05  |     3385    7.6786e-03
    3390    3.0031e-05    0.0000e+00   1.242e-05     24.121   1.000e-05  |     3390    7.6786e-03
    3391    3.0031e-05    0.0000e+00   1.242e-05      9.041   1.000e-05  |     3390    7.6786e-03
    3392    3.0031e-05    0.0000e+00   1.242e-05      9.071   1.000e-05  |     3390    7.6786e-03
    3393    3.0031e-05    0.0000e+00   1.242e-05      8.730   1.000e-05  |     3390    7.6786e-03
    3394    3.0031e-05    0.0000e+00   1.242e-05      8.794   1.000e-05  |     3390    7.6786e-03
    3395    3.0031e-05    0.0000e+00   1.242e-05     24.402   1.000e-05  |     3395    7.6786e-03
    3396    3.0031e-05    0.0000e+00   1.242e-05      8.732   1.000e-05  |     3395    7.6786e-03
    3397    3.0031e-05    0.0000e+00   1.242e-05      8.949   1.000e-05  |     3395    7.6786e-03
    3398    3.0031e-05    0.0000e+00   1.242e-05      8.742   1.000e-05  |     3395    7.6786e-03
    3399    3.0031e-05    0.0000e+00   1.242e-05      9.098   1.000e-05  |     3395    7.6786e-03
    3400    3.0031e-05    0.0000e+00   1.242e-05     24.257   1.000e-05  |     3400    7.6786e-03
    3401    3.0031e-05    0.0000e+00   1.242e-05      8.750   1.000e-05  |     3400    7.6786e-03
    3402    3.0031e-05    0.0000e+00   1.242e-05      8.992   1.000e-05  |     3400    7.6786e-03
    3403    3.0031e-05    0.0000e+00   1.242e-05      9.055   1.000e-05  |     3400    7.6786e-03
    3404    3.0031e-05    0.0000e+00   1.242e-05      8.725   1.000e-05  |     3400    7.6786e-03
    3405    3.0031e-05    0.0000e+00   1.242e-05     24.058   1.000e-05  |     3405    7.6786e-03
    3406    3.0031e-05    0.0000e+00   1.242e-05      9.065   1.000e-05  |     3405    7.6786e-03
    3407    3.0031e-05    0.0000e+00   1.242e-05      8.721   1.000e-05  |     3405    7.6786e-03
    3408    3.0031e-05    0.0000e+00   1.242e-05      9.021   1.000e-05  |     3405    7.6786e-03
    3409    3.0031e-05    0.0000e+00   1.242e-05      8.746   1.000e-05  |     3405    7.6786e-03
    3410    3.0031e-05    0.0000e+00   1.242e-05     24.630   1.000e-05  |     3410    7.6786e-03
    3411    3.0031e-05    0.0000e+00   1.242e-05      8.740   1.000e-05  |     3410    7.6786e-03
    3412    3.0031e-05    0.0000e+00   1.242e-05      9.035   1.000e-05  |     3410    7.6786e-03
    3413    3.0031e-05    0.0000e+00   1.242e-05      8.683   1.000e-05  |     3410    7.6786e-03
    3414    3.0031e-05    0.0000e+00   1.242e-05      9.050   1.000e-05  |     3410    7.6786e-03
    3415    3.0031e-05    0.0000e+00   1.242e-05     24.072   1.000e-05  |     3415    7.6786e-03
    3416    3.0032e-05    0.0000e+00   1.242e-05      9.068   1.000e-05  |     3415    7.6786e-03
    3417    3.0032e-05    0.0000e+00   1.242e-05      8.791   1.000e-05  |     3415    7.6786e-03
    3418    3.0032e-05    0.0000e+00   1.242e-05      9.064   1.000e-05  |     3415    7.6786e-03
    3419    3.0032e-05    0.0000e+00   1.242e-05      8.762   1.000e-05  |     3415    7.6786e-03
    3420    3.0032e-05    0.0000e+00   1.242e-05     24.304   1.000e-05  |     3420    7.6786e-03
    3421    3.0032e-05    0.0000e+00   1.242e-05      9.020   1.000e-05  |     3420    7.6786e-03
    3422    3.0032e-05    0.0000e+00   1.242e-05      9.093   1.000e-05  |     3420    7.6786e-03
    3423    3.0032e-05    0.0000e+00   1.242e-05      8.688   1.000e-05  |     3420    7.6786e-03
    3424    3.0032e-05    0.0000e+00   1.242e-05      8.744   1.000e-05  |     3420    7.6786e-03
    3425    3.0032e-05    0.0000e+00   1.242e-05     24.337   1.000e-05  |     3425    7.6785e-03
    3426    3.0032e-05    0.0000e+00   1.242e-05      8.762   1.000e-05  |     3425    7.6785e-03
    3427    3.0032e-05    0.0000e+00   1.242e-05      9.006   1.000e-05  |     3425    7.6785e-03
    3428    3.0032e-05    0.0000e+00   1.242e-05      8.665   1.000e-05  |     3425    7.6785e-03
    3429    3.0032e-05    0.0000e+00   1.242e-05      8.858   1.000e-05  |     3425    7.6785e-03
    3430    3.0032e-05    0.0000e+00   1.242e-05     24.149   1.000e-05  |     3430    7.6785e-03
    3431    3.0032e-05    0.0000e+00   1.242e-05      9.148   1.000e-05  |     3430    7.6785e-03
    3432    3.0032e-05    0.0000e+00   1.242e-05      8.835   1.000e-05  |     3430    7.6785e-03
    3433    3.0032e-05    0.0000e+00   1.242e-05      9.198   1.000e-05  |     3430    7.6785e-03
    3434    3.0032e-05    0.0000e+00   1.242e-05      8.850   1.000e-05  |     3430    7.6785e-03
    3435    3.0032e-05    0.0000e+00   1.242e-05     24.224   1.000e-05  |     3435    7.6785e-03
    3436    3.0032e-05    0.0000e+00   1.242e-05      9.136   1.000e-05  |     3435    7.6785e-03
    3437    3.0032e-05    0.0000e+00   1.242e-05      8.679   1.000e-05  |     3435    7.6785e-03
    3438    3.0032e-05    0.0000e+00   1.242e-05      9.063   1.000e-05  |     3435    7.6785e-03
    3439    3.0032e-05    0.0000e+00   1.242e-05      8.819   1.000e-05  |     3435    7.6785e-03
    3440    3.0032e-05    0.0000e+00   1.242e-05     24.563   1.000e-05  |     3440    7.6785e-03
    3441    3.0032e-05    0.0000e+00   1.242e-05      8.841   1.000e-05  |     3440    7.6785e-03
    3442    3.0032e-05    0.0000e+00   1.242e-05      9.061   1.000e-05  |     3440    7.6785e-03
    3443    3.0032e-05    0.0000e+00   1.242e-05      8.809   1.000e-05  |     3440    7.6785e-03
    3444    3.0032e-05    0.0000e+00   1.242e-05      8.835   1.000e-05  |     3440    7.6785e-03
    3445    3.0032e-05    0.0000e+00   1.242e-05     24.431   1.000e-05  |     3445    7.6785e-03
    3446    3.0032e-05    0.0000e+00   1.242e-05      8.869   1.000e-05  |     3445    7.6785e-03
    3447    3.0032e-05    0.0000e+00   1.242e-05      9.098   1.000e-05  |     3445    7.6785e-03
    3448    3.0032e-05    0.0000e+00   1.242e-05      8.821   1.000e-05  |     3445    7.6785e-03
    3449    3.0032e-05    0.0000e+00   1.242e-05      9.125   1.000e-05  |     3445    7.6785e-03
    3450    3.0032e-05    0.0000e+00   1.242e-05     24.388   1.000e-05  |     3450    7.6785e-03
    3451    3.0032e-05    0.0000e+00   1.242e-05      9.096   1.000e-05  |     3450    7.6785e-03
    3452    3.0032e-05    0.0000e+00   1.242e-05      8.795   1.000e-05  |     3450    7.6785e-03
    3453    3.0032e-05    0.0000e+00   1.242e-05      8.878   1.000e-05  |     3450    7.6785e-03
    3454    3.0032e-05    0.0000e+00   1.242e-05      8.872   1.000e-05  |     3450    7.6785e-03
    3455    3.0032e-05    0.0000e+00   1.242e-05     24.507   1.000e-05  |     3455    7.6785e-03
    3456    3.0032e-05    0.0000e+00   1.242e-05      8.842   1.000e-05  |     3455    7.6785e-03
    3457    3.0032e-05    0.0000e+00   1.242e-05      9.139   1.000e-05  |     3455    7.6785e-03
    3458    3.0032e-05    0.0000e+00   1.242e-05      8.829   1.000e-05  |     3455    7.6785e-03
    3459    3.0032e-05    0.0000e+00   1.242e-05      8.792   1.000e-05  |     3455    7.6785e-03
    3460    3.0032e-05    0.0000e+00   1.242e-05     24.468   1.000e-05  |     3460    7.6785e-03
    3461    3.0032e-05    0.0000e+00   1.242e-05      8.855   1.000e-05  |     3460    7.6785e-03
    3462    3.0032e-05    0.0000e+00   1.242e-05      9.076   1.000e-05  |     3460    7.6785e-03
    3463    3.0032e-05    0.0000e+00   1.242e-05      8.843   1.000e-05  |     3460    7.6785e-03
    3464    3.0032e-05    0.0000e+00   1.242e-05      9.132   1.000e-05  |     3460    7.6785e-03
    3465    3.0032e-05    0.0000e+00   1.242e-05     24.230   1.000e-05  |     3465    7.6785e-03
    3466    3.0032e-05    0.0000e+00   1.242e-05      9.146   1.000e-05  |     3465    7.6785e-03
    3467    3.0032e-05    0.0000e+00   1.242e-05      8.812   1.000e-05  |     3465    7.6785e-03
    3468    3.0032e-05    0.0000e+00   1.242e-05      8.997   1.000e-05  |     3465    7.6785e-03
    3469    3.0032e-05    0.0000e+00   1.242e-05      9.119   1.000e-05  |     3465    7.6785e-03
    3470    3.0032e-05    0.0000e+00   1.242e-05     24.270   1.000e-05  |     3470    7.6785e-03
    3471    3.0032e-05    0.0000e+00   1.242e-05      8.890   1.000e-05  |     3470    7.6785e-03
    3472    3.0032e-05    0.0000e+00   1.242e-05      9.123   1.000e-05  |     3470    7.6785e-03
    3473    3.0032e-05    0.0000e+00   1.242e-05      8.828   1.000e-05  |     3470    7.6785e-03
    3474    3.0032e-05    0.0000e+00   1.242e-05      9.121   1.000e-05  |     3470    7.6785e-03
    3475    3.0032e-05    0.0000e+00   1.242e-05     24.089   1.000e-05  |     3475    7.6785e-03
    3476    3.0032e-05    0.0000e+00   1.242e-05      9.145   1.000e-05  |     3475    7.6785e-03
    3477    3.0032e-05    0.0000e+00   1.242e-05      8.772   1.000e-05  |     3475    7.6785e-03
    3478    3.0032e-05    0.0000e+00   1.242e-05      8.892   1.000e-05  |     3475    7.6785e-03
    3479    3.0032e-05    0.0000e+00   1.242e-05      9.181   1.000e-05  |     3475    7.6785e-03
    3480    3.0032e-05    0.0000e+00   1.242e-05     24.488   1.000e-05  |     3480    7.6785e-03
    3481    3.0032e-05    0.0000e+00   1.242e-05      9.139   1.000e-05  |     3480    7.6785e-03
    3482    3.0032e-05    0.0000e+00   1.242e-05      8.855   1.000e-05  |     3480    7.6785e-03
    3483    3.0032e-05    0.0000e+00   1.242e-05      9.181   1.000e-05  |     3480    7.6785e-03
    3484    3.0032e-05    0.0000e+00   1.242e-05      8.686   1.000e-05  |     3480    7.6785e-03
    3485    3.0032e-05    0.0000e+00   1.242e-05     24.141   1.000e-05  |     3485    7.6785e-03
    3486    3.0032e-05    0.0000e+00   1.242e-05      9.097   1.000e-05  |     3485    7.6785e-03
    3487    3.0032e-05    0.0000e+00   1.242e-05      8.858   1.000e-05  |     3485    7.6785e-03
    3488    3.0032e-05    0.0000e+00   1.242e-05      9.107   1.000e-05  |     3485    7.6785e-03
    3489    3.0032e-05    0.0000e+00   1.242e-05      9.232   1.000e-05  |     3485    7.6785e-03
    3490    3.0032e-05    0.0000e+00   1.242e-05     24.307   1.000e-05  |     3490    7.6784e-03
    3491    3.0032e-05    0.0000e+00   1.242e-05      8.809   1.000e-05  |     3490    7.6784e-03
    3492    3.0032e-05    0.0000e+00   1.242e-05      8.938   1.000e-05  |     3490    7.6784e-03
    3493    3.0032e-05    0.0000e+00   1.242e-05      8.715   1.000e-05  |     3490    7.6784e-03
    3494    3.0032e-05    0.0000e+00   1.242e-05      9.165   1.000e-05  |     3490    7.6784e-03
    3495    3.0032e-05    0.0000e+00   1.242e-05     24.193   1.000e-05  |     3495    7.6784e-03
    3496    3.0032e-05    0.0000e+00   1.242e-05      9.170   1.000e-05  |     3495    7.6784e-03
    3497    3.0032e-05    0.0000e+00   1.242e-05      8.789   1.000e-05  |     3495    7.6784e-03
    3498    3.0032e-05    0.0000e+00   1.242e-05      9.175   1.000e-05  |     3495    7.6784e-03
    3499    3.0032e-05    0.0000e+00   1.242e-05      8.835   1.000e-05  |     3495    7.6784e-03
    3500    3.0032e-05    0.0000e+00   1.242e-05     24.331   1.000e-05  |     3500    7.6784e-03
    3501    3.0032e-05    0.0000e+00   1.242e-05      9.114   1.000e-05  |     3500    7.6784e-03
    3502    3.0032e-05    0.0000e+00   1.242e-05      8.801   1.000e-05  |     3500    7.6784e-03
    3503    3.0032e-05    0.0000e+00   1.242e-05      9.051   1.000e-05  |     3500    7.6784e-03
    3504    3.0032e-05    0.0000e+00   1.242e-05      8.819   1.000e-05  |     3500    7.6784e-03
    3505    3.0032e-05    0.0000e+00   1.242e-05     24.532   1.000e-05  |     3505    7.6784e-03
    3506    3.0032e-05    0.0000e+00   1.242e-05      8.828   1.000e-05  |     3505    7.6784e-03
    3507    3.0032e-05    0.0000e+00   1.242e-05      9.200   1.000e-05  |     3505    7.6784e-03
    3508    3.0032e-05    0.0000e+00   1.242e-05      8.768   1.000e-05  |     3505    7.6784e-03
    3509    3.0032e-05    0.0000e+00   1.242e-05      8.969   1.000e-05  |     3505    7.6784e-03
    3510    3.0032e-05    0.0000e+00   1.242e-05     24.371   1.000e-05  |     3510    7.6784e-03
    3511    3.0032e-05    0.0000e+00   1.242e-05      9.144   1.000e-05  |     3510    7.6784e-03
    3512    3.0032e-05    0.0000e+00   1.242e-05      8.794   1.000e-05  |     3510    7.6784e-03
    3513    3.0032e-05    0.0000e+00   1.242e-05      9.168   1.000e-05  |     3510    7.6784e-03
    3514    3.0032e-05    0.0000e+00   1.242e-05      8.824   1.000e-05  |     3510    7.6784e-03
    3515    3.0032e-05    0.0000e+00   1.242e-05     24.549   1.000e-05  |     3515    7.6784e-03
    3516    3.0032e-05    0.0000e+00   1.242e-05      8.720   1.000e-05  |     3515    7.6784e-03
    3517    3.0032e-05    0.0000e+00   1.242e-05      9.183   1.000e-05  |     3515    7.6784e-03
    3518    3.0032e-05    0.0000e+00   1.242e-05      8.902   1.000e-05  |     3515    7.6784e-03
    3519    3.0032e-05    0.0000e+00   1.242e-05      9.195   1.000e-05  |     3515    7.6784e-03
    3520    3.0032e-05    0.0000e+00   1.242e-05     24.450   1.000e-05  |     3520    7.6784e-03
    3521    3.0032e-05    0.0000e+00   1.242e-05      8.870   1.000e-05  |     3520    7.6784e-03
    3522    3.0032e-05    0.0000e+00   1.242e-05      9.097   1.000e-05  |     3520    7.6784e-03
    3523    3.0032e-05    0.0000e+00   1.242e-05      8.862   1.000e-05  |     3520    7.6784e-03
    3524    3.0032e-05    0.0000e+00   1.242e-05      9.140   1.000e-05  |     3520    7.6784e-03
    3525    3.0032e-05    0.0000e+00   1.242e-05     23.979   1.000e-05  |     3525    7.6784e-03
    3526    3.0032e-05    0.0000e+00   1.242e-05      9.153   1.000e-05  |     3525    7.6784e-03
    3527    3.0032e-05    0.0000e+00   1.242e-05      8.778   1.000e-05  |     3525    7.6784e-03
    3528    3.0032e-05    0.0000e+00   1.242e-05      9.142   1.000e-05  |     3525    7.6784e-03
    3529    3.0032e-05    0.0000e+00   1.242e-05      8.802   1.000e-05  |     3525    7.6784e-03
    3530    3.0032e-05    0.0000e+00   1.242e-05     24.337   1.000e-05  |     3530    7.6784e-03
    3531    3.0032e-05    0.0000e+00   1.242e-05      9.128   1.000e-05  |     3530    7.6784e-03
    3532    3.0032e-05    0.0000e+00   1.242e-05      8.811   1.000e-05  |     3530    7.6784e-03
    3533    3.0032e-05    0.0000e+00   1.242e-05      8.984   1.000e-05  |     3530    7.6784e-03
    3534    3.0032e-05    0.0000e+00   1.242e-05      8.828   1.000e-05  |     3530    7.6784e-03
    3535    3.0032e-05    0.0000e+00   1.242e-05     24.554   1.000e-05  |     3535    7.6784e-03
    3536    3.0032e-05    0.0000e+00   1.242e-05      8.825   1.000e-05  |     3535    7.6784e-03
    3537    3.0032e-05    0.0000e+00   1.242e-05      9.192   1.000e-05  |     3535    7.6784e-03
    3538    3.0032e-05    0.0000e+00   1.242e-05      8.874   1.000e-05  |     3535    7.6784e-03
    3539    3.0032e-05    0.0000e+00   1.242e-05      8.832   1.000e-05  |     3535    7.6784e-03
    3540    3.0032e-05    0.0000e+00   1.242e-05     24.663   1.000e-05  |     3540    7.6784e-03
    3541    3.0032e-05    0.0000e+00   1.242e-05      8.750   1.000e-05  |     3540    7.6784e-03
    3542    3.0032e-05    0.0000e+00   1.242e-05      9.141   1.000e-05  |     3540    7.6784e-03
    3543    3.0032e-05    0.0000e+00   1.242e-05      8.827   1.000e-05  |     3540    7.6784e-03
    3544    3.0032e-05    0.0000e+00   1.242e-05      9.115   1.000e-05  |     3540    7.6784e-03
    3545    3.0032e-05    0.0000e+00   1.242e-05     24.186   1.000e-05  |     3545    7.6784e-03
    3546    3.0032e-05    0.0000e+00   1.242e-05      9.124   1.000e-05  |     3545    7.6784e-03
    3547    3.0032e-05    0.0000e+00   1.242e-05      8.793   1.000e-05  |     3545    7.6784e-03
    3548    3.0032e-05    0.0000e+00   1.242e-05      9.174   1.000e-05  |     3545    7.6784e-03
    3549    3.0032e-05    0.0000e+00   1.242e-05      8.796   1.000e-05  |     3545    7.6784e-03
    3550    3.0032e-05    0.0000e+00   1.242e-05     24.548   1.000e-05  |     3550    7.6784e-03
    3551    3.0032e-05    0.0000e+00   1.242e-05      8.824   1.000e-05  |     3550    7.6784e-03
    3552    3.0032e-05    0.0000e+00   1.242e-05      9.105   1.000e-05  |     3550    7.6784e-03
    3553    3.0032e-05    0.0000e+00   1.242e-05      8.861   1.000e-05  |     3550    7.6784e-03
    3554    3.0032e-05    0.0000e+00   1.242e-05      9.177   1.000e-05  |     3550    7.6784e-03
    3555    3.0032e-05    0.0000e+00   1.242e-05     24.132   1.000e-05  |     3555    7.6783e-03
    3556    3.0032e-05    0.0000e+00   1.242e-05      9.201   1.000e-05  |     3555    7.6783e-03
    3557    3.0032e-05    0.0000e+00   1.242e-05      8.854   1.000e-05  |     3555    7.6783e-03
    3558    3.0032e-05    0.0000e+00   1.242e-05      8.793   1.000e-05  |     3555    7.6783e-03
    3559    3.0032e-05    0.0000e+00   1.242e-05      9.124   1.000e-05  |     3555    7.6783e-03
    3560    3.0032e-05    0.0000e+00   1.242e-05     24.333   1.000e-05  |     3560    7.6783e-03
    3561    3.0032e-05    0.0000e+00   1.242e-05      9.176   1.000e-05  |     3560    7.6783e-03
    3562    3.0032e-05    0.0000e+00   1.242e-05      8.807   1.000e-05  |     3560    7.6783e-03
    3563    3.0032e-05    0.0000e+00   1.242e-05      9.206   1.000e-05  |     3560    7.6783e-03
    3564    3.0032e-05    0.0000e+00   1.242e-05      8.802   1.000e-05  |     3560    7.6783e-03
    3565    3.0032e-05    0.0000e+00   1.242e-05     24.249   1.000e-05  |     3565    7.6783e-03
    3566    3.0032e-05    0.0000e+00   1.242e-05      9.090   1.000e-05  |     3565    7.6783e-03
    3567    3.0032e-05    0.0000e+00   1.242e-05      8.846   1.000e-05  |     3565    7.6783e-03
    3568    3.0032e-05    0.0000e+00   1.242e-05      9.079   1.000e-05  |     3565    7.6783e-03
    3569    3.0032e-05    0.0000e+00   1.242e-05      8.823   1.000e-05  |     3565    7.6783e-03
    3570    3.0032e-05    0.0000e+00   1.242e-05     24.735   1.000e-05  |     3570    7.6783e-03
    3571    3.0032e-05    0.0000e+00   1.242e-05      8.793   1.000e-05  |     3570    7.6783e-03
    3572    3.0032e-05    0.0000e+00   1.242e-05      8.879   1.000e-05  |     3570    7.6783e-03
    3573    3.0032e-05    0.0000e+00   1.242e-05      9.186   1.000e-05  |     3570    7.6783e-03
    3574    3.0032e-05    0.0000e+00   1.242e-05      8.845   1.000e-05  |     3570    7.6783e-03
    3575    3.0032e-05    0.0000e+00   1.242e-05     24.440   1.000e-05  |     3575    7.6783e-03
    3576    3.0032e-05    0.0000e+00   1.242e-05      8.834   1.000e-05  |     3575    7.6783e-03
    3577    3.0032e-05    0.0000e+00   1.242e-05      9.164   1.000e-05  |     3575    7.6783e-03
    3578    3.0032e-05    0.0000e+00   1.242e-05      8.858   1.000e-05  |     3575    7.6783e-03
    3579    3.0033e-05    0.0000e+00   1.242e-05      8.815   1.000e-05  |     3575    7.6783e-03
    3580    3.0033e-05    0.0000e+00   1.242e-05     24.625   1.000e-05  |     3580    7.6783e-03
    3581    3.0033e-05    0.0000e+00   1.242e-05      8.875   1.000e-05  |     3580    7.6783e-03
    3582    3.0033e-05    0.0000e+00   1.242e-05      9.091   1.000e-05  |     3580    7.6783e-03
    3583    3.0033e-05    0.0000e+00   1.242e-05      8.791   1.000e-05  |     3580    7.6783e-03
    3584    3.0033e-05    0.0000e+00   1.242e-05      9.167   1.000e-05  |     3580    7.6783e-03
    3585    3.0033e-05    0.0000e+00   1.242e-05     24.126   1.000e-05  |     3585    7.6783e-03
    3586    3.0033e-05    0.0000e+00   1.242e-05      8.807   1.000e-05  |     3585    7.6783e-03
    3587    3.0033e-05    0.0000e+00   1.242e-05      9.088   1.000e-05  |     3585    7.6783e-03
    3588    3.0033e-05    0.0000e+00   1.242e-05      8.836   1.000e-05  |     3585    7.6783e-03
    3589    3.0033e-05    0.0000e+00   1.242e-05      9.165   1.000e-05  |     3585    7.6783e-03
    3590    3.0033e-05    0.0000e+00   1.242e-05     24.411   1.000e-05  |     3590    7.6783e-03
    3591    3.0033e-05    0.0000e+00   1.242e-05      9.176   1.000e-05  |     3590    7.6783e-03
    3592    3.0033e-05    0.0000e+00   1.242e-05      8.750   1.000e-05  |     3590    7.6783e-03
    3593    3.0033e-05    0.0000e+00   1.242e-05      8.751   1.000e-05  |     3590    7.6783e-03
    3594    3.0033e-05    0.0000e+00   1.242e-05      9.144   1.000e-05  |     3590    7.6783e-03
    3595    3.0033e-05    0.0000e+00   1.242e-05     24.222   1.000e-05  |     3595    7.6783e-03
    3596    3.0033e-05    0.0000e+00   1.242e-05      9.182   1.000e-05  |     3595    7.6783e-03
    3597    3.0033e-05    0.0000e+00   1.242e-05      8.802   1.000e-05  |     3595    7.6783e-03
    3598    3.0033e-05    0.0000e+00   1.242e-05      9.199   1.000e-05  |     3595    7.6783e-03
    3599    3.0033e-05    0.0000e+00   1.242e-05      8.807   1.000e-05  |     3595    7.6783e-03
    3600    3.0033e-05    0.0000e+00   1.242e-05     24.233   1.000e-05  |     3600    7.6783e-03
    3601    3.0033e-05    0.0000e+00   1.242e-05      9.183   1.000e-05  |     3600    7.6783e-03
    3602    3.0033e-05    0.0000e+00   1.242e-05      8.881   1.000e-05  |     3600    7.6783e-03
    3603    3.0033e-05    0.0000e+00   1.242e-05      9.177   1.000e-05  |     3600    7.6783e-03
    3604    3.0033e-05    0.0000e+00   1.242e-05      8.808   1.000e-05  |     3600    7.6783e-03
    3605    3.0033e-05    0.0000e+00   1.242e-05     24.563   1.000e-05  |     3605    7.6783e-03
    3606    3.0033e-05    0.0000e+00   1.242e-05      8.871   1.000e-05  |     3605    7.6783e-03
    3607    3.0033e-05    0.0000e+00   1.242e-05      8.811   1.000e-05  |     3605    7.6783e-03
    3608    3.0033e-05    0.0000e+00   1.242e-05      9.105   1.000e-05  |     3605    7.6783e-03
    3609    3.0033e-05    0.0000e+00   1.242e-05      8.870   1.000e-05  |     3605    7.6783e-03
    3610    3.0033e-05    0.0000e+00   1.242e-05     24.666   1.000e-05  |     3610    7.6783e-03
    3611    3.0033e-05    0.0000e+00   1.242e-05      8.827   1.000e-05  |     3610    7.6783e-03
    3612    3.0033e-05    0.0000e+00   1.242e-05      9.172   1.000e-05  |     3610    7.6783e-03
    3613    3.0033e-05    0.0000e+00   1.242e-05      8.848   1.000e-05  |     3610    7.6783e-03
    3614    3.0033e-05    0.0000e+00   1.242e-05      8.841   1.000e-05  |     3610    7.6783e-03
    3615    3.0033e-05    0.0000e+00   1.242e-05     24.473   1.000e-05  |     3615    7.6782e-03
    3616    3.0033e-05    0.0000e+00   1.242e-05      8.837   1.000e-05  |     3615    7.6782e-03
    3617    3.0033e-05    0.0000e+00   1.242e-05      9.217   1.000e-05  |     3615    7.6782e-03
    3618    3.0033e-05    0.0000e+00   1.242e-05      8.809   1.000e-05  |     3615    7.6782e-03
    3619    3.0033e-05    0.0000e+00   1.242e-05      8.825   1.000e-05  |     3615    7.6782e-03
    3620    3.0033e-05    0.0000e+00   1.242e-05     24.688   1.000e-05  |     3620    7.6782e-03
    3621    3.0033e-05    0.0000e+00   1.242e-05      8.819   1.000e-05  |     3620    7.6782e-03
    3622    3.0033e-05    0.0000e+00   1.242e-05      8.965   1.000e-05  |     3620    7.6782e-03
    3623    3.0033e-05    0.0000e+00   1.242e-05      8.756   1.000e-05  |     3620    7.6782e-03
    3624    3.0033e-05    0.0000e+00   1.242e-05      9.021   1.000e-05  |     3620    7.6782e-03
    3625    3.0033e-05    0.0000e+00   1.242e-05     24.125   1.000e-05  |     3625    7.6782e-03
    3626    3.0033e-05    0.0000e+00   1.242e-05      9.114   1.000e-05  |     3625    7.6782e-03
    3627    3.0033e-05    0.0000e+00   1.242e-05      8.860   1.000e-05  |     3625    7.6782e-03
    3628    3.0033e-05    0.0000e+00   1.242e-05      9.067   1.000e-05  |     3625    7.6782e-03
    3629    3.0033e-05    0.0000e+00   1.242e-05      9.179   1.000e-05  |     3625    7.6782e-03
    3630    3.0033e-05    0.0000e+00   1.242e-05     24.331   1.000e-05  |     3630    7.6782e-03
    3631    3.0033e-05    0.0000e+00   1.242e-05      8.745   1.000e-05  |     3630    7.6782e-03
    3632    3.0033e-05    0.0000e+00   1.242e-05      9.143   1.000e-05  |     3630    7.6782e-03
    3633    3.0033e-05    0.0000e+00   1.242e-05      8.889   1.000e-05  |     3630    7.6782e-03
    3634    3.0033e-05    0.0000e+00   1.242e-05      9.160   1.000e-05  |     3630    7.6782e-03
    3635    3.0033e-05    0.0000e+00   1.242e-05     24.164   1.000e-05  |     3635    7.6782e-03
    3636    3.0033e-05    0.0000e+00   1.242e-05      9.153   1.000e-05  |     3635    7.6782e-03
    3637    3.0033e-05    0.0000e+00   1.242e-05      8.765   1.000e-05  |     3635    7.6782e-03
    3638    3.0033e-05    0.0000e+00   1.242e-05      8.778   1.000e-05  |     3635    7.6782e-03
    3639    3.0033e-05    0.0000e+00   1.242e-05      9.045   1.000e-05  |     3635    7.6782e-03
    3640    3.0033e-05    0.0000e+00   1.242e-05     24.299   1.000e-05  |     3640    7.6782e-03
    3641    3.0033e-05    0.0000e+00   1.242e-05      9.149   1.000e-05  |     3640    7.6782e-03
    3642    3.0033e-05    0.0000e+00   1.242e-05      8.833   1.000e-05  |     3640    7.6782e-03
    3643    3.0033e-05    0.0000e+00   1.242e-05      9.105   1.000e-05  |     3640    7.6782e-03
    3644    3.0033e-05    0.0000e+00   1.242e-05      8.854   1.000e-05  |     3640    7.6782e-03
    3645    3.0033e-05    0.0000e+00   1.242e-05     24.242   1.000e-05  |     3645    7.6782e-03
    3646    3.0033e-05    0.0000e+00   1.242e-05      9.040   1.000e-05  |     3645    7.6782e-03
    3647    3.0033e-05    0.0000e+00   1.242e-05      8.648   1.000e-05  |     3645    7.6782e-03
    3648    3.0033e-05    0.0000e+00   1.242e-05      9.086   1.000e-05  |     3645    7.6782e-03
    3649    3.0033e-05    0.0000e+00   1.242e-05      9.173   1.000e-05  |     3645    7.6782e-03
    3650    3.0033e-05    0.0000e+00   1.242e-05     24.291   1.000e-05  |     3650    7.6782e-03
    3651    3.0033e-05    0.0000e+00   1.242e-05      8.773   1.000e-05  |     3650    7.6782e-03
    3652    3.0033e-05    0.0000e+00   1.242e-05      9.101   1.000e-05  |     3650    7.6782e-03
    3653    3.0033e-05    0.0000e+00   1.242e-05      8.809   1.000e-05  |     3650    7.6782e-03
    3654    3.0033e-05    0.0000e+00   1.242e-05      9.120   1.000e-05  |     3650    7.6782e-03
    3655    3.0033e-05    0.0000e+00   1.242e-05     24.131   1.000e-05  |     3655    7.6782e-03
    3656    3.0033e-05    0.0000e+00   1.242e-05      9.175   1.000e-05  |     3655    7.6782e-03
    3657    3.0033e-05    0.0000e+00   1.242e-05      8.816   1.000e-05  |     3655    7.6782e-03
    3658    3.0033e-05    0.0000e+00   1.242e-05      9.202   1.000e-05  |     3655    7.6782e-03
    3659    3.0033e-05    0.0000e+00   1.242e-05      8.856   1.000e-05  |     3655    7.6782e-03
    3660    3.0033e-05    0.0000e+00   1.242e-05     24.314   1.000e-05  |     3660    7.6782e-03
    3661    3.0033e-05    0.0000e+00   1.242e-05      9.060   1.000e-05  |     3660    7.6782e-03
    3662    3.0033e-05    0.0000e+00   1.242e-05      8.854   1.000e-05  |     3660    7.6782e-03
    3663    3.0033e-05    0.0000e+00   1.242e-05      8.936   1.000e-05  |     3660    7.6782e-03
    3664    3.0033e-05    0.0000e+00   1.242e-05      8.868   1.000e-05  |     3660    7.6782e-03
    3665    3.0033e-05    0.0000e+00   1.242e-05     24.432   1.000e-05  |     3665    7.6782e-03
    3666    3.0033e-05    0.0000e+00   1.242e-05      8.856   1.000e-05  |     3665    7.6782e-03
    3667    3.0033e-05    0.0000e+00   1.242e-05      9.143   1.000e-05  |     3665    7.6782e-03
    3668    3.0033e-05    0.0000e+00   1.242e-05      8.868   1.000e-05  |     3665    7.6782e-03
    3669    3.0033e-05    0.0000e+00   1.242e-05      9.181   1.000e-05  |     3665    7.6782e-03
    3670    3.0033e-05    0.0000e+00   1.242e-05     24.296   1.000e-05  |     3670    7.6781e-03
    3671    3.0033e-05    0.0000e+00   1.242e-05      9.134   1.000e-05  |     3670    7.6781e-03
    3672    3.0033e-05    0.0000e+00   1.242e-05      8.776   1.000e-05  |     3670    7.6781e-03
    3673    3.0033e-05    0.0000e+00   1.242e-05      9.204   1.000e-05  |     3670    7.6781e-03
    3674    3.0033e-05    0.0000e+00   1.242e-05      8.790   1.000e-05  |     3670    7.6781e-03
    3675    3.0033e-05    0.0000e+00   1.242e-05     24.453   1.000e-05  |     3675    7.6781e-03
    3676    3.0033e-05    0.0000e+00   1.242e-05      8.778   1.000e-05  |     3675    7.6781e-03
    3677    3.0033e-05    0.0000e+00   1.242e-05      9.153   1.000e-05  |     3675    7.6781e-03
    3678    3.0033e-05    0.0000e+00   1.242e-05      8.865   1.000e-05  |     3675    7.6781e-03
    3679    3.0033e-05    0.0000e+00   1.242e-05      9.062   1.000e-05  |     3675    7.6781e-03
    3680    3.0033e-05    0.0000e+00   1.242e-05     24.324   1.000e-05  |     3680    7.6781e-03
    3681    3.0033e-05    0.0000e+00   1.242e-05      8.855   1.000e-05  |     3680    7.6781e-03
    3682    3.0033e-05    0.0000e+00   1.242e-05      9.062   1.000e-05  |     3680    7.6781e-03
    3683    3.0033e-05    0.0000e+00   1.242e-05      8.852   1.000e-05  |     3680    7.6781e-03
    3684    3.0033e-05    0.0000e+00   1.242e-05      9.210   1.000e-05  |     3680    7.6781e-03
    3685    3.0033e-05    0.0000e+00   1.242e-05     24.156   1.000e-05  |     3685    7.6781e-03
    3686    3.0033e-05    0.0000e+00   1.242e-05      9.041   1.000e-05  |     3685    7.6781e-03
    3687    3.0033e-05    0.0000e+00   1.242e-05      8.736   1.000e-05  |     3685    7.6781e-03
    3688    3.0033e-05    0.0000e+00   1.242e-05      9.205   1.000e-05  |     3685    7.6781e-03
    3689    3.0033e-05    0.0000e+00   1.242e-05      8.805   1.000e-05  |     3685    7.6781e-03
    3690    3.0033e-05    0.0000e+00   1.242e-05     24.354   1.000e-05  |     3690    7.6781e-03
    3691    3.0033e-05    0.0000e+00   1.242e-05      9.159   1.000e-05  |     3690    7.6781e-03
    3692    3.0033e-05    0.0000e+00   1.242e-05      8.891   1.000e-05  |     3690    7.6781e-03
    3693    3.0033e-05    0.0000e+00   1.242e-05      9.160   1.000e-05  |     3690    7.6781e-03
    3694    3.0033e-05    0.0000e+00   1.242e-05      8.866   1.000e-05  |     3690    7.6781e-03
    3695    3.0033e-05    0.0000e+00   1.242e-05     24.528   1.000e-05  |     3695    7.6781e-03
    3696    3.0033e-05    0.0000e+00   1.242e-05      8.820   1.000e-05  |     3695    7.6781e-03
    3697    3.0033e-05    0.0000e+00   1.242e-05      9.225   1.000e-05  |     3695    7.6781e-03
    3698    3.0033e-05    0.0000e+00   1.242e-05      8.798   1.000e-05  |     3695    7.6781e-03
    3699    3.0033e-05    0.0000e+00   1.242e-05      8.846   1.000e-05  |     3695    7.6781e-03
    3700    3.0033e-05    0.0000e+00   1.242e-05     24.666   1.000e-05  |     3700    7.6781e-03
    3701    3.0033e-05    0.0000e+00   1.242e-05      8.859   1.000e-05  |     3700    7.6781e-03
    3702    3.0033e-05    0.0000e+00   1.242e-05      9.154   1.000e-05  |     3700    7.6781e-03
    3703    3.0033e-05    0.0000e+00   1.242e-05      8.712   1.000e-05  |     3700    7.6781e-03
    3704    3.0033e-05    0.0000e+00   1.242e-05      9.003   1.000e-05  |     3700    7.6781e-03
    3705    3.0033e-05    0.0000e+00   1.242e-05     24.110   1.000e-05  |     3705    7.6781e-03
    3706    3.0033e-05    0.0000e+00   1.242e-05      9.128   1.000e-05  |     3705    7.6781e-03
    3707    3.0033e-05    0.0000e+00   1.242e-05      8.780   1.000e-05  |     3705    7.6781e-03
    3708    3.0033e-05    0.0000e+00   1.242e-05      9.095   1.000e-05  |     3705    7.6781e-03
    3709    3.0033e-05    0.0000e+00   1.242e-05      8.789   1.000e-05  |     3705    7.6781e-03
    3710    3.0033e-05    0.0000e+00   1.242e-05     24.660   1.000e-05  |     3710    7.6781e-03
    3711    3.0033e-05    0.0000e+00   1.242e-05      8.681   1.000e-05  |     3710    7.6781e-03
    3712    3.0033e-05    0.0000e+00   1.242e-05      9.136   1.000e-05  |     3710    7.6781e-03
    3713    3.0033e-05    0.0000e+00   1.242e-05      8.865   1.000e-05  |     3710    7.6781e-03
    3714    3.0033e-05    0.0000e+00   1.242e-05      9.190   1.000e-05  |     3710    7.6781e-03
    3715    3.0033e-05    0.0000e+00   1.242e-05     24.095   1.000e-05  |     3715    7.6781e-03
    3716    3.0033e-05    0.0000e+00   1.242e-05      9.196   1.000e-05  |     3715    7.6781e-03
    3717    3.0033e-05    0.0000e+00   1.242e-05      8.807   1.000e-05  |     3715    7.6781e-03
    3718    3.0033e-05    0.0000e+00   1.242e-05      8.803   1.000e-05  |     3715    7.6781e-03
    3719    3.0033e-05    0.0000e+00   1.242e-05      9.158   1.000e-05  |     3715    7.6781e-03
    3720    3.0033e-05    0.0000e+00   1.242e-05     24.313   1.000e-05  |     3720    7.6781e-03
    3721    3.0033e-05    0.0000e+00   1.242e-05      9.102   1.000e-05  |     3720    7.6781e-03
    3722    3.0033e-05    0.0000e+00   1.242e-05      8.854   1.000e-05  |     3720    7.6781e-03
    3723    3.0033e-05    0.0000e+00   1.242e-05      9.197   1.000e-05  |     3720    7.6781e-03
    3724    3.0033e-05    0.0000e+00   1.242e-05      8.818   1.000e-05  |     3720    7.6781e-03
    3725    3.0033e-05    0.0000e+00   1.242e-05     24.155   1.000e-05  |     3725    7.6781e-03
    3726    3.0033e-05    0.0000e+00   1.242e-05      9.110   1.000e-05  |     3725    7.6781e-03
    3727    3.0033e-05    0.0000e+00   1.242e-05      8.835   1.000e-05  |     3725    7.6781e-03
    3728    3.0034e-05    0.0000e+00   1.242e-05      9.111   1.000e-05  |     3725    7.6781e-03
    3729    3.0034e-05    0.0000e+00   1.242e-05      8.830   1.000e-05  |     3725    7.6781e-03
    3730    3.0034e-05    0.0000e+00   1.242e-05     24.687   1.000e-05  |     3730    7.6780e-03
    3731    3.0034e-05    0.0000e+00   1.242e-05      8.799   1.000e-05  |     3730    7.6780e-03
    3732    3.0034e-05    0.0000e+00   1.242e-05      8.880   1.000e-05  |     3730    7.6780e-03
    3733    3.0034e-05    0.0000e+00   1.242e-05      9.023   1.000e-05  |     3730    7.6780e-03
    3734    3.0034e-05    0.0000e+00   1.242e-05      8.840   1.000e-05  |     3730    7.6780e-03
    3735    3.0034e-05    0.0000e+00   1.242e-05     24.581   1.000e-05  |     3735    7.6780e-03
    3736    3.0034e-05    0.0000e+00   1.242e-05      8.781   1.000e-05  |     3735    7.6780e-03
    3737    3.0034e-05    0.0000e+00   1.242e-05      9.197   1.000e-05  |     3735    7.6780e-03
    3738    3.0034e-05    0.0000e+00   1.242e-05      8.867   1.000e-05  |     3735    7.6780e-03
    3739    3.0034e-05    0.0000e+00   1.242e-05      8.807   1.000e-05  |     3735    7.6780e-03
    3740    3.0034e-05    0.0000e+00   1.242e-05     24.623   1.000e-05  |     3740    7.6780e-03
    3741    3.0034e-05    0.0000e+00   1.242e-05      8.862   1.000e-05  |     3740    7.6780e-03
    3742    3.0034e-05    0.0000e+00   1.242e-05      9.179   1.000e-05  |     3740    7.6780e-03
    3743    3.0034e-05    0.0000e+00   1.242e-05      8.804   1.000e-05  |     3740    7.6780e-03
    3744    3.0034e-05    0.0000e+00   1.242e-05      9.152   1.000e-05  |     3740    7.6780e-03
    3745    3.0034e-05    0.0000e+00   1.242e-05     24.086   1.000e-05  |     3745    7.6780e-03
    3746    3.0034e-05    0.0000e+00   1.242e-05      8.792   1.000e-05  |     3745    7.6780e-03
    3747    3.0034e-05    0.0000e+00   1.242e-05      9.060   1.000e-05  |     3745    7.6780e-03
    3748    3.0034e-05    0.0000e+00   1.242e-05      8.885   1.000e-05  |     3745    7.6780e-03
    3749    3.0034e-05    0.0000e+00   1.242e-05      9.138   1.000e-05  |     3745    7.6780e-03
    3750    3.0034e-05    0.0000e+00   1.242e-05     24.421   1.000e-05  |     3750    7.6780e-03
    3751    3.0034e-05    0.0000e+00   1.242e-05      9.167   1.000e-05  |     3750    7.6780e-03
    3752    3.0034e-05    0.0000e+00   1.242e-05      8.847   1.000e-05  |     3750    7.6780e-03
    3753    3.0034e-05    0.0000e+00   1.242e-05      8.760   1.000e-05  |     3750    7.6780e-03
    3754    3.0034e-05    0.0000e+00   1.242e-05      9.108   1.000e-05  |     3750    7.6780e-03
    3755    3.0034e-05    0.0000e+00   1.242e-05     24.158   1.000e-05  |     3755    7.6780e-03
    3756    3.0034e-05    0.0000e+00   1.242e-05      9.138   1.000e-05  |     3755    7.6780e-03
    3757    3.0034e-05    0.0000e+00   1.242e-05      8.822   1.000e-05  |     3755    7.6780e-03
    3758    3.0034e-05    0.0000e+00   1.242e-05      9.148   1.000e-05  |     3755    7.6780e-03
    3759    3.0034e-05    0.0000e+00   1.242e-05      8.869   1.000e-05  |     3755    7.6780e-03
    3760    3.0034e-05    0.0000e+00   1.242e-05     24.453   1.000e-05  |     3760    7.6780e-03
    3761    3.0034e-05    0.0000e+00   1.242e-05      8.986   1.000e-05  |     3760    7.6780e-03
    3762    3.0034e-05    0.0000e+00   1.242e-05      8.832   1.000e-05  |     3760    7.6780e-03
    3763    3.0034e-05    0.0000e+00   1.242e-05      9.190   1.000e-05  |     3760    7.6780e-03
    3764    3.0034e-05    0.0000e+00   1.242e-05      8.842   1.000e-05  |     3760    7.6780e-03
    3765    3.0034e-05    0.0000e+00   1.242e-05     24.460   1.000e-05  |     3765    7.6780e-03
    3766    3.0034e-05    0.0000e+00   1.242e-05      8.853   1.000e-05  |     3765    7.6780e-03
    3767    3.0034e-05    0.0000e+00   1.242e-05      8.864   1.000e-05  |     3765    7.6780e-03
    3768    3.0034e-05    0.0000e+00   1.242e-05      9.172   1.000e-05  |     3765    7.6780e-03
    3769    3.0034e-05    0.0000e+00   1.242e-05      8.855   1.000e-05  |     3765    7.6780e-03
    3770    3.0034e-05    0.0000e+00   1.242e-05     24.522   1.000e-05  |     3770    7.6780e-03
    3771    3.0034e-05    0.0000e+00   1.242e-05      8.810   1.000e-05  |     3770    7.6780e-03
    3772    3.0034e-05    0.0000e+00   1.242e-05      9.136   1.000e-05  |     3770    7.6780e-03
    3773    3.0034e-05    0.0000e+00   1.242e-05      8.806   1.000e-05  |     3770    7.6780e-03
    3774    3.0034e-05    0.0000e+00   1.242e-05      8.875   1.000e-05  |     3770    7.6780e-03
    3775    3.0034e-05    0.0000e+00   1.242e-05     24.570   1.000e-05  |     3775    7.6780e-03
    3776    3.0034e-05    0.0000e+00   1.242e-05      8.798   1.000e-05  |     3775    7.6780e-03
    3777    3.0034e-05    0.0000e+00   1.242e-05      9.062   1.000e-05  |     3775    7.6780e-03
    3778    3.0034e-05    0.0000e+00   1.242e-05      8.806   1.000e-05  |     3775    7.6780e-03
    3779    3.0034e-05    0.0000e+00   1.242e-05      8.878   1.000e-05  |     3775    7.6780e-03
    3780    3.0034e-05    0.0000e+00   1.242e-05     24.737   1.000e-05  |     3780    7.6780e-03
    3781    3.0034e-05    0.0000e+00   1.242e-05      8.848   1.000e-05  |     3780    7.6780e-03
    3782    3.0034e-05    0.0000e+00   1.242e-05      9.094   1.000e-05  |     3780    7.6780e-03
    3783    3.0034e-05    0.0000e+00   1.242e-05      8.876   1.000e-05  |     3780    7.6780e-03
    3784    3.0034e-05    0.0000e+00   1.242e-05      9.140   1.000e-05  |     3780    7.6780e-03
    3785    3.0034e-05    0.0000e+00   1.242e-05     24.054   1.000e-05  |     3785    7.6779e-03
    3786    3.0034e-05    0.0000e+00   1.242e-05      9.137   1.000e-05  |     3785    7.6779e-03
    3787    3.0034e-05    0.0000e+00   1.242e-05      8.855   1.000e-05  |     3785    7.6779e-03
    3788    3.0034e-05    0.0000e+00   1.242e-05      9.155   1.000e-05  |     3785    7.6779e-03
    3789    3.0034e-05    0.0000e+00   1.242e-05      9.228   1.000e-05  |     3785    7.6779e-03
    3790    3.0034e-05    0.0000e+00   1.242e-05     24.279   1.000e-05  |     3790    7.6779e-03
    3791    3.0034e-05    0.0000e+00   1.242e-05      8.854   1.000e-05  |     3790    7.6779e-03
    3792    3.0034e-05    0.0000e+00   1.242e-05      9.053   1.000e-05  |     3790    7.6779e-03
    3793    3.0034e-05    0.0000e+00   1.242e-05      8.728   1.000e-05  |     3790    7.6779e-03
    3794    3.0034e-05    0.0000e+00   1.242e-05      9.030   1.000e-05  |     3790    7.6779e-03
    3795    3.0034e-05    0.0000e+00   1.242e-05     24.159   1.000e-05  |     3795    7.6779e-03
    3796    3.0034e-05    0.0000e+00   1.242e-05      9.168   1.000e-05  |     3795    7.6779e-03
    3797    3.0034e-05    0.0000e+00   1.242e-05      8.809   1.000e-05  |     3795    7.6779e-03
    3798    3.0034e-05    0.0000e+00   1.242e-05      8.824   1.000e-05  |     3795    7.6779e-03
    3799    3.0034e-05    0.0000e+00   1.242e-05      9.106   1.000e-05  |     3795    7.6779e-03
    3800    3.0034e-05    0.0000e+00   1.242e-05     24.464   1.000e-05  |     3800    7.6779e-03
    3801    3.0034e-05    0.0000e+00   1.242e-05      8.989   1.000e-05  |     3800    7.6779e-03
    3802    3.0034e-05    0.0000e+00   1.242e-05      8.851   1.000e-05  |     3800    7.6779e-03
    3803    3.0034e-05    0.0000e+00   1.242e-05      9.136   1.000e-05  |     3800    7.6779e-03
    3804    3.0034e-05    0.0000e+00   1.242e-05      8.801   1.000e-05  |     3800    7.6779e-03
    3805    3.0034e-05    0.0000e+00   1.242e-05     24.173   1.000e-05  |     3805    7.6779e-03
    3806    3.0034e-05    0.0000e+00   1.242e-05      9.117   1.000e-05  |     3805    7.6779e-03
    3807    3.0034e-05    0.0000e+00   1.242e-05      8.866   1.000e-05  |     3805    7.6779e-03
    3808    3.0034e-05    0.0000e+00   1.242e-05      9.116   1.000e-05  |     3805    7.6779e-03
    3809    3.0034e-05    0.0000e+00   1.242e-05      9.145   1.000e-05  |     3805    7.6779e-03
    3810    3.0034e-05    0.0000e+00   1.242e-05     24.124   1.000e-05  |     3810    7.6779e-03
    3811    3.0034e-05    0.0000e+00   1.242e-05      8.655   1.000e-05  |     3810    7.6779e-03
    3812    3.0034e-05    0.0000e+00   1.242e-05      8.907   1.000e-05  |     3810    7.6779e-03
    3813    3.0034e-05    0.0000e+00   1.242e-05      8.707   1.000e-05  |     3810    7.6779e-03
    3814    3.0034e-05    0.0000e+00   1.242e-05      8.930   1.000e-05  |     3810    7.6779e-03
    3815    3.0034e-05    0.0000e+00   1.242e-05     24.002   1.000e-05  |     3815    7.6779e-03
    3816    3.0034e-05    0.0000e+00   1.242e-05      8.847   1.000e-05  |     3815    7.6779e-03
    3817    3.0034e-05    0.0000e+00   1.242e-05      8.677   1.000e-05  |     3815    7.6779e-03
    3818    3.0034e-05    0.0000e+00   1.242e-05      8.941   1.000e-05  |     3815    7.6779e-03
    3819    3.0034e-05    0.0000e+00   1.242e-05      8.634   1.000e-05  |     3815    7.6779e-03
    3820    3.0034e-05    0.0000e+00   1.242e-05     24.153   1.000e-05  |     3820    7.6779e-03
    3821    3.0034e-05    0.0000e+00   1.242e-05      9.084   1.000e-05  |     3820    7.6779e-03
    3822    3.0034e-05    0.0000e+00   1.242e-05      8.795   1.000e-05  |     3820    7.6779e-03
    3823    3.0034e-05    0.0000e+00   1.242e-05      9.121   1.000e-05  |     3820    7.6779e-03
    3824    3.0034e-05    0.0000e+00   1.242e-05      8.774   1.000e-05  |     3820    7.6779e-03
    3825    3.0034e-05    0.0000e+00   1.242e-05     24.364   1.000e-05  |     3825    7.6779e-03
    3826    3.0034e-05    0.0000e+00   1.242e-05      8.871   1.000e-05  |     3825    7.6779e-03
    3827    3.0034e-05    0.0000e+00   1.242e-05      9.145   1.000e-05  |     3825    7.6779e-03
    3828    3.0034e-05    0.0000e+00   1.242e-05      8.720   1.000e-05  |     3825    7.6779e-03
    3829    3.0034e-05    0.0000e+00   1.242e-05      9.162   1.000e-05  |     3825    7.6779e-03
    3830    3.0034e-05    0.0000e+00   1.242e-05     24.282   1.000e-05  |     3830    7.6779e-03
    3831    3.0034e-05    0.0000e+00   1.242e-05      9.155   1.000e-05  |     3830    7.6779e-03
    3832    3.0034e-05    0.0000e+00   1.242e-05      8.664   1.000e-05  |     3830    7.6779e-03
    3833    3.0034e-05    0.0000e+00   1.242e-05      9.019   1.000e-05  |     3830    7.6779e-03
    3834    3.0034e-05    0.0000e+00   1.242e-05      8.787   1.000e-05  |     3830    7.6779e-03
    3835    3.0034e-05    0.0000e+00   1.242e-05     24.458   1.000e-05  |     3835    7.6779e-03
    3836    3.0034e-05    0.0000e+00   1.242e-05      8.760   1.000e-05  |     3835    7.6779e-03
    3837    3.0034e-05    0.0000e+00   1.242e-05      9.099   1.000e-05  |     3835    7.6779e-03
    3838    3.0034e-05    0.0000e+00   1.242e-05      8.861   1.000e-05  |     3835    7.6779e-03
    3839    3.0034e-05    0.0000e+00   1.242e-05      9.180   1.000e-05  |     3835    7.6779e-03
    3840    3.0034e-05    0.0000e+00   1.242e-05     24.377   1.000e-05  |     3840    7.6778e-03
    3841    3.0034e-05    0.0000e+00   1.242e-05      8.840   1.000e-05  |     3840    7.6778e-03
    3842    3.0034e-05    0.0000e+00   1.242e-05      9.058   1.000e-05  |     3840    7.6778e-03
    3843    3.0034e-05    0.0000e+00   1.242e-05      8.843   1.000e-05  |     3840    7.6778e-03
    3844    3.0034e-05    0.0000e+00   1.242e-05      9.206   1.000e-05  |     3840    7.6778e-03
    3845    3.0034e-05    0.0000e+00   1.242e-05     24.174   1.000e-05  |     3845    7.6778e-03
    3846    3.0034e-05    0.0000e+00   1.242e-05      9.141   1.000e-05  |     3845    7.6778e-03
    3847    3.0034e-05    0.0000e+00   1.242e-05      8.909   1.000e-05  |     3845    7.6778e-03
    3848    3.0034e-05    0.0000e+00   1.242e-05      9.155   1.000e-05  |     3845    7.6778e-03
    3849    3.0034e-05    0.0000e+00   1.242e-05      8.826   1.000e-05  |     3845    7.6778e-03
    3850    3.0034e-05    0.0000e+00   1.242e-05     24.286   1.000e-05  |     3850    7.6778e-03
    3851    3.0034e-05    0.0000e+00   1.242e-05      9.126   1.000e-05  |     3850    7.6778e-03
    3852    3.0034e-05    0.0000e+00   1.242e-05      8.842   1.000e-05  |     3850    7.6778e-03
    3853    3.0034e-05    0.0000e+00   1.242e-05      9.030   1.000e-05  |     3850    7.6778e-03
    3854    3.0034e-05    0.0000e+00   1.242e-05      8.824   1.000e-05  |     3850    7.6778e-03
    3855    3.0034e-05    0.0000e+00   1.242e-05     24.452   1.000e-05  |     3855    7.6778e-03
    3856    3.0034e-05    0.0000e+00   1.242e-05      8.799   1.000e-05  |     3855    7.6778e-03
    3857    3.0034e-05    0.0000e+00   1.242e-05      9.049   1.000e-05  |     3855    7.6778e-03
    3858    3.0034e-05    0.0000e+00   1.242e-05      8.842   1.000e-05  |     3855    7.6778e-03
    3859    3.0034e-05    0.0000e+00   1.242e-05      8.857   1.000e-05  |     3855    7.6778e-03
    3860    3.0034e-05    0.0000e+00   1.242e-05     24.764   1.000e-05  |     3860    7.6778e-03
    3861    3.0034e-05    0.0000e+00   1.242e-05      8.770   1.000e-05  |     3860    7.6778e-03
    3862    3.0034e-05    0.0000e+00   1.242e-05      9.150   1.000e-05  |     3860    7.6778e-03
    3863    3.0034e-05    0.0000e+00   1.242e-05      8.781   1.000e-05  |     3860    7.6778e-03
    3864    3.0034e-05    0.0000e+00   1.242e-05      8.987   1.000e-05  |     3860    7.6778e-03
    3865    3.0034e-05    0.0000e+00   1.242e-05     24.190   1.000e-05  |     3865    7.6778e-03
    3866    3.0035e-05    0.0000e+00   1.242e-05      9.155   1.000e-05  |     3865    7.6778e-03
    3867    3.0035e-05    0.0000e+00   1.242e-05      8.802   1.000e-05  |     3865    7.6778e-03
    3868    3.0035e-05    0.0000e+00   1.242e-05      9.216   1.000e-05  |     3865    7.6778e-03
    3869    3.0035e-05    0.0000e+00   1.242e-05      8.856   1.000e-05  |     3865    7.6778e-03
    3870    3.0035e-05    0.0000e+00   1.242e-05     24.708   1.000e-05  |     3870    7.6778e-03
    3871    3.0035e-05    0.0000e+00   1.242e-05      8.762   1.000e-05  |     3870    7.6778e-03
    3872    3.0035e-05    0.0000e+00   1.242e-05      9.154   1.000e-05  |     3870    7.6778e-03
    3873    3.0035e-05    0.0000e+00   1.242e-05      8.897   1.000e-05  |     3870    7.6778e-03
    3874    3.0035e-05    0.0000e+00   1.242e-05      9.153   1.000e-05  |     3870    7.6778e-03
    3875    3.0035e-05    0.0000e+00   1.242e-05     24.132   1.000e-05  |     3875    7.6778e-03
    3876    3.0035e-05    0.0000e+00   1.242e-05      9.186   1.000e-05  |     3875    7.6778e-03
    3877    3.0035e-05    0.0000e+00   1.242e-05      8.822   1.000e-05  |     3875    7.6778e-03
    3878    3.0035e-05    0.0000e+00   1.242e-05      8.830   1.000e-05  |     3875    7.6778e-03
    3879    3.0035e-05    0.0000e+00   1.242e-05      9.018   1.000e-05  |     3875    7.6778e-03
    3880    3.0035e-05    0.0000e+00   1.242e-05     24.311   1.000e-05  |     3880    7.6778e-03
    3881    3.0035e-05    0.0000e+00   1.242e-05      9.075   1.000e-05  |     3880    7.6778e-03
    3882    3.0035e-05    0.0000e+00   1.242e-05      8.789   1.000e-05  |     3880    7.6778e-03
    3883    3.0035e-05    0.0000e+00   1.242e-05      9.191   1.000e-05  |     3880    7.6778e-03
    3884    3.0035e-05    0.0000e+00   1.242e-05      8.823   1.000e-05  |     3880    7.6778e-03
    3885    3.0035e-05    0.0000e+00   1.242e-05     24.178   1.000e-05  |     3885    7.6778e-03
    3886    3.0035e-05    0.0000e+00   1.242e-05      9.072   1.000e-05  |     3885    7.6778e-03
    3887    3.0035e-05    0.0000e+00   1.242e-05      8.884   1.000e-05  |     3885    7.6778e-03
    3888    3.0035e-05    0.0000e+00   1.242e-05      9.192   1.000e-05  |     3885    7.6778e-03
    3889    3.0035e-05    0.0000e+00   1.242e-05      8.809   1.000e-05  |     3885    7.6778e-03
    3890    3.0035e-05    0.0000e+00   1.242e-05     24.638   1.000e-05  |     3890    7.6778e-03
    3891    3.0035e-05    0.0000e+00   1.242e-05      8.798   1.000e-05  |     3890    7.6778e-03
    3892    3.0035e-05    0.0000e+00   1.242e-05      8.890   1.000e-05  |     3890    7.6778e-03
    3893    3.0035e-05    0.0000e+00   1.242e-05      9.062   1.000e-05  |     3890    7.6778e-03
    3894    3.0035e-05    0.0000e+00   1.242e-05      8.693   1.000e-05  |     3890    7.6778e-03
    3895    3.0035e-05    0.0000e+00   1.242e-05     24.557   1.000e-05  |     3895    7.6777e-03
    3896    3.0035e-05    0.0000e+00   1.242e-05      8.802   1.000e-05  |     3895    7.6777e-03
    3897    3.0035e-05    0.0000e+00   1.242e-05      9.196   1.000e-05  |     3895    7.6777e-03
    3898    3.0035e-05    0.0000e+00   1.242e-05      8.702   1.000e-05  |     3895    7.6777e-03
    3899    3.0035e-05    0.0000e+00   1.242e-05      8.876   1.000e-05  |     3895    7.6777e-03
    3900    3.0035e-05    0.0000e+00   1.242e-05     24.735   1.000e-05  |     3900    7.6777e-03
    3901    3.0035e-05    0.0000e+00   1.242e-05      8.837   1.000e-05  |     3900    7.6777e-03
    3902    3.0035e-05    0.0000e+00   1.242e-05      8.980   1.000e-05  |     3900    7.6777e-03
    3903    3.0035e-05    0.0000e+00   1.242e-05      8.819   1.000e-05  |     3900    7.6777e-03
    3904    3.0035e-05    0.0000e+00   1.242e-05      9.131   1.000e-05  |     3900    7.6777e-03
    3905    3.0035e-05    0.0000e+00   1.242e-05     24.171   1.000e-05  |     3905    7.6777e-03
    3906    3.0035e-05    0.0000e+00   1.242e-05      8.777   1.000e-05  |     3905    7.6777e-03
    3907    3.0035e-05    0.0000e+00   1.242e-05      9.129   1.000e-05  |     3905    7.6777e-03
    3908    3.0035e-05    0.0000e+00   1.242e-05      8.780   1.000e-05  |     3905    7.6777e-03
    3909    3.0035e-05    0.0000e+00   1.242e-05      9.175   1.000e-05  |     3905    7.6777e-03
    3910    3.0035e-05    0.0000e+00   1.242e-05     24.352   1.000e-05  |     3910    7.6777e-03
    3911    3.0035e-05    0.0000e+00   1.242e-05      9.125   1.000e-05  |     3910    7.6777e-03
    3912    3.0035e-05    0.0000e+00   1.242e-05      8.850   1.000e-05  |     3910    7.6777e-03
    3913    3.0035e-05    0.0000e+00   1.242e-05      8.877   1.000e-05  |     3910    7.6777e-03
    3914    3.0035e-05    0.0000e+00   1.242e-05      9.114   1.000e-05  |     3910    7.6777e-03
    3915    3.0035e-05    0.0000e+00   1.242e-05     24.160   1.000e-05  |     3915    7.6777e-03
    3916    3.0035e-05    0.0000e+00   1.242e-05      9.160   1.000e-05  |     3915    7.6777e-03
    3917    3.0035e-05    0.0000e+00   1.242e-05      8.814   1.000e-05  |     3915    7.6777e-03
    3918    3.0035e-05    0.0000e+00   1.242e-05      9.208   1.000e-05  |     3915    7.6777e-03
    3919    3.0035e-05    0.0000e+00   1.242e-05      8.758   1.000e-05  |     3915    7.6777e-03
    3920    3.0035e-05    0.0000e+00   1.242e-05     24.275   1.000e-05  |     3920    7.6777e-03
    3921    3.0035e-05    0.0000e+00   1.242e-05      9.177   1.000e-05  |     3920    7.6777e-03
    3922    3.0035e-05    0.0000e+00   1.242e-05      8.875   1.000e-05  |     3920    7.6777e-03
    3923    3.0035e-05    0.0000e+00   1.242e-05      8.990   1.000e-05  |     3920    7.6777e-03
    3924    3.0035e-05    0.0000e+00   1.242e-05      8.873   1.000e-05  |     3920    7.6777e-03
    3925    3.0035e-05    0.0000e+00   1.242e-05     24.461   1.000e-05  |     3925    7.6777e-03
    3926    3.0035e-05    0.0000e+00   1.242e-05      8.814   1.000e-05  |     3925    7.6777e-03
    3927    3.0035e-05    0.0000e+00   1.242e-05      8.873   1.000e-05  |     3925    7.6777e-03
    3928    3.0035e-05    0.0000e+00   1.242e-05      9.146   1.000e-05  |     3925    7.6777e-03
    3929    3.0035e-05    0.0000e+00   1.242e-05      8.865   1.000e-05  |     3925    7.6777e-03
    3930    3.0035e-05    0.0000e+00   1.242e-05     24.796   1.000e-05  |     3930    7.6777e-03
    3931    3.0035e-05    0.0000e+00   1.242e-05      8.795   1.000e-05  |     3930    7.6777e-03
    3932    3.0035e-05    0.0000e+00   1.242e-05      9.162   1.000e-05  |     3930    7.6777e-03
    3933    3.0035e-05    0.0000e+00   1.242e-05      8.806   1.000e-05  |     3930    7.6777e-03
    3934    3.0035e-05    0.0000e+00   1.242e-05      8.821   1.000e-05  |     3930    7.6777e-03
    3935    3.0035e-05    0.0000e+00   1.242e-05     24.491   1.000e-05  |     3935    7.6777e-03
    3936    3.0035e-05    0.0000e+00   1.242e-05      8.870   1.000e-05  |     3935    7.6777e-03
    3937    3.0035e-05    0.0000e+00   1.242e-05      9.149   1.000e-05  |     3935    7.6777e-03
    3938    3.0035e-05    0.0000e+00   1.242e-05      8.846   1.000e-05  |     3935    7.6777e-03
    3939    3.0035e-05    0.0000e+00   1.242e-05      8.819   1.000e-05  |     3935    7.6777e-03
    3940    3.0035e-05    0.0000e+00   1.242e-05     24.450   1.000e-05  |     3940    7.6777e-03
    3941    3.0035e-05    0.0000e+00   1.242e-05      8.803   1.000e-05  |     3940    7.6777e-03
    3942    3.0035e-05    0.0000e+00   1.242e-05      9.069   1.000e-05  |     3940    7.6777e-03
    3943    3.0035e-05    0.0000e+00   1.242e-05      8.826   1.000e-05  |     3940    7.6777e-03
    3944    3.0035e-05    0.0000e+00   1.242e-05      9.091   1.000e-05  |     3940    7.6777e-03
    3945    3.0035e-05    0.0000e+00   1.242e-05     24.169   1.000e-05  |     3945    7.6776e-03
    3946    3.0035e-05    0.0000e+00   1.242e-05      9.143   1.000e-05  |     3945    7.6776e-03
    3947    3.0035e-05    0.0000e+00   1.242e-05      8.786   1.000e-05  |     3945    7.6776e-03
    3948    3.0035e-05    0.0000e+00   1.242e-05      8.969   1.000e-05  |     3945    7.6776e-03
    3949    3.0035e-05    0.0000e+00   1.242e-05      9.227   1.000e-05  |     3945    7.6776e-03
    3950    3.0035e-05    0.0000e+00   1.242e-05     24.336   1.000e-05  |     3950    7.6776e-03
    3951    3.0035e-05    0.0000e+00   1.242e-05      8.837   1.000e-05  |     3950    7.6776e-03
    3952    3.0035e-05    0.0000e+00   1.242e-05      9.118   1.000e-05  |     3950    7.6776e-03
    3953    3.0035e-05    0.0000e+00   1.242e-05      8.901   1.000e-05  |     3950    7.6776e-03
    3954    3.0035e-05    0.0000e+00   1.242e-05      9.157   1.000e-05  |     3950    7.6776e-03
    3955    3.0035e-05    0.0000e+00   1.242e-05     24.175   1.000e-05  |     3955    7.6776e-03
    3956    3.0035e-05    0.0000e+00   1.242e-05      8.865   1.000e-05  |     3955    7.6776e-03
    3957    3.0035e-05    0.0000e+00   1.242e-05      9.138   1.000e-05  |     3955    7.6776e-03
    3958    3.0035e-05    0.0000e+00   1.242e-05      8.848   1.000e-05  |     3955    7.6776e-03
    3959    3.0035e-05    0.0000e+00   1.242e-05      9.136   1.000e-05  |     3955    7.6776e-03
    3960    3.0035e-05    0.0000e+00   1.242e-05     24.320   1.000e-05  |     3960    7.6776e-03
    3961    3.0035e-05    0.0000e+00   1.242e-05      9.163   1.000e-05  |     3960    7.6776e-03
    3962    3.0035e-05    0.0000e+00   1.242e-05      8.834   1.000e-05  |     3960    7.6776e-03
    3963    3.0035e-05    0.0000e+00   1.242e-05      9.082   1.000e-05  |     3960    7.6776e-03
    3964    3.0035e-05    0.0000e+00   1.242e-05      8.792   1.000e-05  |     3960    7.6776e-03
    3965    3.0035e-05    0.0000e+00   1.242e-05     24.218   1.000e-05  |     3965    7.6776e-03
    3966    3.0035e-05    0.0000e+00   1.242e-05      9.158   1.000e-05  |     3965    7.6776e-03
    3967    3.0035e-05    0.0000e+00   1.242e-05      8.848   1.000e-05  |     3965    7.6776e-03
    3968    3.0035e-05    0.0000e+00   1.242e-05      9.133   1.000e-05  |     3965    7.6776e-03
    3969    3.0035e-05    0.0000e+00   1.242e-05      9.197   1.000e-05  |     3965    7.6776e-03
    3970    3.0035e-05    0.0000e+00   1.242e-05     24.354   1.000e-05  |     3970    7.6776e-03
    3971    3.0035e-05    0.0000e+00   1.242e-05      8.898   1.000e-05  |     3970    7.6776e-03
    3972    3.0035e-05    0.0000e+00   1.242e-05      9.099   1.000e-05  |     3970    7.6776e-03
    3973    3.0035e-05    0.0000e+00   1.242e-05      8.872   1.000e-05  |     3970    7.6776e-03
    3974    3.0035e-05    0.0000e+00   1.242e-05      9.149   1.000e-05  |     3970    7.6776e-03
    3975    3.0035e-05    0.0000e+00   1.242e-05     24.079   1.000e-05  |     3975    7.6776e-03
    3976    3.0035e-05    0.0000e+00   1.242e-05      8.869   1.000e-05  |     3975    7.6776e-03
    3977    3.0035e-05    0.0000e+00   1.242e-05      9.119   1.000e-05  |     3975    7.6776e-03
    3978    3.0035e-05    0.0000e+00   1.242e-05      8.839   1.000e-05  |     3975    7.6776e-03
    3979    3.0035e-05    0.0000e+00   1.242e-05      9.147   1.000e-05  |     3975    7.6776e-03
    3980    3.0035e-05    0.0000e+00   1.242e-05     24.326   1.000e-05  |     3980    7.6776e-03
    3981    3.0035e-05    0.0000e+00   1.242e-05      9.045   1.000e-05  |     3980    7.6776e-03
    3982    3.0035e-05    0.0000e+00   1.242e-05      8.819   1.000e-05  |     3980    7.6776e-03
    3983    3.0035e-05    0.0000e+00   1.242e-05      9.117   1.000e-05  |     3980    7.6776e-03
    3984    3.0035e-05    0.0000e+00   1.242e-05      9.144   1.000e-05  |     3980    7.6776e-03
    3985    3.0035e-05    0.0000e+00   1.242e-05     24.101   1.000e-05  |     3985    7.6776e-03
    3986    3.0035e-05    0.0000e+00   1.242e-05      8.723   1.000e-05  |     3985    7.6776e-03
    3987    3.0035e-05    0.0000e+00   1.242e-05      9.157   1.000e-05  |     3985    7.6776e-03
    3988    3.0035e-05    0.0000e+00   1.242e-05      8.825   1.000e-05  |     3985    7.6776e-03
    3989    3.0035e-05    0.0000e+00   1.242e-05      9.031   1.000e-05  |     3985    7.6776e-03
    3990    3.0035e-05    0.0000e+00   1.242e-05     24.365   1.000e-05  |     3990    7.6776e-03
    3991    3.0035e-05    0.0000e+00   1.242e-05      9.184   1.000e-05  |     3990    7.6776e-03
    3992    3.0035e-05    0.0000e+00   1.242e-05      8.799   1.000e-05  |     3990    7.6776e-03
    3993    3.0035e-05    0.0000e+00   1.242e-05      9.042   1.000e-05  |     3990    7.6776e-03
    3994    3.0035e-05    0.0000e+00   1.242e-05      8.804   1.000e-05  |     3990    7.6776e-03
    3995    3.0035e-05    0.0000e+00   1.242e-05     24.307   1.000e-05  |     3995    7.6776e-03
    3996    3.0035e-05    0.0000e+00   1.242e-05      8.792   1.000e-05  |     3995    7.6776e-03
    3997    3.0035e-05    0.0000e+00   1.242e-05      9.146   1.000e-05  |     3995    7.6776e-03
    3998    3.0036e-05    0.0000e+00   1.242e-05      8.860   1.000e-05  |     3995    7.6776e-03
    3999    3.0036e-05    0.0000e+00   1.242e-05     24.537   1.000e-05  |     3999    7.6776e-03

  Done: 47934.4 s  (11.98 s/epoch)

============================================================
Step 4: Final evaluation (best epoch = 160)
============================================================
  Loaded best_log_params from epoch 160 (full-traj RMSE = 7.6612e-03 m)


  [Training]
  Traj        RMSE [m]      X1 [m]      X2 [m]       Y [m]
  ------  ------------  ----------  ----------  ----------
  T1a       2.0275e-03  1.9977e-03  2.3692e-03  1.6519e-03
  T1b       1.9828e-03  1.9715e-03  2.3533e-03  1.5394e-03
  T2a       2.2649e-03  1.4305e-03  1.7591e-03  3.2014e-03
  T2b       1.6497e-03  1.6322e-03  1.9303e-03  1.3320e-03
  T3a       4.0582e-03  1.3564e-03  1.6555e-03  6.6953e-03
  T3b       3.9961e-03  1.9320e-03  2.1724e-03  6.2813e-03
  T4a       6.9561e-03  8.1324e-04  9.5213e-04  1.1983e-02
  T4b       6.1152e-03  9.3274e-04  1.1065e-03  1.0493e-02
  T5a       1.4862e-03  8.5862e-04  6.7861e-04  2.3299e-03
  T5b       1.0399e-03  9.2574e-04  7.2854e-04  1.3624e-03
  T6a       2.6598e-03  1.0028e-03  8.1515e-04  4.4219e-03
  T6b       2.0144e-03  1.2064e-03  1.0637e-03  3.0963e-03
  T7a       6.0933e-03  1.3255e-03  1.1754e-03  1.0404e-02
  T7b       5.3360e-03  1.5368e-03  1.4409e-03  8.9989e-03
  T8a       6.7613e-04  2.4885e-04  9.3750e-04  6.5623e-04
  T8b       6.1720e-04  8.8811e-05  7.5047e-04  7.5611e-04
  T9a       8.4911e-04  4.7629e-04  1.2586e-03  5.9334e-04
  T9b       1.5814e-03  4.8130e-04  1.3205e-03  2.3510e-03
  T10a      4.4585e-03  7.2662e-04  1.5866e-03  7.5227e-03
  T10b      4.3833e-03  5.7998e-04  1.4564e-03  7.4284e-03
  T11a      4.2883e-02  9.9002e-04  2.0911e-03  7.4240e-02
  T11b      6.1868e-03  8.1430e-04  1.7795e-03  1.0536e-02

  Train RMSE: 9.850141e-03 m

  [Validation]
  Traj        RMSE [m]      X1 [m]      X2 [m]       Y [m]
  ------  ------------  ----------  ----------  ----------
  V1a       8.5583e-04  5.7800e-04  4.7856e-04  1.2784e-03
  V1b       6.2154e-04  6.5916e-04  4.5979e-04  7.1627e-04
  V2a       2.2020e-03  5.4849e-04  1.3777e-03  3.5138e-03
  V2b       1.7459e-03  2.1094e-04  9.1540e-04  2.8744e-03

  Val RMSE:   1.501291e-03 m

  [Test]
  Traj        RMSE [m]      X1 [m]      X2 [m]       Y [m]
  ------  ------------  ----------  ----------  ----------
  E1a       4.4468e-03  1.1726e-03  1.0008e-03  7.5462e-03
  E1b       3.8477e-03  1.1489e-03  9.3834e-04  6.4973e-03
  E1T       4.7919e-03  3.5842e-04  2.4210e-04  8.2886e-03
  E2a       1.8417e-03  1.8943e-03  2.2550e-03  1.2255e-03
  E2b       2.0659e-03  2.2707e-03  2.6503e-03  7.8981e-04
  E2T       1.8256e-03  1.7100e-03  2.2712e-03  1.3842e-03

  Test RMSE:  3.379704e-03 m

============================================================
Step 5: Parameter recovery
============================================================
  Table 1 — identifiable quantities
Parameter        True    Detuned    Learned      delta
-------------------------------------------------------
kb_sum      3975.0000  3975.0000 32242.6321   +711.14%
cg1          136.0000   136.0000   290.4691   +113.58%
cg2          136.0000   136.0000   155.9303    +14.65%
cy            98.0000    98.0000   244.4083   +149.40%
cb_sum        18.0000    18.0000   219.0426  +1116.90%
mh            19.0000    19.0000    19.2520     +1.33%
m_total       72.0000    72.0000    69.7500     -3.12%
m_diff        -0.8200    -0.8200     2.0156   -345.80%
J_eff          5.5756     5.5756    52.8001   +846.98%
d              0.1000     0.1000     0.0408    -59.22%

  Table 2 — split diagnostics (not data-identifiable)
Parameter        True    Detuned    Learned      delta
-------------------------------------------------------
kb1         1987.5000  1987.5000 16121.3161   +711.14%
kb2         1987.5000  1987.5000 16121.3161   +711.14%
cb1            9.0000     9.0000   109.5213  +1116.90%
cb2            9.0000     9.0000   109.5213  +1116.90%
Jb             1.0000     1.0000    45.9487  +4494.87%
Jh             0.0500     0.0500     2.2554  +4410.75%
m1            16.8100    16.8100    18.4958    +10.03%
m2            17.6300    17.6300    16.4802     -6.52%
mb            37.5600    37.5600    34.7741     -7.42%
J_sum          1.0500     1.0500    48.2041  +4490.86%

  Table 3 — Physics matrix entries (non-zero, upper triangle)
  Matrix  [i,j]           True       Learned      delta  Expression
  ------------------------------------------------------------------------
  M0      [0,0]       91.0000       89.0021      -2.20%  m1+m2+mb+mh
  M0      [0,1]       -0.2973        0.7307    -345.80%  (m1-m2)*Lb/2
  M0      [1,1]        5.7656       52.8321    +816.33%  J+(m1+m2)*Lb^2/4+mh*d^2
  M0      [1,2]       -1.9000       -0.7851     -58.68%  -mh*d
  M0      [2,2]       19.0000       19.2520      +1.33%  mh
  M1      [0,1]      -19.0000      -19.2520      +1.33%  -mh
  M2      [1,1]       19.0000       19.2520      +1.33%  mh
  K       [1,1]     3975.0000    32242.6321    +711.14%  kb_sum
  C       [0,0]      272.0000      446.3994     +64.12%  cg1+cg2
  C       [0,1]        0.0000       48.7703       +nan%  (cg1-cg2)*Lb/2
  C       [1,1]       53.7425      277.7023    +416.73%  cb_sum+(cg1+cg2)*Lb^2/4
  C       [2,2]       98.0000      244.4083    +149.40%  cy

  Saved to: /dataB1/dirk_van_den_berg/repos/LPV-LFR-Baseline-Augmentation/simulations/pr_telica_split/lfr_param_recovery_telica_split_22traj_e4000_71447.pt

  Coulomb magnitudes (trainable)
    cc1   init   16.800  ->  learned  127.445  N
    cc2   init   18.350  ->  learned  178.224  N
    ccy   init   11.600  ->  learned  228.056  N
  Coulomb cc saved: /dataB1/dirk_van_den_berg/repos/LPV-LFR-Baseline-Augmentation/simulations/pr_telica_split/coulomb_cc_71447.pt
  Loss curve saved: /dataB1/dirk_van_den_berg/repos/LPV-LFR-Baseline-Augmentation/simulations/pr_telica_split/loss_curve_T1a_71447.png

============================================================
Structural validation  [T1a]  [best]
============================================================

  Ch           RMS [m]   NRMSE [%]  Verdict
  ----  --------------  ----------  ------------
  X1        1.9977e-03       13.20  GOOD (<15%)
  X2        2.3692e-03       15.65  AMBIGUOUS
  Y         1.6519e-03        5.32  GOOD (<15%)

  Overall RMS : 2.0275e-03 m
  Thresholds  : NRMSE < 15% compatible | > 30% structural mismatch
  Eval data saved: /dataB1/dirk_van_den_berg/repos/LPV-LFR-Baseline-Augmentation/simulations/pr_telica_split/eval_data_best_T1a_71447.pt
  Trajectory RMS (best) saved: /dataB1/dirk_van_den_berg/repos/LPV-LFR-Baseline-Augmentation/simulations/pr_telica_split/trajectory_RMS_best_T1a_71447.png
  Trajectory NRMS (best) saved: /dataB1/dirk_van_den_berg/repos/LPV-LFR-Baseline-Augmentation/simulations/pr_telica_split/trajectory_NRMS_best_T1a_71447.png
  Residual RMS (best) saved: /dataB1/dirk_van_den_berg/repos/LPV-LFR-Baseline-Augmentation/simulations/pr_telica_split/residual_RMS_best_T1a_71447.png
  Residual NRMS (best) saved: /dataB1/dirk_van_den_berg/repos/LPV-LFR-Baseline-Augmentation/simulations/pr_telica_split/residual_NRMS_best_T1a_71447.png

============================================================
Closed-loop validation  [T1a]  [best]
============================================================

  Ch           RMS [m]   NRMSE [%]
  ----  --------------  ----------
  X1        3.1551e-01     2084.05
  X2        2.9472e-01     1946.76
  Y         2.6750e-03        8.62

  Overall RMS : 2.4927e-01 m
  NOTE: closed-loop errors are suppressed inside the loop bandwidth;
        always read next to the open-loop numbers above.
  Eval data saved: /dataB1/dirk_van_den_berg/repos/LPV-LFR-Baseline-Augmentation/simulations/pr_telica_split/eval_data_cl_best_T1a_71447.pt
  Trajectory RMS (cl_best) saved: /dataB1/dirk_van_den_berg/repos/LPV-LFR-Baseline-Augmentation/simulations/pr_telica_split/trajectory_RMS_cl_best_T1a_71447.png
  Residual RMS (cl_best) saved: /dataB1/dirk_van_den_berg/repos/LPV-LFR-Baseline-Augmentation/simulations/pr_telica_split/residual_RMS_cl_best_T1a_71447.png
  Feedback current plot saved: /dataB1/dirk_van_den_berg/repos/LPV-LFR-Baseline-Augmentation/simulations/pr_telica_split/feedback_current_cl_best_T1a_71447.png

============================================================
Structural validation  [T1b]  [best]
============================================================

  Ch           RMS [m]   NRMSE [%]  Verdict
  ----  --------------  ----------  ------------
  X1        1.9715e-03       12.79  GOOD (<15%)
  X2        2.3533e-03       15.26  AMBIGUOUS
  Y         1.5394e-03        4.88  GOOD (<15%)

  Overall RMS : 1.9828e-03 m
  Thresholds  : NRMSE < 15% compatible | > 30% structural mismatch
  Eval data saved: /dataB1/dirk_van_den_berg/repos/LPV-LFR-Baseline-Augmentation/simulations/pr_telica_split/eval_data_best_T1b_71447.pt
  Trajectory RMS (best) saved: /dataB1/dirk_van_den_berg/repos/LPV-LFR-Baseline-Augmentation/simulations/pr_telica_split/trajectory_RMS_best_T1b_71447.png
  Trajectory NRMS (best) saved: /dataB1/dirk_van_den_berg/repos/LPV-LFR-Baseline-Augmentation/simulations/pr_telica_split/trajectory_NRMS_best_T1b_71447.png
  Residual RMS (best) saved: /dataB1/dirk_van_den_berg/repos/LPV-LFR-Baseline-Augmentation/simulations/pr_telica_split/residual_RMS_best_T1b_71447.png
  Residual NRMS (best) saved: /dataB1/dirk_van_den_berg/repos/LPV-LFR-Baseline-Augmentation/simulations/pr_telica_split/residual_NRMS_best_T1b_71447.png

============================================================
Closed-loop validation  [T1b]  [best]
============================================================

  Ch           RMS [m]   NRMSE [%]
  ----  --------------  ----------
  X1        2.2949e-02      148.83
  X2        2.1399e-02      138.77
  Y         2.0085e-04        0.64

  Overall RMS : 1.8116e-02 m
  NOTE: closed-loop errors are suppressed inside the loop bandwidth;
        always read next to the open-loop numbers above.
  Eval data saved: /dataB1/dirk_van_den_berg/repos/LPV-LFR-Baseline-Augmentation/simulations/pr_telica_split/eval_data_cl_best_T1b_71447.pt
  Trajectory RMS (cl_best) saved: /dataB1/dirk_van_den_berg/repos/LPV-LFR-Baseline-Augmentation/simulations/pr_telica_split/trajectory_RMS_cl_best_T1b_71447.png
  Residual RMS (cl_best) saved: /dataB1/dirk_van_den_berg/repos/LPV-LFR-Baseline-Augmentation/simulations/pr_telica_split/residual_RMS_cl_best_T1b_71447.png
  Feedback current plot saved: /dataB1/dirk_van_den_berg/repos/LPV-LFR-Baseline-Augmentation/simulations/pr_telica_split/feedback_current_cl_best_T1b_71447.png

============================================================
Structural validation  [V1a]  [best]
============================================================

  Ch           RMS [m]   NRMSE [%]  Verdict
  ----  --------------  ----------  ------------
  X1        5.7800e-04        3.74  GOOD (<15%)
  X2        4.7856e-04        3.10  GOOD (<15%)
  Y         1.2784e-03        4.04  GOOD (<15%)

  Overall RMS : 8.5583e-04 m
  Thresholds  : NRMSE < 15% compatible | > 30% structural mismatch
  Eval data saved: /dataB1/dirk_van_den_berg/repos/LPV-LFR-Baseline-Augmentation/simulations/pr_telica_split/eval_data_best_V1a_71447.pt
  Trajectory RMS (best) saved: /dataB1/dirk_van_den_berg/repos/LPV-LFR-Baseline-Augmentation/simulations/pr_telica_split/trajectory_RMS_best_V1a_71447.png
  Trajectory NRMS (best) saved: /dataB1/dirk_van_den_berg/repos/LPV-LFR-Baseline-Augmentation/simulations/pr_telica_split/trajectory_NRMS_best_V1a_71447.png
  Residual RMS (best) saved: /dataB1/dirk_van_den_berg/repos/LPV-LFR-Baseline-Augmentation/simulations/pr_telica_split/residual_RMS_best_V1a_71447.png
  Residual NRMS (best) saved: /dataB1/dirk_van_den_berg/repos/LPV-LFR-Baseline-Augmentation/simulations/pr_telica_split/residual_NRMS_best_V1a_71447.png

============================================================
Closed-loop validation  [V1a]  [best]
============================================================

  Ch           RMS [m]   NRMSE [%]
  ----  --------------  ----------
  X1        4.6109e-02      298.53
  X2        4.0780e-02      264.03
  Y         5.8648e-04        1.86

  Overall RMS : 3.5540e-02 m
  NOTE: closed-loop errors are suppressed inside the loop bandwidth;
        always read next to the open-loop numbers above.
  Eval data saved: /dataB1/dirk_van_den_berg/repos/LPV-LFR-Baseline-Augmentation/simulations/pr_telica_split/eval_data_cl_best_V1a_71447.pt
  Trajectory RMS (cl_best) saved: /dataB1/dirk_van_den_berg/repos/LPV-LFR-Baseline-Augmentation/simulations/pr_telica_split/trajectory_RMS_cl_best_V1a_71447.png
  Residual RMS (cl_best) saved: /dataB1/dirk_van_den_berg/repos/LPV-LFR-Baseline-Augmentation/simulations/pr_telica_split/residual_RMS_cl_best_V1a_71447.png
  Feedback current plot saved: /dataB1/dirk_van_den_berg/repos/LPV-LFR-Baseline-Augmentation/simulations/pr_telica_split/feedback_current_cl_best_V1a_71447.png

============================================================
Structural validation  [V1b]  [best]
============================================================

  Ch           RMS [m]   NRMSE [%]  Verdict
  ----  --------------  ----------  ------------
  X1        6.5916e-04        4.27  GOOD (<15%)
  X2        4.5979e-04        2.98  GOOD (<15%)
  Y         7.1627e-04        2.27  GOOD (<15%)

  Overall RMS : 6.2154e-04 m
  Thresholds  : NRMSE < 15% compatible | > 30% structural mismatch
  Eval data saved: /dataB1/dirk_van_den_berg/repos/LPV-LFR-Baseline-Augmentation/simulations/pr_telica_split/eval_data_best_V1b_71447.pt
  Trajectory RMS (best) saved: /dataB1/dirk_van_den_berg/repos/LPV-LFR-Baseline-Augmentation/simulations/pr_telica_split/trajectory_RMS_best_V1b_71447.png
  Trajectory NRMS (best) saved: /dataB1/dirk_van_den_berg/repos/LPV-LFR-Baseline-Augmentation/simulations/pr_telica_split/trajectory_NRMS_best_V1b_71447.png
  Residual RMS (best) saved: /dataB1/dirk_van_den_berg/repos/LPV-LFR-Baseline-Augmentation/simulations/pr_telica_split/residual_RMS_best_V1b_71447.png
  Residual NRMS (best) saved: /dataB1/dirk_van_den_berg/repos/LPV-LFR-Baseline-Augmentation/simulations/pr_telica_split/residual_NRMS_best_V1b_71447.png

============================================================
Closed-loop validation  [V1b]  [best]
============================================================

  Ch           RMS [m]   NRMSE [%]
  ----  --------------  ----------
  X1        3.3112e-06        0.02
  X2        2.9408e-06        0.02
  Y         2.2830e-06        0.01

  Overall RMS : 2.8766e-06 m
  NOTE: closed-loop errors are suppressed inside the loop bandwidth;
        always read next to the open-loop numbers above.
  Eval data saved: /dataB1/dirk_van_den_berg/repos/LPV-LFR-Baseline-Augmentation/simulations/pr_telica_split/eval_data_cl_best_V1b_71447.pt
  Trajectory RMS (cl_best) saved: /dataB1/dirk_van_den_berg/repos/LPV-LFR-Baseline-Augmentation/simulations/pr_telica_split/trajectory_RMS_cl_best_V1b_71447.png
  Residual RMS (cl_best) saved: /dataB1/dirk_van_den_berg/repos/LPV-LFR-Baseline-Augmentation/simulations/pr_telica_split/residual_RMS_cl_best_V1b_71447.png
  Feedback current plot saved: /dataB1/dirk_van_den_berg/repos/LPV-LFR-Baseline-Augmentation/simulations/pr_telica_split/feedback_current_cl_best_V1b_71447.png

============================================================
Structural validation  [V2a]  [best]
============================================================

  Ch           RMS [m]   NRMSE [%]  Verdict
  ----  --------------  ----------  ------------
  X1        5.4849e-04        3.54  GOOD (<15%)
  X2        1.3777e-03        8.89  GOOD (<15%)
  Y         3.5138e-03       11.08  GOOD (<15%)

  Overall RMS : 2.2020e-03 m
  Thresholds  : NRMSE < 15% compatible | > 30% structural mismatch
  Eval data saved: /dataB1/dirk_van_den_berg/repos/LPV-LFR-Baseline-Augmentation/simulations/pr_telica_split/eval_data_best_V2a_71447.pt
  Trajectory RMS (best) saved: /dataB1/dirk_van_den_berg/repos/LPV-LFR-Baseline-Augmentation/simulations/pr_telica_split/trajectory_RMS_best_V2a_71447.png
  Trajectory NRMS (best) saved: /dataB1/dirk_van_den_berg/repos/LPV-LFR-Baseline-Augmentation/simulations/pr_telica_split/trajectory_NRMS_best_V2a_71447.png
  Residual RMS (best) saved: /dataB1/dirk_van_den_berg/repos/LPV-LFR-Baseline-Augmentation/simulations/pr_telica_split/residual_RMS_best_V2a_71447.png
  Residual NRMS (best) saved: /dataB1/dirk_van_den_berg/repos/LPV-LFR-Baseline-Augmentation/simulations/pr_telica_split/residual_NRMS_best_V2a_71447.png

============================================================
Closed-loop validation  [V2a]  [best]
============================================================

  Ch           RMS [m]   NRMSE [%]
  ----  --------------  ----------
  X1        9.4156e-02      607.43
  X2        8.7789e-02      566.36
  Y         8.1693e-04        2.58

  Overall RMS : 7.4326e-02 m
  NOTE: closed-loop errors are suppressed inside the loop bandwidth;
        always read next to the open-loop numbers above.
  Eval data saved: /dataB1/dirk_van_den_berg/repos/LPV-LFR-Baseline-Augmentation/simulations/pr_telica_split/eval_data_cl_best_V2a_71447.pt
  Trajectory RMS (cl_best) saved: /dataB1/dirk_van_den_berg/repos/LPV-LFR-Baseline-Augmentation/simulations/pr_telica_split/trajectory_RMS_cl_best_V2a_71447.png
  Residual RMS (cl_best) saved: /dataB1/dirk_van_den_berg/repos/LPV-LFR-Baseline-Augmentation/simulations/pr_telica_split/residual_RMS_cl_best_V2a_71447.png
  Feedback current plot saved: /dataB1/dirk_van_den_berg/repos/LPV-LFR-Baseline-Augmentation/simulations/pr_telica_split/feedback_current_cl_best_V2a_71447.png

============================================================
Structural validation  [V2b]  [best]
============================================================

  Ch           RMS [m]   NRMSE [%]  Verdict
  ----  --------------  ----------  ------------
  X1        2.1094e-04        1.34  GOOD (<15%)
  X2        9.1540e-04        5.81  GOOD (<15%)
  Y         2.8744e-03        8.93  GOOD (<15%)

  Overall RMS : 1.7459e-03 m
  Thresholds  : NRMSE < 15% compatible | > 30% structural mismatch
  Eval data saved: /dataB1/dirk_van_den_berg/repos/LPV-LFR-Baseline-Augmentation/simulations/pr_telica_split/eval_data_best_V2b_71447.pt
  Trajectory RMS (best) saved: /dataB1/dirk_van_den_berg/repos/LPV-LFR-Baseline-Augmentation/simulations/pr_telica_split/trajectory_RMS_best_V2b_71447.png
  Trajectory NRMS (best) saved: /dataB1/dirk_van_den_berg/repos/LPV-LFR-Baseline-Augmentation/simulations/pr_telica_split/trajectory_NRMS_best_V2b_71447.png
  Residual RMS (best) saved: /dataB1/dirk_van_den_berg/repos/LPV-LFR-Baseline-Augmentation/simulations/pr_telica_split/residual_RMS_best_V2b_71447.png
  Residual NRMS (best) saved: /dataB1/dirk_van_den_berg/repos/LPV-LFR-Baseline-Augmentation/simulations/pr_telica_split/residual_NRMS_best_V2b_71447.png

============================================================
Closed-loop validation  [V2b]  [best]
============================================================

  Ch           RMS [m]   NRMSE [%]
  ----  --------------  ----------
  X1        1.3519e-02       85.82
  X2        1.2641e-02       80.25
  Y         1.1584e-04        0.36

  Overall RMS : 1.0686e-02 m
  NOTE: closed-loop errors are suppressed inside the loop bandwidth;
        always read next to the open-loop numbers above.
  Eval data saved: /dataB1/dirk_van_den_berg/repos/LPV-LFR-Baseline-Augmentation/simulations/pr_telica_split/eval_data_cl_best_V2b_71447.pt
  Trajectory RMS (cl_best) saved: /dataB1/dirk_van_den_berg/repos/LPV-LFR-Baseline-Augmentation/simulations/pr_telica_split/trajectory_RMS_cl_best_V2b_71447.png
  Residual RMS (cl_best) saved: /dataB1/dirk_van_den_berg/repos/LPV-LFR-Baseline-Augmentation/simulations/pr_telica_split/residual_RMS_cl_best_V2b_71447.png
  Feedback current plot saved: /dataB1/dirk_van_den_berg/repos/LPV-LFR-Baseline-Augmentation/simulations/pr_telica_split/feedback_current_cl_best_V2b_71447.png

============================================================
Structural validation  [E1a]  [best]
============================================================

  Ch           RMS [m]   NRMSE [%]  Verdict
  ----  --------------  ----------  ------------
  X1        1.1726e-03        7.56  GOOD (<15%)
  X2        1.0008e-03        6.45  GOOD (<15%)
  Y         7.5462e-03       23.77  AMBIGUOUS

  Overall RMS : 4.4468e-03 m
  Thresholds  : NRMSE < 15% compatible | > 30% structural mismatch
  Eval data saved: /dataB1/dirk_van_den_berg/repos/LPV-LFR-Baseline-Augmentation/simulations/pr_telica_split/eval_data_best_E1a_71447.pt
  Trajectory RMS (best) saved: /dataB1/dirk_van_den_berg/repos/LPV-LFR-Baseline-Augmentation/simulations/pr_telica_split/trajectory_RMS_best_E1a_71447.png
  Trajectory NRMS (best) saved: /dataB1/dirk_van_den_berg/repos/LPV-LFR-Baseline-Augmentation/simulations/pr_telica_split/trajectory_NRMS_best_E1a_71447.png
  Residual RMS (best) saved: /dataB1/dirk_van_den_berg/repos/LPV-LFR-Baseline-Augmentation/simulations/pr_telica_split/residual_RMS_best_E1a_71447.png
  Residual NRMS (best) saved: /dataB1/dirk_van_den_berg/repos/LPV-LFR-Baseline-Augmentation/simulations/pr_telica_split/residual_NRMS_best_E1a_71447.png

============================================================
Closed-loop validation  [E1a]  [best]
============================================================

  Ch           RMS [m]   NRMSE [%]
  ----  --------------  ----------
  X1        1.4437e-01      930.44
  X2        1.3852e-01      892.70
  Y         9.8782e-04        3.11

  Overall RMS : 1.1552e-01 m
  NOTE: closed-loop errors are suppressed inside the loop bandwidth;
        always read next to the open-loop numbers above.
  Eval data saved: /dataB1/dirk_van_den_berg/repos/LPV-LFR-Baseline-Augmentation/simulations/pr_telica_split/eval_data_cl_best_E1a_71447.pt
  Trajectory RMS (cl_best) saved: /dataB1/dirk_van_den_berg/repos/LPV-LFR-Baseline-Augmentation/simulations/pr_telica_split/trajectory_RMS_cl_best_E1a_71447.png
  Residual RMS (cl_best) saved: /dataB1/dirk_van_den_berg/repos/LPV-LFR-Baseline-Augmentation/simulations/pr_telica_split/residual_RMS_cl_best_E1a_71447.png
  Feedback current plot saved: /dataB1/dirk_van_den_berg/repos/LPV-LFR-Baseline-Augmentation/simulations/pr_telica_split/feedback_current_cl_best_E1a_71447.png

============================================================
Structural validation  [E1b]  [best]
============================================================

  Ch           RMS [m]   NRMSE [%]  Verdict
  ----  --------------  ----------  ------------
  X1        1.1489e-03        7.41  GOOD (<15%)
  X2        9.3834e-04        6.05  GOOD (<15%)
  Y         6.4973e-03       20.48  AMBIGUOUS

  Overall RMS : 3.8477e-03 m
  Thresholds  : NRMSE < 15% compatible | > 30% structural mismatch
  Eval data saved: /dataB1/dirk_van_den_berg/repos/LPV-LFR-Baseline-Augmentation/simulations/pr_telica_split/eval_data_best_E1b_71447.pt
  Trajectory RMS (best) saved: /dataB1/dirk_van_den_berg/repos/LPV-LFR-Baseline-Augmentation/simulations/pr_telica_split/trajectory_RMS_best_E1b_71447.png
  Trajectory NRMS (best) saved: /dataB1/dirk_van_den_berg/repos/LPV-LFR-Baseline-Augmentation/simulations/pr_telica_split/trajectory_NRMS_best_E1b_71447.png
  Residual RMS (best) saved: /dataB1/dirk_van_den_berg/repos/LPV-LFR-Baseline-Augmentation/simulations/pr_telica_split/residual_RMS_best_E1b_71447.png
  Residual NRMS (best) saved: /dataB1/dirk_van_den_berg/repos/LPV-LFR-Baseline-Augmentation/simulations/pr_telica_split/residual_NRMS_best_E1b_71447.png

============================================================
Closed-loop validation  [E1b]  [best]
============================================================

  Ch           RMS [m]   NRMSE [%]
  ----  --------------  ----------
  X1        7.1873e-02      463.66
  X2        6.8925e-02      444.65
  Y         4.9330e-04        1.56

  Overall RMS : 5.7494e-02 m
  NOTE: closed-loop errors are suppressed inside the loop bandwidth;
        always read next to the open-loop numbers above.
  Eval data saved: /dataB1/dirk_van_den_berg/repos/LPV-LFR-Baseline-Augmentation/simulations/pr_telica_split/eval_data_cl_best_E1b_71447.pt
  Trajectory RMS (cl_best) saved: /dataB1/dirk_van_den_berg/repos/LPV-LFR-Baseline-Augmentation/simulations/pr_telica_split/trajectory_RMS_cl_best_E1b_71447.png
  Residual RMS (cl_best) saved: /dataB1/dirk_van_den_berg/repos/LPV-LFR-Baseline-Augmentation/simulations/pr_telica_split/residual_RMS_cl_best_E1b_71447.png
  Feedback current plot saved: /dataB1/dirk_van_den_berg/repos/LPV-LFR-Baseline-Augmentation/simulations/pr_telica_split/feedback_current_cl_best_E1b_71447.png

============================================================
Structural validation  [E1T]  [best]
============================================================

  Ch           RMS [m]   NRMSE [%]  Verdict
  ----  --------------  ----------  ------------
  X1        3.5842e-04        2.41  GOOD (<15%)
  X2        2.4210e-04        1.63  GOOD (<15%)
  Y         8.2886e-03       27.14  AMBIGUOUS

  Overall RMS : 4.7919e-03 m
  Thresholds  : NRMSE < 15% compatible | > 30% structural mismatch
  Eval data saved: /dataB1/dirk_van_den_berg/repos/LPV-LFR-Baseline-Augmentation/simulations/pr_telica_split/eval_data_best_E1T_71447.pt
  Trajectory RMS (best) saved: /dataB1/dirk_van_den_berg/repos/LPV-LFR-Baseline-Augmentation/simulations/pr_telica_split/trajectory_RMS_best_E1T_71447.png
  Trajectory NRMS (best) saved: /dataB1/dirk_van_den_berg/repos/LPV-LFR-Baseline-Augmentation/simulations/pr_telica_split/trajectory_NRMS_best_E1T_71447.png
  Residual RMS (best) saved: /dataB1/dirk_van_den_berg/repos/LPV-LFR-Baseline-Augmentation/simulations/pr_telica_split/residual_RMS_best_E1T_71447.png
  Residual NRMS (best) saved: /dataB1/dirk_van_den_berg/repos/LPV-LFR-Baseline-Augmentation/simulations/pr_telica_split/residual_NRMS_best_E1T_71447.png

============================================================
Closed-loop validation  [E1T]  [best]
============================================================

  Ch           RMS [m]   NRMSE [%]
  ----  --------------  ----------
  X1        4.5353e-01     3046.88
  X2        4.3588e-01     2928.31
  Y         3.1473e-03       10.30

  Overall RMS : 3.6318e-01 m
  NOTE: closed-loop errors are suppressed inside the loop bandwidth;
        always read next to the open-loop numbers above.
  Eval data saved: /dataB1/dirk_van_den_berg/repos/LPV-LFR-Baseline-Augmentation/simulations/pr_telica_split/eval_data_cl_best_E1T_71447.pt
  Trajectory RMS (cl_best) saved: /dataB1/dirk_van_den_berg/repos/LPV-LFR-Baseline-Augmentation/simulations/pr_telica_split/trajectory_RMS_cl_best_E1T_71447.png
  Residual RMS (cl_best) saved: /dataB1/dirk_van_den_berg/repos/LPV-LFR-Baseline-Augmentation/simulations/pr_telica_split/residual_RMS_cl_best_E1T_71447.png
  Feedback current plot saved: /dataB1/dirk_van_den_berg/repos/LPV-LFR-Baseline-Augmentation/simulations/pr_telica_split/feedback_current_cl_best_E1T_71447.png

============================================================
Structural validation  [E2a]  [best]
============================================================

  Ch           RMS [m]   NRMSE [%]  Verdict
  ----  --------------  ----------  ------------
  X1        1.8943e-03       12.21  GOOD (<15%)
  X2        2.2550e-03       14.54  GOOD (<15%)
  Y         1.2255e-03        3.86  GOOD (<15%)

  Overall RMS : 1.8417e-03 m
  Thresholds  : NRMSE < 15% compatible | > 30% structural mismatch
  Eval data saved: /dataB1/dirk_van_den_berg/repos/LPV-LFR-Baseline-Augmentation/simulations/pr_telica_split/eval_data_best_E2a_71447.pt
  Trajectory RMS (best) saved: /dataB1/dirk_van_den_berg/repos/LPV-LFR-Baseline-Augmentation/simulations/pr_telica_split/trajectory_RMS_best_E2a_71447.png
  Trajectory NRMS (best) saved: /dataB1/dirk_van_den_berg/repos/LPV-LFR-Baseline-Augmentation/simulations/pr_telica_split/trajectory_NRMS_best_E2a_71447.png
  Residual RMS (best) saved: /dataB1/dirk_van_den_berg/repos/LPV-LFR-Baseline-Augmentation/simulations/pr_telica_split/residual_RMS_best_E2a_71447.png
  Residual NRMS (best) saved: /dataB1/dirk_van_den_berg/repos/LPV-LFR-Baseline-Augmentation/simulations/pr_telica_split/residual_NRMS_best_E2a_71447.png

============================================================
Closed-loop validation  [E2a]  [best]
============================================================

  Ch           RMS [m]   NRMSE [%]
  ----  --------------  ----------
  X1        5.7178e-02      368.67
  X2        5.1918e-02      334.76
  Y         6.1698e-04        1.94

  Overall RMS : 4.4591e-02 m
  NOTE: closed-loop errors are suppressed inside the loop bandwidth;
        always read next to the open-loop numbers above.
  Eval data saved: /dataB1/dirk_van_den_berg/repos/LPV-LFR-Baseline-Augmentation/simulations/pr_telica_split/eval_data_cl_best_E2a_71447.pt
  Trajectory RMS (cl_best) saved: /dataB1/dirk_van_den_berg/repos/LPV-LFR-Baseline-Augmentation/simulations/pr_telica_split/trajectory_RMS_cl_best_E2a_71447.png
  Residual RMS (cl_best) saved: /dataB1/dirk_van_den_berg/repos/LPV-LFR-Baseline-Augmentation/simulations/pr_telica_split/residual_RMS_cl_best_E2a_71447.png
  Feedback current plot saved: /dataB1/dirk_van_den_berg/repos/LPV-LFR-Baseline-Augmentation/simulations/pr_telica_split/feedback_current_cl_best_E2a_71447.png

============================================================
Structural validation  [E2b]  [best]
============================================================

  Ch           RMS [m]   NRMSE [%]  Verdict
  ----  --------------  ----------  ------------
  X1        2.2707e-03       15.09  AMBIGUOUS
  X2        2.6503e-03       17.61  AMBIGUOUS
  Y         7.8981e-04        2.56  GOOD (<15%)

  Overall RMS : 2.0659e-03 m
  Thresholds  : NRMSE < 15% compatible | > 30% structural mismatch
  Eval data saved: /dataB1/dirk_van_den_berg/repos/LPV-LFR-Baseline-Augmentation/simulations/pr_telica_split/eval_data_best_E2b_71447.pt
  Trajectory RMS (best) saved: /dataB1/dirk_van_den_berg/repos/LPV-LFR-Baseline-Augmentation/simulations/pr_telica_split/trajectory_RMS_best_E2b_71447.png
  Trajectory NRMS (best) saved: /dataB1/dirk_van_den_berg/repos/LPV-LFR-Baseline-Augmentation/simulations/pr_telica_split/trajectory_NRMS_best_E2b_71447.png
  Residual RMS (best) saved: /dataB1/dirk_van_den_berg/repos/LPV-LFR-Baseline-Augmentation/simulations/pr_telica_split/residual_RMS_best_E2b_71447.png
  Residual NRMS (best) saved: /dataB1/dirk_van_den_berg/repos/LPV-LFR-Baseline-Augmentation/simulations/pr_telica_split/residual_NRMS_best_E2b_71447.png

============================================================
Closed-loop validation  [E2b]  [best]
============================================================

  Ch           RMS [m]   NRMSE [%]
  ----  --------------  ----------
  X1        6.5391e-02      434.57
  X2        5.9346e-02      394.40
  Y         6.8850e-04        2.23

  Overall RMS : 5.0985e-02 m
  NOTE: closed-loop errors are suppressed inside the loop bandwidth;
        always read next to the open-loop numbers above.
  Eval data saved: /dataB1/dirk_van_den_berg/repos/LPV-LFR-Baseline-Augmentation/simulations/pr_telica_split/eval_data_cl_best_E2b_71447.pt
  Trajectory RMS (cl_best) saved: /dataB1/dirk_van_den_berg/repos/LPV-LFR-Baseline-Augmentation/simulations/pr_telica_split/trajectory_RMS_cl_best_E2b_71447.png
  Residual RMS (cl_best) saved: /dataB1/dirk_van_den_berg/repos/LPV-LFR-Baseline-Augmentation/simulations/pr_telica_split/residual_RMS_cl_best_E2b_71447.png
  Feedback current plot saved: /dataB1/dirk_van_den_berg/repos/LPV-LFR-Baseline-Augmentation/simulations/pr_telica_split/feedback_current_cl_best_E2b_71447.png

============================================================
Structural validation  [E2T]  [best]
============================================================

  Ch           RMS [m]   NRMSE [%]  Verdict
  ----  --------------  ----------  ------------
  X1        1.7100e-03       11.54  GOOD (<15%)
  X2        2.2712e-03       15.32  AMBIGUOUS
  Y         1.3842e-03        4.55  GOOD (<15%)

  Overall RMS : 1.8256e-03 m
  Thresholds  : NRMSE < 15% compatible | > 30% structural mismatch
  Eval data saved: /dataB1/dirk_van_den_berg/repos/LPV-LFR-Baseline-Augmentation/simulations/pr_telica_split/eval_data_best_E2T_71447.pt
  Trajectory RMS (best) saved: /dataB1/dirk_van_den_berg/repos/LPV-LFR-Baseline-Augmentation/simulations/pr_telica_split/trajectory_RMS_best_E2T_71447.png
  Trajectory NRMS (best) saved: /dataB1/dirk_van_den_berg/repos/LPV-LFR-Baseline-Augmentation/simulations/pr_telica_split/trajectory_NRMS_best_E2T_71447.png
  Residual RMS (best) saved: /dataB1/dirk_van_den_berg/repos/LPV-LFR-Baseline-Augmentation/simulations/pr_telica_split/residual_RMS_best_E2T_71447.png
  Residual NRMS (best) saved: /dataB1/dirk_van_den_berg/repos/LPV-LFR-Baseline-Augmentation/simulations/pr_telica_split/residual_NRMS_best_E2T_71447.png

============================================================
Closed-loop validation  [E2T]  [best]
============================================================

  Ch           RMS [m]   NRMSE [%]
  ----  --------------  ----------
  X1        8.2687e-02      557.91
  X2        7.5032e-02      506.26
  Y         8.8472e-04        2.91

  Overall RMS : 6.4466e-02 m
  NOTE: closed-loop errors are suppressed inside the loop bandwidth;
        always read next to the open-loop numbers above.
  Eval data saved: /dataB1/dirk_van_den_berg/repos/LPV-LFR-Baseline-Augmentation/simulations/pr_telica_split/eval_data_cl_best_E2T_71447.pt
  Trajectory RMS (cl_best) saved: /dataB1/dirk_van_den_berg/repos/LPV-LFR-Baseline-Augmentation/simulations/pr_telica_split/trajectory_RMS_cl_best_E2T_71447.png
  Residual RMS (cl_best) saved: /dataB1/dirk_van_den_berg/repos/LPV-LFR-Baseline-Augmentation/simulations/pr_telica_split/residual_RMS_cl_best_E2T_71447.png
  Feedback current plot saved: /dataB1/dirk_van_den_berg/repos/LPV-LFR-Baseline-Augmentation/simulations/pr_telica_split/feedback_current_cl_best_E2T_71447.png

============================================================
Structural validation  [T1a]  [baseline]
============================================================

  Ch           RMS [m]   NRMSE [%]  Verdict
  ----  --------------  ----------  ------------
  X1        6.5460e-02      432.39  POOR (>30%)
  X2        6.5747e-02      434.29  POOR (>30%)
  Y         1.9215e-01      619.21  POOR (>30%)

  Overall RMS : 1.2319e-01 m
  Thresholds  : NRMSE < 15% compatible | > 30% structural mismatch
  Eval data saved: /dataB1/dirk_van_den_berg/repos/LPV-LFR-Baseline-Augmentation/simulations/pr_telica_split/eval_data_baseline_T1a_71447.pt
  Trajectory RMS (baseline) saved: /dataB1/dirk_van_den_berg/repos/LPV-LFR-Baseline-Augmentation/simulations/pr_telica_split/trajectory_RMS_baseline_T1a_71447.png
  Trajectory NRMS (baseline) saved: /dataB1/dirk_van_den_berg/repos/LPV-LFR-Baseline-Augmentation/simulations/pr_telica_split/trajectory_NRMS_baseline_T1a_71447.png
  Residual RMS (baseline) saved: /dataB1/dirk_van_den_berg/repos/LPV-LFR-Baseline-Augmentation/simulations/pr_telica_split/residual_RMS_baseline_T1a_71447.png
  Residual NRMS (baseline) saved: /dataB1/dirk_van_den_berg/repos/LPV-LFR-Baseline-Augmentation/simulations/pr_telica_split/residual_NRMS_baseline_T1a_71447.png

============================================================
Closed-loop validation  [T1a]  [baseline]
============================================================

  Ch           RMS [m]   NRMSE [%]
  ----  --------------  ----------
  X1        1.4916e+02   985254.29
  X2        1.6868e+02  1114185.24
  Y         4.9566e+00    15972.44

  Overall RMS : 1.3003e+02 m
  NOTE: closed-loop errors are suppressed inside the loop bandwidth;
        always read next to the open-loop numbers above.
  Eval data saved: /dataB1/dirk_van_den_berg/repos/LPV-LFR-Baseline-Augmentation/simulations/pr_telica_split/eval_data_cl_baseline_T1a_71447.pt
  Trajectory RMS (cl_baseline) saved: /dataB1/dirk_van_den_berg/repos/LPV-LFR-Baseline-Augmentation/simulations/pr_telica_split/trajectory_RMS_cl_baseline_T1a_71447.png
  Residual RMS (cl_baseline) saved: /dataB1/dirk_van_den_berg/repos/LPV-LFR-Baseline-Augmentation/simulations/pr_telica_split/residual_RMS_cl_baseline_T1a_71447.png
  Feedback current plot saved: /dataB1/dirk_van_den_berg/repos/LPV-LFR-Baseline-Augmentation/simulations/pr_telica_split/feedback_current_cl_baseline_T1a_71447.png

============================================================
Structural validation  [T1b]  [baseline]
============================================================

  Ch           RMS [m]   NRMSE [%]  Verdict
  ----  --------------  ----------  ------------
  X1        6.0017e-02      389.23  POOR (>30%)
  X2        6.0345e-02      391.35  POOR (>30%)
  Y         1.7610e-01      557.86  POOR (>30%)

  Overall RMS : 1.1292e-01 m
  Thresholds  : NRMSE < 15% compatible | > 30% structural mismatch
  Eval data saved: /dataB1/dirk_van_den_berg/repos/LPV-LFR-Baseline-Augmentation/simulations/pr_telica_split/eval_data_baseline_T1b_71447.pt
  Trajectory RMS (baseline) saved: /dataB1/dirk_van_den_berg/repos/LPV-LFR-Baseline-Augmentation/simulations/pr_telica_split/trajectory_RMS_baseline_T1b_71447.png
  Trajectory NRMS (baseline) saved: /dataB1/dirk_van_den_berg/repos/LPV-LFR-Baseline-Augmentation/simulations/pr_telica_split/trajectory_NRMS_baseline_T1b_71447.png
  Residual RMS (baseline) saved: /dataB1/dirk_van_den_berg/repos/LPV-LFR-Baseline-Augmentation/simulations/pr_telica_split/residual_RMS_baseline_T1b_71447.png
  Residual NRMS (baseline) saved: /dataB1/dirk_van_den_berg/repos/LPV-LFR-Baseline-Augmentation/simulations/pr_telica_split/residual_NRMS_baseline_T1b_71447.png

============================================================
Closed-loop validation  [T1b]  [baseline]
============================================================

  Ch           RMS [m]   NRMSE [%]
  ----  --------------  ----------
  X1        1.8208e+01   118083.38
  X2        2.0533e+01   133163.01
  Y         3.8134e+00    12080.79

  Overall RMS : 1.5997e+01 m
  NOTE: closed-loop errors are suppressed inside the loop bandwidth;
        always read next to the open-loop numbers above.
  Eval data saved: /dataB1/dirk_van_den_berg/repos/LPV-LFR-Baseline-Augmentation/simulations/pr_telica_split/eval_data_cl_baseline_T1b_71447.pt
  Trajectory RMS (cl_baseline) saved: /dataB1/dirk_van_den_berg/repos/LPV-LFR-Baseline-Augmentation/simulations/pr_telica_split/trajectory_RMS_cl_baseline_T1b_71447.png
  Residual RMS (cl_baseline) saved: /dataB1/dirk_van_den_berg/repos/LPV-LFR-Baseline-Augmentation/simulations/pr_telica_split/residual_RMS_cl_baseline_T1b_71447.png
  Feedback current plot saved: /dataB1/dirk_van_den_berg/repos/LPV-LFR-Baseline-Augmentation/simulations/pr_telica_split/feedback_current_cl_baseline_T1b_71447.png

============================================================
Structural validation  [V1a]  [baseline]
============================================================

  Ch           RMS [m]   NRMSE [%]  Verdict
  ----  --------------  ----------  ------------
  X1        4.4156e-02      285.88  POOR (>30%)
  X2        4.4773e-02      289.88  POOR (>30%)
  Y         2.1570e-01      682.27  POOR (>30%)

  Overall RMS : 1.2972e-01 m
  Thresholds  : NRMSE < 15% compatible | > 30% structural mismatch
  Eval data saved: /dataB1/dirk_van_den_berg/repos/LPV-LFR-Baseline-Augmentation/simulations/pr_telica_split/eval_data_baseline_V1a_71447.pt
  Trajectory RMS (baseline) saved: /dataB1/dirk_van_den_berg/repos/LPV-LFR-Baseline-Augmentation/simulations/pr_telica_split/trajectory_RMS_baseline_V1a_71447.png
  Trajectory NRMS (baseline) saved: /dataB1/dirk_van_den_berg/repos/LPV-LFR-Baseline-Augmentation/simulations/pr_telica_split/trajectory_NRMS_baseline_V1a_71447.png
  Residual RMS (baseline) saved: /dataB1/dirk_van_den_berg/repos/LPV-LFR-Baseline-Augmentation/simulations/pr_telica_split/residual_RMS_baseline_V1a_71447.png
  Residual NRMS (baseline) saved: /dataB1/dirk_van_den_berg/repos/LPV-LFR-Baseline-Augmentation/simulations/pr_telica_split/residual_NRMS_baseline_V1a_71447.png

============================================================
Closed-loop validation  [V1a]  [baseline]
============================================================

  Ch           RMS [m]   NRMSE [%]
  ----  --------------  ----------
  X1        4.0017e+01   259085.17
  X2        4.7580e+01   308051.98
  Y         5.3169e+00    16817.85

  Overall RMS : 3.6025e+01 m
  NOTE: closed-loop errors are suppressed inside the loop bandwidth;
        always read next to the open-loop numbers above.
  Eval data saved: /dataB1/dirk_van_den_berg/repos/LPV-LFR-Baseline-Augmentation/simulations/pr_telica_split/eval_data_cl_baseline_V1a_71447.pt
  Trajectory RMS (cl_baseline) saved: /dataB1/dirk_van_den_berg/repos/LPV-LFR-Baseline-Augmentation/simulations/pr_telica_split/trajectory_RMS_cl_baseline_V1a_71447.png
  Residual RMS (cl_baseline) saved: /dataB1/dirk_van_den_berg/repos/LPV-LFR-Baseline-Augmentation/simulations/pr_telica_split/residual_RMS_cl_baseline_V1a_71447.png
  Feedback current plot saved: /dataB1/dirk_van_den_berg/repos/LPV-LFR-Baseline-Augmentation/simulations/pr_telica_split/feedback_current_cl_baseline_V1a_71447.png

============================================================
Structural validation  [V1b]  [baseline]
============================================================

  Ch           RMS [m]   NRMSE [%]  Verdict
  ----  --------------  ----------  ------------
  X1        4.3173e-02      279.52  POOR (>30%)
  X2        4.3653e-02      282.63  POOR (>30%)
  Y         2.0473e-01      647.59  POOR (>30%)

  Overall RMS : 1.2340e-01 m
  Thresholds  : NRMSE < 15% compatible | > 30% structural mismatch
  Eval data saved: /dataB1/dirk_van_den_berg/repos/LPV-LFR-Baseline-Augmentation/simulations/pr_telica_split/eval_data_baseline_V1b_71447.pt
  Trajectory RMS (baseline) saved: /dataB1/dirk_van_den_berg/repos/LPV-LFR-Baseline-Augmentation/simulations/pr_telica_split/trajectory_RMS_baseline_V1b_71447.png
  Trajectory NRMS (baseline) saved: /dataB1/dirk_van_den_berg/repos/LPV-LFR-Baseline-Augmentation/simulations/pr_telica_split/trajectory_NRMS_baseline_V1b_71447.png
  Residual RMS (baseline) saved: /dataB1/dirk_van_den_berg/repos/LPV-LFR-Baseline-Augmentation/simulations/pr_telica_split/residual_RMS_baseline_V1b_71447.png
  Residual NRMS (baseline) saved: /dataB1/dirk_van_den_berg/repos/LPV-LFR-Baseline-Augmentation/simulations/pr_telica_split/residual_NRMS_baseline_V1b_71447.png

============================================================
Closed-loop validation  [V1b]  [baseline]
============================================================

  Ch           RMS [m]   NRMSE [%]
  ----  --------------  ----------
  X1        5.3301e+01   345097.26
  X2        6.1279e+01   396750.07
  Y         5.7852e+00    18299.34

  Overall RMS : 4.7009e+01 m
  NOTE: closed-loop errors are suppressed inside the loop bandwidth;
        always read next to the open-loop numbers above.
  Eval data saved: /dataB1/dirk_van_den_berg/repos/LPV-LFR-Baseline-Augmentation/simulations/pr_telica_split/eval_data_cl_baseline_V1b_71447.pt
  Trajectory RMS (cl_baseline) saved: /dataB1/dirk_van_den_berg/repos/LPV-LFR-Baseline-Augmentation/simulations/pr_telica_split/trajectory_RMS_cl_baseline_V1b_71447.png
  Residual RMS (cl_baseline) saved: /dataB1/dirk_van_den_berg/repos/LPV-LFR-Baseline-Augmentation/simulations/pr_telica_split/residual_RMS_cl_baseline_V1b_71447.png
  Feedback current plot saved: /dataB1/dirk_van_den_berg/repos/LPV-LFR-Baseline-Augmentation/simulations/pr_telica_split/feedback_current_cl_baseline_V1b_71447.png

============================================================
Structural validation  [V2a]  [baseline]
============================================================

  Ch           RMS [m]   NRMSE [%]  Verdict
  ----  --------------  ----------  ------------
  X1        4.3852e-02      282.91  POOR (>30%)
  X2        3.8230e-02      246.64  POOR (>30%)
  Y         1.6718e-01      527.07  POOR (>30%)

  Overall RMS : 1.0220e-01 m
  Thresholds  : NRMSE < 15% compatible | > 30% structural mismatch
  Eval data saved: /dataB1/dirk_van_den_berg/repos/LPV-LFR-Baseline-Augmentation/simulations/pr_telica_split/eval_data_baseline_V2a_71447.pt
  Trajectory RMS (baseline) saved: /dataB1/dirk_van_den_berg/repos/LPV-LFR-Baseline-Augmentation/simulations/pr_telica_split/trajectory_RMS_baseline_V2a_71447.png
  Trajectory NRMS (baseline) saved: /dataB1/dirk_van_den_berg/repos/LPV-LFR-Baseline-Augmentation/simulations/pr_telica_split/trajectory_NRMS_baseline_V2a_71447.png
  Residual RMS (baseline) saved: /dataB1/dirk_van_den_berg/repos/LPV-LFR-Baseline-Augmentation/simulations/pr_telica_split/residual_RMS_baseline_V2a_71447.png
  Residual NRMS (baseline) saved: /dataB1/dirk_van_den_berg/repos/LPV-LFR-Baseline-Augmentation/simulations/pr_telica_split/residual_NRMS_baseline_V2a_71447.png

============================================================
Closed-loop validation  [V2a]  [baseline]
============================================================

  Ch           RMS [m]   NRMSE [%]
  ----  --------------  ----------
  X1        3.5316e+01   227838.05
  X2        3.9780e+01   256632.41
  Y         4.6488e+00    14656.14

  Overall RMS : 3.0829e+01 m
  NOTE: closed-loop errors are suppressed inside the loop bandwidth;
        always read next to the open-loop numbers above.
  Eval data saved: /dataB1/dirk_van_den_berg/repos/LPV-LFR-Baseline-Augmentation/simulations/pr_telica_split/eval_data_cl_baseline_V2a_71447.pt
  Trajectory RMS (cl_baseline) saved: /dataB1/dirk_van_den_berg/repos/LPV-LFR-Baseline-Augmentation/simulations/pr_telica_split/trajectory_RMS_cl_baseline_V2a_71447.png
  Residual RMS (cl_baseline) saved: /dataB1/dirk_van_den_berg/repos/LPV-LFR-Baseline-Augmentation/simulations/pr_telica_split/residual_RMS_cl_baseline_V2a_71447.png
  Feedback current plot saved: /dataB1/dirk_van_den_berg/repos/LPV-LFR-Baseline-Augmentation/simulations/pr_telica_split/feedback_current_cl_baseline_V2a_71447.png

============================================================
Structural validation  [V2b]  [baseline]
============================================================

  Ch           RMS [m]   NRMSE [%]  Verdict
  ----  --------------  ----------  ------------
  X1        4.4282e-02      281.12  POOR (>30%)
  X2        3.9536e-02      250.99  POOR (>30%)
  Y         1.5572e-01      483.75  POOR (>30%)

  Overall RMS : 9.6216e-02 m
  Thresholds  : NRMSE < 15% compatible | > 30% structural mismatch
  Eval data saved: /dataB1/dirk_van_den_berg/repos/LPV-LFR-Baseline-Augmentation/simulations/pr_telica_split/eval_data_baseline_V2b_71447.pt
  Trajectory RMS (baseline) saved: /dataB1/dirk_van_den_berg/repos/LPV-LFR-Baseline-Augmentation/simulations/pr_telica_split/trajectory_RMS_baseline_V2b_71447.png
  Trajectory NRMS (baseline) saved: /dataB1/dirk_van_den_berg/repos/LPV-LFR-Baseline-Augmentation/simulations/pr_telica_split/trajectory_NRMS_baseline_V2b_71447.png
  Residual RMS (baseline) saved: /dataB1/dirk_van_den_berg/repos/LPV-LFR-Baseline-Augmentation/simulations/pr_telica_split/residual_RMS_baseline_V2b_71447.png
  Residual NRMS (baseline) saved: /dataB1/dirk_van_den_berg/repos/LPV-LFR-Baseline-Augmentation/simulations/pr_telica_split/residual_NRMS_baseline_V2b_71447.png

============================================================
Closed-loop validation  [V2b]  [baseline]
============================================================

  Ch           RMS [m]   NRMSE [%]
  ----  --------------  ----------
  X1        6.1857e+00    39269.62
  X2        5.7736e+00    36653.37
  Y         2.5245e+00     7842.50

  Overall RMS : 5.0981e+00 m
  NOTE: closed-loop errors are suppressed inside the loop bandwidth;
        always read next to the open-loop numbers above.
  Eval data saved: /dataB1/dirk_van_den_berg/repos/LPV-LFR-Baseline-Augmentation/simulations/pr_telica_split/eval_data_cl_baseline_V2b_71447.pt
  Trajectory RMS (cl_baseline) saved: /dataB1/dirk_van_den_berg/repos/LPV-LFR-Baseline-Augmentation/simulations/pr_telica_split/trajectory_RMS_cl_baseline_V2b_71447.png
  Residual RMS (cl_baseline) saved: /dataB1/dirk_van_den_berg/repos/LPV-LFR-Baseline-Augmentation/simulations/pr_telica_split/residual_RMS_cl_baseline_V2b_71447.png
  Feedback current plot saved: /dataB1/dirk_van_den_berg/repos/LPV-LFR-Baseline-Augmentation/simulations/pr_telica_split/feedback_current_cl_baseline_V2b_71447.png

============================================================
Structural validation  [E1a]  [baseline]
============================================================

  Ch           RMS [m]   NRMSE [%]  Verdict
  ----  --------------  ----------  ------------
  X1        4.3787e-02      282.19  POOR (>30%)
  X2        4.5043e-02      290.28  POOR (>30%)
  Y         1.2974e-01      408.64  POOR (>30%)

  Overall RMS : 8.3224e-02 m
  Thresholds  : NRMSE < 15% compatible | > 30% structural mismatch
  Eval data saved: /dataB1/dirk_van_den_berg/repos/LPV-LFR-Baseline-Augmentation/simulations/pr_telica_split/eval_data_baseline_E1a_71447.pt
  Trajectory RMS (baseline) saved: /dataB1/dirk_van_den_berg/repos/LPV-LFR-Baseline-Augmentation/simulations/pr_telica_split/trajectory_RMS_baseline_E1a_71447.png
  Trajectory NRMS (baseline) saved: /dataB1/dirk_van_den_berg/repos/LPV-LFR-Baseline-Augmentation/simulations/pr_telica_split/trajectory_NRMS_baseline_E1a_71447.png
  Residual RMS (baseline) saved: /dataB1/dirk_van_den_berg/repos/LPV-LFR-Baseline-Augmentation/simulations/pr_telica_split/residual_RMS_baseline_E1a_71447.png
  Residual NRMS (baseline) saved: /dataB1/dirk_van_den_berg/repos/LPV-LFR-Baseline-Augmentation/simulations/pr_telica_split/residual_NRMS_baseline_E1a_71447.png

============================================================
Closed-loop validation  [E1a]  [baseline]
============================================================

  Ch           RMS [m]   NRMSE [%]
  ----  --------------  ----------
  X1        1.1785e+01    75948.34
  X2        1.2795e+01    82457.35
  Y         3.0506e+00     9608.52

  Overall RMS : 1.0196e+01 m
  NOTE: closed-loop errors are suppressed inside the loop bandwidth;
        always read next to the open-loop numbers above.
  Eval data saved: /dataB1/dirk_van_den_berg/repos/LPV-LFR-Baseline-Augmentation/simulations/pr_telica_split/eval_data_cl_baseline_E1a_71447.pt
  Trajectory RMS (cl_baseline) saved: /dataB1/dirk_van_den_berg/repos/LPV-LFR-Baseline-Augmentation/simulations/pr_telica_split/trajectory_RMS_cl_baseline_E1a_71447.png
  Residual RMS (cl_baseline) saved: /dataB1/dirk_van_den_berg/repos/LPV-LFR-Baseline-Augmentation/simulations/pr_telica_split/residual_RMS_cl_baseline_E1a_71447.png
  Feedback current plot saved: /dataB1/dirk_van_den_berg/repos/LPV-LFR-Baseline-Augmentation/simulations/pr_telica_split/feedback_current_cl_baseline_E1a_71447.png

============================================================
Structural validation  [E1b]  [baseline]
============================================================

  Ch           RMS [m]   NRMSE [%]  Verdict
  ----  --------------  ----------  ------------
  X1        4.4132e-02      284.70  POOR (>30%)
  X2        4.5310e-02      292.30  POOR (>30%)
  Y         1.3743e-01      433.27  POOR (>30%)

  Overall RMS : 8.7347e-02 m
  Thresholds  : NRMSE < 15% compatible | > 30% structural mismatch
  Eval data saved: /dataB1/dirk_van_den_berg/repos/LPV-LFR-Baseline-Augmentation/simulations/pr_telica_split/eval_data_baseline_E1b_71447.pt
  Trajectory RMS (baseline) saved: /dataB1/dirk_van_den_berg/repos/LPV-LFR-Baseline-Augmentation/simulations/pr_telica_split/trajectory_RMS_baseline_E1b_71447.png
  Trajectory NRMS (baseline) saved: /dataB1/dirk_van_den_berg/repos/LPV-LFR-Baseline-Augmentation/simulations/pr_telica_split/trajectory_NRMS_baseline_E1b_71447.png
  Residual RMS (baseline) saved: /dataB1/dirk_van_den_berg/repos/LPV-LFR-Baseline-Augmentation/simulations/pr_telica_split/residual_RMS_baseline_E1b_71447.png
  Residual NRMS (baseline) saved: /dataB1/dirk_van_den_berg/repos/LPV-LFR-Baseline-Augmentation/simulations/pr_telica_split/residual_NRMS_baseline_E1b_71447.png

============================================================
Closed-loop validation  [E1b]  [baseline]
============================================================

  Ch           RMS [m]   NRMSE [%]
  ----  --------------  ----------
  X1        1.2409e+01    80054.91
  X2        1.2196e+01    78680.44
  Y         3.0443e+00     9597.37

  Overall RMS : 1.0198e+01 m
  NOTE: closed-loop errors are suppressed inside the loop bandwidth;
        always read next to the open-loop numbers above.
  Eval data saved: /dataB1/dirk_van_den_berg/repos/LPV-LFR-Baseline-Augmentation/simulations/pr_telica_split/eval_data_cl_baseline_E1b_71447.pt
  Trajectory RMS (cl_baseline) saved: /dataB1/dirk_van_den_berg/repos/LPV-LFR-Baseline-Augmentation/simulations/pr_telica_split/trajectory_RMS_cl_baseline_E1b_71447.png
  Residual RMS (cl_baseline) saved: /dataB1/dirk_van_den_berg/repos/LPV-LFR-Baseline-Augmentation/simulations/pr_telica_split/residual_RMS_cl_baseline_E1b_71447.png
  Feedback current plot saved: /dataB1/dirk_van_den_berg/repos/LPV-LFR-Baseline-Augmentation/simulations/pr_telica_split/feedback_current_cl_baseline_E1b_71447.png

============================================================
Structural validation  [E1T]  [baseline]
============================================================

  Ch           RMS [m]   NRMSE [%]  Verdict
  ----  --------------  ----------  ------------
  X1        5.5048e-02      369.82  POOR (>30%)
  X2        5.7693e-02      387.58  POOR (>30%)
  Y         1.6479e-01      539.51  POOR (>30%)

  Overall RMS : 1.0570e-01 m
  Thresholds  : NRMSE < 15% compatible | > 30% structural mismatch
  Eval data saved: /dataB1/dirk_van_den_berg/repos/LPV-LFR-Baseline-Augmentation/simulations/pr_telica_split/eval_data_baseline_E1T_71447.pt
  Trajectory RMS (baseline) saved: /dataB1/dirk_van_den_berg/repos/LPV-LFR-Baseline-Augmentation/simulations/pr_telica_split/trajectory_RMS_baseline_E1T_71447.png
  Trajectory NRMS (baseline) saved: /dataB1/dirk_van_den_berg/repos/LPV-LFR-Baseline-Augmentation/simulations/pr_telica_split/trajectory_NRMS_baseline_E1T_71447.png
  Residual RMS (baseline) saved: /dataB1/dirk_van_den_berg/repos/LPV-LFR-Baseline-Augmentation/simulations/pr_telica_split/residual_RMS_baseline_E1T_71447.png
  Residual NRMS (baseline) saved: /dataB1/dirk_van_den_berg/repos/LPV-LFR-Baseline-Augmentation/simulations/pr_telica_split/residual_NRMS_baseline_E1T_71447.png

============================================================
Closed-loop validation  [E1T]  [baseline]
============================================================

  Ch           RMS [m]   NRMSE [%]
  ----  --------------  ----------
  X1        6.2320e+02  4186737.88
  X2        7.7858e+02  5230577.30
  Y         5.0799e+00    16630.94

  Overall RMS : 5.7579e+02 m
  NOTE: closed-loop errors are suppressed inside the loop bandwidth;
        always read next to the open-loop numbers above.
  Eval data saved: /dataB1/dirk_van_den_berg/repos/LPV-LFR-Baseline-Augmentation/simulations/pr_telica_split/eval_data_cl_baseline_E1T_71447.pt
  Trajectory RMS (cl_baseline) saved: /dataB1/dirk_van_den_berg/repos/LPV-LFR-Baseline-Augmentation/simulations/pr_telica_split/trajectory_RMS_cl_baseline_E1T_71447.png
  Residual RMS (cl_baseline) saved: /dataB1/dirk_van_den_berg/repos/LPV-LFR-Baseline-Augmentation/simulations/pr_telica_split/residual_RMS_cl_baseline_E1T_71447.png
  Feedback current plot saved: /dataB1/dirk_van_den_berg/repos/LPV-LFR-Baseline-Augmentation/simulations/pr_telica_split/feedback_current_cl_baseline_E1T_71447.png

============================================================
Structural validation  [E2a]  [baseline]
============================================================

  Ch           RMS [m]   NRMSE [%]  Verdict
  ----  --------------  ----------  ------------
  X1        5.6692e-02      365.54  POOR (>30%)
  X2        5.6495e-02      364.27  POOR (>30%)
  Y         2.0261e-01      638.44  POOR (>30%)

  Overall RMS : 1.2577e-01 m
  Thresholds  : NRMSE < 15% compatible | > 30% structural mismatch
  Eval data saved: /dataB1/dirk_van_den_berg/repos/LPV-LFR-Baseline-Augmentation/simulations/pr_telica_split/eval_data_baseline_E2a_71447.pt
  Trajectory RMS (baseline) saved: /dataB1/dirk_van_den_berg/repos/LPV-LFR-Baseline-Augmentation/simulations/pr_telica_split/trajectory_RMS_baseline_E2a_71447.png
  Trajectory NRMS (baseline) saved: /dataB1/dirk_van_den_berg/repos/LPV-LFR-Baseline-Augmentation/simulations/pr_telica_split/trajectory_NRMS_baseline_E2a_71447.png
  Residual RMS (baseline) saved: /dataB1/dirk_van_den_berg/repos/LPV-LFR-Baseline-Augmentation/simulations/pr_telica_split/residual_RMS_baseline_E2a_71447.png
  Residual NRMS (baseline) saved: /dataB1/dirk_van_den_berg/repos/LPV-LFR-Baseline-Augmentation/simulations/pr_telica_split/residual_NRMS_baseline_E2a_71447.png

============================================================
Closed-loop validation  [E2a]  [baseline]
============================================================

  Ch           RMS [m]   NRMSE [%]
  ----  --------------  ----------
  X1        1.7634e+01   113700.26
  X2        1.7685e+01   114027.68
  Y         3.8760e+00    12213.65

  Overall RMS : 1.4591e+01 m
  NOTE: closed-loop errors are suppressed inside the loop bandwidth;
        always read next to the open-loop numbers above.
  Eval data saved: /dataB1/dirk_van_den_berg/repos/LPV-LFR-Baseline-Augmentation/simulations/pr_telica_split/eval_data_cl_baseline_E2a_71447.pt
  Trajectory RMS (cl_baseline) saved: /dataB1/dirk_van_den_berg/repos/LPV-LFR-Baseline-Augmentation/simulations/pr_telica_split/trajectory_RMS_cl_baseline_E2a_71447.png
  Residual RMS (cl_baseline) saved: /dataB1/dirk_van_den_berg/repos/LPV-LFR-Baseline-Augmentation/simulations/pr_telica_split/residual_RMS_cl_baseline_E2a_71447.png
  Feedback current plot saved: /dataB1/dirk_van_den_berg/repos/LPV-LFR-Baseline-Augmentation/simulations/pr_telica_split/feedback_current_cl_baseline_E2a_71447.png

============================================================
Structural validation  [E2b]  [baseline]
============================================================

  Ch           RMS [m]   NRMSE [%]  Verdict
  ----  --------------  ----------  ------------
  X1        6.8787e-02      457.14  POOR (>30%)
  X2        6.8467e-02      455.02  POOR (>30%)
  Y         2.2162e-01      718.21  POOR (>30%)

  Overall RMS : 1.3968e-01 m
  Thresholds  : NRMSE < 15% compatible | > 30% structural mismatch
  Eval data saved: /dataB1/dirk_van_den_berg/repos/LPV-LFR-Baseline-Augmentation/simulations/pr_telica_split/eval_data_baseline_E2b_71447.pt
  Trajectory RMS (baseline) saved: /dataB1/dirk_van_den_berg/repos/LPV-LFR-Baseline-Augmentation/simulations/pr_telica_split/trajectory_RMS_baseline_E2b_71447.png
  Trajectory NRMS (baseline) saved: /dataB1/dirk_van_den_berg/repos/LPV-LFR-Baseline-Augmentation/simulations/pr_telica_split/trajectory_NRMS_baseline_E2b_71447.png
  Residual RMS (baseline) saved: /dataB1/dirk_van_den_berg/repos/LPV-LFR-Baseline-Augmentation/simulations/pr_telica_split/residual_RMS_baseline_E2b_71447.png
  Residual NRMS (baseline) saved: /dataB1/dirk_van_den_berg/repos/LPV-LFR-Baseline-Augmentation/simulations/pr_telica_split/residual_NRMS_baseline_E2b_71447.png

============================================================
Closed-loop validation  [E2b]  [baseline]
============================================================

  Ch           RMS [m]   NRMSE [%]
  ----  --------------  ----------
  X1        1.1334e+03  7532632.11
  X2        1.3547e+03  9002803.41
  Y         5.7807e+00    18734.24

  Overall RMS : 1.0198e+03 m
  NOTE: closed-loop errors are suppressed inside the loop bandwidth;
        always read next to the open-loop numbers above.
  Eval data saved: /dataB1/dirk_van_den_berg/repos/LPV-LFR-Baseline-Augmentation/simulations/pr_telica_split/eval_data_cl_baseline_E2b_71447.pt
  Trajectory RMS (cl_baseline) saved: /dataB1/dirk_van_den_berg/repos/LPV-LFR-Baseline-Augmentation/simulations/pr_telica_split/trajectory_RMS_cl_baseline_E2b_71447.png
  Residual RMS (cl_baseline) saved: /dataB1/dirk_van_den_berg/repos/LPV-LFR-Baseline-Augmentation/simulations/pr_telica_split/residual_RMS_cl_baseline_E2b_71447.png
  Feedback current plot saved: /dataB1/dirk_van_den_berg/repos/LPV-LFR-Baseline-Augmentation/simulations/pr_telica_split/feedback_current_cl_baseline_E2b_71447.png

============================================================
Structural validation  [E2T]  [baseline]
============================================================

  Ch           RMS [m]   NRMSE [%]  Verdict
  ----  --------------  ----------  ------------
  X1        7.8928e-02      532.55  POOR (>30%)
  X2        7.9677e-02      537.60  POOR (>30%)
  Y         2.3930e-01      786.62  POOR (>30%)

  Overall RMS : 1.5258e-01 m
  Thresholds  : NRMSE < 15% compatible | > 30% structural mismatch
  Eval data saved: /dataB1/dirk_van_den_berg/repos/LPV-LFR-Baseline-Augmentation/simulations/pr_telica_split/eval_data_baseline_E2T_71447.pt
  Trajectory RMS (baseline) saved: /dataB1/dirk_van_den_berg/repos/LPV-LFR-Baseline-Augmentation/simulations/pr_telica_split/trajectory_RMS_baseline_E2T_71447.png
  Trajectory NRMS (baseline) saved: /dataB1/dirk_van_den_berg/repos/LPV-LFR-Baseline-Augmentation/simulations/pr_telica_split/trajectory_NRMS_baseline_E2T_71447.png
  Residual RMS (baseline) saved: /dataB1/dirk_van_den_berg/repos/LPV-LFR-Baseline-Augmentation/simulations/pr_telica_split/residual_RMS_baseline_E2T_71447.png
  Residual NRMS (baseline) saved: /dataB1/dirk_van_den_berg/repos/LPV-LFR-Baseline-Augmentation/simulations/pr_telica_split/residual_NRMS_baseline_E2T_71447.png

============================================================
Closed-loop validation  [E2T]  [baseline]
============================================================

  Ch           RMS [m]   NRMSE [%]
  ----  --------------  ----------
  X1        4.4905e+03  30298616.37
  X2        5.7009e+03  38465505.16
  Y         7.7693e+00    25539.12

  Overall RMS : 4.1899e+03 m
  NOTE: closed-loop errors are suppressed inside the loop bandwidth;
        always read next to the open-loop numbers above.
  Eval data saved: /dataB1/dirk_van_den_berg/repos/LPV-LFR-Baseline-Augmentation/simulations/pr_telica_split/eval_data_cl_baseline_E2T_71447.pt
  Trajectory RMS (cl_baseline) saved: /dataB1/dirk_van_den_berg/repos/LPV-LFR-Baseline-Augmentation/simulations/pr_telica_split/trajectory_RMS_cl_baseline_E2T_71447.png
  Residual RMS (cl_baseline) saved: /dataB1/dirk_van_den_berg/repos/LPV-LFR-Baseline-Augmentation/simulations/pr_telica_split/residual_RMS_cl_baseline_E2T_71447.png
  Feedback current plot saved: /dataB1/dirk_van_den_berg/repos/LPV-LFR-Baseline-Augmentation/simulations/pr_telica_split/feedback_current_cl_baseline_E2T_71447.png

========================================
Finished at Fri Jul 17 05:28:11 AM CEST 2026
========================================
