job_id=67923
node_list=blade4
cpus_per_task=4
cuda_visible_devices=<unset>
Wed Jun 24 12:07:06 AM CEST 2026
=== CPU info ===
CPU(s):                                  64
On-line CPU(s) list:                     0-63
Model name:                              AMD EPYC 7742 64-Core Processor
Thread(s) per core:                      1
Core(s) per socket:                      64
Socket(s):                               1
NUMA node0 CPU(s):                       0-63
=== gantry_interconnect_dynamic CPU ===
Gym has been unmaintained since 2022 and does not support NumPy 2.0 amongst other critical functionality.
Please upgrade to Gymnasium, the maintained drop-in replacement of Gym, or contact the authors of your software and request that they upgrade.
Users of this version of Gym should be able to simply replace 'import gym' with 'import gymnasium as gym' in the vast majority of cases.
See the migration guide at https://gymnasium.farama.org/introduction/migration_guide/ for additional information.
Data dir (multisine): /dataB1/dirk_van_den_berg/repos/LPV-LFR-Baseline-Augmentation/scripts/gantry/../../data/gantry/matlab/multisine
Loaded val augmented GT: x_logical=(8000, 6)  delta_a std=8.436e-05 m  vdelta_a std=8.109e-02 m/s
Loaded 8 training trajectories, 1 val, 1 test
  T1: 8000 samples  (T1_Y_sweep_conservative.mat)
  T2: 8000 samples  (T2_X_sym_Y030.mat)
  T3: 8000 samples  (T3_X_sym_Y000.mat)
  T4: 8000 samples  (T4_X_antisym_Y020.mat)
  T5: 8000 samples  (T5_X_sym_Y_sweep.mat)
  T6: 8000 samples  (T6_Y_sweep_aggressive.mat)
  T7: 8000 samples  (T7_X_antisym_Y_sweep.mat)
  T8: 8000 samples  (T8_X_sym_anti_Y_sweep.mat)

Configuration:
  MODE:               multisine
  USE_HYBRID_ENCODER: False
  save_dir:           /dataB1/dirk_van_den_berg/repos/LPV-LFR-Baseline-Augmentation/scripts/gantry/../../simulations/gantry_subnet/multisine_linear_map
  NF_SECONDS:         0.1
  na_nb (samples):    17  (4.25 ms)
  Sampling rate:      4000 Hz (D=5)
  Dtype:              float32
  USE_OPTUNA:         False
  ANN_ACTIVATION:     tanh

Hyperparameters:
  NX_ANN: 2
  n_nodes_per_layer: 16
  n_hidden_layers: 2
  up_sample: 2
  nf: 400
  na_nb: 17
  batch_size: 256
  lr: 0.0005
  epochs: 20
WARNING: baseline_states.npz not found, using finite-diff states for normalization

Computing baseline FP NRMS (fixed reference, no MSD)...

=== Baseline FP model sim-NRMS (no MSD, reference to beat) ===
  X1: 0.0034
  X2: 0.0031
  Y : 0.0037

Training 20 epochs in 2 chunks of 10 (+0 remainder), NX_ANN=2
Model already initilized (init_model_done=True), skipping initilizing of the model, the norm and the creation of the optimizer
Size of the training array =  591.0 MB
N_training_samples = 60608, batch_size = 256, N_batch_updates_per_epoch = 236
(0,)
Initial Validation sim-RMS= 0.002114038

  0%|          | 0/2360 [00:00<?, ?it/s]
  0%|          | 1/2360 [00:05<3:36:37,  5.51s/it]
  0%|          | 2/2360 [00:10<3:34:19,  5.45s/it]
  0%|          | 3/2360 [00:16<3:31:24,  5.38s/it]
  0%|          | 4/2360 [00:21<3:32:41,  5.42s/it]
  0%|          | 5/2360 [00:26<3:30:50,  5.37s/it]
  0%|          | 6/2360 [00:32<3:30:42,  5.37s/it]
  0%|          | 7/2360 [00:37<3:31:22,  5.39s/it]
  0%|          | 8/2360 [00:43<3:30:45,  5.38s/it]
  0%|          | 9/2360 [00:48<3:31:12,  5.39s/it]
  0%|          | 10/2360 [00:53<3:29:27,  5.35s/it]
  0%|          | 11/2360 [00:59<3:30:16,  5.37s/it]
  1%|          | 12/2360 [01:04<3:29:20,  5.35s/it]
  1%|          | 13/2360 [01:09<3:30:35,  5.38s/it]
  1%|          | 14/2360 [01:15<3:30:25,  5.38s/it]
  1%|          | 15/2360 [01:20<3:29:53,  5.37s/it]
  1%|          | 16/2360 [01:26<3:29:45,  5.37s/it]
  1%|          | 17/2360 [01:31<3:28:50,  5.35s/it]
  1%|          | 18/2360 [01:36<3:29:32,  5.37s/it]
  1%|          | 19/2360 [01:42<3:30:08,  5.39s/it]
  1%|          | 20/2360 [01:47<3:29:05,  5.36s/it]
  1%|          | 21/2360 [01:52<3:29:38,  5.38s/it]
  1%|          | 22/2360 [01:58<3:28:35,  5.35s/it]
  1%|          | 23/2360 [02:03<3:29:46,  5.39s/it]
  1%|          | 24/2360 [02:09<3:29:32,  5.38s/it]
  1%|          | 25/2360 [02:14<3:28:27,  5.36s/it]
  1%|          | 26/2360 [02:19<3:29:38,  5.39s/it]
  1%|          | 27/2360 [02:25<3:29:57,  5.40s/it]
  1%|          | 28/2360 [02:30<3:28:02,  5.35s/it]
  1%|          | 29/2360 [02:35<3:28:45,  5.37s/it]
  1%|▏         | 30/2360 [02:41<3:27:49,  5.35s/it]
  1%|▏         | 31/2360 [02:46<3:29:09,  5.39s/it]
  1%|▏         | 32/2360 [02:52<3:29:25,  5.40s/it]
  1%|▏         | 33/2360 [02:57<3:27:36,  5.35s/it]
  1%|▏         | 34/2360 [03:02<3:28:18,  5.37s/it]
  1%|▏         | 35/2360 [03:08<3:27:19,  5.35s/it]
  2%|▏         | 36/2360 [03:13<3:28:04,  5.37s/it]
  2%|▏         | 37/2360 [03:18<3:27:55,  5.37s/it]
  2%|▏         | 38/2360 [03:24<3:27:49,  5.37s/it]
  2%|▏         | 39/2360 [03:29<3:29:02,  5.40s/it]
  2%|▏         | 40/2360 [03:35<3:27:47,  5.37s/it]
  2%|▏         | 41/2360 [03:40<3:27:40,  5.37s/it]
  2%|▏         | 42/2360 [03:45<3:26:47,  5.35s/it]
  2%|▏         | 43/2360 [03:51<3:27:25,  5.37s/it]
  2%|▏         | 44/2360 [03:56<3:27:57,  5.39s/it]
  2%|▏         | 45/2360 [04:01<3:26:50,  5.36s/it]
  2%|▏         | 46/2360 [04:07<3:27:26,  5.38s/it]
  2%|▏         | 47/2360 [04:12<3:27:57,  5.39s/it]
  2%|▏         | 48/2360 [04:17<3:26:46,  5.37s/it]
  2%|▏         | 49/2360 [04:23<3:27:22,  5.38s/it]
  2%|▏         | 50/2360 [04:28<3:26:21,  5.36s/it]
  2%|▏         | 51/2360 [04:34<3:26:59,  5.38s/it]
  2%|▏         | 52/2360 [04:39<3:27:29,  5.39s/it]
  2%|▏         | 53/2360 [04:44<3:26:22,  5.37s/it]
  2%|▏         | 54/2360 [04:50<3:27:34,  5.40s/it]
  2%|▏         | 55/2360 [04:55<3:25:45,  5.36s/it]
  2%|▏         | 56/2360 [05:01<3:26:29,  5.38s/it]
  2%|▏         | 57/2360 [05:06<3:26:04,  5.37s/it]
  2%|▏         | 58/2360 [05:11<3:26:02,  5.37s/it]
  2%|▎         | 59/2360 [05:17<3:27:10,  5.40s/it]
  3%|▎         | 60/2360 [05:22<3:25:22,  5.36s/it]
  3%|▎         | 61/2360 [05:27<3:26:02,  5.38s/it]
  3%|▎         | 62/2360 [05:33<3:25:04,  5.35s/it]
  3%|▎         | 63/2360 [05:38<3:26:17,  5.39s/it]
  3%|▎         | 64/2360 [05:44<3:26:04,  5.39s/it]
  3%|▎         | 65/2360 [05:49<3:25:31,  5.37s/it]
  3%|▎         | 66/2360 [05:54<3:25:23,  5.37s/it]
  3%|▎         | 67/2360 [06:00<3:25:57,  5.39s/it]
  3%|▎         | 68/2360 [06:05<3:24:50,  5.36s/it]
  3%|▎         | 69/2360 [06:10<3:25:30,  5.38s/it]
  3%|▎         | 70/2360 [06:16<3:25:06,  5.37s/it]
  3%|▎         | 71/2360 [06:21<3:25:01,  5.37s/it]
  3%|▎         | 72/2360 [06:27<3:26:09,  5.41s/it]
  3%|▎         | 73/2360 [06:32<3:24:17,  5.36s/it]
  3%|▎         | 74/2360 [06:37<3:24:59,  5.38s/it]
  3%|▎         | 75/2360 [06:43<3:24:00,  5.36s/it]
  3%|▎         | 76/2360 [06:48<3:24:42,  5.38s/it]
  3%|▎         | 77/2360 [06:53<3:23:48,  5.36s/it]
  3%|▎         | 78/2360 [06:59<3:24:24,  5.37s/it]
  3%|▎         | 79/2360 [07:04<3:25:33,  5.41s/it]
  3%|▎         | 80/2360 [07:10<3:23:41,  5.36s/it]
  3%|▎         | 81/2360 [07:15<3:24:19,  5.38s/it]
  3%|▎         | 82/2360 [07:20<3:23:57,  5.37s/it]
  4%|▎         | 83/2360 [07:26<3:23:47,  5.37s/it]
  4%|▎         | 84/2360 [07:31<3:24:20,  5.39s/it]
  4%|▎         | 85/2360 [07:36<3:23:15,  5.36s/it]
  4%|▎         | 86/2360 [07:42<3:24:26,  5.39s/it]
  4%|▎         | 87/2360 [07:47<3:24:12,  5.39s/it]
  4%|▎         | 88/2360 [07:53<3:23:39,  5.38s/it]
  4%|▍         | 89/2360 [07:58<3:23:29,  5.38s/it]
  4%|▍         | 90/2360 [08:03<3:23:04,  5.37s/it]
  4%|▍         | 91/2360 [08:09<3:23:02,  5.37s/it]
  4%|▍         | 92/2360 [08:14<3:23:38,  5.39s/it]
  4%|▍         | 93/2360 [08:19<3:22:40,  5.36s/it]
  4%|▍         | 94/2360 [08:25<3:23:14,  5.38s/it]
  4%|▍         | 95/2360 [08:30<3:22:14,  5.36s/it]
  4%|▍         | 96/2360 [08:36<3:22:49,  5.38s/it]
  4%|▍         | 97/2360 [08:41<3:21:56,  5.35s/it]
  4%|▍         | 98/2360 [08:46<3:22:34,  5.37s/it]
  4%|▍         | 99/2360 [08:52<3:23:36,  5.40s/it]
  4%|▍         | 100/2360 [08:57<3:22:18,  5.37s/it]
  4%|▍         | 101/2360 [09:02<3:22:11,  5.37s/it]
  4%|▍         | 102/2360 [09:08<3:21:51,  5.36s/it]
  4%|▍         | 103/2360 [09:13<3:21:44,  5.36s/it]
  4%|▍         | 104/2360 [09:19<3:22:20,  5.38s/it]
  4%|▍         | 105/2360 [09:24<3:21:52,  5.37s/it]
  4%|▍         | 106/2360 [09:29<3:21:50,  5.37s/it]
  5%|▍         | 107/2360 [09:35<3:22:21,  5.39s/it]
  5%|▍         | 108/2360 [09:40<3:21:47,  5.38s/it]
  5%|▍         | 109/2360 [09:45<3:21:36,  5.37s/it]
  5%|▍         | 110/2360 [09:51<3:20:40,  5.35s/it]
  5%|▍         | 111/2360 [09:56<3:21:19,  5.37s/it]
  5%|▍         | 112/2360 [10:02<3:21:52,  5.39s/it]
  5%|▍         | 113/2360 [10:07<3:21:24,  5.38s/it]
  5%|▍         | 114/2360 [10:12<3:21:16,  5.38s/it]
  5%|▍         | 115/2360 [10:18<3:20:53,  5.37s/it]
  5%|▍         | 116/2360 [10:23<3:20:52,  5.37s/it]
  5%|▍         | 117/2360 [10:28<3:19:59,  5.35s/it]
  5%|▌         | 118/2360 [10:34<3:21:09,  5.38s/it]
  5%|▌         | 119/2360 [10:39<3:20:56,  5.38s/it]
  5%|▌         | 120/2360 [10:44<3:20:28,  5.37s/it]
  5%|▌         | 121/2360 [10:50<3:20:23,  5.37s/it]
  5%|▌         | 122/2360 [10:55<3:19:28,  5.35s/it]
  5%|▌         | 123/2360 [11:01<3:20:11,  5.37s/it]
  5%|▌         | 124/2360 [11:06<3:20:43,  5.39s/it]
  5%|▌         | 125/2360 [11:11<3:20:11,  5.37s/it]
  5%|▌         | 126/2360 [11:17<3:20:33,  5.39s/it]
  5%|▌         | 127/2360 [11:22<3:20:53,  5.40s/it]
  5%|▌         | 128/2360 [11:27<3:19:10,  5.35s/it]
  5%|▌         | 129/2360 [11:33<3:20:27,  5.39s/it]
  6%|▌         | 130/2360 [11:38<3:18:49,  5.35s/it]
  6%|▌         | 131/2360 [11:44<3:19:32,  5.37s/it]
  6%|▌         | 132/2360 [11:49<3:20:06,  5.39s/it]
  6%|▌         | 133/2360 [11:54<3:19:03,  5.36s/it]
  6%|▌         | 134/2360 [12:00<3:19:38,  5.38s/it]
  6%|▌         | 135/2360 [12:05<3:18:38,  5.36s/it]
  6%|▌         | 136/2360 [12:10<3:19:17,  5.38s/it]
  6%|▌         | 137/2360 [12:16<3:18:21,  5.35s/it]
  6%|▌         | 138/2360 [12:21<3:19:01,  5.37s/it]
  6%|▌         | 139/2360 [12:27<3:19:24,  5.39s/it]
  6%|▌         | 140/2360 [12:32<3:18:27,  5.36s/it]
  6%|▌         | 141/2360 [12:37<3:19:37,  5.40s/it]
  6%|▌         | 142/2360 [12:43<3:18:26,  5.37s/it]
  6%|▌         | 143/2360 [12:48<3:18:52,  5.38s/it]
  6%|▌         | 144/2360 [12:53<3:18:38,  5.38s/it]
  6%|▌         | 145/2360 [12:59<3:17:42,  5.36s/it]
  6%|▌         | 146/2360 [13:04<3:18:53,  5.39s/it]
  6%|▌         | 147/2360 [13:10<3:18:39,  5.39s/it]
  6%|▋         | 148/2360 [13:15<3:18:12,  5.38s/it]
  6%|▋         | 149/2360 [13:20<3:18:37,  5.39s/it]
  6%|▋         | 150/2360 [13:26<3:16:57,  5.35s/it]
  6%|▋         | 151/2360 [13:31<3:17:41,  5.37s/it]
  6%|▋         | 152/2360 [13:37<3:18:14,  5.39s/it]
  6%|▋         | 153/2360 [13:42<3:17:12,  5.36s/it]
  7%|▋         | 154/2360 [13:47<3:18:20,  5.39s/it]
  7%|▋         | 155/2360 [13:53<3:16:38,  5.35s/it]
  7%|▋         | 156/2360 [13:58<3:17:19,  5.37s/it]
  7%|▋         | 157/2360 [14:03<3:16:27,  5.35s/it]
  7%|▋         | 158/2360 [14:09<3:17:08,  5.37s/it]
  7%|▋         | 159/2360 [14:14<3:18:13,  5.40s/it]
  7%|▋         | 160/2360 [14:19<3:16:28,  5.36s/it]
  7%|▋         | 161/2360 [14:25<3:17:07,  5.38s/it]
  7%|▋         | 162/2360 [14:30<3:16:43,  5.37s/it]
  7%|▋         | 163/2360 [14:36<3:16:36,  5.37s/it]
  7%|▋         | 164/2360 [14:41<3:17:06,  5.39s/it]
  7%|▋         | 165/2360 [14:46<3:16:07,  5.36s/it]
  7%|▋         | 166/2360 [14:52<3:17:10,  5.39s/it]
  7%|▋         | 167/2360 [14:57<3:17:28,  5.40s/it]
  7%|▋         | 168/2360 [15:02<3:16:18,  5.37s/it]
  7%|▋         | 169/2360 [15:08<3:16:48,  5.39s/it]
  7%|▋         | 170/2360 [15:13<3:15:17,  5.35s/it]
  7%|▋         | 171/2360 [15:19<3:15:56,  5.37s/it]
  7%|▋         | 172/2360 [15:24<3:16:58,  5.40s/it]
  7%|▋         | 173/2360 [15:29<3:15:12,  5.36s/it]
  7%|▋         | 174/2360 [15:35<3:15:51,  5.38s/it]
  7%|▋         | 175/2360 [15:40<3:15:00,  5.36s/it]
  7%|▋         | 176/2360 [15:45<3:15:38,  5.37s/it]
  8%|▊         | 177/2360 [15:51<3:15:17,  5.37s/it]
  8%|▊         | 178/2360 [15:56<3:15:10,  5.37s/it]
  8%|▊         | 179/2360 [16:02<3:15:42,  5.38s/it]
  8%|▊         | 180/2360 [16:07<3:14:36,  5.36s/it]
  8%|▊         | 181/2360 [16:12<3:15:18,  5.38s/it]
  8%|▊         | 182/2360 [16:18<3:14:22,  5.35s/it]
  8%|▊         | 183/2360 [16:23<3:15:28,  5.39s/it]
  8%|▊         | 184/2360 [16:28<3:15:10,  5.38s/it]
  8%|▊         | 185/2360 [16:34<3:14:12,  5.36s/it]
  8%|▊         | 186/2360 [16:39<3:14:48,  5.38s/it]
  8%|▊         | 187/2360 [16:45<3:15:14,  5.39s/it]
  8%|▊         | 188/2360 [16:50<3:14:11,  5.36s/it]
  8%|▊         | 189/2360 [16:55<3:14:45,  5.38s/it]
  8%|▊         | 190/2360 [17:01<3:13:45,  5.36s/it]
  8%|▊         | 191/2360 [17:06<3:14:20,  5.38s/it]
  8%|▊         | 192/2360 [17:12<3:15:22,  5.41s/it]
  8%|▊         | 193/2360 [17:17<3:14:07,  5.37s/it]
  8%|▊         | 194/2360 [17:22<3:14:02,  5.38s/it]
  8%|▊         | 195/2360 [17:28<3:13:47,  5.37s/it]
  8%|▊         | 196/2360 [17:33<3:14:18,  5.39s/it]
  8%|▊         | 197/2360 [17:38<3:13:15,  5.36s/it]
  8%|▊         | 198/2360 [17:44<3:13:44,  5.38s/it]
  8%|▊         | 199/2360 [17:49<3:13:34,  5.37s/it]
  8%|▊         | 200/2360 [17:54<3:12:42,  5.35s/it]
  9%|▊         | 201/2360 [18:00<3:13:53,  5.39s/it]
  9%|▊         | 202/2360 [18:05<3:12:21,  5.35s/it]
  9%|▊         | 203/2360 [18:10<3:12:58,  5.37s/it]
  9%|▊         | 204/2360 [18:16<3:13:25,  5.38s/it]
  9%|▊         | 205/2360 [18:21<3:12:23,  5.36s/it]
  9%|▊         | 206/2360 [18:27<3:12:56,  5.37s/it]
  9%|▉         | 207/2360 [18:32<3:13:23,  5.39s/it]
  9%|▉         | 208/2360 [18:37<3:12:22,  5.36s/it]
  9%|▉         | 209/2360 [18:43<3:12:57,  5.38s/it]
  9%|▉         | 210/2360 [18:48<3:12:31,  5.37s/it]
  9%|▉         | 211/2360 [18:54<3:12:24,  5.37s/it]
  9%|▉         | 212/2360 [18:59<3:12:54,  5.39s/it]
  9%|▉         | 213/2360 [19:04<3:11:54,  5.36s/it]
  9%|▉         | 214/2360 [19:10<3:13:01,  5.40s/it]
  9%|▉         | 215/2360 [19:15<3:11:21,  5.35s/it]
  9%|▉         | 216/2360 [19:20<3:12:01,  5.37s/it]
  9%|▉         | 217/2360 [19:26<3:11:39,  5.37s/it]
  9%|▉         | 218/2360 [19:31<3:12:06,  5.38s/it]
  9%|▉         | 219/2360 [19:37<3:11:56,  5.38s/it]
  9%|▉         | 220/2360 [19:42<3:11:03,  5.36s/it]
  9%|▉         | 221/2360 [19:47<3:12:10,  5.39s/it]
  9%|▉         | 222/2360 [19:53<3:10:33,  5.35s/it]
  9%|▉         | 223/2360 [19:58<3:11:09,  5.37s/it]
  9%|▉         | 224/2360 [20:03<3:11:40,  5.38s/it]
 10%|▉         | 225/2360 [20:09<3:10:41,  5.36s/it]
 10%|▉         | 226/2360 [20:14<3:(0,)
It  236, sqrt loss 0.07215, Val sim-RMS 0.1292, Time Loss: 97.5%, data: 0.6%, val: 1.8%,  5.5 sec/batch
11:47,  5.39s/it]
 10%|▉         | 227/2360 [20:20<3:11:31,  5.39s/it]
 10%|▉         | 228/2360 [20:25<3:11:02,  5.38s/it]
 10%|▉         | 229/2360 [20:30<3:10:55,  5.38s/it]
 10%|▉         | 230/2360 [20:36<3:10:02,  5.35s/it]
 10%|▉         | 231/2360 [20:41<3:10:40,  5.37s/it]
 10%|▉         | 232/2360 [20:46<3:11:45,  5.41s/it]
 10%|▉         | 233/2360 [20:52<3:10:01,  5.36s/it]
 10%|▉         | 234/2360 [20:57<3:11:07,  5.39s/it]
 10%|▉         | 235/2360 [21:02<3:10:01,  5.37s/it]
 10%|█         | 236/2360 [21:32<7:24:06, 12.55s/it]
 10%|█         | 237/2360 [21:37<6:08:23, 10.41s/it]
 10%|█         | 238/2360 [21:42<5:13:29,  8.86s/it]
 10%|█         | 239/2360 [21:48<4:36:55,  7.83s/it]
 10%|█         | 240/2360 [21:53<4:09:58,  7.07s/it]
 10%|█         | 241/2360 [21:59<3:52:53,  6.59s/it]
 10%|█         | 242/2360 [22:04<3:38:29,  6.19s/it]
 10%|█         | 243/2360 [22:09<3:30:12,  5.96s/it]
 10%|█         | 244/2360 [22:15<3:24:25,  5.80s/it]
 10%|█         | 245/2360 [22:20<3:19:03,  5.65s/it]
 10%|█         | 246/2360 [22:26<3:17:06,  5.59s/it]
 10%|█         | 247/2360 [22:31<3:15:16,  5.54s/it]
 11%|█         | 248/2360 [22:36<3:12:01,  5.46s/it]
 11%|█         | 249/2360 [22:42<3:11:37,  5.45s/it]
 11%|█         | 250/2360 [22:47<3:10:01,  5.40s/it]
 11%|█         | 251/2360 [22:52<3:10:37,  5.42s/it]
 11%|█         | 252/2360 [22:58<3:09:59,  5.41s/it]
 11%|█         | 253/2360 [23:03<3:08:48,  5.38s/it]
 11%|█         | 254/2360 [23:08<3:09:13,  5.39s/it]
 11%|█         | 255/2360 [23:14<3:08:10,  5.36s/it]
 11%|█         | 256/2360 [23:19<3:09:12,  5.40s/it]
 11%|█         | 257/2360 [23:25<3:07:32,  5.35s/it]
 11%|█         | 258/2360 [23:30<3:08:04,  5.37s/it]
 11%|█         | 259/2360 [23:35<3:08:30,  5.38s/it]
 11%|█         | 260/2360 [23:41<3:07:34,  5.36s/it]
 11%|█         | 261/2360 [23:46<3:08:12,  5.38s/it]
 11%|█         | 262/2360 [23:51<3:07:49,  5.37s/it]
 11%|█         | 263/2360 [23:57<3:08:11,  5.38s/it]
 11%|█         | 264/2360 [24:02<3:07:56,  5.38s/it]
 11%|█         | 265/2360 [24:08<3:07:32,  5.37s/it]
 11%|█▏        | 266/2360 [24:13<3:07:22,  5.37s/it]
 11%|█▏        | 267/2360 [24:18<3:07:52,  5.39s/it]
 11%|█▏        | 268/2360 [24:24<3:06:54,  5.36s/it]
 11%|█▏        | 269/2360 [24:29<3:07:31,  5.38s/it]
 11%|█▏        | 270/2360 [24:34<3:07:05,  5.37s/it]
 11%|█▏        | 271/2360 [24:40<3:07:28,  5.38s/it]
 12%|█▏        | 272/2360 [24:45<3:07:18,  5.38s/it]
 12%|█▏        | 273/2360 [24:51<3:06:17,  5.36s/it]
 12%|█▏        | 274/2360 [24:56<3:07:22,  5.39s/it]
 12%|█▏        | 275/2360 [25:01<3:05:48,  5.35s/it]
 12%|█▏        | 276/2360 [25:07<3:06:28,  5.37s/it]
 12%|█▏        | 277/2360 [25:12<3:06:14,  5.36s/it]
 12%|█▏        | 278/2360 [25:17<3:06:12,  5.37s/it]
 12%|█▏        | 279/2360 [25:23<3:07:15,  5.40s/it]
 12%|█▏        | 280/2360 [25:28<3:05:37,  5.35s/it]
 12%|█▏        | 281/2360 [25:34<3:06:13,  5.37s/it]
 12%|█▏        | 282/2360 [25:39<3:05:52,  5.37s/it]
 12%|█▏        | 283/2360 [25:44<3:06:16,  5.38s/it]
 12%|█▏        | 284/2360 [25:50<3:06:05,  5.38s/it]
 12%|█▏        | 285/2360 [25:55<3:05:10,  5.35s/it]
 12%|█▏        | 286/2360 [26:00<3:06:12,  5.39s/it]
 12%|█▏        | 287/2360 [26:06<3:06:30,  5.40s/it]
 12%|█▏        | 288/2360 [26:11<3:05:26,  5.37s/it]
 12%|█▏        | 289/2360 [26:17<3:05:24,  5.37s/it]
 12%|█▏        | 290/2360 [26:22<3:04:34,  5.35s/it]
 12%|█▏        | 291/2360 [26:27<3:05:13,  5.37s/it]
 12%|█▏        | 292/2360 [26:33<3:05:41,  5.39s/it]
 12%|█▏        | 293/2360 [26:38<3:05:11,  5.38s/it]
 12%|█▏        | 294/2360 [26:43<3:05:36,  5.39s/it]
 12%|█▎        | 295/2360 [26:49<3:04:01,  5.35s/it]
 13%|█▎        | 296/2360 [26:54<3:05:08,  5.38s/it]
 13%|█▎        | 297/2360 [26:59<3:03:41,  5.34s/it]
 13%|█▎        | 298/2360 [27:05<3:04:23,  5.37s/it]
 13%|█▎        | 299/2360 [27:10<3:04:57,  5.38s/it]
 13%|█▎        | 300/2360 [27:16<3:03:56,  5.36s/it]
 13%|█▎        | 301/2360 [27:21<3:04:33,  5.38s/it]
 13%|█▎        | 302/2360 [27:26<3:03:40,  5.35s/it]
 13%|█▎        | 303/2360 [27:32<3:04:13,  5.37s/it]
 13%|█▎        | 304/2360 [27:37<3:04:38,  5.39s/it]
 13%|█▎        | 305/2360 [27:42<3:03:41,  5.36s/it]
 13%|█▎        | 306/2360 [27:48<3:04:40,  5.39s/it]
 13%|█▎        | 307/2360 [27:53<3:04:28,  5.39s/it]
 13%|█▎        | 308/2360 [27:59<3:03:29,  5.37s/it]
 13%|█▎        | 309/2360 [28:04<3:04:29,  5.40s/it]
 13%|█▎        | 310/2360 [28:09<3:02:58,  5.36s/it]
 13%|█▎        | 311/2360 [28:15<3:03:31,  5.37s/it]
 13%|█▎        | 312/2360 [28:20<3:04:01,  5.39s/it]
 13%|█▎        | 313/2360 [28:26<3:03:31,  5.38s/it]
 13%|█▎        | 314/2360 [28:31<3:03:22,  5.38s/it]
 13%|█▎        | 315/2360 [28:36<3:02:33,  5.36s/it]
 13%|█▎        | 316/2360 [28:42<3:03:42,  5.39s/it]
 13%|█▎        | 317/2360 [28:47<3:02:12,  5.35s/it]
 13%|█▎        | 318/2360 [28:52<3:02:49,  5.37s/it]
 14%|█▎        | 319/2360 [28:58<3:03:13,  5.39s/it]
 14%|█▎        | 320/2360 [29:03<3:02:46,  5.38s/it]
 14%|█▎        | 321/2360 [29:08<3:02:39,  5.37s/it]
 14%|█▎        | 322/2360 [29:14<3:01:49,  5.35s/it]
 14%|█▎        | 323/2360 [29:19<3:02:24,  5.37s/it]
 14%|█▎        | 324/2360 [29:25<3:02:50,  5.39s/it]
 14%|█▍        | 325/2360 [29:30<3:02:24,  5.38s/it]
 14%|█▍        | 326/2360 [29:35<3:02:43,  5.39s/it]
 14%|█▍        | 327/2360 [29:41<3:03:00,  5.40s/it]
 14%|█▍        | 328/2360 [29:46<3:01:24,  5.36s/it]
 14%|█▍        | 329/2360 [29:51<3:01:59,  5.38s/it]
 14%|█▍        | 330/2360 [29:57<3:01:10,  5.35s/it]
 14%|█▍        | 331/2360 [30:02<3:01:48,  5.38s/it]
 14%|█▍        | 332/2360 [30:08<3:02:17,  5.39s/it]
 14%|█▍        | 333/2360 [30:13<3:01:49,  5.38s/it]
 14%|█▍        | 334/2360 [30:18<3:01:36,  5.38s/it]
 14%|█▍        | 335/2360 [30:24<3:00:41,  5.35s/it]
 14%|█▍        | 336/2360 [30:29<3:01:15,  5.37s/it]
 14%|█▍        | 337/2360 [30:34<3:00:54,  5.37s/it]
 14%|█▍        | 338/2360 [30:40<3:00:49,  5.37s/it]
 14%|█▍        | 339/2360 [30:45<3:01:17,  5.38s/it]
 14%|█▍        | 340/2360 [30:51<3:00:19,  5.36s/it]
 14%|█▍        | 341/2360 [30:56<3:00:51,  5.37s/it]
 14%|█▍        | 342/2360 [31:01<3:00:05,  5.35s/it]
 15%|█▍        | 343/2360 [31:07<3:01:05,  5.39s/it]
 15%|█▍        | 344/2360 [31:12<3:00:51,  5.38s/it]
 15%|█▍        | 345/2360 [31:17<2:59:56,  5.36s/it]
 15%|█▍        | 346/2360 [31:23<3:00:27,  5.38s/it]
 15%|█▍        | 347/2360 [31:28<3:00:51,  5.39s/it]
 15%|█▍        | 348/2360 [31:34<2:59:54,  5.36s/it]
 15%|█▍        | 349/2360 [31:39<3:00:25,  5.38s/it]
 15%|█▍        | 350/2360 [31:44<2:59:31,  5.36s/it]
 15%|█▍        | 351/2360 [31:50<3:00:02,  5.38s/it]
 15%|█▍        | 352/2360 [31:55<3:00:27,  5.39s/it]
 15%|█▍        | 353/2360 [32:00<2:59:59,  5.38s/it]
 15%|█▌        | 354/2360 [32:06<3:00:18,  5.39s/it]
 15%|█▌        | 355/2360 [32:11<2:59:21,  5.37s/it]
 15%|█▌        | 356/2360 [32:17<2:59:50,  5.38s/it]
 15%|█▌        | 357/2360 [32:22<2:58:27,  5.35s/it]
 15%|█▌        | 358/2360 [32:27<2:59:06,  5.37s/it]
 15%|█▌        | 359/2360 [32:33<2:59:34,  5.38s/it]
 15%|█▌        | 360/2360 [32:38<2:59:08,  5.37s/it]
 15%|█▌        | 361/2360 [32:43<2:58:58,  5.37s/it]
 15%|█▌        | 362/2360 [32:49<2:58:08,  5.35s/it]
 15%|█▌        | 363/2360 [32:54<2:58:39,  5.37s/it]
 15%|█▌        | 364/2360 [33:00<2:59:07,  5.38s/it]
 15%|█▌        | 365/2360 [33:05<2:58:09,  5.36s/it]
 16%|█▌        | 366/2360 [33:10<2:59:11,  5.39s/it]
 16%|█▌        | 367/2360 [33:16<2:59:25,  5.40s/it]
 16%|█▌        | 368/2360 [33:21<2:58:17,  5.37s/it]
 16%|█▌        | 369/2360 [33:26<2:58:40,  5.38s/it]
 16%|█▌        | 370/2360 [33:32<2:57:12,  5.34s/it]
 16%|█▌        | 371/2360 [33:37<2:57:53,  5.37s/it]
 16%|█▌        | 372/2360 [33:43<2:58:57,  5.40s/it]
 16%|█▌        | 373/2360 [33:48<2:57:22,  5.36s/it]
 16%|█▌        | 374/2360 [33:53<2:57:56,  5.38s/it]
 16%|█▌        | 375/2360 [33:59<2:57:04,  5.35s/it]
 16%|█▌        | 376/2360 [34:04<2:57:38,  5.37s/it]
 16%|█▌        | 377/2360 [34:09<2:57:21,  5.37s/it]
 16%|█▌        | 378/2360 [34:15<2:57:46,  5.38s/it]
 16%|█▌        | 379/2360 [34:20<2:58:03,  5.39s/it]
 16%|█▌        | 380/2360 [34:26<2:57:02,  5.36s/it]
 16%|█▌        | 381/2360 [34:31<2:56:57,  5.37s/it]
 16%|█▌        | 382/2360 [34:36<2:56:08,  5.34s/it]
 16%|█▌        | 383/2360 [34:42<2:56:45,  5.36s/it]
 16%|█▋        | 384/2360 [34:47<2:57:11,  5.38s/it]
 16%|█▋        | 385/2360 [34:52<2:56:16,  5.36s/it]
 16%|█▋        | 386/2360 [34:58<2:56:48,  5.37s/it]
 16%|█▋        | 387/2360 [35:03<2:57:16,  5.39s/it]
 16%|█▋        | 388/2360 [35:08<2:56:49,  5.38s/it]
 16%|█▋        | 389/2360 [35:14<2:56:43,  5.38s/it]
 17%|█▋        | 390/2360 [35:19<2:55:47,  5.35s/it]
 17%|█▋        | 391/2360 [35:25<2:56:47,  5.39s/it]
 17%|█▋        | 392/2360 [35:30<2:57:05,  5.40s/it]
 17%|█▋        | 393/2360 [35:35<2:55:32,  5.35s/it]
 17%|█▋        | 394/2360 [35:41<2:56:09,  5.38s/it]
 17%|█▋        | 395/2360 [35:46<2:55:19,  5.35s/it]
 17%|█▋        | 396/2360 [35:51<2:55:53,  5.37s/it]
 17%|█▋        | 397/2360 [35:57<2:55:03,  5.35s/it]
 17%|█▋        | 398/2360 [36:02<2:56:02,  5.38s/it]
 17%|█▋        | 399/2360 [36:08<2:55:50,  5.38s/it]
 17%|█▋        | 400/2360 [36:13<2:54:58,  5.36s/it]
 17%|█▋        | 401/2360 [36:18<2:55:33,  5.38s/it]
 17%|█▋        | 402/2360 [36:24<2:54:40,  5.35s/it]
 17%|█▋        | 403/2360 [36:29<2:55:39,  5.39s/it]
 17%|█▋        | 404/2360 [36:34<2:55:53,  5.40s/it]
 17%|█▋        | 405/2360 [36:40<2:54:23,  5.35s/it]
 17%|█▋        | 406/2360 [36:45<2:54:56,  5.37s/it]
 17%|█▋        | 407/2360 [36:51<2:55:23,  5.39s/it]
 17%|█▋        | 408/2360 [36:56<2:54:26,  5.36s/it]
 17%|█▋        | 409/2360 [37:01<2:54:55,  5.38s/it]
 17%|█▋        | 410/2360 [37:07<2:54:03,  5.36s/it]
 17%|█▋        | 411/2360 [37:12<2:55:06,  5.39s/it]
 17%|█▋        | 412/2360 [37:18<2:55:24,  5.40s/it]
 18%|█▊        | 413/2360 [37:23<2:53:47,  5.36s/it]
 18%|█▊        | 414/2360 [37:28<2:54:49,  5.39s/it]
 18%|█▊        | 415/2360 [37:34<2:53:50,  5.36s/it]
 18%|█▊        | 416/2360 [37:39<2:53:48,  5.36s/it]
 18%|█▊        | 417/2360 [37:44<2:53:05,  5.35s/it]
 18%|█▊        | 418/2360 [37:50<2:54:07,  5.38s/it]
 18%|█▊        | 419/2360 [37:55<2:53:59,  5.38s/it]
 18%|█▊        | 420/2360 [38:00<2:53:39,  5.37s/it]
 18%|█▊        | 421/2360 [38:06<2:53:33,  5.37s/it]
 18%|█▊        | 422/2360 [38:11<2:52:47,  5.35s/it]
 18%|█▊        | 423/2360 [38:16<2:53:20,  5.37s/it]
 18%|█▊        | 424/2360 [38:22<2:54:11,  5.40s/it]
 18%|█▊        | 425/2360 [38:27<2:52:36,  5.35s/it]
 18%|█▊        | 426/2360 [38:33<2:53:39,  5.39s/it]
 18%|█▊        | 427/2360 [38:38<2:53:54,  5.40s/it]
 18%|█▊        | 428/2360 [38:43<2:52:46,  5.37s/it]
 18%|█▊        | 429/2360 [38:49<2:53:11,  5.38s/it]
 18%|█▊        | 430/2360 [38:54<2:51:54,  5.34s/it]
 18%|█▊        | 431/2360 [39:00<2:53:00,  5.38s/it]
 18%|█▊        | 432/2360 [39:05<2:53:18,  5.39s/it]
 18%|█▊        | 433/2360 [39:10<2:51:51,  5.35s/it]
 18%|█▊        | 434/2360 [39:16<2:52:29,  5.37s/it]
 18%|█▊        | 435/2360 [39:21<2:52:08,  5.37s/it]
 18%|█▊        | 436/2360 [39:26<2:52:08,  5.37s/it]
 19%|█▊        | 437/2360 [39:32<2:51:25,  5.35s/it]
 19%|█▊        | 438/2360 [39:37<2:51:59,  5.37s/it]
 19%|█▊        | 439/2360 [39:42<2:52:27,  5.39s/it]
 19%|█▊        | 440/2360 [39:48<2:51:32,  5.36s/it]
 19%|█▊        | 441/2360 [39:53<2:52:04,  5.38s/it]
 19%|█▊        | 442/2360 [39:58<2:51:13,  5.36s/it]
 19%|█▉        | 443/2360 [40:04<2:51:44,  5.38s/it]
 19%|█▉        | 444/2360 [40:09<2:52:05,  5.39s/it]
 19%|█▉        | 445/2360 [40:15<2:51:40,  5.38s/it]
 19%|█▉        | 446/2360 [40:20<2:51:30,  5.38s/it]
 19%|█▉        | 447/2360 [40:25<2:51:51,  5.39s/it]
 19%|█▉        | 448/2360 [40:31<2:50:52,  5.36s/it]
 19%|█▉        | 449/2360 [40:36<2:51:21,  5.38s/it]
 19%|█▉        | 450/2360 [40:42<2:50:31,  5.36s/it]
 19%|█▉        | 451/2360 [40:47<2:51:04,  5.38s/it]
 19%|█▉        | 452/2360 [40:52<2:51:25,  5.39s/it]
 19%|█▉        | 453/2360 [40:58<2:50:59,  5.38s/it]
 19%|█▉        | 454/2360 [41:03<2:50:53,  5.38s/it]
 19%|█▉        | 455/2360 [41:08<2:50:00,  5.35s/it]
 19%|█▉        | 456/2360 [41:14<2:51:04,  5.39s/it]
 19%|█▉        | 457/2360 [41:19<2:50:05,  5.36s/it]
 19%|█▉        | 458/2360 [41:25<2:50:03,  5.36s/it]
 19%|█▉        | 459/2360 [41:30<2:50:32,  5.38s/it]
 19%|█▉        | 460/2360 [41:35<2:50:08,  5.37s/it]
 20%|█▉        | 461/2360 [41:(0,)
It  472, sqrt loss 0.01848, Val sim-RMS 0.1159, Time Loss: 97.5%, data: 0.6%, val: 1.9%,  5.5 sec/batch
41<2:50:01,  5.37s/it]
 20%|█▉        | 462/2360 [41:46<2:49:15,  5.35s/it]
 20%|█▉        | 463/2360 [41:51<2:49:49,  5.37s/it]
 20%|█▉        | 464/2360 [41:57<2:50:14,  5.39s/it]
 20%|█▉        | 465/2360 [42:02<2:49:18,  5.36s/it]
 20%|█▉        | 466/2360 [42:08<2:49:46,  5.38s/it]
 20%|█▉        | 467/2360 [42:13<2:50:07,  5.39s/it]
 20%|█▉        | 468/2360 [42:18<2:49:36,  5.38s/it]
 20%|█▉        | 469/2360 [42:24<2:49:27,  5.38s/it]
 20%|█▉        | 470/2360 [42:29<2:49:07,  5.37s/it]
 20%|█▉        | 471/2360 [42:34<2:49:03,  5.37s/it]
 20%|██        | 472/2360 [43:04<6:35:43, 12.58s/it]
 20%|██        | 473/2360 [43:09<5:26:24, 10.38s/it]
 20%|██        | 474/2360 [43:14<4:39:25,  8.89s/it]
 20%|██        | 475/2360 [43:20<4:05:52,  7.83s/it]
 20%|██        | 476/2360 [43:25<3:42:36,  7.09s/it]
 20%|██        | 477/2360 [43:31<3:26:50,  6.59s/it]
 20%|██        | 478/2360 [43:36<3:14:33,  6.20s/it]
 20%|██        | 479/2360 [43:41<3:07:08,  5.97s/it]
 20%|██        | 480/2360 [43:47<3:00:47,  5.77s/it]
 20%|██        | 481/2360 [43:52<2:57:25,  5.67s/it]
 20%|██        | 482/2360 [43:57<2:53:53,  5.56s/it]
 20%|██        | 483/2360 [44:03<2:52:58,  5.53s/it]
 21%|██        | 484/2360 [44:08<2:51:24,  5.48s/it]
 21%|██        | 485/2360 [44:13<2:49:35,  5.43s/it]
 21%|██        | 486/2360 [44:19<2:49:51,  5.44s/it]
 21%|██        | 487/2360 [44:24<2:49:08,  5.42s/it]
 21%|██        | 488/2360 [44:30<2:47:54,  5.38s/it]
 21%|██        | 489/2360 [44:35<2:48:13,  5.39s/it]
 21%|██        | 490/2360 [44:40<2:47:17,  5.37s/it]
 21%|██        | 491/2360 [44:46<2:48:11,  5.40s/it]
 21%|██        | 492/2360 [44:51<2:48:19,  5.41s/it]
 21%|██        | 493/2360 [44:56<2:46:43,  5.36s/it]
 21%|██        | 494/2360 [45:02<2:47:19,  5.38s/it]
 21%|██        | 495/2360 [45:07<2:46:55,  5.37s/it]
 21%|██        | 496/2360 [45:13<2:46:52,  5.37s/it]
 21%|██        | 497/2360 [45:18<2:46:06,  5.35s/it]
 21%|██        | 498/2360 [45:23<2:46:41,  5.37s/it]
 21%|██        | 499/2360 [45:29<2:47:34,  5.40s/it]
 21%|██        | 500/2360 [45:34<2:46:02,  5.36s/it]
 21%|██        | 501/2360 [45:40<2:46:35,  5.38s/it]
 21%|██▏       | 502/2360 [45:45<2:46:13,  5.37s/it]
 21%|██▏       | 503/2360 [45:50<2:46:10,  5.37s/it]
 21%|██▏       | 504/2360 [45:56<2:47:06,  5.40s/it]
 21%|██▏       | 505/2360 [46:01<2:45:38,  5.36s/it]
 21%|██▏       | 506/2360 [46:06<2:46:05,  5.38s/it]
 21%|██▏       | 507/2360 [46:12<2:46:56,  5.41s/it]
 22%|██▏       | 508/2360 [46:17<2:45:20,  5.36s/it]
 22%|██▏       | 509/2360 [46:23<2:45:53,  5.38s/it]
 22%|██▏       | 510/2360 [46:28<2:45:05,  5.35s/it]
 22%|██▏       | 511/2360 [46:33<2:46:03,  5.39s/it]
 22%|██▏       | 512/2360 [46:39<2:46:19,  5.40s/it]
 22%|██▏       | 513/2360 [46:44<2:44:59,  5.36s/it]
 22%|██▏       | 514/2360 [46:49<2:45:55,  5.39s/it]
 22%|██▏       | 515/2360 [46:55<2:44:29,  5.35s/it]
 22%|██▏       | 516/2360 [47:00<2:45:33,  5.39s/it]
 22%|██▏       | 517/2360 [47:05<2:44:12,  5.35s/it]
 22%|██▏       | 518/2360 [47:11<2:44:49,  5.37s/it]
 22%|██▏       | 519/2360 [47:16<2:45:44,  5.40s/it]
 22%|██▏       | 520/2360 [47:22<2:44:17,  5.36s/it]
 22%|██▏       | 521/2360 [47:27<2:45:14,  5.39s/it]
 22%|██▏       | 522/2360 [47:32<2:43:51,  5.35s/it]
 22%|██▏       | 523/2360 [47:38<2:44:21,  5.37s/it]
 22%|██▏       | 524/2360 [47:43<2:44:45,  5.38s/it]
 22%|██▏       | 525/2360 [47:48<2:43:54,  5.36s/it]
 22%|██▏       | 526/2360 [47:54<2:44:24,  5.38s/it]
 22%|██▏       | 527/2360 [47:59<2:44:50,  5.40s/it]
 22%|██▏       | 528/2360 [48:05<2:43:54,  5.37s/it]
 22%|██▏       | 529/2360 [48:10<2:44:23,  5.39s/it]
 22%|██▏       | 530/2360 [48:15<2:43:34,  5.36s/it]
 22%|██▎       | 531/2360 [48:21<2:44:01,  5.38s/it]
 23%|██▎       | 532/2360 [48:26<2:44:20,  5.39s/it]
 23%|██▎       | 533/2360 [48:32<2:43:49,  5.38s/it]
 23%|██▎       | 534/2360 [48:37<2:43:38,  5.38s/it]
 23%|██▎       | 535/2360 [48:42<2:42:54,  5.36s/it]
 23%|██▎       | 536/2360 [48:48<2:43:26,  5.38s/it]
 23%|██▎       | 537/2360 [48:53<2:42:42,  5.36s/it]
 23%|██▎       | 538/2360 [48:58<2:43:11,  5.37s/it]
 23%|██▎       | 539/2360 [49:04<2:43:32,  5.39s/it]
 23%|██▎       | 540/2360 [49:09<2:43:08,  5.38s/it]
 23%|██▎       | 541/2360 [49:15<2:43:01,  5.38s/it]
 23%|██▎       | 542/2360 [49:20<2:42:14,  5.35s/it]
 23%|██▎       | 543/2360 [49:25<2:42:42,  5.37s/it]
 23%|██▎       | 544/2360 [49:31<2:43:04,  5.39s/it]
 23%|██▎       | 545/2360 [49:36<2:42:11,  5.36s/it]
 23%|██▎       | 546/2360 [49:41<2:42:37,  5.38s/it]
 23%|██▎       | 547/2360 [49:47<2:42:57,  5.39s/it]
 23%|██▎       | 548/2360 [49:52<2:42:01,  5.36s/it]
 23%|██▎       | 549/2360 [49:58<2:42:27,  5.38s/it]
 23%|██▎       | 550/2360 [50:03<2:41:39,  5.36s/it]
 23%|██▎       | 551/2360 [50:08<2:42:08,  5.38s/it]
 23%|██▎       | 552/2360 [50:14<2:42:31,  5.39s/it]
 23%|██▎       | 553/2360 [50:19<2:42:00,  5.38s/it]
 23%|██▎       | 554/2360 [50:24<2:41:49,  5.38s/it]
 24%|██▎       | 555/2360 [50:30<2:41:01,  5.35s/it]
 24%|██▎       | 556/2360 [50:35<2:41:35,  5.37s/it]
 24%|██▎       | 557/2360 [50:40<2:41:18,  5.37s/it]
 24%|██▎       | 558/2360 [50:46<2:41:42,  5.38s/it]
 24%|██▎       | 559/2360 [50:51<2:41:33,  5.38s/it]
 24%|██▎       | 560/2360 [50:57<2:40:45,  5.36s/it]
 24%|██▍       | 561/2360 [51:02<2:41:14,  5.38s/it]
 24%|██▍       | 562/2360 [51:07<2:40:28,  5.35s/it]
 24%|██▍       | 563/2360 [51:13<2:40:55,  5.37s/it]
 24%|██▍       | 564/2360 [51:18<2:41:16,  5.39s/it]
 24%|██▍       | 565/2360 [51:23<2:40:49,  5.38s/it]
 24%|██▍       | 566/2360 [51:29<2:40:39,  5.37s/it]
 24%|██▍       | 567/2360 [51:34<2:41:02,  5.39s/it]
 24%|██▍       | 568/2360 [51:40<2:40:11,  5.36s/it]
 24%|██▍       | 569/2360 [51:45<2:40:41,  5.38s/it]
 24%|██▍       | 570/2360 [51:50<2:39:50,  5.36s/it]
 24%|██▍       | 571/2360 [51:56<2:40:42,  5.39s/it]
 24%|██▍       | 572/2360 [52:01<2:40:31,  5.39s/it]
 24%|██▍       | 573/2360 [52:06<2:39:37,  5.36s/it]
 24%|██▍       | 574/2360 [52:12<2:40:04,  5.38s/it]
 24%|██▍       | 575/2360 [52:17<2:39:44,  5.37s/it]
 24%|██▍       | 576/2360 [52:23<2:39:41,  5.37s/it]
 24%|██▍       | 577/2360 [52:28<2:39:27,  5.37s/it]
 24%|██▍       | 578/2360 [52:33<2:39:48,  5.38s/it]
 25%|██▍       | 579/2360 [52:39<2:39:38,  5.38s/it]
 25%|██▍       | 580/2360 [52:44<2:38:49,  5.35s/it]
 25%|██▍       | 581/2360 [52:49<2:39:21,  5.37s/it]
 25%|██▍       | 582/2360 [52:55<2:38:35,  5.35s/it]
 25%|██▍       | 583/2360 [53:00<2:39:02,  5.37s/it]
 25%|██▍       | 584/2360 [53:06<2:39:48,  5.40s/it]
 25%|██▍       | 585/2360 [53:11<2:38:26,  5.36s/it]
 25%|██▍       | 586/2360 [53:16<2:39:16,  5.39s/it]
 25%|██▍       | 587/2360 [53:22<2:39:02,  5.38s/it]
 25%|██▍       | 588/2360 [53:27<2:38:11,  5.36s/it]
 25%|██▍       | 589/2360 [53:32<2:38:37,  5.37s/it]
 25%|██▌       | 590/2360 [53:38<2:38:18,  5.37s/it]
 25%|██▌       | 591/2360 [53:43<2:38:45,  5.38s/it]
 25%|██▌       | 592/2360 [53:49<2:39:01,  5.40s/it]
 25%|██▌       | 593/2360 [53:54<2:37:40,  5.35s/it]
 25%|██▌       | 594/2360 [53:59<2:38:16,  5.38s/it]
 25%|██▌       | 595/2360 [54:05<2:37:29,  5.35s/it]
 25%|██▌       | 596/2360 [54:10<2:38:26,  5.39s/it]
 25%|██▌       | 597/2360 [54:15<2:37:32,  5.36s/it]
 25%|██▌       | 598/2360 [54:21<2:37:33,  5.36s/it]
 25%|██▌       | 599/2360 [54:26<2:37:59,  5.38s/it]
 25%|██▌       | 600/2360 [54:31<2:37:08,  5.36s/it]
 25%|██▌       | 601/2360 [54:37<2:37:38,  5.38s/it]
 26%|██▌       | 602/2360 [54:42<2:37:20,  5.37s/it]
 26%|██▌       | 603/2360 [54:48<2:37:39,  5.38s/it]
 26%|██▌       | 604/2360 [54:53<2:37:28,  5.38s/it]
 26%|██▌       | 605/2360 [54:58<2:36:40,  5.36s/it]
 26%|██▌       | 606/2360 [55:04<2:37:05,  5.37s/it]
 26%|██▌       | 607/2360 [55:09<2:37:28,  5.39s/it]
 26%|██▌       | 608/2360 [55:14<2:36:35,  5.36s/it]
 26%|██▌       | 609/2360 [55:20<2:37:25,  5.39s/it]
 26%|██▌       | 610/2360 [55:25<2:36:06,  5.35s/it]
 26%|██▌       | 611/2360 [55:31<2:37:03,  5.39s/it]
 26%|██▌       | 612/2360 [55:36<2:37:15,  5.40s/it]
 26%|██▌       | 613/2360 [55:41<2:35:52,  5.35s/it]
 26%|██▌       | 614/2360 [55:47<2:36:26,  5.38s/it]
 26%|██▌       | 615/2360 [55:52<2:35:41,  5.35s/it]
 26%|██▌       | 616/2360 [55:57<2:36:10,  5.37s/it]
 26%|██▌       | 617/2360 [56:03<2:35:27,  5.35s/it]
 26%|██▌       | 618/2360 [56:08<2:35:57,  5.37s/it]
 26%|██▌       | 619/2360 [56:14<2:36:48,  5.40s/it]
 26%|██▋       | 620/2360 [56:19<2:35:23,  5.36s/it]
 26%|██▋       | 621/2360 [56:24<2:35:52,  5.38s/it]
 26%|██▋       | 622/2360 [56:30<2:35:07,  5.36s/it]
 26%|██▋       | 623/2360 [56:35<2:35:30,  5.37s/it]
 26%|██▋       | 624/2360 [56:41<2:36:19,  5.40s/it]
 26%|██▋       | 625/2360 [56:46<2:34:54,  5.36s/it]
 27%|██▋       | 626/2360 [56:51<2:35:50,  5.39s/it]
 27%|██▋       | 627/2360 [56:57<2:35:37,  5.39s/it]
 27%|██▋       | 628/2360 [57:02<2:35:14,  5.38s/it]
 27%|██▋       | 629/2360 [57:07<2:35:34,  5.39s/it]
 27%|██▋       | 630/2360 [57:13<2:34:39,  5.36s/it]
 27%|██▋       | 631/2360 [57:18<2:34:37,  5.37s/it]
 27%|██▋       | 632/2360 [57:24<2:35:01,  5.38s/it]
 27%|██▋       | 633/2360 [57:29<2:34:11,  5.36s/it]
 27%|██▋       | 634/2360 [57:34<2:34:41,  5.38s/it]
 27%|██▋       | 635/2360 [57:40<2:33:57,  5.35s/it]
 27%|██▋       | 636/2360 [57:45<2:34:52,  5.39s/it]
 27%|██▋       | 637/2360 [57:50<2:33:32,  5.35s/it]
 27%|██▋       | 638/2360 [57:56<2:34:05,  5.37s/it]
 27%|██▋       | 639/2360 [58:01<2:34:30,  5.39s/it]
 27%|██▋       | 640/2360 [58:06<2:33:43,  5.36s/it]
 27%|██▋       | 641/2360 [58:12<2:34:10,  5.38s/it]
 27%|██▋       | 642/2360 [58:17<2:33:51,  5.37s/it]
 27%|██▋       | 643/2360 [58:23<2:33:41,  5.37s/it]
 27%|██▋       | 644/2360 [58:28<2:34:02,  5.39s/it]
 27%|██▋       | 645/2360 [58:33<2:33:39,  5.38s/it]
 27%|██▋       | 646/2360 [58:39<2:33:30,  5.37s/it]
 27%|██▋       | 647/2360 [58:44<2:33:53,  5.39s/it]
 27%|██▋       | 648/2360 [58:49<2:33:04,  5.36s/it]
 28%|██▊       | 649/2360 [58:55<2:33:31,  5.38s/it]
 28%|██▊       | 650/2360 [59:00<2:32:46,  5.36s/it]
 28%|██▊       | 651/2360 [59:06<2:33:36,  5.39s/it]
 28%|██▊       | 652/2360 [59:11<2:33:22,  5.39s/it]
 28%|██▊       | 653/2360 [59:16<2:32:35,  5.36s/it]
 28%|██▊       | 654/2360 [59:22<2:33:27,  5.40s/it]
 28%|██▊       | 655/2360 [59:27<2:32:06,  5.35s/it]
 28%|██▊       | 656/2360 [59:33<2:33:03,  5.39s/it]
 28%|██▊       | 657/2360 [59:38<2:31:48,  5.35s/it]
 28%|██▊       | 658/2360 [59:43<2:32:43,  5.38s/it]
 28%|██▊       | 659/2360 [59:49<2:32:56,  5.40s/it]
 28%|██▊       | 660/2360 [59:54<2:31:36,  5.35s/it]
 28%|██▊       | 661/2360 [59:59<2:32:10,  5.37s/it]
 28%|██▊       | 662/2360 [1:00:05<2:31:52,  5.37s/it]
 28%|██▊       | 663/2360 [1:00:10<2:32:10,  5.38s/it]
 28%|██▊       | 664/2360 [1:00:16<2:32:24,  5.39s/it]
 28%|██▊       | 665/2360 [1:00:21<2:31:04,  5.35s/it]
 28%|██▊       | 666/2360 [1:00:26<2:32:01,  5.38s/it]
 28%|██▊       | 667/2360 [1:00:32<2:31:50,  5.38s/it]
 28%|██▊       | 668/2360 [1:00:37<2:31:29,  5.37s/it]
 28%|██▊       | 669/2360 [1:00:42<2:31:48,  5.39s/it]
 28%|██▊       | 670/2360 [1:00:48<2:30:32,  5.34s/it]
 28%|██▊       | 671/2360 [1:00:53<2:31:03,  5.37s/it]
 28%|██▊       | 672/2360 [1:00:59<2:31:53,  5.40s/it]
 29%|██▊       | 673/2360 [1:01:04<2:30:33,  5.35s/it]
 29%|██▊       | 674/2360 [1:01:09<2:31:27,  5.39s/it]
 29%|██▊       | 675/2360 [1:01:15<2:30:12,  5.35s/it]
 29%|██▊       | 676/2360 [1:01:20<2:30:41,  5.37s/it]
 29%|██▊       | 677/2360 [1:01:25<2:30:01,  5.35s/it]
 29%|██▊       | 678/2360 [1:01:31<2:30:31,  5.37s/it]
 29%|██▉       | 679/2360 [1:01:36<2:30:54,  5.39s/it]
 29%|██▉       | 680/2360 [1:01:41<2:30:08,  5.36s/it]
 29%|██▉       | 681/2360 [1:01:47<2:30:59,  5.40s/it]
 29%|██▉       | 682/2360 [1:01:52<2:29:40,  5.35s/it]
 29%|██▉       | 683/2360 [1:01:58<2:30:07,  5.37s/it]
 29%|██▉       | 684/2360 [1:02:03<2:30:28,  5.39s/it]
 29%|██▉       | 685/2360 [1:02:08<2:29:38,  5.36s/it]
 29%|██▉       | 686/2360 [1:02:14<2:30:28,  5.39s/it]
 29%|██▉       | 687/2360 [1:02:19<2:30:40,  5.40s/it]
 29%|██▉       | 688/2360 [1:02:24<2:29:16,  5.36s/it]
 29%|██▉       | 689/2360 [1:02:30<2:30:07,  5.39s/it]
 29%|██▉       | 690/2360 [1:02:35<2:29:13,  5.36s/it]
 29%|██▉       | 691/2360 [1:02:41<2:29:13,  5.36s/it]
 29%|██▉       | 692/2360 [1:02:46<2:30:02,  5.40s/it]
 29%|██▉       | 693/2360 [1:02:51<2:29:07,  5.37s/it]
 29%|██▉       | 694/2360 [1:02:57<2:29:32,  5.39s/it]
 29%|██▉       | 695/2360 [1:03:02<2:28:17,  5.34s/it]
 29%|██▉       | 696/2360 [1:03:07<2:28:50,  5.37s/it]
 30%|██▉       | 697/2360 [1:03:13<2:28:11,  5.35s/it]
 30%|██▉       | 698/2360 [1:03:18<2:28:42,  5.37s/it]
 30%|██▉       | 699/2360 [1:03:24<2:29:02,  5.38s/it]
 30%|██▉       | 700/2360 [1:03:29<2:28:14,  5.36s/it]
 30%|██▉       | 701/2360 [1:03:34<2:28:42,  5.38s/it]
 30%|██▉       | 702/2360 [1:03:40<2:28:00,  5.36s/it]
 30%|██▉       | 703/2360 [1:03:45<2:28:47,  5.39s/it]
 30%|██▉       | 704/2360(0,)
It  708, sqrt loss  0.0146, Val sim-RMS 0.01923, Time Loss: 97.5%, data: 0.6%, val: 1.9%,  5.5 sec/batch
 [1:03:50<2:28:32,  5.38s/it]
 30%|██▉       | 705/2360 [1:03:56<2:27:46,  5.36s/it]
 30%|██▉       | 706/2360 [1:04:01<2:28:11,  5.38s/it]
 30%|██▉       | 707/2360 [1:04:07<2:28:32,  5.39s/it]
 30%|███       | 708/2360 [1:04:36<5:45:25, 12.55s/it]
 30%|███       | 709/2360 [1:04:41<4:46:25, 10.41s/it]
 30%|███       | 710/2360 [1:04:46<4:04:06,  8.88s/it]
 30%|███       | 711/2360 [1:04:52<3:35:00,  7.82s/it]
 30%|███       | 712/2360 [1:04:57<3:15:31,  7.12s/it]
 30%|███       | 713/2360 [1:05:03<3:00:23,  6.57s/it]
 30%|███       | 714/2360 [1:05:08<2:50:49,  6.23s/it]
 30%|███       | 715/2360 [1:05:13<2:42:39,  5.93s/it]
 30%|███       | 716/2360 [1:05:19<2:38:20,  5.78s/it]
 30%|███       | 717/2360 [1:05:24<2:34:41,  5.65s/it]
 30%|███       | 718/2360 [1:05:29<2:32:17,  5.56s/it]
 30%|███       | 719/2360 [1:05:35<2:30:58,  5.52s/it]
 31%|███       | 720/2360 [1:05:40<2:29:03,  5.45s/it]
 31%|███       | 721/2360 [1:05:46<2:28:43,  5.44s/it]
 31%|███       | 722/2360 [1:05:51<2:27:51,  5.42s/it]
 31%|███       | 723/2360 [1:05:56<2:27:19,  5.40s/it]
 31%|███       | 724/2360 [1:06:02<2:27:27,  5.41s/it]
 31%|███       | 725/2360 [1:06:07<2:26:52,  5.39s/it]
 31%|███       | 726/2360 [1:06:12<2:26:36,  5.38s/it]
 31%|███       | 727/2360 [1:06:18<2:26:50,  5.40s/it]
 31%|███       | 728/2360 [1:06:23<2:25:59,  5.37s/it]
 31%|███       | 729/2360 [1:06:29<2:26:21,  5.38s/it]
 31%|███       | 730/2360 [1:06:34<2:25:33,  5.36s/it]
 31%|███       | 731/2360 [1:06:39<2:26:00,  5.38s/it]
 31%|███       | 732/2360 [1:06:45<2:26:44,  5.41s/it]
 31%|███       | 733/2360 [1:06:50<2:25:20,  5.36s/it]
 31%|███       | 734/2360 [1:06:55<2:25:44,  5.38s/it]
 31%|███       | 735/2360 [1:07:01<2:25:24,  5.37s/it]
 31%|███       | 736/2360 [1:07:06<2:25:46,  5.39s/it]
 31%|███       | 737/2360 [1:07:11<2:24:36,  5.35s/it]
 31%|███▏      | 738/2360 [1:07:17<2:25:30,  5.38s/it]
 31%|███▏      | 739/2360 [1:07:22<2:25:45,  5.39s/it]
 31%|███▏      | 740/2360 [1:07:28<2:24:55,  5.37s/it]
 31%|███▏      | 741/2360 [1:07:33<2:25:16,  5.38s/it]
 31%|███▏      | 742/2360 [1:07:38<2:24:05,  5.34s/it]
 31%|███▏      | 743/2360 [1:07:44<2:24:35,  5.37s/it]
 32%|███▏      | 744/2360 [1:07:49<2:24:59,  5.38s/it]
 32%|███▏      | 745/2360 [1:07:54<2:24:12,  5.36s/it]
 32%|███▏      | 746/2360 [1:08:00<2:24:37,  5.38s/it]
 32%|███▏      | 747/2360 [1:08:05<2:25:19,  5.41s/it]
 32%|███▏      | 748/2360 [1:08:11<2:24:18,  5.37s/it]
 32%|███▏      | 749/2360 [1:08:16<2:24:38,  5.39s/it]
 32%|███▏      | 750/2360 [1:08:21<2:23:53,  5.36s/it]
 32%|███▏      | 751/2360 [1:08:27<2:23:54,  5.37s/it]
 32%|███▏      | 752/2360 [1:08:32<2:24:42,  5.40s/it]
 32%|███▏      | 753/2360 [1:08:38<2:23:47,  5.37s/it]
 32%|███▏      | 754/2360 [1:08:43<2:24:06,  5.38s/it]
 32%|███▏      | 755/2360 [1:08:48<2:23:20,  5.36s/it]
 32%|███▏      | 756/2360 [1:08:54<2:23:44,  5.38s/it]
 32%|███▏      | 757/2360 [1:08:59<2:22:38,  5.34s/it]
 32%|███▏      | 758/2360 [1:09:04<2:23:15,  5.37s/it]
 32%|███▏      | 759/2360 [1:09:10<2:23:39,  5.38s/it]
 32%|███▏      | 760/2360 [1:09:15<2:22:53,  5.36s/it]
 32%|███▏      | 761/2360 [1:09:20<2:23:17,  5.38s/it]
 32%|███▏      | 762/2360 [1:09:26<2:22:33,  5.35s/it]
 32%|███▏      | 763/2360 [1:09:31<2:22:58,  5.37s/it]
 32%|███▏      | 764/2360 [1:09:37<2:23:41,  5.40s/it]
 32%|███▏      | 765/2360 [1:09:42<2:22:23,  5.36s/it]
 32%|███▏      | 766/2360 [1:09:47<2:23:12,  5.39s/it]
 32%|███▎      | 767/2360 [1:09:53<2:22:59,  5.39s/it]
 33%|███▎      | 768/2360 [1:09:58<2:22:11,  5.36s/it]
 33%|███▎      | 769/2360 [1:10:04<2:22:58,  5.39s/it]
 33%|███▎      | 770/2360 [1:10:09<2:21:44,  5.35s/it]
 33%|███▎      | 771/2360 [1:10:14<2:22:14,  5.37s/it]
 33%|███▎      | 772/2360 [1:10:20<2:22:34,  5.39s/it]
 33%|███▎      | 773/2360 [1:10:25<2:21:50,  5.36s/it]
 33%|███▎      | 774/2360 [1:10:30<2:22:16,  5.38s/it]
 33%|███▎      | 775/2360 [1:10:36<2:21:32,  5.36s/it]
 33%|███▎      | 776/2360 [1:10:41<2:22:22,  5.39s/it]
 33%|███▎      | 777/2360 [1:10:46<2:21:10,  5.35s/it]
 33%|███▎      | 778/2360 [1:10:52<2:21:34,  5.37s/it]
 33%|███▎      | 779/2360 [1:10:57<2:21:54,  5.39s/it]
 33%|███▎      | 780/2360 [1:11:03<2:21:06,  5.36s/it]
 33%|███▎      | 781/2360 [1:11:08<2:21:31,  5.38s/it]
 33%|███▎      | 782/2360 [1:11:13<2:21:10,  5.37s/it]
 33%|███▎      | 783/2360 [1:11:19<2:21:04,  5.37s/it]
 33%|███▎      | 784/2360 [1:11:24<2:21:47,  5.40s/it]
 33%|███▎      | 785/2360 [1:11:29<2:20:32,  5.35s/it]
 33%|███▎      | 786/2360 [1:11:35<2:20:58,  5.37s/it]
 33%|███▎      | 787/2360 [1:11:40<2:21:20,  5.39s/it]
 33%|███▎      | 788/2360 [1:11:46<2:20:56,  5.38s/it]
 33%|███▎      | 789/2360 [1:11:51<2:21:15,  5.39s/it]
 33%|███▎      | 790/2360 [1:11:56<2:20:04,  5.35s/it]
 34%|███▎      | 791/2360 [1:12:02<2:20:29,  5.37s/it]
 34%|███▎      | 792/2360 [1:12:07<2:20:49,  5.39s/it]
 34%|███▎      | 793/2360 [1:12:12<2:20:28,  5.38s/it]
 34%|███▎      | 794/2360 [1:12:18<2:20:22,  5.38s/it]
 34%|███▎      | 795/2360 [1:12:23<2:19:41,  5.36s/it]
 34%|███▎      | 796/2360 [1:12:29<2:20:29,  5.39s/it]
 34%|███▍      | 797/2360 [1:12:34<2:19:17,  5.35s/it]
 34%|███▍      | 798/2360 [1:12:39<2:19:43,  5.37s/it]
 34%|███▍      | 799/2360 [1:12:45<2:20:27,  5.40s/it]
 34%|███▍      | 800/2360 [1:12:50<2:19:15,  5.36s/it]
 34%|███▍      | 801/2360 [1:12:55<2:20:03,  5.39s/it]
 34%|███▍      | 802/2360 [1:13:01<2:18:56,  5.35s/it]
 34%|███▍      | 803/2360 [1:13:06<2:19:19,  5.37s/it]
 34%|███▍      | 804/2360 [1:13:12<2:19:38,  5.38s/it]
 34%|███▍      | 805/2360 [1:13:17<2:18:52,  5.36s/it]
 34%|███▍      | 806/2360 [1:13:22<2:19:37,  5.39s/it]
 34%|███▍      | 807/2360 [1:13:28<2:19:22,  5.38s/it]
 34%|███▍      | 808/2360 [1:13:33<2:18:36,  5.36s/it]
 34%|███▍      | 809/2360 [1:13:38<2:19:03,  5.38s/it]
 34%|███▍      | 810/2360 [1:13:44<2:18:24,  5.36s/it]
 34%|███▍      | 811/2360 [1:13:49<2:18:48,  5.38s/it]
 34%|███▍      | 812/2360 [1:13:55<2:19:03,  5.39s/it]
 34%|███▍      | 813/2360 [1:14:00<2:18:13,  5.36s/it]
 34%|███▍      | 814/2360 [1:14:05<2:18:35,  5.38s/it]
 35%|███▍      | 815/2360 [1:14:11<2:17:50,  5.35s/it]
 35%|███▍      | 816/2360 [1:14:16<2:18:19,  5.38s/it]
 35%|███▍      | 817/2360 [1:14:21<2:17:42,  5.36s/it]
 35%|███▍      | 818/2360 [1:14:27<2:18:06,  5.37s/it]
 35%|███▍      | 819/2360 [1:14:32<2:18:23,  5.39s/it]
 35%|███▍      | 820/2360 [1:14:37<2:17:37,  5.36s/it]
 35%|███▍      | 821/2360 [1:14:43<2:17:58,  5.38s/it]
 35%|███▍      | 822/2360 [1:14:48<2:17:15,  5.35s/it]
 35%|███▍      | 823/2360 [1:14:54<2:17:37,  5.37s/it]
 35%|███▍      | 824/2360 [1:14:59<2:18:13,  5.40s/it]
 35%|███▍      | 825/2360 [1:15:04<2:16:58,  5.35s/it]
 35%|███▌      | 826/2360 [1:15:10<2:17:44,  5.39s/it]
 35%|███▌      | 827/2360 [1:15:15<2:17:54,  5.40s/it]
 35%|███▌      | 828/2360 [1:15:20<2:16:42,  5.35s/it]
 35%|███▌      | 829/2360 [1:15:26<2:17:32,  5.39s/it]
 35%|███▌      | 830/2360 [1:15:31<2:16:23,  5.35s/it]
 35%|███▌      | 831/2360 [1:15:37<2:16:51,  5.37s/it]
 35%|███▌      | 832/2360 [1:15:42<2:17:10,  5.39s/it]
 35%|███▌      | 833/2360 [1:15:47<2:16:49,  5.38s/it]
 35%|███▌      | 834/2360 [1:15:53<2:16:41,  5.37s/it]
 35%|███▌      | 835/2360 [1:15:58<2:16:25,  5.37s/it]
 35%|███▌      | 836/2360 [1:16:04<2:16:42,  5.38s/it]
 35%|███▌      | 837/2360 [1:16:09<2:15:59,  5.36s/it]
 36%|███▌      | 838/2360 [1:16:14<2:16:23,  5.38s/it]
 36%|███▌      | 839/2360 [1:16:20<2:16:16,  5.38s/it]
 36%|███▌      | 840/2360 [1:16:25<2:15:36,  5.35s/it]
 36%|███▌      | 841/2360 [1:16:30<2:16:01,  5.37s/it]
 36%|███▌      | 842/2360 [1:16:36<2:15:20,  5.35s/it]
 36%|███▌      | 843/2360 [1:16:41<2:16:06,  5.38s/it]
 36%|███▌      | 844/2360 [1:16:46<2:15:54,  5.38s/it]
 36%|███▌      | 845/2360 [1:16:52<2:15:14,  5.36s/it]
 36%|███▌      | 846/2360 [1:16:57<2:15:39,  5.38s/it]
 36%|███▌      | 847/2360 [1:17:03<2:15:58,  5.39s/it]
 36%|███▌      | 848/2360 [1:17:08<2:15:09,  5.36s/it]
 36%|███▌      | 849/2360 [1:17:13<2:15:29,  5.38s/it]
 36%|███▌      | 850/2360 [1:17:19<2:14:46,  5.36s/it]
 36%|███▌      | 851/2360 [1:17:24<2:15:11,  5.38s/it]
 36%|███▌      | 852/2360 [1:17:29<2:15:28,  5.39s/it]
 36%|███▌      | 853/2360 [1:17:35<2:14:41,  5.36s/it]
 36%|███▌      | 854/2360 [1:17:40<2:15:03,  5.38s/it]
 36%|███▌      | 855/2360 [1:17:45<2:14:20,  5.36s/it]
 36%|███▋      | 856/2360 [1:17:51<2:15:07,  5.39s/it]
 36%|███▋      | 857/2360 [1:17:56<2:14:18,  5.36s/it]
 36%|███▋      | 858/2360 [1:18:02<2:14:15,  5.36s/it]
 36%|███▋      | 859/2360 [1:18:07<2:14:35,  5.38s/it]
 36%|███▋      | 860/2360 [1:18:12<2:13:54,  5.36s/it]
 36%|███▋      | 861/2360 [1:18:18<2:14:42,  5.39s/it]
 37%|███▋      | 862/2360 [1:18:23<2:13:34,  5.35s/it]
 37%|███▋      | 863/2360 [1:18:28<2:13:58,  5.37s/it]
 37%|███▋      | 864/2360 [1:18:34<2:14:14,  5.38s/it]
 37%|███▋      | 865/2360 [1:18:39<2:13:32,  5.36s/it]
 37%|███▋      | 866/2360 [1:18:45<2:13:52,  5.38s/it]
 37%|███▋      | 867/2360 [1:18:50<2:14:29,  5.40s/it]
 37%|███▋      | 868/2360 [1:18:55<2:13:34,  5.37s/it]
 37%|███▋      | 869/2360 [1:19:01<2:13:27,  5.37s/it]
 37%|███▋      | 870/2360 [1:19:06<2:12:48,  5.35s/it]
 37%|███▋      | 871/2360 [1:19:12<2:13:38,  5.39s/it]
 37%|███▋      | 872/2360 [1:19:17<2:13:27,  5.38s/it]
 37%|███▋      | 873/2360 [1:19:22<2:13:06,  5.37s/it]
 37%|███▋      | 874/2360 [1:19:28<2:13:06,  5.37s/it]
 37%|███▋      | 875/2360 [1:19:33<2:12:53,  5.37s/it]
 37%|███▋      | 876/2360 [1:19:38<2:13:10,  5.38s/it]
 37%|███▋      | 877/2360 [1:19:44<2:12:24,  5.36s/it]
 37%|███▋      | 878/2360 [1:19:49<2:12:25,  5.36s/it]
 37%|███▋      | 879/2360 [1:19:54<2:12:45,  5.38s/it]
 37%|███▋      | 880/2360 [1:20:00<2:12:28,  5.37s/it]
 37%|███▋      | 881/2360 [1:20:05<2:12:22,  5.37s/it]
 37%|███▋      | 882/2360 [1:20:10<2:11:46,  5.35s/it]
 37%|███▋      | 883/2360 [1:20:16<2:12:09,  5.37s/it]
 37%|███▋      | 884/2360 [1:20:21<2:12:27,  5.38s/it]
 38%|███▊      | 885/2360 [1:20:27<2:11:42,  5.36s/it]
 38%|███▊      | 886/2360 [1:20:32<2:12:01,  5.37s/it]
 38%|███▊      | 887/2360 [1:20:37<2:12:16,  5.39s/it]
 38%|███▊      | 888/2360 [1:20:43<2:11:55,  5.38s/it]
 38%|███▊      | 889/2360 [1:20:48<2:11:48,  5.38s/it]
 38%|███▊      | 890/2360 [1:20:54<2:11:29,  5.37s/it]
 38%|███▊      | 891/2360 [1:20:59<2:11:24,  5.37s/it]
 38%|███▊      | 892/2360 [1:21:04<2:11:43,  5.38s/it]
 38%|███▊      | 893/2360 [1:21:10<2:11:22,  5.37s/it]
 38%|███▊      | 894/2360 [1:21:15<2:11:15,  5.37s/it]
 38%|███▊      | 895/2360 [1:21:20<2:10:39,  5.35s/it]
 38%|███▊      | 896/2360 [1:21:26<2:11:03,  5.37s/it]
 38%|███▊      | 897/2360 [1:21:31<2:10:24,  5.35s/it]
 38%|███▊      | 898/2360 [1:21:36<2:10:49,  5.37s/it]
 38%|███▊      | 899/2360 [1:21:42<2:11:08,  5.39s/it]
 38%|███▊      | 900/2360 [1:21:47<2:10:26,  5.36s/it]
 38%|███▊      | 901/2360 [1:21:53<2:10:44,  5.38s/it]
 38%|███▊      | 902/2360 [1:21:58<2:10:06,  5.35s/it]
 38%|███▊      | 903/2360 [1:22:03<2:10:26,  5.37s/it]
 38%|███▊      | 904/2360 [1:22:09<2:10:45,  5.39s/it]
 38%|███▊      | 905/2360 [1:22:14<2:10:02,  5.36s/it]
 38%|███▊      | 906/2360 [1:22:20<2:10:43,  5.39s/it]
 38%|███▊      | 907/2360 [1:22:25<2:10:30,  5.39s/it]
 38%|███▊      | 908/2360 [1:22:30<2:09:42,  5.36s/it]
 39%|███▊      | 909/2360 [1:22:36<2:10:26,  5.39s/it]
 39%|███▊      | 910/2360 [1:22:41<2:09:20,  5.35s/it]
 39%|███▊      | 911/2360 [1:22:46<2:10:05,  5.39s/it]
 39%|███▊      | 912/2360 [1:22:52<2:10:18,  5.40s/it]
 39%|███▊      | 913/2360 [1:22:57<2:09:10,  5.36s/it]
 39%|███▊      | 914/2360 [1:23:02<2:09:33,  5.38s/it]
 39%|███▉      | 915/2360 [1:23:08<2:08:58,  5.36s/it]
 39%|███▉      | 916/2360 [1:23:13<2:09:20,  5.37s/it]
 39%|███▉      | 917/2360 [1:23:19<2:09:02,  5.37s/it]
 39%|███▉      | 918/2360 [1:23:24<2:08:55,  5.36s/it]
 39%|███▉      | 919/2360 [1:23:29<2:09:36,  5.40s/it]
 39%|███▉      | 920/2360 [1:23:35<2:08:30,  5.35s/it]
 39%|███▉      | 921/2360 [1:23:40<2:09:13,  5.39s/it]
 39%|███▉      | 922/2360 [1:23:45<2:08:10,  5.35s/it]
 39%|███▉      | 923/2360 [1:23:51<2:08:56,  5.38s/it]
 39%|███▉      | 924/2360 [1:23:56<2:09:09,  5.40s/it]
 39%|███▉      | 925/2360 [1:24:02<2:08:00,  5.35s/it]
 39%|███▉      | 926/2360 [1:24:07<2:08:24,  5.37s/it]
 39%|███▉      | 927/2360 [1:24:12<2:09:02,  5.40s/it]
 39%|███▉      | 928/2360 [1:24:18<2:08:13,  5.37s/it]
 39%|███▉      | 929/2360 [1:24:23<2:08:10,  5.37s/it]
 39%|███▉      | 930/2360 [1:24:28<2:07:29,  5.35s/it]
 39%|███▉      | 931/2360 [1:24:34<2:07:52,  5.37s/it]
 39%|███▉      | 932/2360 [1:24:39<2:08:11,  5.39s/it]
 40%|█(0,)
It  944, sqrt loss 0.01423, Val sim-RMS 0.08851, Time Loss: 97.5%, data: 0.6%, val: 1.9%,  5.5 sec/batch
██▉      | 933/2360 [1:24:45<2:07:50,  5.38s/it]
 40%|███▉      | 934/2360 [1:24:50<2:07:43,  5.37s/it]
 40%|███▉      | 935/2360 [1:24:55<2:07:05,  5.35s/it]
 40%|███▉      | 936/2360 [1:25:01<2:07:29,  5.37s/it]
 40%|███▉      | 937/2360 [1:25:06<2:06:52,  5.35s/it]
 40%|███▉      | 938/2360 [1:25:11<2:07:14,  5.37s/it]
 40%|███▉      | 939/2360 [1:25:17<2:07:36,  5.39s/it]
 40%|███▉      | 940/2360 [1:25:22<2:06:51,  5.36s/it]
 40%|███▉      | 941/2360 [1:25:28<2:07:11,  5.38s/it]
 40%|███▉      | 942/2360 [1:25:33<2:06:33,  5.36s/it]
 40%|███▉      | 943/2360 [1:25:38<2:07:15,  5.39s/it]
 40%|████      | 944/2360 [1:26:08<4:56:47, 12.58s/it]
 40%|████      | 945/2360 [1:26:13<4:04:46, 10.38s/it]
 40%|████      | 946/2360 [1:26:18<3:29:46,  8.90s/it]
 40%|████      | 947/2360 [1:26:24<3:04:43,  7.84s/it]
 40%|████      | 948/2360 [1:26:29<2:46:36,  7.08s/it]
 40%|████      | 949/2360 [1:26:34<2:34:44,  6.58s/it]
 40%|████      | 950/2360 [1:26:40<2:25:57,  6.21s/it]
 40%|████      | 951/2360 [1:26:45<2:19:56,  5.96s/it]
 40%|████      | 952/2360 [1:26:51<2:16:06,  5.80s/it]
 40%|████      | 953/2360 [1:26:56<2:12:49,  5.66s/it]
 40%|████      | 954/2360 [1:27:01<2:10:41,  5.58s/it]
 40%|████      | 955/2360 [1:27:07<2:08:39,  5.49s/it]
 41%|████      | 956/2360 [1:27:12<2:08:23,  5.49s/it]
 41%|████      | 957/2360 [1:27:17<2:06:36,  5.41s/it]
 41%|████      | 958/2360 [1:27:23<2:06:31,  5.41s/it]
 41%|████      | 959/2360 [1:27:28<2:06:29,  5.42s/it]
 41%|████      | 960/2360 [1:27:33<2:05:33,  5.38s/it]
 41%|████      | 961/2360 [1:27:39<2:06:06,  5.41s/it]
 41%|████      | 962/2360 [1:27:44<2:04:58,  5.36s/it]
 41%|████      | 963/2360 [1:27:50<2:05:16,  5.38s/it]
 41%|████      | 964/2360 [1:27:55<2:05:49,  5.41s/it]
 41%|████      | 965/2360 [1:28:00<2:04:37,  5.36s/it]
 41%|████      | 966/2360 [1:28:06<2:05:17,  5.39s/it]
 41%|████      | 967/2360 [1:28:11<2:05:25,  5.40s/it]
 41%|████      | 968/2360 [1:28:16<2:04:15,  5.36s/it]
 41%|████      | 969/2360 [1:28:22<2:04:37,  5.38s/it]
 41%|████      | 970/2360 [1:28:27<2:04:00,  5.35s/it]
 41%|████      | 971/2360 [1:28:33<2:04:21,  5.37s/it]
 41%|████      | 972/2360 [1:28:38<2:04:38,  5.39s/it]
 41%|████      | 973/2360 [1:28:43<2:03:57,  5.36s/it]
 41%|████▏     | 974/2360 [1:28:49<2:04:16,  5.38s/it]
 41%|████▏     | 975/2360 [1:28:54<2:03:56,  5.37s/it]
 41%|████▏     | 976/2360 [1:28:59<2:03:51,  5.37s/it]
 41%|████▏     | 977/2360 [1:29:05<2:03:16,  5.35s/it]
 41%|████▏     | 978/2360 [1:29:10<2:03:59,  5.38s/it]
 41%|████▏     | 979/2360 [1:29:16<2:04:09,  5.39s/it]
 42%|████▏     | 980/2360 [1:29:21<2:03:02,  5.35s/it]
 42%|████▏     | 981/2360 [1:29:26<2:03:43,  5.38s/it]
 42%|████▏     | 982/2360 [1:29:32<2:03:03,  5.36s/it]
 42%|████▏     | 983/2360 [1:29:37<2:03:01,  5.36s/it]
 42%|████▏     | 984/2360 [1:29:42<2:03:21,  5.38s/it]
 42%|████▏     | 985/2360 [1:29:48<2:03:04,  5.37s/it]
 42%|████▏     | 986/2360 [1:29:53<2:03:17,  5.38s/it]
 42%|████▏     | 987/2360 [1:29:59<2:03:08,  5.38s/it]
 42%|████▏     | 988/2360 [1:30:04<2:02:50,  5.37s/it]
 42%|████▏     | 989/2360 [1:30:09<2:02:46,  5.37s/it]
 42%|████▏     | 990/2360 [1:30:15<2:02:09,  5.35s/it]
 42%|████▏     | 991/2360 [1:30:20<2:02:53,  5.39s/it]
 42%|████▏     | 992/2360 [1:30:26<2:03:04,  5.40s/it]
 42%|████▏     | 993/2360 [1:30:31<2:01:56,  5.35s/it]
 42%|████▏     | 994/2360 [1:30:36<2:02:18,  5.37s/it]
 42%|████▏     | 995/2360 [1:30:41<2:01:45,  5.35s/it]
 42%|████▏     | 996/2360 [1:30:47<2:02:10,  5.37s/it]
 42%|████▏     | 997/2360 [1:30:52<2:01:51,  5.36s/it]
 42%|████▏     | 998/2360 [1:30:58<2:01:44,  5.36s/it]
 42%|████▏     | 999/2360 [1:31:03<2:02:04,  5.38s/it]
 42%|████▏     | 1000/2360 [1:31:08<2:01:25,  5.36s/it]
 42%|████▏     | 1001/2360 [1:31:14<2:01:46,  5.38s/it]
 42%|████▏     | 1002/2360 [1:31:19<2:01:08,  5.35s/it]
 42%|████▎     | 1003/2360 [1:31:24<2:01:27,  5.37s/it]
 43%|████▎     | 1004/2360 [1:31:30<2:02:03,  5.40s/it]
 43%|████▎     | 1005/2360 [1:31:35<2:01:15,  5.37s/it]
 43%|████▎     | 1006/2360 [1:31:41<2:01:31,  5.39s/it]
 43%|████▎     | 1007/2360 [1:31:46<2:01:23,  5.38s/it]
 43%|████▎     | 1008/2360 [1:31:51<2:00:45,  5.36s/it]
 43%|████▎     | 1009/2360 [1:31:57<2:01:25,  5.39s/it]
 43%|████▎     | 1010/2360 [1:32:02<2:00:45,  5.37s/it]
 43%|████▎     | 1011/2360 [1:32:08<2:01:02,  5.38s/it]
 43%|████▎     | 1012/2360 [1:32:13<2:01:13,  5.40s/it]
 43%|████▎     | 1013/2360 [1:32:18<2:00:28,  5.37s/it]
 43%|████▎     | 1014/2360 [1:32:24<2:00:25,  5.37s/it]
 43%|████▎     | 1015/2360 [1:32:29<1:59:52,  5.35s/it]
 43%|████▎     | 1016/2360 [1:32:34<2:00:14,  5.37s/it]
 43%|████▎     | 1017/2360 [1:32:40<1:59:40,  5.35s/it]
 43%|████▎     | 1018/2360 [1:32:45<2:00:03,  5.37s/it]
 43%|████▎     | 1019/2360 [1:32:51<2:00:36,  5.40s/it]
 43%|████▎     | 1020/2360 [1:32:56<1:59:32,  5.35s/it]
 43%|████▎     | 1021/2360 [1:33:01<1:59:54,  5.37s/it]
 43%|████▎     | 1022/2360 [1:33:07<1:59:36,  5.36s/it]
 43%|████▎     | 1023/2360 [1:33:12<1:59:50,  5.38s/it]
 43%|████▎     | 1024/2360 [1:33:17<1:59:42,  5.38s/it]
 43%|████▎     | 1025/2360 [1:33:23<1:59:06,  5.35s/it]
 43%|████▎     | 1026/2360 [1:33:28<1:59:28,  5.37s/it]
 44%|████▎     | 1027/2360 [1:33:34<2:00:03,  5.40s/it]
 44%|████▎     | 1028/2360 [1:33:39<1:59:18,  5.37s/it]
 44%|████▎     | 1029/2360 [1:33:44<1:59:09,  5.37s/it]
 44%|████▎     | 1030/2360 [1:33:49<1:58:32,  5.35s/it]
 44%|████▎     | 1031/2360 [1:33:55<1:58:52,  5.37s/it]
 44%|████▎     | 1032/2360 [1:34:00<1:59:32,  5.40s/it]
 44%|████▍     | 1033/2360 [1:34:06<1:58:45,  5.37s/it]
 44%|████▍     | 1034/2360 [1:34:11<1:58:41,  5.37s/it]
 44%|████▍     | 1035/2360 [1:34:16<1:58:08,  5.35s/it]
 44%|████▍     | 1036/2360 [1:34:22<1:58:31,  5.37s/it]
 44%|████▍     | 1037/2360 [1:34:27<1:58:17,  5.36s/it]
 44%|████▍     | 1038/2360 [1:34:32<1:58:11,  5.36s/it]
 44%|████▍     | 1039/2360 [1:34:38<1:58:29,  5.38s/it]
 44%|████▍     | 1040/2360 [1:34:43<1:57:54,  5.36s/it]
 44%|████▍     | 1041/2360 [1:34:49<1:58:12,  5.38s/it]
 44%|████▍     | 1042/2360 [1:34:54<1:57:35,  5.35s/it]
 44%|████▍     | 1043/2360 [1:34:59<1:57:54,  5.37s/it]
 44%|████▍     | 1044/2360 [1:35:05<1:58:27,  5.40s/it]
 44%|████▍     | 1045/2360 [1:35:10<1:57:21,  5.35s/it]
 44%|████▍     | 1046/2360 [1:35:15<1:57:40,  5.37s/it]
 44%|████▍     | 1047/2360 [1:35:21<1:58:15,  5.40s/it]
 44%|████▍     | 1048/2360 [1:35:26<1:57:07,  5.36s/it]
 44%|████▍     | 1049/2360 [1:35:32<1:57:47,  5.39s/it]
 44%|████▍     | 1050/2360 [1:35:37<1:56:45,  5.35s/it]
 45%|████▍     | 1051/2360 [1:35:42<1:57:11,  5.37s/it]
 45%|████▍     | 1052/2360 [1:35:48<1:57:24,  5.39s/it]
 45%|████▍     | 1053/2360 [1:35:53<1:57:05,  5.38s/it]
 45%|████▍     | 1054/2360 [1:35:59<1:57:20,  5.39s/it]
 45%|████▍     | 1055/2360 [1:36:04<1:56:38,  5.36s/it]
 45%|████▍     | 1056/2360 [1:36:09<1:56:35,  5.36s/it]
 45%|████▍     | 1057/2360 [1:36:14<1:56:04,  5.35s/it]
 45%|████▍     | 1058/2360 [1:36:20<1:56:28,  5.37s/it]
 45%|████▍     | 1059/2360 [1:36:25<1:57:02,  5.40s/it]
 45%|████▍     | 1060/2360 [1:36:31<1:56:00,  5.35s/it]
 45%|████▍     | 1061/2360 [1:36:36<1:56:38,  5.39s/it]
 45%|████▌     | 1062/2360 [1:36:41<1:55:39,  5.35s/it]
 45%|████▌     | 1063/2360 [1:36:47<1:56:19,  5.38s/it]
 45%|████▌     | 1064/2360 [1:36:52<1:56:09,  5.38s/it]
 45%|████▌     | 1065/2360 [1:36:57<1:55:33,  5.35s/it]
 45%|████▌     | 1066/2360 [1:37:03<1:56:12,  5.39s/it]
 45%|████▌     | 1067/2360 [1:37:08<1:56:02,  5.38s/it]
 45%|████▌     | 1068/2360 [1:37:14<1:55:41,  5.37s/it]
 45%|████▌     | 1069/2360 [1:37:19<1:55:55,  5.39s/it]
 45%|████▌     | 1070/2360 [1:37:24<1:54:57,  5.35s/it]
 45%|████▌     | 1071/2360 [1:37:30<1:55:37,  5.38s/it]
 45%|████▌     | 1072/2360 [1:37:35<1:55:28,  5.38s/it]
 45%|████▌     | 1073/2360 [1:37:40<1:54:52,  5.36s/it]
 46%|████▌     | 1074/2360 [1:37:46<1:55:12,  5.37s/it]
 46%|████▌     | 1075/2360 [1:37:51<1:54:36,  5.35s/it]
 46%|████▌     | 1076/2360 [1:37:57<1:55:16,  5.39s/it]
 46%|████▌     | 1077/2360 [1:38:02<1:54:16,  5.34s/it]
 46%|████▌     | 1078/2360 [1:38:07<1:54:37,  5.36s/it]
 46%|████▌     | 1079/2360 [1:38:13<1:55:13,  5.40s/it]
 46%|████▌     | 1080/2360 [1:38:18<1:54:31,  5.37s/it]
 46%|████▌     | 1081/2360 [1:38:23<1:54:26,  5.37s/it]
 46%|████▌     | 1082/2360 [1:38:29<1:53:56,  5.35s/it]
 46%|████▌     | 1083/2360 [1:38:34<1:54:15,  5.37s/it]
 46%|████▌     | 1084/2360 [1:38:40<1:54:31,  5.38s/it]
 46%|████▌     | 1085/2360 [1:38:45<1:53:52,  5.36s/it]
 46%|████▌     | 1086/2360 [1:38:50<1:54:09,  5.38s/it]
 46%|████▌     | 1087/2360 [1:38:56<1:54:20,  5.39s/it]
 46%|████▌     | 1088/2360 [1:39:01<1:53:40,  5.36s/it]
 46%|████▌     | 1089/2360 [1:39:06<1:53:56,  5.38s/it]
 46%|████▌     | 1090/2360 [1:39:12<1:53:22,  5.36s/it]
 46%|████▌     | 1091/2360 [1:39:17<1:53:41,  5.38s/it]
 46%|████▋     | 1092/2360 [1:39:23<1:53:53,  5.39s/it]
 46%|████▋     | 1093/2360 [1:39:28<1:53:11,  5.36s/it]
 46%|████▋     | 1094/2360 [1:39:33<1:53:46,  5.39s/it]
 46%|████▋     | 1095/2360 [1:39:39<1:52:46,  5.35s/it]
 46%|████▋     | 1096/2360 [1:39:44<1:53:08,  5.37s/it]
 46%|████▋     | 1097/2360 [1:39:49<1:52:34,  5.35s/it]
 47%|████▋     | 1098/2360 [1:39:55<1:52:52,  5.37s/it]
 47%|████▋     | 1099/2360 [1:40:00<1:53:06,  5.38s/it]
 47%|████▋     | 1100/2360 [1:40:05<1:52:26,  5.35s/it]
 47%|████▋     | 1101/2360 [1:40:11<1:53:01,  5.39s/it]
 47%|████▋     | 1102/2360 [1:40:16<1:52:02,  5.34s/it]
 47%|████▋     | 1103/2360 [1:40:22<1:52:41,  5.38s/it]
 47%|████▋     | 1104/2360 [1:40:27<1:52:30,  5.37s/it]
 47%|████▋     | 1105/2360 [1:40:32<1:52:15,  5.37s/it]
 47%|████▋     | 1106/2360 [1:40:38<1:52:12,  5.37s/it]
 47%|████▋     | 1107/2360 [1:40:43<1:52:27,  5.38s/it]
 47%|████▋     | 1108/2360 [1:40:48<1:51:47,  5.36s/it]
 47%|████▋     | 1109/2360 [1:40:54<1:52:24,  5.39s/it]
 47%|████▋     | 1110/2360 [1:40:59<1:51:24,  5.35s/it]
 47%|████▋     | 1111/2360 [1:41:05<1:52:04,  5.38s/it]
 47%|████▋     | 1112/2360 [1:41:10<1:52:16,  5.40s/it]
 47%|████▋     | 1113/2360 [1:41:15<1:51:35,  5.37s/it]
 47%|████▋     | 1114/2360 [1:41:21<1:51:32,  5.37s/it]
 47%|████▋     | 1115/2360 [1:41:26<1:51:01,  5.35s/it]
 47%|████▋     | 1116/2360 [1:41:31<1:51:41,  5.39s/it]
 47%|████▋     | 1117/2360 [1:41:37<1:50:47,  5.35s/it]
 47%|████▋     | 1118/2360 [1:41:42<1:51:28,  5.39s/it]
 47%|████▋     | 1119/2360 [1:41:48<1:51:19,  5.38s/it]
 47%|████▋     | 1120/2360 [1:41:53<1:50:40,  5.35s/it]
 48%|████▊     | 1121/2360 [1:41:58<1:51:19,  5.39s/it]
 48%|████▊     | 1122/2360 [1:42:04<1:50:19,  5.35s/it]
 48%|████▊     | 1123/2360 [1:42:09<1:50:59,  5.38s/it]
 48%|████▊     | 1124/2360 [1:42:14<1:51:08,  5.39s/it]
 48%|████▊     | 1125/2360 [1:42:20<1:50:07,  5.35s/it]
 48%|████▊     | 1126/2360 [1:42:25<1:50:27,  5.37s/it]
 48%|████▊     | 1127/2360 [1:42:31<1:50:42,  5.39s/it]
 48%|████▊     | 1128/2360 [1:42:36<1:50:05,  5.36s/it]
 48%|████▊     | 1129/2360 [1:42:41<1:50:22,  5.38s/it]
 48%|████▊     | 1130/2360 [1:42:47<1:49:47,  5.36s/it]
 48%|████▊     | 1131/2360 [1:42:52<1:50:05,  5.37s/it]
 48%|████▊     | 1132/2360 [1:42:57<1:50:18,  5.39s/it]
 48%|████▊     | 1133/2360 [1:43:03<1:49:39,  5.36s/it]
 48%|████▊     | 1134/2360 [1:43:08<1:50:16,  5.40s/it]
 48%|████▊     | 1135/2360 [1:43:14<1:49:32,  5.37s/it]
 48%|████▊     | 1136/2360 [1:43:19<1:49:46,  5.38s/it]
 48%|████▊     | 1137/2360 [1:43:24<1:49:10,  5.36s/it]
 48%|████▊     | 1138/2360 [1:43:30<1:49:07,  5.36s/it]
 48%|████▊     | 1139/2360 [1:43:35<1:49:24,  5.38s/it]
 48%|████▊     | 1140/2360 [1:43:40<1:49:08,  5.37s/it]
 48%|████▊     | 1141/2360 [1:43:46<1:49:01,  5.37s/it]
 48%|████▊     | 1142/2360 [1:43:51<1:48:33,  5.35s/it]
 48%|████▊     | 1143/2360 [1:43:56<1:48:51,  5.37s/it]
 48%|████▊     | 1144/2360 [1:44:02<1:49:05,  5.38s/it]
 49%|████▊     | 1145/2360 [1:44:07<1:48:46,  5.37s/it]
 49%|████▊     | 1146/2360 [1:44:13<1:48:59,  5.39s/it]
 49%|████▊     | 1147/2360 [1:44:18<1:49:06,  5.40s/it]
 49%|████▊     | 1148/2360 [1:44:23<1:48:06,  5.35s/it]
 49%|████▊     | 1149/2360 [1:44:29<1:48:25,  5.37s/it]
 49%|████▊     | 1150/2360 [1:44:34<1:48:11,  5.36s/it]
 49%|████▉     | 1151/2360 [1:44:39<1:48:06,  5.37s/it]
 49%|████▉     | 1152/2360 [1:44:45<1:48:39,  5.40s/it]
 49%|████▉     | 1153/2360 [1:44:50<1:47:57,  5.37s/it]
 49%|████▉     | 1154/2360 [1:44:56<1:48:12,  5.38s/it]
 49%|████▉     | 1155/2360 [1:45:01<1:47:19,  5.34s/it]
 49%|████▉     | 1156/2360 [1:45:06<1:47:41,  5.37s/it]
 49%|████▉     | 1157/2360 [1:45:12<1:47:12,  5.35s/it]
 49%|████▉     | 1158/2360 [1:45:17<1:47:31,  5.37s/it]
 49%|████▉     | 1159/2360 [1:45:22<1:47:45,  5.38s/it]
 49%|████▉     | 1160/2360 [1:45:28<1:47:10,  5.36s/it]
 49%|████▉     | 1161/2360 [1:45:33<1:47:27,  5.38s/it]
 49%|████▉     | 1162/2360 [1:45:38<1:46:53,  5.35s/it]
 49%|████▉     | 1163/2360 [1:45:44<1:47:09,  5.37s/it]
 49%|████▉     | 1164/2360 [1:45:49<1:47:21,  5.39s/it]
 49%|████▉     | 1165/2360 [1:45:55<1:46:48,  5.36s/it]
 49%|████▉     | 1166/2360 [1:46:00<1:47:04,  5.38s/it]
 49%|████▉     | 1167/2360 [1:46:05<1:47:15,  5.39s/it]
 49%|�(0,)
It 1180, sqrt loss 0.01733, Val sim-RMS 0.1856, Time Loss: 97.5%, data: 0.6%, val: 1.9%,  5.5 sec/batch
�███▉     | 1168/2360 [1:46:11<1:46:53,  5.38s/it]
 50%|████▉     | 1169/2360 [1:46:16<1:47:03,  5.39s/it]
 50%|████▉     | 1170/2360 [1:46:21<1:46:08,  5.35s/it]
 50%|████▉     | 1171/2360 [1:46:27<1:46:26,  5.37s/it]
 50%|████▉     | 1172/2360 [1:46:32<1:46:57,  5.40s/it]
 50%|████▉     | 1173/2360 [1:46:38<1:45:58,  5.36s/it]
 50%|████▉     | 1174/2360 [1:46:43<1:46:20,  5.38s/it]
 50%|████▉     | 1175/2360 [1:46:48<1:45:48,  5.36s/it]
 50%|████▉     | 1176/2360 [1:46:54<1:46:25,  5.39s/it]
 50%|████▉     | 1177/2360 [1:46:59<1:45:30,  5.35s/it]
 50%|████▉     | 1178/2360 [1:47:04<1:45:49,  5.37s/it]
 50%|████▉     | 1179/2360 [1:47:10<1:46:01,  5.39s/it]
 50%|█████     | 1180/2360 [1:47:39<4:07:11, 12.57s/it]
 50%|█████     | 1181/2360 [1:47:45<3:24:34, 10.41s/it]
 50%|█████     | 1182/2360 [1:47:50<2:55:01,  8.91s/it]
 50%|█████     | 1183/2360 [1:47:55<2:33:54,  7.85s/it]
 50%|█████     | 1184/2360 [1:48:01<2:19:14,  7.10s/it]
 50%|█████     | 1185/2360 [1:48:06<2:08:49,  6.58s/it]
 50%|█████     | 1186/2360 [1:48:11<2:01:36,  6.22s/it]
 50%|█████     | 1187/2360 [1:48:17<1:56:06,  5.94s/it]
 50%|█████     | 1188/2360 [1:48:22<1:52:59,  5.78s/it]
 50%|█████     | 1189/2360 [1:48:28<1:50:48,  5.68s/it]
 50%|█████     | 1190/2360 [1:48:33<1:48:48,  5.58s/it]
 50%|█████     | 1191/2360 [1:48:38<1:47:31,  5.52s/it]
 51%|█████     | 1192/2360 [1:48:44<1:46:07,  5.45s/it]
 51%|█████     | 1193/2360 [1:48:49<1:46:06,  5.46s/it]
 51%|█████     | 1194/2360 [1:48:54<1:45:32,  5.43s/it]
 51%|█████     | 1195/2360 [1:49:00<1:44:43,  5.39s/it]
 51%|█████     | 1196/2360 [1:49:05<1:44:46,  5.40s/it]
 51%|█████     | 1197/2360 [1:49:11<1:44:07,  5.37s/it]
 51%|█████     | 1198/2360 [1:49:16<1:44:35,  5.40s/it]
 51%|█████     | 1199/2360 [1:49:21<1:44:38,  5.41s/it]
 51%|█████     | 1200/2360 [1:49:27<1:43:56,  5.38s/it]
 51%|█████     | 1201/2360 [1:49:32<1:43:50,  5.38s/it]
 51%|█████     | 1202/2360 [1:49:37<1:43:17,  5.35s/it]
 51%|█████     | 1203/2360 [1:49:43<1:43:36,  5.37s/it]
 51%|█████     | 1204/2360 [1:49:48<1:43:19,  5.36s/it]
 51%|█████     | 1205/2360 [1:49:54<1:43:34,  5.38s/it]
 51%|█████     | 1206/2360 [1:49:59<1:43:25,  5.38s/it]
 51%|█████     | 1207/2360 [1:50:04<1:43:12,  5.37s/it]
 51%|█████     | 1208/2360 [1:50:10<1:43:24,  5.39s/it]
 51%|█████     | 1209/2360 [1:50:15<1:43:14,  5.38s/it]
 51%|█████▏    | 1210/2360 [1:50:20<1:42:40,  5.36s/it]
 51%|█████▏    | 1211/2360 [1:50:26<1:42:57,  5.38s/it]
 51%|█████▏    | 1212/2360 [1:50:31<1:42:27,  5.35s/it]
 51%|█████▏    | 1213/2360 [1:50:37<1:43:01,  5.39s/it]
 51%|█████▏    | 1214/2360 [1:50:42<1:42:09,  5.35s/it]
 51%|█████▏    | 1215/2360 [1:50:47<1:42:28,  5.37s/it]
 52%|█████▏    | 1216/2360 [1:50:53<1:42:42,  5.39s/it]
 52%|█████▏    | 1217/2360 [1:50:58<1:42:08,  5.36s/it]
 52%|█████▏    | 1218/2360 [1:51:03<1:42:24,  5.38s/it]
 52%|█████▏    | 1219/2360 [1:51:09<1:41:52,  5.36s/it]
 52%|█████▏    | 1220/2360 [1:51:14<1:42:26,  5.39s/it]
 52%|█████▏    | 1221/2360 [1:51:20<1:42:15,  5.39s/it]
 52%|█████▏    | 1222/2360 [1:51:25<1:41:57,  5.38s/it]
 52%|█████▏    | 1223/2360 [1:51:30<1:42:07,  5.39s/it]
 52%|█████▏    | 1224/2360 [1:51:36<1:41:32,  5.36s/it]
 52%|█████▏    | 1225/2360 [1:51:41<1:41:28,  5.36s/it]
 52%|█████▏    | 1226/2360 [1:51:46<1:41:46,  5.39s/it]
 52%|█████▏    | 1227/2360 [1:51:52<1:41:14,  5.36s/it]
 52%|█████▏    | 1228/2360 [1:51:57<1:41:46,  5.39s/it]
 52%|█████▏    | 1229/2360 [1:52:03<1:41:07,  5.36s/it]
 52%|█████▏    | 1230/2360 [1:52:08<1:41:04,  5.37s/it]
 52%|█████▏    | 1231/2360 [1:52:13<1:41:23,  5.39s/it]
 52%|█████▏    | 1232/2360 [1:52:19<1:40:51,  5.36s/it]
 52%|█████▏    | 1233/2360 [1:52:24<1:41:05,  5.38s/it]
 52%|█████▏    | 1234/2360 [1:52:29<1:40:48,  5.37s/it]
 52%|█████▏    | 1235/2360 [1:52:35<1:40:42,  5.37s/it]
 52%|█████▏    | 1236/2360 [1:52:40<1:40:14,  5.35s/it]
 52%|█████▏    | 1237/2360 [1:52:45<1:40:33,  5.37s/it]
 52%|█████▏    | 1238/2360 [1:52:51<1:40:46,  5.39s/it]
 52%|█████▎    | 1239/2360 [1:52:56<1:40:11,  5.36s/it]
 53%|█████▎    | 1240/2360 [1:53:02<1:40:25,  5.38s/it]
 53%|█████▎    | 1241/2360 [1:53:07<1:39:52,  5.36s/it]
 53%|█████▎    | 1242/2360 [1:53:12<1:40:25,  5.39s/it]
 53%|█████▎    | 1243/2360 [1:53:18<1:39:31,  5.35s/it]
 53%|█████▎    | 1244/2360 [1:53:23<1:40:08,  5.38s/it]
 53%|█████▎    | 1245/2360 [1:53:28<1:39:59,  5.38s/it]
 53%|█████▎    | 1246/2360 [1:53:34<1:39:25,  5.35s/it]
 53%|█████▎    | 1247/2360 [1:53:39<1:39:41,  5.37s/it]
 53%|█████▎    | 1248/2360 [1:53:45<1:39:11,  5.35s/it]
 53%|█████▎    | 1249/2360 [1:53:50<1:39:28,  5.37s/it]
 53%|█████▎    | 1250/2360 [1:53:55<1:39:55,  5.40s/it]
 53%|█████▎    | 1251/2360 [1:54:01<1:39:14,  5.37s/it]
 53%|█████▎    | 1252/2360 [1:54:06<1:39:10,  5.37s/it]
 53%|█████▎    | 1253/2360 [1:54:11<1:38:42,  5.35s/it]
 53%|█████▎    | 1254/2360 [1:54:17<1:39:14,  5.38s/it]
 53%|█████▎    | 1255/2360 [1:54:22<1:39:21,  5.40s/it]
 53%|█████▎    | 1256/2360 [1:54:28<1:38:28,  5.35s/it]
 53%|█████▎    | 1257/2360 [1:54:33<1:38:45,  5.37s/it]
 53%|█████▎    | 1258/2360 [1:54:38<1:39:14,  5.40s/it]
 53%|█████▎    | 1259/2360 [1:54:44<1:38:19,  5.36s/it]
 53%|█████▎    | 1260/2360 [1:54:49<1:38:35,  5.38s/it]
 53%|█████▎    | 1261/2360 [1:54:54<1:38:20,  5.37s/it]
 53%|█████▎    | 1262/2360 [1:55:00<1:38:15,  5.37s/it]
 54%|█████▎    | 1263/2360 [1:55:05<1:38:27,  5.39s/it]
 54%|█████▎    | 1264/2360 [1:55:11<1:37:52,  5.36s/it]
 54%|█████▎    | 1265/2360 [1:55:16<1:38:07,  5.38s/it]
 54%|█████▎    | 1266/2360 [1:55:21<1:37:37,  5.35s/it]
 54%|█████▎    | 1267/2360 [1:55:27<1:37:54,  5.37s/it]
 54%|█████▎    | 1268/2360 [1:55:32<1:37:22,  5.35s/it]
 54%|█████▍    | 1269/2360 [1:55:37<1:37:39,  5.37s/it]
 54%|█████▍    | 1270/2360 [1:55:43<1:38:09,  5.40s/it]
 54%|█████▍    | 1271/2360 [1:55:48<1:37:13,  5.36s/it]
 54%|█████▍    | 1272/2360 [1:55:54<1:37:45,  5.39s/it]
 54%|█████▍    | 1273/2360 [1:55:59<1:36:55,  5.35s/it]
 54%|█████▍    | 1274/2360 [1:56:04<1:37:26,  5.38s/it]
 54%|█████▍    | 1275/2360 [1:56:10<1:37:17,  5.38s/it]
 54%|█████▍    | 1276/2360 [1:56:15<1:36:45,  5.36s/it]
 54%|█████▍    | 1277/2360 [1:56:20<1:37:00,  5.37s/it]
 54%|█████▍    | 1278/2360 [1:56:26<1:37:10,  5.39s/it]
 54%|█████▍    | 1279/2360 [1:56:31<1:36:54,  5.38s/it]
 54%|█████▍    | 1280/2360 [1:56:37<1:36:47,  5.38s/it]
 54%|█████▍    | 1281/2360 [1:56:42<1:36:15,  5.35s/it]
 54%|█████▍    | 1282/2360 [1:56:47<1:36:33,  5.37s/it]
 54%|█████▍    | 1283/2360 [1:56:53<1:36:59,  5.40s/it]
 54%|█████▍    | 1284/2360 [1:56:58<1:36:04,  5.36s/it]
 54%|█████▍    | 1285/2360 [1:57:03<1:36:19,  5.38s/it]
 54%|█████▍    | 1286/2360 [1:57:09<1:35:48,  5.35s/it]
 55%|█████▍    | 1287/2360 [1:57:14<1:36:06,  5.37s/it]
 55%|█████▍    | 1288/2360 [1:57:19<1:35:54,  5.37s/it]
 55%|█████▍    | 1289/2360 [1:57:25<1:35:49,  5.37s/it]
 55%|█████▍    | 1290/2360 [1:57:30<1:36:17,  5.40s/it]
 55%|█████▍    | 1291/2360 [1:57:36<1:35:39,  5.37s/it]
 55%|█████▍    | 1292/2360 [1:57:41<1:35:32,  5.37s/it]
 55%|█████▍    | 1293/2360 [1:57:46<1:35:05,  5.35s/it]
 55%|█████▍    | 1294/2360 [1:57:52<1:35:39,  5.38s/it]
 55%|█████▍    | 1295/2360 [1:57:57<1:35:29,  5.38s/it]
 55%|█████▍    | 1296/2360 [1:58:02<1:34:57,  5.35s/it]
 55%|█████▍    | 1297/2360 [1:58:08<1:35:27,  5.39s/it]
 55%|█████▌    | 1298/2360 [1:58:13<1:35:17,  5.38s/it]
 55%|█████▌    | 1299/2360 [1:58:19<1:35:02,  5.37s/it]
 55%|█████▌    | 1300/2360 [1:58:24<1:35:11,  5.39s/it]
 55%|█████▌    | 1301/2360 [1:58:29<1:34:22,  5.35s/it]
 55%|█████▌    | 1302/2360 [1:58:35<1:34:54,  5.38s/it]
 55%|█████▌    | 1303/2360 [1:58:40<1:34:48,  5.38s/it]
 55%|█████▌    | 1304/2360 [1:58:45<1:34:31,  5.37s/it]
 55%|█████▌    | 1305/2360 [1:58:51<1:34:25,  5.37s/it]
 55%|█████▌    | 1306/2360 [1:58:56<1:33:58,  5.35s/it]
 55%|█████▌    | 1307/2360 [1:59:02<1:34:15,  5.37s/it]
 55%|█████▌    | 1308/2360 [1:59:07<1:33:49,  5.35s/it]
 55%|█████▌    | 1309/2360 [1:59:12<1:34:05,  5.37s/it]
 56%|█████▌    | 1310/2360 [1:59:18<1:34:18,  5.39s/it]
 56%|█████▌    | 1311/2360 [1:59:23<1:33:43,  5.36s/it]
 56%|█████▌    | 1312/2360 [1:59:28<1:34:11,  5.39s/it]
 56%|█████▌    | 1313/2360 [1:59:34<1:33:22,  5.35s/it]
 56%|█████▌    | 1314/2360 [1:59:39<1:33:37,  5.37s/it]
 56%|█████▌    | 1315/2360 [1:59:45<1:33:47,  5.39s/it]
 56%|█████▌    | 1316/2360 [1:59:50<1:33:15,  5.36s/it]
 56%|█████▌    | 1317/2360 [1:59:55<1:33:43,  5.39s/it]
 56%|█████▌    | 1318/2360 [2:00:01<1:33:33,  5.39s/it]
 56%|█████▌    | 1319/2360 [2:00:06<1:33:00,  5.36s/it]
 56%|█████▌    | 1320/2360 [2:00:11<1:33:30,  5.40s/it]
 56%|█████▌    | 1321/2360 [2:00:17<1:32:54,  5.37s/it]
 56%|█████▌    | 1322/2360 [2:00:22<1:32:51,  5.37s/it]
 56%|█████▌    | 1323/2360 [2:00:28<1:33:18,  5.40s/it]
 56%|█████▌    | 1324/2360 [2:00:33<1:32:25,  5.35s/it]
 56%|█████▌    | 1325/2360 [2:00:38<1:32:41,  5.37s/it]
 56%|█████▌    | 1326/2360 [2:00:44<1:32:14,  5.35s/it]
 56%|█████▌    | 1327/2360 [2:00:49<1:32:44,  5.39s/it]
 56%|█████▋    | 1328/2360 [2:00:54<1:31:58,  5.35s/it]
 56%|█████▋    | 1329/2360 [2:01:00<1:32:14,  5.37s/it]
 56%|█████▋    | 1330/2360 [2:01:05<1:32:41,  5.40s/it]
 56%|█████▋    | 1331/2360 [2:01:10<1:31:51,  5.36s/it]
 56%|█████▋    | 1332/2360 [2:01:16<1:32:04,  5.37s/it]
 56%|█████▋    | 1333/2360 [2:01:21<1:31:50,  5.37s/it]
 57%|█████▋    | 1334/2360 [2:01:27<1:31:45,  5.37s/it]
 57%|█████▋    | 1335/2360 [2:01:32<1:31:57,  5.38s/it]
 57%|█████▋    | 1336/2360 [2:01:37<1:31:42,  5.37s/it]
 57%|█████▋    | 1337/2360 [2:01:43<1:31:37,  5.37s/it]
 57%|█████▋    | 1338/2360 [2:01:48<1:31:48,  5.39s/it]
 57%|█████▋    | 1339/2360 [2:01:53<1:31:15,  5.36s/it]
 57%|█████▋    | 1340/2360 [2:01:59<1:31:43,  5.40s/it]
 57%|█████▋    | 1341/2360 [2:02:04<1:31:07,  5.37s/it]
 57%|█████▋    | 1342/2360 [2:02:10<1:31:01,  5.37s/it]
 57%|█████▋    | 1343/2360 [2:02:15<1:31:28,  5.40s/it]
 57%|█████▋    | 1344/2360 [2:02:20<1:30:39,  5.35s/it]
 57%|█████▋    | 1345/2360 [2:02:26<1:30:55,  5.38s/it]
 57%|█████▋    | 1346/2360 [2:02:31<1:30:27,  5.35s/it]
 57%|█████▋    | 1347/2360 [2:02:36<1:30:42,  5.37s/it]
 57%|█████▋    | 1348/2360 [2:02:42<1:30:14,  5.35s/it]
 57%|█████▋    | 1349/2360 [2:02:47<1:30:44,  5.39s/it]
 57%|█████▋    | 1350/2360 [2:02:53<1:30:48,  5.39s/it]
 57%|█████▋    | 1351/2360 [2:02:58<1:30:12,  5.36s/it]
 57%|█████▋    | 1352/2360 [2:03:03<1:30:22,  5.38s/it]
 57%|█████▋    | 1353/2360 [2:03:09<1:29:53,  5.36s/it]
 57%|█████▋    | 1354/2360 [2:03:14<1:29:51,  5.36s/it]
 57%|█████▋    | 1355/2360 [2:03:19<1:30:05,  5.38s/it]
 57%|█████▋    | 1356/2360 [2:03:25<1:29:36,  5.36s/it]
 57%|█████▊    | 1357/2360 [2:03:30<1:29:51,  5.38s/it]
 58%|█████▊    | 1358/2360 [2:03:36<1:30:01,  5.39s/it]
 58%|█████▊    | 1359/2360 [2:03:41<1:29:42,  5.38s/it]
 58%|█████▊    | 1360/2360 [2:03:46<1:29:36,  5.38s/it]
 58%|█████▊    | 1361/2360 [2:03:52<1:29:20,  5.37s/it]
 58%|█████▊    | 1362/2360 [2:03:57<1:29:16,  5.37s/it]
 58%|█████▊    | 1363/2360 [2:04:02<1:29:41,  5.40s/it]
 58%|█████▊    | 1364/2360 [2:04:08<1:28:52,  5.35s/it]
 58%|█████▊    | 1365/2360 [2:04:13<1:29:21,  5.39s/it]
 58%|█████▊    | 1366/2360 [2:04:18<1:28:34,  5.35s/it]
 58%|█████▊    | 1367/2360 [2:04:24<1:29:05,  5.38s/it]
 58%|█████▊    | 1368/2360 [2:04:29<1:28:18,  5.34s/it]
 58%|█████▊    | 1369/2360 [2:04:35<1:28:35,  5.36s/it]
 58%|█████▊    | 1370/2360 [2:04:40<1:29:02,  5.40s/it]
 58%|█████▊    | 1371/2360 [2:04:45<1:28:27,  5.37s/it]
 58%|█████▊    | 1372/2360 [2:04:51<1:28:24,  5.37s/it]
 58%|█████▊    | 1373/2360 [2:04:56<1:27:58,  5.35s/it]
 58%|█████▊    | 1374/2360 [2:05:01<1:28:13,  5.37s/it]
 58%|█████▊    | 1375/2360 [2:05:07<1:28:37,  5.40s/it]
 58%|█████▊    | 1376/2360 [2:05:12<1:28:05,  5.37s/it]
 58%|█████▊    | 1377/2360 [2:05:18<1:28:11,  5.38s/it]
 58%|█████▊    | 1378/2360 [2:05:23<1:28:03,  5.38s/it]
 58%|█████▊    | 1379/2360 [2:05:28<1:27:49,  5.37s/it]
 58%|█████▊    | 1380/2360 [2:05:34<1:27:57,  5.38s/it]
 59%|█████▊    | 1381/2360 [2:05:39<1:27:10,  5.34s/it]
 59%|█████▊    | 1382/2360 [2:05:44<1:27:27,  5.37s/it]
 59%|█████▊    | 1383/2360 [2:05:50<1:27:38,  5.38s/it]
 59%|█████▊    | 1384/2360 [2:05:55<1:27:07,  5.36s/it]
 59%|█████▊    | 1385/2360 [2:06:01<1:27:21,  5.38s/it]
 59%|█████▊    | 1386/2360 [2:06:06<1:26:53,  5.35s/it]
 59%|█████▉    | 1387/2360 [2:06:11<1:27:08,  5.37s/it]
 59%|█████▉    | 1388/2360 [2:06:17<1:26:54,  5.36s/it]
 59%|█████▉    | 1389/2360 [2:06:22<1:26:49,  5.37s/it]
 59%|█████▉    | 1390/2360 [2:06:27<1:27:13,  5.40s/it]
 59%|█████▉    | 1391/2360 [2:06:33<1:26:25,  5.35s/it]
 59%|█████▉    | 1392/2360 [2:06:38<1:26:39,  5.37s/it]
 59%|█████▉    | 1393/2360 [2:06:43<1:26:27,  5.36s/it]
 59%|█████▉    | 1394/2360 [2:06:49<1:26:20,  5.36s/it]
 59%|█████▉    | 1395/2360 [2:06:54<1:26:31,  5.38s/it]
 59%|█████▉    | 1396/2360 [2:07:00<1:26:01,  5.35s/it]
 59%|█████▉    | 1397/2360 [2:07:05<1:26:13,  5.37s/it]
 59%|█████▉    | 1398/2360 [2:07:10<1:26:36,  5.40s/it]
 59%|█████▉    | 1399/2360 [2:07:16<1:25:45,  5.35s/it]
 59%|█████▉    | 1400/2360 [2:07:21<1:25:58,  5.37s/it]
 59%|█████▉    | 1401/2360 [2:07:26<1:25:33,  5.35s/it]
 59%|█████▉    | 1402/2360 [2:07:32<1:26:00,  5.39s/it]
 59%|█████▉    | 1403/2360 [2:07:37<1:25:50,  5.38s/it]
 59%|█████▉    | 1404/2360 [2:07:43<1:25:22,  5.36s/it]
 60%|█████▉    | 1405/2360 [2:07:48<1:25:49,  5.39s/it]
 60%|█████▉    | 1406/2360 [2:07:53<1:25:02,  5.35s/it]
 60%|█████▉    | 1407/2360 [2:07:59<1:25:17,  5.37s/it]
 60%|█████▉    | 1408/2360 [2:08:04<1:24:52,  5.35s/it]
 60%|█████▉    | 1409/2360 [2:08:09<1:25:05,  5.37s/it]
 60%|████�(0,)
It 1416, sqrt loss 0.02268, Val sim-RMS  0.177, Time Loss: 97.5%, data: 0.6%, val: 1.9%,  5.5 sec/batch
�▉    | 1410/2360 [2:08:15<1:25:16,  5.39s/it]
 60%|█████▉    | 1411/2360 [2:08:20<1:24:47,  5.36s/it]
 60%|█████▉    | 1412/2360 [2:08:26<1:24:59,  5.38s/it]
 60%|█████▉    | 1413/2360 [2:08:31<1:24:46,  5.37s/it]
 60%|█████▉    | 1414/2360 [2:08:36<1:24:39,  5.37s/it]
 60%|█████▉    | 1415/2360 [2:08:42<1:24:50,  5.39s/it]
 60%|██████    | 1416/2360 [2:09:11<3:17:13, 12.54s/it]
 60%|██████    | 1417/2360 [2:09:16<2:43:13, 10.39s/it]
 60%|██████    | 1418/2360 [2:09:22<2:19:42,  8.90s/it]
 60%|██████    | 1419/2360 [2:09:27<2:02:51,  7.83s/it]
 60%|██████    | 1420/2360 [2:09:32<1:51:07,  7.09s/it]
 60%|██████    | 1421/2360 [2:09:38<1:42:35,  6.55s/it]
 60%|██████    | 1422/2360 [2:09:43<1:37:07,  6.21s/it]
 60%|██████    | 1423/2360 [2:09:49<1:33:18,  5.97s/it]
 60%|██████    | 1424/2360 [2:09:54<1:30:15,  5.79s/it]
 60%|██████    | 1425/2360 [2:09:59<1:28:11,  5.66s/it]
 60%|██████    | 1426/2360 [2:10:05<1:27:01,  5.59s/it]
 60%|██████    | 1427/2360 [2:10:10<1:25:36,  5.51s/it]
 61%|██████    | 1428/2360 [2:10:15<1:25:07,  5.48s/it]
 61%|██████    | 1429/2360 [2:10:21<1:24:11,  5.43s/it]
 61%|██████    | 1430/2360 [2:10:26<1:24:18,  5.44s/it]
 61%|██████    | 1431/2360 [2:10:32<1:23:55,  5.42s/it]
 61%|██████    | 1432/2360 [2:10:37<1:23:17,  5.38s/it]
 61%|██████    | 1433/2360 [2:10:42<1:23:36,  5.41s/it]
 61%|██████    | 1434/2360 [2:10:48<1:22:45,  5.36s/it]
 61%|██████    | 1435/2360 [2:10:53<1:22:58,  5.38s/it]
 61%|██████    | 1436/2360 [2:10:58<1:22:29,  5.36s/it]
 61%|██████    | 1437/2360 [2:11:04<1:22:41,  5.38s/it]
 61%|██████    | 1438/2360 [2:11:09<1:23:03,  5.41s/it]
 61%|██████    | 1439/2360 [2:11:14<1:22:14,  5.36s/it]
 61%|██████    | 1440/2360 [2:11:20<1:22:27,  5.38s/it]
 61%|██████    | 1441/2360 [2:11:25<1:21:59,  5.35s/it]
 61%|██████    | 1442/2360 [2:11:31<1:22:13,  5.37s/it]
 61%|██████    | 1443/2360 [2:11:36<1:21:47,  5.35s/it]
 61%|██████    | 1444/2360 [2:11:41<1:22:13,  5.39s/it]
 61%|██████    | 1445/2360 [2:11:47<1:22:18,  5.40s/it]
 61%|██████▏   | 1446/2360 [2:11:52<1:21:32,  5.35s/it]
 61%|██████▏   | 1447/2360 [2:11:57<1:21:44,  5.37s/it]
 61%|██████▏   | 1448/2360 [2:12:03<1:21:19,  5.35s/it]
 61%|██████▏   | 1449/2360 [2:12:08<1:21:31,  5.37s/it]
 61%|██████▏   | 1450/2360 [2:12:14<1:21:39,  5.38s/it]
 61%|██████▏   | 1451/2360 [2:12:19<1:21:08,  5.36s/it]
 62%|██████▏   | 1452/2360 [2:12:24<1:21:33,  5.39s/it]
 62%|██████▏   | 1453/2360 [2:12:30<1:20:50,  5.35s/it]
 62%|██████▏   | 1454/2360 [2:12:35<1:21:02,  5.37s/it]
 62%|██████▏   | 1455/2360 [2:12:40<1:21:11,  5.38s/it]
 62%|██████▏   | 1456/2360 [2:12:46<1:20:56,  5.37s/it]
 62%|██████▏   | 1457/2360 [2:12:51<1:20:50,  5.37s/it]
 62%|██████▏   | 1458/2360 [2:12:57<1:20:59,  5.39s/it]
 62%|██████▏   | 1459/2360 [2:13:02<1:20:31,  5.36s/it]
 62%|██████▏   | 1460/2360 [2:13:07<1:20:41,  5.38s/it]
 62%|██████▏   | 1461/2360 [2:13:13<1:20:13,  5.35s/it]
 62%|██████▏   | 1462/2360 [2:13:18<1:20:40,  5.39s/it]
 62%|██████▏   | 1463/2360 [2:13:23<1:20:31,  5.39s/it]
 62%|██████▏   | 1464/2360 [2:13:29<1:20:14,  5.37s/it]
 62%|██████▏   | 1465/2360 [2:13:34<1:20:22,  5.39s/it]
 62%|██████▏   | 1466/2360 [2:13:39<1:19:39,  5.35s/it]
 62%|██████▏   | 1467/2360 [2:13:45<1:20:06,  5.38s/it]
 62%|██████▏   | 1468/2360 [2:13:50<1:19:24,  5.34s/it]
 62%|██████▏   | 1469/2360 [2:13:56<1:19:38,  5.36s/it]
 62%|██████▏   | 1470/2360 [2:14:01<1:19:50,  5.38s/it]
 62%|██████▏   | 1471/2360 [2:14:06<1:19:23,  5.36s/it]
 62%|██████▏   | 1472/2360 [2:14:12<1:19:34,  5.38s/it]
 62%|██████▏   | 1473/2360 [2:14:17<1:19:09,  5.35s/it]
 62%|██████▏   | 1474/2360 [2:14:22<1:19:19,  5.37s/it]
 62%|██████▎   | 1475/2360 [2:14:28<1:19:25,  5.38s/it]
 63%|██████▎   | 1476/2360 [2:14:33<1:18:56,  5.36s/it]
 63%|██████▎   | 1477/2360 [2:14:39<1:19:19,  5.39s/it]
 63%|██████▎   | 1478/2360 [2:14:44<1:19:10,  5.39s/it]
 63%|██████▎   | 1479/2360 [2:14:49<1:18:53,  5.37s/it]
 63%|██████▎   | 1480/2360 [2:14:55<1:18:48,  5.37s/it]
 63%|██████▎   | 1481/2360 [2:15:00<1:18:35,  5.36s/it]
 63%|██████▎   | 1482/2360 [2:15:05<1:18:31,  5.37s/it]
 63%|██████▎   | 1483/2360 [2:15:11<1:18:40,  5.38s/it]
 63%|██████▎   | 1484/2360 [2:15:16<1:18:25,  5.37s/it]
 63%|██████▎   | 1485/2360 [2:15:22<1:18:19,  5.37s/it]
 63%|██████▎   | 1486/2360 [2:15:27<1:17:54,  5.35s/it]
 63%|██████▎   | 1487/2360 [2:15:32<1:18:20,  5.38s/it]
 63%|██████▎   | 1488/2360 [2:15:38<1:17:39,  5.34s/it]
 63%|██████▎   | 1489/2360 [2:15:43<1:17:54,  5.37s/it]
 63%|██████▎   | 1490/2360 [2:15:48<1:18:16,  5.40s/it]
 63%|██████▎   | 1491/2360 [2:15:54<1:17:32,  5.35s/it]
 63%|██████▎   | 1492/2360 [2:15:59<1:17:45,  5.38s/it]
 63%|██████▎   | 1493/2360 [2:16:04<1:17:19,  5.35s/it]
 63%|██████▎   | 1494/2360 [2:16:10<1:17:41,  5.38s/it]
 63%|██████▎   | 1495/2360 [2:16:15<1:17:32,  5.38s/it]
 63%|██████▎   | 1496/2360 [2:16:21<1:17:06,  5.35s/it]
 63%|██████▎   | 1497/2360 [2:16:26<1:17:31,  5.39s/it]
 63%|██████▎   | 1498/2360 [2:16:31<1:17:20,  5.38s/it]
 64%|██████▎   | 1499/2360 [2:16:37<1:16:52,  5.36s/it]
 64%|██████▎   | 1500/2360 [2:16:42<1:17:16,  5.39s/it]
 64%|██████▎   | 1501/2360 [2:16:47<1:16:33,  5.35s/it]
 64%|██████▎   | 1502/2360 [2:16:53<1:16:45,  5.37s/it]
 64%|██████▎   | 1503/2360 [2:16:58<1:17:07,  5.40s/it]
 64%|██████▎   | 1504/2360 [2:17:04<1:16:20,  5.35s/it]
 64%|██████▍   | 1505/2360 [2:17:09<1:16:33,  5.37s/it]
 64%|██████▍   | 1506/2360 [2:17:14<1:16:09,  5.35s/it]
 64%|██████▍   | 1507/2360 [2:17:20<1:16:21,  5.37s/it]
 64%|██████▍   | 1508/2360 [2:17:25<1:15:58,  5.35s/it]
 64%|██████▍   | 1509/2360 [2:17:30<1:16:25,  5.39s/it]
 64%|██████▍   | 1510/2360 [2:17:36<1:16:18,  5.39s/it]
 64%|██████▍   | 1511/2360 [2:17:41<1:16:03,  5.38s/it]
 64%|██████▍   | 1512/2360 [2:17:47<1:16:10,  5.39s/it]
 64%|██████▍   | 1513/2360 [2:17:52<1:15:41,  5.36s/it]
 64%|██████▍   | 1514/2360 [2:17:57<1:15:49,  5.38s/it]
 64%|██████▍   | 1515/2360 [2:18:03<1:15:53,  5.39s/it]
 64%|██████▍   | 1516/2360 [2:18:08<1:15:12,  5.35s/it]
 64%|██████▍   | 1517/2360 [2:18:13<1:15:36,  5.38s/it]
 64%|██████▍   | 1518/2360 [2:18:19<1:15:30,  5.38s/it]
 64%|██████▍   | 1519/2360 [2:18:24<1:15:17,  5.37s/it]
 64%|██████▍   | 1520/2360 [2:18:30<1:15:11,  5.37s/it]
 64%|██████▍   | 1521/2360 [2:18:35<1:14:46,  5.35s/it]
 64%|██████▍   | 1522/2360 [2:18:40<1:14:59,  5.37s/it]
 65%|██████▍   | 1523/2360 [2:18:46<1:15:19,  5.40s/it]
 65%|██████▍   | 1524/2360 [2:18:51<1:14:35,  5.35s/it]
 65%|██████▍   | 1525/2360 [2:18:56<1:14:48,  5.38s/it]
 65%|██████▍   | 1526/2360 [2:19:02<1:14:24,  5.35s/it]
 65%|██████▍   | 1527/2360 [2:19:07<1:14:36,  5.37s/it]
 65%|██████▍   | 1528/2360 [2:19:12<1:14:13,  5.35s/it]
 65%|██████▍   | 1529/2360 [2:19:18<1:14:22,  5.37s/it]
 65%|██████▍   | 1530/2360 [2:19:23<1:14:29,  5.38s/it]
 65%|██████▍   | 1531/2360 [2:19:29<1:14:01,  5.36s/it]
 65%|██████▍   | 1532/2360 [2:19:34<1:14:11,  5.38s/it]
 65%|██████▍   | 1533/2360 [2:19:39<1:13:58,  5.37s/it]
 65%|██████▌   | 1534/2360 [2:19:45<1:13:53,  5.37s/it]
 65%|██████▌   | 1535/2360 [2:19:50<1:14:01,  5.38s/it]
 65%|██████▌   | 1536/2360 [2:19:55<1:13:34,  5.36s/it]
 65%|██████▌   | 1537/2360 [2:20:01<1:13:44,  5.38s/it]
 65%|██████▌   | 1538/2360 [2:20:06<1:13:51,  5.39s/it]
 65%|██████▌   | 1539/2360 [2:20:12<1:13:37,  5.38s/it]
 65%|██████▌   | 1540/2360 [2:20:17<1:13:29,  5.38s/it]
 65%|██████▌   | 1541/2360 [2:20:22<1:13:04,  5.35s/it]
 65%|██████▌   | 1542/2360 [2:20:28<1:13:27,  5.39s/it]
 65%|██████▌   | 1543/2360 [2:20:33<1:13:18,  5.38s/it]
 65%|██████▌   | 1544/2360 [2:20:38<1:12:52,  5.36s/it]
 65%|██████▌   | 1545/2360 [2:20:44<1:13:03,  5.38s/it]
 66%|██████▌   | 1546/2360 [2:20:49<1:12:39,  5.36s/it]
 66%|██████▌   | 1547/2360 [2:20:55<1:12:50,  5.38s/it]
 66%|██████▌   | 1548/2360 [2:21:00<1:12:27,  5.35s/it]
 66%|██████▌   | 1549/2360 [2:21:05<1:12:36,  5.37s/it]
 66%|██████▌   | 1550/2360 [2:21:11<1:12:56,  5.40s/it]
 66%|██████▌   | 1551/2360 [2:21:16<1:12:15,  5.36s/it]
 66%|██████▌   | 1552/2360 [2:21:21<1:12:35,  5.39s/it]
 66%|██████▌   | 1553/2360 [2:21:27<1:12:08,  5.36s/it]
 66%|██████▌   | 1554/2360 [2:21:32<1:12:02,  5.36s/it]
 66%|██████▌   | 1555/2360 [2:21:38<1:12:10,  5.38s/it]
 66%|██████▌   | 1556/2360 [2:21:43<1:11:57,  5.37s/it]
 66%|██████▌   | 1557/2360 [2:21:48<1:11:51,  5.37s/it]
 66%|██████▌   | 1558/2360 [2:21:54<1:11:58,  5.38s/it]
 66%|██████▌   | 1559/2360 [2:21:59<1:11:33,  5.36s/it]
 66%|██████▌   | 1560/2360 [2:22:04<1:11:43,  5.38s/it]
 66%|██████▌   | 1561/2360 [2:22:10<1:11:18,  5.36s/it]
 66%|██████▌   | 1562/2360 [2:22:15<1:11:28,  5.37s/it]
 66%|██████▌   | 1563/2360 [2:22:21<1:11:46,  5.40s/it]
 66%|██████▋   | 1564/2360 [2:22:26<1:11:14,  5.37s/it]
 66%|██████▋   | 1565/2360 [2:22:31<1:11:11,  5.37s/it]
 66%|██████▋   | 1566/2360 [2:22:37<1:11:00,  5.37s/it]
 66%|██████▋   | 1567/2360 [2:22:42<1:10:56,  5.37s/it]
 66%|██████▋   | 1568/2360 [2:22:47<1:10:35,  5.35s/it]
 66%|██████▋   | 1569/2360 [2:22:53<1:10:45,  5.37s/it]
 67%|██████▋   | 1570/2360 [2:22:58<1:10:52,  5.38s/it]
 67%|██████▋   | 1571/2360 [2:23:03<1:10:27,  5.36s/it]
 67%|██████▋   | 1572/2360 [2:23:09<1:10:47,  5.39s/it]
 67%|██████▋   | 1573/2360 [2:23:14<1:10:08,  5.35s/it]
 67%|██████▋   | 1574/2360 [2:23:20<1:10:18,  5.37s/it]
 67%|██████▋   | 1575/2360 [2:23:25<1:10:36,  5.40s/it]
 67%|██████▋   | 1576/2360 [2:23:30<1:10:07,  5.37s/it]
 67%|██████▋   | 1577/2360 [2:23:36<1:10:02,  5.37s/it]
 67%|██████▋   | 1578/2360 [2:23:41<1:10:23,  5.40s/it]
 67%|██████▋   | 1579/2360 [2:23:46<1:09:42,  5.36s/it]
 67%|██████▋   | 1580/2360 [2:23:52<1:09:53,  5.38s/it]
 67%|██████▋   | 1581/2360 [2:23:57<1:09:41,  5.37s/it]
 67%|██████▋   | 1582/2360 [2:24:03<1:09:47,  5.38s/it]
 67%|██████▋   | 1583/2360 [2:24:08<1:09:40,  5.38s/it]
 67%|██████▋   | 1584/2360 [2:24:13<1:09:17,  5.36s/it]
 67%|██████▋   | 1585/2360 [2:24:19<1:09:28,  5.38s/it]
 67%|██████▋   | 1586/2360 [2:24:24<1:09:05,  5.36s/it]
 67%|██████▋   | 1587/2360 [2:24:29<1:09:14,  5.37s/it]
 67%|██████▋   | 1588/2360 [2:24:35<1:08:52,  5.35s/it]
 67%|██████▋   | 1589/2360 [2:24:40<1:09:02,  5.37s/it]
 67%|██████▋   | 1590/2360 [2:24:46<1:09:19,  5.40s/it]
 67%|██████▋   | 1591/2360 [2:24:51<1:08:39,  5.36s/it]
 67%|██████▋   | 1592/2360 [2:24:56<1:08:48,  5.38s/it]
 68%|██████▊   | 1593/2360 [2:25:02<1:08:26,  5.35s/it]
 68%|██████▊   | 1594/2360 [2:25:07<1:08:46,  5.39s/it]
 68%|██████▊   | 1595/2360 [2:25:12<1:08:37,  5.38s/it]
 68%|██████▊   | 1596/2360 [2:25:18<1:08:23,  5.37s/it]
 68%|██████▊   | 1597/2360 [2:25:23<1:08:28,  5.39s/it]
 68%|██████▊   | 1598/2360 [2:25:29<1:08:21,  5.38s/it]
 68%|██████▊   | 1599/2360 [2:25:34<1:08:07,  5.37s/it]
 68%|██████▊   | 1600/2360 [2:25:39<1:08:02,  5.37s/it]
 68%|██████▊   | 1601/2360 [2:25:45<1:07:41,  5.35s/it]
 68%|██████▊   | 1602/2360 [2:25:50<1:07:50,  5.37s/it]
 68%|██████▊   | 1603/2360 [2:25:55<1:07:57,  5.39s/it]
 68%|██████▊   | 1604/2360 [2:26:01<1:07:42,  5.37s/it]
 68%|██████▊   | 1605/2360 [2:26:06<1:07:36,  5.37s/it]
 68%|██████▊   | 1606/2360 [2:26:11<1:07:14,  5.35s/it]
 68%|██████▊   | 1607/2360 [2:26:17<1:07:25,  5.37s/it]
 68%|██████▊   | 1608/2360 [2:26:22<1:07:03,  5.35s/it]
 68%|██████▊   | 1609/2360 [2:26:28<1:07:12,  5.37s/it]
 68%|██████▊   | 1610/2360 [2:26:33<1:07:30,  5.40s/it]
 68%|██████▊   | 1611/2360 [2:26:38<1:06:52,  5.36s/it]
 68%|██████▊   | 1612/2360 [2:26:44<1:07:01,  5.38s/it]
 68%|██████▊   | 1613/2360 [2:26:49<1:06:38,  5.35s/it]
 68%|██████▊   | 1614/2360 [2:26:54<1:06:48,  5.37s/it]
 68%|██████▊   | 1615/2360 [2:27:00<1:07:03,  5.40s/it]
 68%|██████▊   | 1616/2360 [2:27:05<1:06:23,  5.35s/it]
 69%|██████▊   | 1617/2360 [2:27:11<1:06:42,  5.39s/it]
 69%|██████▊   | 1618/2360 [2:27:16<1:06:33,  5.38s/it]
 69%|██████▊   | 1619/2360 [2:27:21<1:06:10,  5.36s/it]
 69%|██████▊   | 1620/2360 [2:27:27<1:06:20,  5.38s/it]
 69%|██████▊   | 1621/2360 [2:27:32<1:05:59,  5.36s/it]
 69%|██████▊   | 1622/2360 [2:27:37<1:06:07,  5.38s/it]
 69%|██████▉   | 1623/2360 [2:27:43<1:06:12,  5.39s/it]
 69%|██████▉   | 1624/2360 [2:27:48<1:05:45,  5.36s/it]
 69%|██████▉   | 1625/2360 [2:27:54<1:06:03,  5.39s/it]
 69%|██████▉   | 1626/2360 [2:27:59<1:05:25,  5.35s/it]
 69%|██████▉   | 1627/2360 [2:28:04<1:05:46,  5.38s/it]
 69%|██████▉   | 1628/2360 [2:28:10<1:05:23,  5.36s/it]
 69%|██████▉   | 1629/2360 [2:28:15<1:05:19,  5.36s/it]
 69%|██████▉   | 1630/2360 [2:28:20<1:05:27,  5.38s/it]
 69%|██████▉   | 1631/2360 [2:28:26<1:05:04,  5.36s/it]
 69%|██████▉   | 1632/2360 [2:28:31<1:05:24,  5.39s/it]
 69%|██████▉   | 1633/2360 [2:28:36<1:04:48,  5.35s/it]
 69%|██████▉   | 1634/2360 [2:28:42<1:05:06,  5.38s/it]
 69%|██████▉   | 1635/2360 [2:28:47<1:04:59,  5.38s/it]
 69%|██████▉   | 1636/2360 [2:28:53<1:04:36,  5.35s/it]
 69%|██████▉   | 1637/2360 [2:28:58<1:04:56,  5.39s/it]
 69%|██████▉   | 1638/2360 [2:29:03<1:04:48,  5.39s/it]
 69%|██████▉   | 1639/2360 [2:29:09<1:04:23,  5.36s/it]
 69%|██████▉   | 1640/2360 [2:29:14<1:04:32,  5.38s/it]
 70%|██████▉   | 1641/2360 [2:29:19<1:04:11,  5.36s/it]
 70%|██████▉   | 1642/2360 [2:29:25<1:04:30,  5.39s/it]
 70%|██████▉   | 1643/2360 [2:29:30<1:04:21,  5.39s/it]
 70%|██████▉   | 1644/2360 [2:29:36<1:03:58,  5.36s/it]
 70%|██████�(0,)
It 1652, sqrt loss 0.006549, Val sim-RMS 0.02557, Time Loss: 97.5%, data: 0.6%, val: 1.9%,  5.5 sec/batch
�   | 1645/2360 [2:29:41<1:04:06,  5.38s/it]
 70%|██████▉   | 1646/2360 [2:29:46<1:03:54,  5.37s/it]
 70%|██████▉   | 1647/2360 [2:29:52<1:03:48,  5.37s/it]
 70%|██████▉   | 1648/2360 [2:29:57<1:03:40,  5.37s/it]
 70%|██████▉   | 1649/2360 [2:30:03<1:03:46,  5.38s/it]
 70%|██████▉   | 1650/2360 [2:30:08<1:03:49,  5.39s/it]
 70%|██████▉   | 1651/2360 [2:30:13<1:03:23,  5.36s/it]
 70%|███████   | 1652/2360 [2:30:43<2:27:56, 12.54s/it]
 70%|███████   | 1653/2360 [2:30:48<2:01:57, 10.35s/it]
 70%|███████   | 1654/2360 [2:30:53<1:44:22,  8.87s/it]
 70%|███████   | 1655/2360 [2:30:59<1:32:14,  7.85s/it]
 70%|███████   | 1656/2360 [2:31:04<1:23:07,  7.08s/it]
 70%|███████   | 1657/2360 [2:31:09<1:16:58,  6.57s/it]
 70%|███████   | 1658/2360 [2:31:15<1:12:49,  6.22s/it]
 70%|███████   | 1659/2360 [2:31:20<1:09:37,  5.96s/it]
 70%|███████   | 1660/2360 [2:31:26<1:07:37,  5.80s/it]
 70%|███████   | 1661/2360 [2:31:31<1:05:37,  5.63s/it]
 70%|███████   | 1662/2360 [2:31:36<1:04:56,  5.58s/it]
 70%|███████   | 1663/2360 [2:31:42<1:04:08,  5.52s/it]
 71%|███████   | 1664/2360 [2:31:47<1:03:15,  5.45s/it]
 71%|███████   | 1665/2360 [2:31:52<1:03:01,  5.44s/it]
 71%|███████   | 1666/2360 [2:31:58<1:02:35,  5.41s/it]
 71%|███████   | 1667/2360 [2:32:03<1:02:32,  5.41s/it]
 71%|███████   | 1668/2360 [2:32:08<1:02:04,  5.38s/it]
 71%|███████   | 1669/2360 [2:32:14<1:01:55,  5.38s/it]
 71%|███████   | 1670/2360 [2:32:19<1:02:09,  5.40s/it]
 71%|███████   | 1671/2360 [2:32:24<1:01:40,  5.37s/it]
 71%|███████   | 1672/2360 [2:32:30<1:01:33,  5.37s/it]
 71%|███████   | 1673/2360 [2:32:35<1:01:14,  5.35s/it]
 71%|███████   | 1674/2360 [2:32:41<1:01:32,  5.38s/it]
 71%|███████   | 1675/2360 [2:32:46<1:01:23,  5.38s/it]
 71%|███████   | 1676/2360 [2:32:51<1:01:00,  5.35s/it]
 71%|███████   | 1677/2360 [2:32:57<1:01:19,  5.39s/it]
 71%|███████   | 1678/2360 [2:33:02<1:01:22,  5.40s/it]
 71%|███████   | 1679/2360 [2:33:07<1:00:46,  5.36s/it]
 71%|███████   | 1680/2360 [2:33:13<1:00:55,  5.38s/it]
 71%|███████   | 1681/2360 [2:33:18<1:00:44,  5.37s/it]
 71%|███████▏  | 1682/2360 [2:33:24<1:00:39,  5.37s/it]
 71%|███████▏  | 1683/2360 [2:33:29<1:00:56,  5.40s/it]
 71%|███████▏  | 1684/2360 [2:33:34<1:00:19,  5.35s/it]
 71%|███████▏  | 1685/2360 [2:33:40<1:00:37,  5.39s/it]
 71%|███████▏  | 1686/2360 [2:33:45<1:00:03,  5.35s/it]
 71%|███████▏  | 1687/2360 [2:33:50<1:00:12,  5.37s/it]
 72%|███████▏  | 1688/2360 [2:33:56<59:51,  5.34s/it]  
 72%|███████▏  | 1689/2360 [2:34:01<1:00:00,  5.37s/it]
 72%|███████▏  | 1690/2360 [2:34:07<1:00:06,  5.38s/it]
 72%|███████▏  | 1691/2360 [2:34:12<59:53,  5.37s/it]  
 72%|███████▏  | 1692/2360 [2:34:17<59:55,  5.38s/it]
 72%|███████▏  | 1693/2360 [2:34:23<59:32,  5.36s/it]
 72%|███████▏  | 1694/2360 [2:34:28<59:28,  5.36s/it]
 72%|███████▏  | 1695/2360 [2:34:33<59:34,  5.38s/it]
 72%|███████▏  | 1696/2360 [2:34:39<59:26,  5.37s/it]
 72%|███████▏  | 1697/2360 [2:34:44<59:19,  5.37s/it]
 72%|███████▏  | 1698/2360 [2:34:50<59:25,  5.39s/it]
 72%|███████▏  | 1699/2360 [2:34:55<59:03,  5.36s/it]
 72%|███████▏  | 1700/2360 [2:35:00<59:09,  5.38s/it]
 72%|███████▏  | 1701/2360 [2:35:06<58:48,  5.35s/it]
 72%|███████▏  | 1702/2360 [2:35:11<58:56,  5.37s/it]
 72%|███████▏  | 1703/2360 [2:35:16<58:59,  5.39s/it]
 72%|███████▏  | 1704/2360 [2:35:22<58:35,  5.36s/it]
 72%|███████▏  | 1705/2360 [2:35:27<58:41,  5.38s/it]
 72%|███████▏  | 1706/2360 [2:35:32<58:30,  5.37s/it]
 72%|███████▏  | 1707/2360 [2:35:38<58:24,  5.37s/it]
 72%|███████▏  | 1708/2360 [2:35:43<58:05,  5.35s/it]
 72%|███████▏  | 1709/2360 [2:35:49<58:23,  5.38s/it]
 72%|███████▏  | 1710/2360 [2:35:54<58:16,  5.38s/it]
 72%|███████▎  | 1711/2360 [2:35:59<58:05,  5.37s/it]
 73%|███████▎  | 1712/2360 [2:36:05<58:00,  5.37s/it]
 73%|███████▎  | 1713/2360 [2:36:10<57:50,  5.36s/it]
 73%|███████▎  | 1714/2360 [2:36:15<57:53,  5.38s/it]
 73%|███████▎  | 1715/2360 [2:36:21<57:46,  5.37s/it]
 73%|███████▎  | 1716/2360 [2:36:26<57:25,  5.35s/it]
 73%|███████▎  | 1717/2360 [2:36:32<57:42,  5.38s/it]
 73%|███████▎  | 1718/2360 [2:36:37<57:45,  5.40s/it]
 73%|███████▎  | 1719/2360 [2:36:42<57:11,  5.35s/it]
 73%|███████▎  | 1720/2360 [2:36:48<57:19,  5.37s/it]
 73%|███████▎  | 1721/2360 [2:36:53<56:58,  5.35s/it]
 73%|███████▎  | 1722/2360 [2:36:58<57:06,  5.37s/it]
 73%|███████▎  | 1723/2360 [2:37:04<57:10,  5.39s/it]
 73%|███████▎  | 1724/2360 [2:37:09<56:57,  5.37s/it]
 73%|███████▎  | 1725/2360 [2:37:15<56:52,  5.37s/it]
 73%|███████▎  | 1726/2360 [2:37:20<56:32,  5.35s/it]
 73%|███████▎  | 1727/2360 [2:37:25<56:48,  5.39s/it]
 73%|███████▎  | 1728/2360 [2:37:31<56:27,  5.36s/it]
 73%|███████▎  | 1729/2360 [2:37:36<56:31,  5.38s/it]
 73%|███████▎  | 1730/2360 [2:37:41<56:25,  5.37s/it]
 73%|███████▎  | 1731/2360 [2:37:47<56:06,  5.35s/it]
 73%|███████▎  | 1732/2360 [2:37:52<56:13,  5.37s/it]
 73%|███████▎  | 1733/2360 [2:37:57<55:54,  5.35s/it]
 73%|███████▎  | 1734/2360 [2:38:03<56:00,  5.37s/it]
 74%|███████▎  | 1735/2360 [2:38:08<56:08,  5.39s/it]
 74%|███████▎  | 1736/2360 [2:38:14<55:45,  5.36s/it]
 74%|███████▎  | 1737/2360 [2:38:19<55:50,  5.38s/it]
 74%|███████▎  | 1738/2360 [2:38:24<55:53,  5.39s/it]
 74%|███████▎  | 1739/2360 [2:38:30<55:30,  5.36s/it]
 74%|███████▎  | 1740/2360 [2:38:35<55:45,  5.40s/it]
 74%|███████▍  | 1741/2360 [2:38:40<55:13,  5.35s/it]
 74%|███████▍  | 1742/2360 [2:38:46<55:20,  5.37s/it]
 74%|███████▍  | 1743/2360 [2:38:51<55:25,  5.39s/it]
 74%|███████▍  | 1744/2360 [2:38:57<55:02,  5.36s/it]
 74%|███████▍  | 1745/2360 [2:39:02<55:07,  5.38s/it]
 74%|███████▍  | 1746/2360 [2:39:07<54:47,  5.35s/it]
 74%|███████▍  | 1747/2360 [2:39:13<54:53,  5.37s/it]
 74%|███████▍  | 1748/2360 [2:39:18<54:34,  5.35s/it]
 74%|███████▍  | 1749/2360 [2:39:23<54:41,  5.37s/it]
 74%|███████▍  | 1750/2360 [2:39:29<54:45,  5.39s/it]
 74%|███████▍  | 1751/2360 [2:39:34<54:24,  5.36s/it]
 74%|███████▍  | 1752/2360 [2:39:40<54:29,  5.38s/it]
 74%|███████▍  | 1753/2360 [2:39:45<54:10,  5.36s/it]
 74%|███████▍  | 1754/2360 [2:39:50<54:16,  5.37s/it]
 74%|███████▍  | 1755/2360 [2:39:56<54:18,  5.39s/it]
 74%|███████▍  | 1756/2360 [2:40:01<54:06,  5.37s/it]
 74%|███████▍  | 1757/2360 [2:40:06<53:58,  5.37s/it]
 74%|███████▍  | 1758/2360 [2:40:12<54:11,  5.40s/it]
 75%|███████▍  | 1759/2360 [2:40:17<53:47,  5.37s/it]
 75%|███████▍  | 1760/2360 [2:40:23<53:50,  5.38s/it]
 75%|███████▍  | 1761/2360 [2:40:28<53:20,  5.34s/it]
 75%|███████▍  | 1762/2360 [2:40:33<53:28,  5.37s/it]
 75%|███████▍  | 1763/2360 [2:40:39<53:34,  5.38s/it]
 75%|███████▍  | 1764/2360 [2:40:44<53:13,  5.36s/it]
 75%|███████▍  | 1765/2360 [2:40:49<53:28,  5.39s/it]
 75%|███████▍  | 1766/2360 [2:40:55<52:55,  5.35s/it]
 75%|███████▍  | 1767/2360 [2:41:00<53:12,  5.38s/it]
 75%|███████▍  | 1768/2360 [2:41:05<52:42,  5.34s/it]
 75%|███████▍  | 1769/2360 [2:41:11<52:49,  5.36s/it]
 75%|███████▌  | 1770/2360 [2:41:16<52:53,  5.38s/it]
 75%|███████▌  | 1771/2360 [2:41:21<52:33,  5.35s/it]
 75%|███████▌  | 1772/2360 [2:41:27<52:47,  5.39s/it]
 75%|███████▌  | 1773/2360 [2:41:32<52:18,  5.35s/it]
 75%|███████▌  | 1774/2360 [2:41:38<52:24,  5.37s/it]
 75%|███████▌  | 1775/2360 [2:41:43<52:38,  5.40s/it]
 75%|███████▌  | 1776/2360 [2:41:48<52:06,  5.35s/it]
 75%|███████▌  | 1777/2360 [2:41:54<52:11,  5.37s/it]
 75%|███████▌  | 1778/2360 [2:41:59<52:24,  5.40s/it]
 75%|███████▌  | 1779/2360 [2:42:05<52:01,  5.37s/it]
 75%|███████▌  | 1780/2360 [2:42:10<52:04,  5.39s/it]
 75%|███████▌  | 1781/2360 [2:42:15<51:34,  5.35s/it]
 76%|███████▌  | 1782/2360 [2:42:21<51:42,  5.37s/it]
 76%|███████▌  | 1783/2360 [2:42:26<51:54,  5.40s/it]
 76%|███████▌  | 1784/2360 [2:42:31<51:22,  5.35s/it]
 76%|███████▌  | 1785/2360 [2:42:37<51:29,  5.37s/it]
 76%|███████▌  | 1786/2360 [2:42:42<51:12,  5.35s/it]
 76%|███████▌  | 1787/2360 [2:42:47<51:16,  5.37s/it]
 76%|███████▌  | 1788/2360 [2:42:53<50:59,  5.35s/it]
 76%|███████▌  | 1789/2360 [2:42:58<51:04,  5.37s/it]
 76%|███████▌  | 1790/2360 [2:43:04<51:17,  5.40s/it]
 76%|███████▌  | 1791/2360 [2:43:09<50:54,  5.37s/it]
 76%|███████▌  | 1792/2360 [2:43:14<50:48,  5.37s/it]
 76%|███████▌  | 1793/2360 [2:43:20<50:30,  5.35s/it]
 76%|███████▌  | 1794/2360 [2:43:25<50:37,  5.37s/it]
 76%|███████▌  | 1795/2360 [2:43:30<50:49,  5.40s/it]
 76%|███████▌  | 1796/2360 [2:43:36<50:18,  5.35s/it]
 76%|███████▌  | 1797/2360 [2:43:41<50:24,  5.37s/it]
 76%|███████▌  | 1798/2360 [2:43:47<50:35,  5.40s/it]
 76%|███████▌  | 1799/2360 [2:43:52<50:03,  5.35s/it]
 76%|███████▋  | 1800/2360 [2:43:57<50:10,  5.38s/it]
 76%|███████▋  | 1801/2360 [2:44:03<49:51,  5.35s/it]
 76%|███████▋  | 1802/2360 [2:44:08<50:05,  5.39s/it]
 76%|███████▋  | 1803/2360 [2:44:13<49:56,  5.38s/it]
 76%|███████▋  | 1804/2360 [2:44:19<49:37,  5.35s/it]
 76%|███████▋  | 1805/2360 [2:44:24<49:50,  5.39s/it]
 77%|███████▋  | 1806/2360 [2:44:29<49:21,  5.35s/it]
 77%|███████▋  | 1807/2360 [2:44:35<49:28,  5.37s/it]
 77%|███████▋  | 1808/2360 [2:44:40<49:12,  5.35s/it]
 77%|███████▋  | 1809/2360 [2:44:46<49:18,  5.37s/it]
 77%|███████▋  | 1810/2360 [2:44:51<49:21,  5.39s/it]
 77%|███████▋  | 1811/2360 [2:44:56<49:02,  5.36s/it]
 77%|███████▋  | 1812/2360 [2:45:02<49:06,  5.38s/it]
 77%|███████▋  | 1813/2360 [2:45:07<48:48,  5.35s/it]
 77%|███████▋  | 1814/2360 [2:45:12<48:53,  5.37s/it]
 77%|███████▋  | 1815/2360 [2:45:18<49:03,  5.40s/it]
 77%|███████▋  | 1816/2360 [2:45:23<48:34,  5.36s/it]
 77%|███████▋  | 1817/2360 [2:45:29<48:47,  5.39s/it]
 77%|███████▋  | 1818/2360 [2:45:34<48:47,  5.40s/it]
 77%|███████▋  | 1819/2360 [2:45:39<48:16,  5.35s/it]
 77%|███████▋  | 1820/2360 [2:45:45<48:23,  5.38s/it]
 77%|███████▋  | 1821/2360 [2:45:50<48:13,  5.37s/it]
 77%|███████▋  | 1822/2360 [2:45:55<48:07,  5.37s/it]
 77%|███████▋  | 1823/2360 [2:46:01<48:10,  5.38s/it]
 77%|███████▋  | 1824/2360 [2:46:06<47:51,  5.36s/it]
 77%|███████▋  | 1825/2360 [2:46:12<48:04,  5.39s/it]
 77%|███████▋  | 1826/2360 [2:46:17<47:35,  5.35s/it]
 77%|███████▋  | 1827/2360 [2:46:22<47:41,  5.37s/it]
 77%|███████▋  | 1828/2360 [2:46:28<47:24,  5.35s/it]
 78%|███████▊  | 1829/2360 [2:46:33<47:37,  5.38s/it]
 78%|███████▊  | 1830/2360 [2:46:38<47:31,  5.38s/it]
 78%|███████▊  | 1831/2360 [2:46:44<47:13,  5.36s/it]
 78%|███████▊  | 1832/2360 [2:46:49<47:18,  5.38s/it]
 78%|███████▊  | 1833/2360 [2:46:54<47:00,  5.35s/it]
 78%|███████▊  | 1834/2360 [2:47:00<47:06,  5.37s/it]
 78%|███████▊  | 1835/2360 [2:47:05<47:08,  5.39s/it]
 78%|███████▊  | 1836/2360 [2:47:11<46:49,  5.36s/it]
 78%|███████▊  | 1837/2360 [2:47:16<47:00,  5.39s/it]
 78%|███████▊  | 1838/2360 [2:47:21<46:52,  5.39s/it]
 78%|███████▊  | 1839/2360 [2:47:27<46:33,  5.36s/it]
 78%|███████▊  | 1840/2360 [2:47:32<46:44,  5.39s/it]
 78%|███████▊  | 1841/2360 [2:47:37<46:24,  5.37s/it]
 78%|███████▊  | 1842/2360 [2:47:43<46:19,  5.37s/it]
 78%|███████▊  | 1843/2360 [2:47:48<46:23,  5.38s/it]
 78%|███████▊  | 1844/2360 [2:47:54<46:05,  5.36s/it]
 78%|███████▊  | 1845/2360 [2:47:59<46:10,  5.38s/it]
 78%|███████▊  | 1846/2360 [2:48:04<45:53,  5.36s/it]
 78%|███████▊  | 1847/2360 [2:48:10<45:58,  5.38s/it]
 78%|███████▊  | 1848/2360 [2:48:15<45:40,  5.35s/it]
 78%|███████▊  | 1849/2360 [2:48:20<45:45,  5.37s/it]
 78%|███████▊  | 1850/2360 [2:48:26<45:47,  5.39s/it]
 78%|███████▊  | 1851/2360 [2:48:31<45:28,  5.36s/it]
 78%|███████▊  | 1852/2360 [2:48:37<45:31,  5.38s/it]
 79%|███████▊  | 1853/2360 [2:48:42<45:14,  5.35s/it]
 79%|███████▊  | 1854/2360 [2:48:47<45:18,  5.37s/it]
 79%|███████▊  | 1855/2360 [2:48:53<45:28,  5.40s/it]
 79%|███████▊  | 1856/2360 [2:48:58<44:57,  5.35s/it]
 79%|███████▊  | 1857/2360 [2:49:03<45:02,  5.37s/it]
 79%|███████▊  | 1858/2360 [2:49:09<45:05,  5.39s/it]
 79%|███████▉  | 1859/2360 [2:49:14<44:46,  5.36s/it]
 79%|███████▉  | 1860/2360 [2:49:20<44:58,  5.40s/it]
 79%|███████▉  | 1861/2360 [2:49:25<44:32,  5.36s/it]
 79%|███████▉  | 1862/2360 [2:49:30<44:36,  5.37s/it]
 79%|███████▉  | 1863/2360 [2:49:36<44:45,  5.40s/it]
 79%|███████▉  | 1864/2360 [2:49:41<44:25,  5.37s/it]
 79%|███████▉  | 1865/2360 [2:49:46<44:21,  5.38s/it]
 79%|███████▉  | 1866/2360 [2:49:52<44:03,  5.35s/it]
 79%|███████▉  | 1867/2360 [2:49:57<44:15,  5.39s/it]
 79%|███████▉  | 1868/2360 [2:50:02<43:49,  5.34s/it]
 79%|███████▉  | 1869/2360 [2:50:08<44:02,  5.38s/it]
 79%|███████▉  | 1870/2360 [2:50:13<43:56,  5.38s/it]
 79%|███████▉  | 1871/2360 [2:50:19<43:39,  5.36s/it]
 79%|███████▉  | 1872/2360 [2:50:24<43:43,  5.38s/it]
 79%|███████▉  | 1873/2360 [2:50:29<43:27,  5.35s/it]
 79%|███████▉  | 1874/2360 [2:50:35<43:30,  5.37s/it]
 79%|███████▉  | 1875/2360 [2:50:40<43:39,  5.40s/it]
 79%|███████▉  | 1876/2360 [2:50:46<43:20,  5.37s/it]
 80%|███████▉  | 1877/2360 [2:50:51<43:14,  5.37s/it]
 80%|███████▉  | 1878/2360 [2:50:56<43:17,  5.39s/it]
 80%|█�(0,)
It 1888, sqrt loss 0.008062, Val sim-RMS 0.02438, Time Loss: 97.5%, data: 0.6%, val: 1.9%,  5.5 sec/batch
��█████▉  | 1879/2360 [2:51:02<42:58,  5.36s/it]
 80%|███████▉  | 1880/2360 [2:51:07<43:08,  5.39s/it]
 80%|███████▉  | 1881/2360 [2:51:12<42:42,  5.35s/it]
 80%|███████▉  | 1882/2360 [2:51:18<42:47,  5.37s/it]
 80%|███████▉  | 1883/2360 [2:51:23<42:50,  5.39s/it]
 80%|███████▉  | 1884/2360 [2:51:29<42:34,  5.37s/it]
 80%|███████▉  | 1885/2360 [2:51:34<42:35,  5.38s/it]
 80%|███████▉  | 1886/2360 [2:51:39<42:18,  5.36s/it]
 80%|███████▉  | 1887/2360 [2:51:45<42:22,  5.38s/it]
 80%|████████  | 1888/2360 [2:52:14<1:38:28, 12.52s/it]
 80%|████████  | 1889/2360 [2:52:19<1:21:26, 10.37s/it]
 80%|████████  | 1890/2360 [2:52:25<1:09:44,  8.90s/it]
 80%|████████  | 1891/2360 [2:52:30<1:01:08,  7.82s/it]
 80%|████████  | 1892/2360 [2:52:35<55:22,  7.10s/it]  
 80%|████████  | 1893/2360 [2:52:41<51:13,  6.58s/it]
 80%|████████  | 1894/2360 [2:52:46<48:07,  6.20s/it]
 80%|████████  | 1895/2360 [2:52:52<46:20,  5.98s/it]
 80%|████████  | 1896/2360 [2:52:57<44:32,  5.76s/it]
 80%|████████  | 1897/2360 [2:53:02<43:39,  5.66s/it]
 80%|████████  | 1898/2360 [2:53:08<43:01,  5.59s/it]
 80%|████████  | 1899/2360 [2:53:13<42:22,  5.52s/it]
 81%|████████  | 1900/2360 [2:53:18<42:03,  5.49s/it]
 81%|████████  | 1901/2360 [2:53:24<41:25,  5.41s/it]
 81%|████████  | 1902/2360 [2:53:29<41:20,  5.41s/it]
 81%|████████  | 1903/2360 [2:53:34<40:59,  5.38s/it]
 81%|████████  | 1904/2360 [2:53:40<40:57,  5.39s/it]
 81%|████████  | 1905/2360 [2:53:45<40:56,  5.40s/it]
 81%|████████  | 1906/2360 [2:53:50<40:37,  5.37s/it]
 81%|████████  | 1907/2360 [2:53:56<40:39,  5.38s/it]
 81%|████████  | 1908/2360 [2:54:01<40:27,  5.37s/it]
 81%|████████  | 1909/2360 [2:54:07<40:28,  5.38s/it]
 81%|████████  | 1910/2360 [2:54:12<40:28,  5.40s/it]
 81%|████████  | 1911/2360 [2:54:17<40:09,  5.37s/it]
 81%|████████  | 1912/2360 [2:54:23<40:11,  5.38s/it]
 81%|████████  | 1913/2360 [2:54:28<39:54,  5.36s/it]
 81%|████████  | 1914/2360 [2:54:33<39:50,  5.36s/it]
 81%|████████  | 1915/2360 [2:54:39<39:53,  5.38s/it]
 81%|████████  | 1916/2360 [2:54:44<39:36,  5.35s/it]
 81%|████████  | 1917/2360 [2:54:50<39:40,  5.37s/it]
 81%|████████▏ | 1918/2360 [2:54:55<39:41,  5.39s/it]
 81%|████████▏ | 1919/2360 [2:55:00<39:23,  5.36s/it]
 81%|████████▏ | 1920/2360 [2:55:06<39:32,  5.39s/it]
 81%|████████▏ | 1921/2360 [2:55:11<39:08,  5.35s/it]
 81%|████████▏ | 1922/2360 [2:55:16<39:11,  5.37s/it]
 81%|████████▏ | 1923/2360 [2:55:22<39:20,  5.40s/it]
 82%|████████▏ | 1924/2360 [2:55:27<38:55,  5.36s/it]
 82%|████████▏ | 1925/2360 [2:55:33<38:59,  5.38s/it]
 82%|████████▏ | 1926/2360 [2:55:38<38:42,  5.35s/it]
 82%|████████▏ | 1927/2360 [2:55:43<38:46,  5.37s/it]
 82%|████████▏ | 1928/2360 [2:55:49<38:31,  5.35s/it]
 82%|████████▏ | 1929/2360 [2:55:54<38:40,  5.38s/it]
 82%|████████▏ | 1930/2360 [2:55:59<38:33,  5.38s/it]
 82%|████████▏ | 1931/2360 [2:56:05<38:17,  5.35s/it]
 82%|████████▏ | 1932/2360 [2:56:10<38:20,  5.37s/it]
 82%|████████▏ | 1933/2360 [2:56:16<38:11,  5.37s/it]
 82%|████████▏ | 1934/2360 [2:56:21<38:05,  5.37s/it]
 82%|████████▏ | 1935/2360 [2:56:26<38:12,  5.39s/it]
 82%|████████▏ | 1936/2360 [2:56:32<37:48,  5.35s/it]
 82%|████████▏ | 1937/2360 [2:56:37<37:51,  5.37s/it]
 82%|████████▏ | 1938/2360 [2:56:42<37:52,  5.38s/it]
 82%|████████▏ | 1939/2360 [2:56:48<37:35,  5.36s/it]
 82%|████████▏ | 1940/2360 [2:56:53<37:38,  5.38s/it]
 82%|████████▏ | 1941/2360 [2:56:58<37:22,  5.35s/it]
 82%|████████▏ | 1942/2360 [2:57:04<37:31,  5.39s/it]
 82%|████████▏ | 1943/2360 [2:57:09<37:30,  5.40s/it]
 82%|████████▏ | 1944/2360 [2:57:15<37:06,  5.35s/it]
 82%|████████▏ | 1945/2360 [2:57:20<37:09,  5.37s/it]
 82%|████████▏ | 1946/2360 [2:57:25<37:00,  5.36s/it]
 82%|████████▎ | 1947/2360 [2:57:31<36:56,  5.37s/it]
 83%|████████▎ | 1948/2360 [2:57:36<36:48,  5.36s/it]
 83%|████████▎ | 1949/2360 [2:57:41<36:43,  5.36s/it]
 83%|████████▎ | 1950/2360 [2:57:47<36:45,  5.38s/it]
 83%|████████▎ | 1951/2360 [2:57:52<36:30,  5.36s/it]
 83%|████████▎ | 1952/2360 [2:57:58<36:39,  5.39s/it]
 83%|████████▎ | 1953/2360 [2:58:03<36:16,  5.35s/it]
 83%|████████▎ | 1954/2360 [2:58:08<36:18,  5.37s/it]
 83%|████████▎ | 1955/2360 [2:58:14<36:20,  5.38s/it]
 83%|████████▎ | 1956/2360 [2:58:19<36:09,  5.37s/it]
 83%|████████▎ | 1957/2360 [2:58:24<36:04,  5.37s/it]
 83%|████████▎ | 1958/2360 [2:58:30<36:10,  5.40s/it]
 83%|████████▎ | 1959/2360 [2:58:35<35:47,  5.35s/it]
 83%|████████▎ | 1960/2360 [2:58:41<35:49,  5.37s/it]
 83%|████████▎ | 1961/2360 [2:58:46<35:41,  5.37s/it]
 83%|████████▎ | 1962/2360 [2:58:51<35:36,  5.37s/it]
 83%|████████▎ | 1963/2360 [2:58:57<35:43,  5.40s/it]
 83%|████████▎ | 1964/2360 [2:59:02<35:19,  5.35s/it]
 83%|████████▎ | 1965/2360 [2:59:07<35:22,  5.37s/it]
 83%|████████▎ | 1966/2360 [2:59:13<35:07,  5.35s/it]
 83%|████████▎ | 1967/2360 [2:59:18<35:09,  5.37s/it]
 83%|████████▎ | 1968/2360 [2:59:23<34:56,  5.35s/it]
 83%|████████▎ | 1969/2360 [2:59:29<34:59,  5.37s/it]
 83%|████████▎ | 1970/2360 [2:59:34<35:00,  5.39s/it]
 84%|████████▎ | 1971/2360 [2:59:40<34:50,  5.37s/it]
 84%|████████▎ | 1972/2360 [2:59:45<34:44,  5.37s/it]
 84%|████████▎ | 1973/2360 [2:59:50<34:30,  5.35s/it]
 84%|████████▎ | 1974/2360 [2:59:56<34:32,  5.37s/it]
 84%|████████▎ | 1975/2360 [3:00:01<34:38,  5.40s/it]
 84%|████████▎ | 1976/2360 [3:00:06<34:21,  5.37s/it]
 84%|████████▍ | 1977/2360 [3:00:12<34:15,  5.37s/it]
 84%|████████▍ | 1978/2360 [3:00:17<34:17,  5.39s/it]
 84%|████████▍ | 1979/2360 [3:00:23<34:01,  5.36s/it]
 84%|████████▍ | 1980/2360 [3:00:28<34:03,  5.38s/it]
 84%|████████▍ | 1981/2360 [3:00:33<33:54,  5.37s/it]
 84%|████████▍ | 1982/2360 [3:00:39<33:49,  5.37s/it]
 84%|████████▍ | 1983/2360 [3:00:44<33:50,  5.39s/it]
 84%|████████▍ | 1984/2360 [3:00:49<33:35,  5.36s/it]
 84%|████████▍ | 1985/2360 [3:00:55<33:37,  5.38s/it]
 84%|████████▍ | 1986/2360 [3:01:00<33:27,  5.37s/it]
 84%|████████▍ | 1987/2360 [3:01:06<33:22,  5.37s/it]
 84%|████████▍ | 1988/2360 [3:01:11<33:09,  5.35s/it]
 84%|████████▍ | 1989/2360 [3:01:16<33:17,  5.38s/it]
 84%|████████▍ | 1990/2360 [3:01:22<33:10,  5.38s/it]
 84%|████████▍ | 1991/2360 [3:01:27<32:56,  5.36s/it]
 84%|████████▍ | 1992/2360 [3:01:32<32:57,  5.37s/it]
 84%|████████▍ | 1993/2360 [3:01:38<32:43,  5.35s/it]
 84%|████████▍ | 1994/2360 [3:01:43<32:45,  5.37s/it]
 85%|████████▍ | 1995/2360 [3:01:48<32:45,  5.38s/it]
 85%|████████▍ | 1996/2360 [3:01:54<32:30,  5.36s/it]
 85%|████████▍ | 1997/2360 [3:01:59<32:36,  5.39s/it]
 85%|████████▍ | 1998/2360 [3:02:05<32:29,  5.39s/it]
 85%|████████▍ | 1999/2360 [3:02:10<32:14,  5.36s/it]
 85%|████████▍ | 2000/2360 [3:02:15<32:16,  5.38s/it]
 85%|████████▍ | 2001/2360 [3:02:21<32:08,  5.37s/it]
 85%|████████▍ | 2002/2360 [3:02:26<32:02,  5.37s/it]
 85%|████████▍ | 2003/2360 [3:02:32<32:08,  5.40s/it]
 85%|████████▍ | 2004/2360 [3:02:37<31:46,  5.35s/it]
 85%|████████▍ | 2005/2360 [3:02:42<31:48,  5.38s/it]
 85%|████████▌ | 2006/2360 [3:02:48<31:34,  5.35s/it]
 85%|████████▌ | 2007/2360 [3:02:53<31:41,  5.39s/it]
 85%|████████▌ | 2008/2360 [3:02:58<31:21,  5.35s/it]
 85%|████████▌ | 2009/2360 [3:03:04<31:23,  5.37s/it]
 85%|████████▌ | 2010/2360 [3:03:09<31:23,  5.38s/it]
 85%|████████▌ | 2011/2360 [3:03:14<31:09,  5.36s/it]
 85%|████████▌ | 2012/2360 [3:03:20<31:16,  5.39s/it]
 85%|████████▌ | 2013/2360 [3:03:25<30:55,  5.35s/it]
 85%|████████▌ | 2014/2360 [3:03:31<30:56,  5.37s/it]
 85%|████████▌ | 2015/2360 [3:03:36<30:57,  5.38s/it]
 85%|████████▌ | 2016/2360 [3:03:41<30:48,  5.37s/it]
 85%|████████▌ | 2017/2360 [3:03:47<30:42,  5.37s/it]
 86%|████████▌ | 2018/2360 [3:03:52<30:41,  5.39s/it]
 86%|████████▌ | 2019/2360 [3:03:57<30:32,  5.37s/it]
 86%|████████▌ | 2020/2360 [3:04:03<30:27,  5.37s/it]
 86%|████████▌ | 2021/2360 [3:04:08<30:14,  5.35s/it]
 86%|████████▌ | 2022/2360 [3:04:14<30:20,  5.39s/it]
 86%|████████▌ | 2023/2360 [3:04:19<30:19,  5.40s/it]
 86%|████████▌ | 2024/2360 [3:04:24<30:03,  5.37s/it]
 86%|████████▌ | 2025/2360 [3:04:30<30:03,  5.38s/it]
 86%|████████▌ | 2026/2360 [3:04:35<29:48,  5.36s/it]
 86%|████████▌ | 2027/2360 [3:04:40<29:49,  5.37s/it]
 86%|████████▌ | 2028/2360 [3:04:46<29:31,  5.34s/it]
 86%|████████▌ | 2029/2360 [3:04:51<29:38,  5.37s/it]
 86%|████████▌ | 2030/2360 [3:04:56<29:32,  5.37s/it]
 86%|████████▌ | 2031/2360 [3:05:02<29:24,  5.36s/it]
 86%|████████▌ | 2032/2360 [3:05:07<29:23,  5.38s/it]
 86%|████████▌ | 2033/2360 [3:05:13<29:10,  5.35s/it]
 86%|████████▌ | 2034/2360 [3:05:18<29:06,  5.36s/it]
 86%|████████▌ | 2035/2360 [3:05:23<29:12,  5.39s/it]
 86%|████████▋ | 2036/2360 [3:05:29<28:52,  5.35s/it]
 86%|████████▋ | 2037/2360 [3:05:34<28:58,  5.38s/it]
 86%|████████▋ | 2038/2360 [3:05:39<28:52,  5.38s/it]
 86%|████████▋ | 2039/2360 [3:05:45<28:39,  5.36s/it]
 86%|████████▋ | 2040/2360 [3:05:50<28:40,  5.38s/it]
 86%|████████▋ | 2041/2360 [3:05:55<28:27,  5.35s/it]
 87%|████████▋ | 2042/2360 [3:06:01<28:28,  5.37s/it]
 87%|████████▋ | 2043/2360 [3:06:06<28:32,  5.40s/it]
 87%|████████▋ | 2044/2360 [3:06:12<28:12,  5.36s/it]
 87%|████████▋ | 2045/2360 [3:06:17<28:13,  5.38s/it]
 87%|████████▋ | 2046/2360 [3:06:22<28:00,  5.35s/it]
 87%|████████▋ | 2047/2360 [3:06:28<28:01,  5.37s/it]
 87%|████████▋ | 2048/2360 [3:06:33<27:53,  5.36s/it]
 87%|████████▋ | 2049/2360 [3:06:38<27:48,  5.36s/it]
 87%|████████▋ | 2050/2360 [3:06:44<27:48,  5.38s/it]
 87%|████████▋ | 2051/2360 [3:06:49<27:39,  5.37s/it]
 87%|████████▋ | 2052/2360 [3:06:55<27:33,  5.37s/it]
 87%|████████▋ | 2053/2360 [3:07:00<27:22,  5.35s/it]
 87%|████████▋ | 2054/2360 [3:07:05<27:22,  5.37s/it]
 87%|████████▋ | 2055/2360 [3:07:11<27:21,  5.38s/it]
 87%|████████▋ | 2056/2360 [3:07:16<27:08,  5.36s/it]
 87%|████████▋ | 2057/2360 [3:07:21<27:08,  5.37s/it]
 87%|████████▋ | 2058/2360 [3:07:27<27:12,  5.40s/it]
 87%|████████▋ | 2059/2360 [3:07:32<26:52,  5.36s/it]
 87%|████████▋ | 2060/2360 [3:07:38<26:53,  5.38s/it]
 87%|████████▋ | 2061/2360 [3:07:43<26:45,  5.37s/it]
 87%|████████▋ | 2062/2360 [3:07:48<26:40,  5.37s/it]
 87%|████████▋ | 2063/2360 [3:07:54<26:44,  5.40s/it]
 87%|████████▋ | 2064/2360 [3:07:59<26:25,  5.36s/it]
 88%|████████▊ | 2065/2360 [3:08:04<26:27,  5.38s/it]
 88%|████████▊ | 2066/2360 [3:08:10<26:19,  5.37s/it]
 88%|████████▊ | 2067/2360 [3:08:15<26:14,  5.37s/it]
 88%|████████▊ | 2068/2360 [3:08:20<26:02,  5.35s/it]
 88%|████████▊ | 2069/2360 [3:08:26<26:06,  5.38s/it]
 88%|████████▊ | 2070/2360 [3:08:31<26:00,  5.38s/it]
 88%|████████▊ | 2071/2360 [3:08:37<25:47,  5.36s/it]
 88%|████████▊ | 2072/2360 [3:08:42<25:48,  5.38s/it]
 88%|████████▊ | 2073/2360 [3:08:47<25:36,  5.35s/it]
 88%|████████▊ | 2074/2360 [3:08:53<25:35,  5.37s/it]
 88%|████████▊ | 2075/2360 [3:08:58<25:35,  5.39s/it]
 88%|████████▊ | 2076/2360 [3:09:03<25:22,  5.36s/it]
 88%|████████▊ | 2077/2360 [3:09:09<25:25,  5.39s/it]
 88%|████████▊ | 2078/2360 [3:09:14<25:18,  5.39s/it]
 88%|████████▊ | 2079/2360 [3:09:20<25:05,  5.36s/it]
 88%|████████▊ | 2080/2360 [3:09:25<25:05,  5.38s/it]
 88%|████████▊ | 2081/2360 [3:09:30<24:54,  5.36s/it]
 88%|████████▊ | 2082/2360 [3:09:36<24:53,  5.37s/it]
 88%|████████▊ | 2083/2360 [3:09:41<24:56,  5.40s/it]
 88%|████████▊ | 2084/2360 [3:09:46<24:38,  5.36s/it]
 88%|████████▊ | 2085/2360 [3:09:52<24:43,  5.40s/it]
 88%|████████▊ | 2086/2360 [3:09:57<24:26,  5.35s/it]
 88%|████████▊ | 2087/2360 [3:10:03<24:30,  5.39s/it]
 88%|████████▊ | 2088/2360 [3:10:08<24:13,  5.35s/it]
 89%|████████▊ | 2089/2360 [3:10:13<24:14,  5.37s/it]
 89%|████████▊ | 2090/2360 [3:10:19<24:13,  5.38s/it]
 89%|████████▊ | 2091/2360 [3:10:24<24:00,  5.36s/it]
 89%|████████▊ | 2092/2360 [3:10:29<24:00,  5.37s/it]
 89%|████████▊ | 2093/2360 [3:10:35<23:49,  5.35s/it]
 89%|████████▊ | 2094/2360 [3:10:40<23:48,  5.37s/it]
 89%|████████▉ | 2095/2360 [3:10:46<23:47,  5.39s/it]
 89%|████████▉ | 2096/2360 [3:10:51<23:38,  5.37s/it]
 89%|████████▉ | 2097/2360 [3:10:56<23:32,  5.37s/it]
 89%|████████▉ | 2098/2360 [3:11:02<23:31,  5.39s/it]
 89%|████████▉ | 2099/2360 [3:11:07<23:18,  5.36s/it]
 89%|████████▉ | 2100/2360 [3:11:12<23:18,  5.38s/it]
 89%|████████▉ | 2101/2360 [3:11:18<23:10,  5.37s/it]
 89%|████████▉ | 2102/2360 [3:11:23<23:08,  5.38s/it]
 89%|████████▉ | 2103/2360 [3:11:29<23:02,  5.38s/it]
 89%|████████▉ | 2104/2360 [3:11:34<22:51,  5.36s/it]
 89%|████████▉ | 2105/2360 [3:11:39<22:54,  5.39s/it]
 89%|████████▉ | 2106/2360 [3:11:45<22:42,  5.36s/it]
 89%|████████▉ | 2107/2360 [3:11:50<22:41,  5.38s/it]
 89%|████████▉ | 2108/2360 [3:11:55<22:29,  5.36s/it]
 89%|████████▉ | 2109/2360 [3:12:01<22:25,  5.36s/it]
 89%|████████▉ | 2110/2360 [3:12:06<22:24,  5.38s/it]
 89%|████████▉ | 2111/2360 [3:12:11<22:12,  5.35s/it]
 89%|████████▉ | 2112/2360 [3:12:17<22:15,  5.39s/it]
 90%|████████▉ | 2113/2360 [3:12:22<22:03,  5.36s/it]
 90%|████████▉ | 2114/2360 [3:12:28<22:02,  5.37s/it]
 90%|████████▉ | 2115/2360 [3:12:33<21:56,  5.37s/it]
 90%|████████▉ | 2116/2360 [3:12:38<21:44,  5.35s/it]
 90%|████████▉ | 2117/2360 [3:12:44<21:48,  5.38s/it]
 90%|████████▉ | 2118/2360 [3:12:49<21:42,  5.38s/it]
 90%|████████▉ | 2119/2360 [3:12:55<21:34,  5.37s/it]
 90%|████████▉ | 2120/2360 [3:13:00<21:29,  5.37s/it]
 90%|████████▉ | 2121/2360 [3:13:05<21:22, (0,)
It 2124, sqrt loss 0.01402, Val sim-RMS 0.03885, Time Loss: 97.5%, data: 0.6%, val: 1.9%,  5.5 sec/batch
 5.36s/it]
 90%|████████▉ | 2122/2360 [3:13:11<21:16,  5.37s/it]
 90%|████████▉ | 2123/2360 [3:13:16<21:18,  5.40s/it]
 90%|█████████ | 2124/2360 [3:13:45<49:15, 12.52s/it]
 90%|█████████ | 2125/2360 [3:13:51<40:38, 10.38s/it]
 90%|█████████ | 2126/2360 [3:13:56<34:32,  8.86s/it]
 90%|█████████ | 2127/2360 [3:14:01<30:26,  7.84s/it]
 90%|█████████ | 2128/2360 [3:14:07<27:17,  7.06s/it]
 90%|█████████ | 2129/2360 [3:14:12<25:16,  6.57s/it]
 90%|█████████ | 2130/2360 [3:14:17<23:51,  6.22s/it]
 90%|█████████ | 2131/2360 [3:14:23<22:41,  5.95s/it]
 90%|█████████ | 2132/2360 [3:14:28<21:59,  5.79s/it]
 90%|█████████ | 2133/2360 [3:14:33<21:20,  5.64s/it]
 90%|█████████ | 2134/2360 [3:14:39<21:02,  5.59s/it]
 90%|█████████ | 2135/2360 [3:14:44<20:42,  5.52s/it]
 91%|█████████ | 2136/2360 [3:14:50<20:21,  5.45s/it]
 91%|█████████ | 2137/2360 [3:14:55<20:13,  5.44s/it]
 91%|█████████ | 2138/2360 [3:15:00<20:06,  5.44s/it]
 91%|█████████ | 2139/2360 [3:15:06<19:55,  5.41s/it]
 91%|█████████ | 2140/2360 [3:15:11<19:47,  5.40s/it]
 91%|█████████ | 2141/2360 [3:15:16<19:35,  5.37s/it]
 91%|█████████ | 2142/2360 [3:15:22<19:33,  5.38s/it]
 91%|█████████ | 2143/2360 [3:15:27<19:33,  5.41s/it]
 91%|█████████ | 2144/2360 [3:15:33<19:20,  5.37s/it]
 91%|█████████ | 2145/2360 [3:15:38<19:14,  5.37s/it]
 91%|█████████ | 2146/2360 [3:15:43<19:08,  5.37s/it]
 91%|█████████ | 2147/2360 [3:15:49<19:02,  5.37s/it]
 91%|█████████ | 2148/2360 [3:15:54<18:52,  5.34s/it]
 91%|█████████ | 2149/2360 [3:15:59<18:51,  5.36s/it]
 91%|█████████ | 2150/2360 [3:16:05<18:49,  5.38s/it]
 91%|█████████ | 2151/2360 [3:16:10<18:39,  5.36s/it]
 91%|█████████ | 2152/2360 [3:16:16<18:38,  5.38s/it]
 91%|█████████ | 2153/2360 [3:16:21<18:31,  5.37s/it]
 91%|█████████▏| 2154/2360 [3:16:26<18:25,  5.37s/it]
 91%|█████████▏| 2155/2360 [3:16:32<18:23,  5.38s/it]
 91%|█████████▏| 2156/2360 [3:16:37<18:12,  5.36s/it]
 91%|█████████▏| 2157/2360 [3:16:42<18:11,  5.37s/it]
 91%|█████████▏| 2158/2360 [3:16:48<18:08,  5.39s/it]
 91%|█████████▏| 2159/2360 [3:16:53<17:57,  5.36s/it]
 92%|█████████▏| 2160/2360 [3:16:59<17:55,  5.38s/it]
 92%|█████████▏| 2161/2360 [3:17:04<17:48,  5.37s/it]
 92%|█████████▏| 2162/2360 [3:17:09<17:43,  5.37s/it]
 92%|█████████▏| 2163/2360 [3:17:15<17:44,  5.40s/it]
 92%|█████████▏| 2164/2360 [3:17:20<17:32,  5.37s/it]
 92%|█████████▏| 2165/2360 [3:17:25<17:27,  5.37s/it]
 92%|█████████▏| 2166/2360 [3:17:31<17:17,  5.35s/it]
 92%|█████████▏| 2167/2360 [3:17:36<17:19,  5.38s/it]
 92%|█████████▏| 2168/2360 [3:17:41<17:08,  5.36s/it]
 92%|█████████▏| 2169/2360 [3:17:47<17:03,  5.36s/it]
 92%|█████████▏| 2170/2360 [3:17:52<17:02,  5.38s/it]
 92%|█████████▏| 2171/2360 [3:17:58<16:52,  5.35s/it]
 92%|█████████▏| 2172/2360 [3:18:03<16:50,  5.37s/it]
 92%|█████████▏| 2173/2360 [3:18:08<16:40,  5.35s/it]
 92%|█████████▏| 2174/2360 [3:18:14<16:38,  5.37s/it]
 92%|█████████▏| 2175/2360 [3:18:19<16:36,  5.38s/it]
 92%|█████████▏| 2176/2360 [3:18:24<16:25,  5.36s/it]
 92%|█████████▏| 2177/2360 [3:18:30<16:23,  5.38s/it]
 92%|█████████▏| 2178/2360 [3:18:35<16:21,  5.39s/it]
 92%|█████████▏| 2179/2360 [3:18:41<16:10,  5.36s/it]
 92%|█████████▏| 2180/2360 [3:18:46<16:11,  5.40s/it]
 92%|█████████▏| 2181/2360 [3:18:51<15:58,  5.35s/it]
 92%|█████████▏| 2182/2360 [3:18:57<15:56,  5.37s/it]
 92%|█████████▎| 2183/2360 [3:19:02<15:53,  5.39s/it]
 93%|█████████▎| 2184/2360 [3:19:07<15:45,  5.37s/it]
 93%|█████████▎| 2185/2360 [3:19:13<15:42,  5.39s/it]
 93%|█████████▎| 2186/2360 [3:19:18<15:32,  5.36s/it]
 93%|█████████▎| 2187/2360 [3:19:24<15:27,  5.36s/it]
 93%|█████████▎| 2188/2360 [3:19:29<15:19,  5.34s/it]
 93%|█████████▎| 2189/2360 [3:19:34<15:17,  5.36s/it]
 93%|█████████▎| 2190/2360 [3:19:40<15:15,  5.38s/it]
 93%|█████████▎| 2191/2360 [3:19:45<15:05,  5.36s/it]
 93%|█████████▎| 2192/2360 [3:19:50<15:03,  5.38s/it]
 93%|█████████▎| 2193/2360 [3:19:56<14:56,  5.37s/it]
 93%|█████████▎| 2194/2360 [3:20:01<14:53,  5.38s/it]
 93%|█████████▎| 2195/2360 [3:20:07<14:49,  5.39s/it]
 93%|█████████▎| 2196/2360 [3:20:12<14:37,  5.35s/it]
 93%|█████████▎| 2197/2360 [3:20:17<14:37,  5.38s/it]
 93%|█████████▎| 2198/2360 [3:20:23<14:31,  5.38s/it]
 93%|█████████▎| 2199/2360 [3:20:28<14:25,  5.37s/it]
 93%|█████████▎| 2200/2360 [3:20:33<14:19,  5.37s/it]
 93%|█████████▎| 2201/2360 [3:20:39<14:13,  5.37s/it]
 93%|█████████▎| 2202/2360 [3:20:44<14:08,  5.37s/it]
 93%|█████████▎| 2203/2360 [3:20:50<14:05,  5.39s/it]
 93%|█████████▎| 2204/2360 [3:20:55<13:56,  5.36s/it]
 93%|█████████▎| 2205/2360 [3:21:00<13:53,  5.38s/it]
 93%|█████████▎| 2206/2360 [3:21:06<13:47,  5.37s/it]
 94%|█████████▎| 2207/2360 [3:21:11<13:41,  5.37s/it]
 94%|█████████▎| 2208/2360 [3:21:16<13:35,  5.37s/it]
 94%|█████████▎| 2209/2360 [3:21:22<13:30,  5.37s/it]
 94%|█████████▎| 2210/2360 [3:21:27<13:27,  5.38s/it]
 94%|█████████▎| 2211/2360 [3:21:32<13:18,  5.36s/it]
 94%|█████████▎| 2212/2360 [3:21:38<13:15,  5.38s/it]
 94%|█████████▍| 2213/2360 [3:21:43<13:09,  5.37s/it]
 94%|█████████▍| 2214/2360 [3:21:49<13:03,  5.37s/it]
 94%|█████████▍| 2215/2360 [3:21:54<13:02,  5.40s/it]
 94%|█████████▍| 2216/2360 [3:21:59<12:50,  5.35s/it]
 94%|█████████▍| 2217/2360 [3:22:05<12:50,  5.38s/it]
 94%|█████████▍| 2218/2360 [3:22:10<12:44,  5.38s/it]
 94%|█████████▍| 2219/2360 [3:22:15<12:35,  5.36s/it]
 94%|█████████▍| 2220/2360 [3:22:21<12:32,  5.38s/it]
 94%|█████████▍| 2221/2360 [3:22:26<12:23,  5.35s/it]
 94%|█████████▍| 2222/2360 [3:22:32<12:21,  5.37s/it]
 94%|█████████▍| 2223/2360 [3:22:37<12:18,  5.39s/it]
 94%|█████████▍| 2224/2360 [3:22:42<12:09,  5.36s/it]
 94%|█████████▍| 2225/2360 [3:22:48<12:06,  5.38s/it]
 94%|█████████▍| 2226/2360 [3:22:53<11:57,  5.35s/it]
 94%|█████████▍| 2227/2360 [3:22:58<11:56,  5.39s/it]
 94%|█████████▍| 2228/2360 [3:23:04<11:47,  5.36s/it]
 94%|█████████▍| 2229/2360 [3:23:09<11:44,  5.38s/it]
 94%|█████████▍| 2230/2360 [3:23:15<11:38,  5.38s/it]
 95%|█████████▍| 2231/2360 [3:23:20<11:32,  5.37s/it]
 95%|█████████▍| 2232/2360 [3:23:25<11:27,  5.37s/it]
 95%|█████████▍| 2233/2360 [3:23:31<11:19,  5.35s/it]
 95%|█████████▍| 2234/2360 [3:23:36<11:16,  5.37s/it]
 95%|█████████▍| 2235/2360 [3:23:41<11:12,  5.38s/it]
 95%|█████████▍| 2236/2360 [3:23:47<11:06,  5.37s/it]
 95%|█████████▍| 2237/2360 [3:23:52<11:00,  5.37s/it]
 95%|█████████▍| 2238/2360 [3:23:58<10:57,  5.39s/it]
 95%|█████████▍| 2239/2360 [3:24:03<10:48,  5.36s/it]
 95%|█████████▍| 2240/2360 [3:24:08<10:47,  5.40s/it]
 95%|█████████▍| 2241/2360 [3:24:14<10:38,  5.37s/it]
 95%|█████████▌| 2242/2360 [3:24:19<10:35,  5.38s/it]
 95%|█████████▌| 2243/2360 [3:24:24<10:29,  5.38s/it]
 95%|█████████▌| 2244/2360 [3:24:30<10:22,  5.37s/it]
 95%|█████████▌| 2245/2360 [3:24:35<10:17,  5.37s/it]
 95%|█████████▌| 2246/2360 [3:24:40<10:09,  5.35s/it]
 95%|█████████▌| 2247/2360 [3:24:46<10:07,  5.37s/it]
 95%|█████████▌| 2248/2360 [3:24:51<10:00,  5.37s/it]
 95%|█████████▌| 2249/2360 [3:24:57<09:55,  5.36s/it]
 95%|█████████▌| 2250/2360 [3:25:02<09:51,  5.38s/it]
 95%|█████████▌| 2251/2360 [3:25:07<09:45,  5.37s/it]
 95%|█████████▌| 2252/2360 [3:25:13<09:40,  5.37s/it]
 95%|█████████▌| 2253/2360 [3:25:18<09:32,  5.35s/it]
 96%|█████████▌| 2254/2360 [3:25:23<09:30,  5.39s/it]
 96%|█████████▌| 2255/2360 [3:25:29<09:26,  5.39s/it]
 96%|█████████▌| 2256/2360 [3:25:34<09:17,  5.36s/it]
 96%|█████████▌| 2257/2360 [3:25:40<09:14,  5.38s/it]
 96%|█████████▌| 2258/2360 [3:25:45<09:10,  5.39s/it]
 96%|█████████▌| 2259/2360 [3:25:50<09:01,  5.36s/it]
 96%|█████████▌| 2260/2360 [3:25:56<08:56,  5.37s/it]
 96%|█████████▌| 2261/2360 [3:26:01<08:49,  5.35s/it]
 96%|█████████▌| 2262/2360 [3:26:06<08:47,  5.38s/it]
 96%|█████████▌| 2263/2360 [3:26:12<08:42,  5.38s/it]
 96%|█████████▌| 2264/2360 [3:26:17<08:35,  5.37s/it]
 96%|█████████▌| 2265/2360 [3:26:23<08:30,  5.37s/it]
 96%|█████████▌| 2266/2360 [3:26:28<08:23,  5.35s/it]
 96%|█████████▌| 2267/2360 [3:26:33<08:19,  5.37s/it]
 96%|█████████▌| 2268/2360 [3:26:39<08:12,  5.35s/it]
 96%|█████████▌| 2269/2360 [3:26:44<08:08,  5.37s/it]
 96%|█████████▌| 2270/2360 [3:26:49<08:04,  5.39s/it]
 96%|█████████▌| 2271/2360 [3:26:55<07:58,  5.38s/it]
 96%|█████████▋| 2272/2360 [3:27:00<07:53,  5.38s/it]
 96%|█████████▋| 2273/2360 [3:27:05<07:45,  5.35s/it]
 96%|█████████▋| 2274/2360 [3:27:11<07:43,  5.39s/it]
 96%|█████████▋| 2275/2360 [3:27:16<07:37,  5.38s/it]
 96%|█████████▋| 2276/2360 [3:27:22<07:29,  5.36s/it]
 96%|█████████▋| 2277/2360 [3:27:27<07:27,  5.39s/it]
 97%|█████████▋| 2278/2360 [3:27:32<07:21,  5.39s/it]
 97%|█████████▋| 2279/2360 [3:27:38<07:14,  5.36s/it]
 97%|█████████▋| 2280/2360 [3:27:43<07:10,  5.38s/it]
 97%|█████████▋| 2281/2360 [3:27:48<07:03,  5.36s/it]
 97%|█████████▋| 2282/2360 [3:27:54<06:59,  5.38s/it]
 97%|█████████▋| 2283/2360 [3:27:59<06:56,  5.41s/it]
 97%|█████████▋| 2284/2360 [3:28:05<06:47,  5.36s/it]
 97%|█████████▋| 2285/2360 [3:28:10<06:43,  5.38s/it]
 97%|█████████▋| 2286/2360 [3:28:15<06:36,  5.35s/it]
 97%|█████████▋| 2287/2360 [3:28:21<06:32,  5.37s/it]
 97%|█████████▋| 2288/2360 [3:28:26<06:25,  5.35s/it]
 97%|█████████▋| 2289/2360 [3:28:31<06:21,  5.37s/it]
 97%|█████████▋| 2290/2360 [3:28:37<06:16,  5.39s/it]
 97%|█████████▋| 2291/2360 [3:28:42<06:09,  5.36s/it]
 97%|█████████▋| 2292/2360 [3:28:48<06:06,  5.39s/it]
 97%|█████████▋| 2293/2360 [3:28:53<05:59,  5.36s/it]
 97%|█████████▋| 2294/2360 [3:28:58<05:54,  5.38s/it]
 97%|█████████▋| 2295/2360 [3:29:04<05:49,  5.37s/it]
 97%|█████████▋| 2296/2360 [3:29:09<05:42,  5.35s/it]
 97%|█████████▋| 2297/2360 [3:29:14<05:39,  5.39s/it]
 97%|█████████▋| 2298/2360 [3:29:20<05:33,  5.38s/it]
 97%|█████████▋| 2299/2360 [3:29:25<05:26,  5.36s/it]
 97%|█████████▋| 2300/2360 [3:29:31<05:22,  5.37s/it]
 98%|█████████▊| 2301/2360 [3:29:36<05:16,  5.37s/it]
 98%|█████████▊| 2302/2360 [3:29:41<05:11,  5.37s/it]
 98%|█████████▊| 2303/2360 [3:29:47<05:06,  5.38s/it]
 98%|█████████▊| 2304/2360 [3:29:52<05:00,  5.37s/it]
 98%|█████████▊| 2305/2360 [3:29:57<04:55,  5.37s/it]
 98%|█████████▊| 2306/2360 [3:30:03<04:48,  5.35s/it]
 98%|█████████▊| 2307/2360 [3:30:08<04:44,  5.37s/it]
 98%|█████████▊| 2308/2360 [3:30:13<04:38,  5.35s/it]
 98%|█████████▊| 2309/2360 [3:30:19<04:33,  5.37s/it]
 98%|█████████▊| 2310/2360 [3:30:24<04:30,  5.40s/it]
 98%|█████████▊| 2311/2360 [3:30:30<04:23,  5.37s/it]
 98%|█████████▊| 2312/2360 [3:30:35<04:17,  5.37s/it]
 98%|█████████▊| 2313/2360 [3:30:40<04:11,  5.35s/it]
 98%|█████████▊| 2314/2360 [3:30:46<04:06,  5.37s/it]
 98%|█████████▊| 2315/2360 [3:30:51<04:02,  5.39s/it]
 98%|█████████▊| 2316/2360 [3:30:56<03:56,  5.37s/it]
 98%|█████████▊| 2317/2360 [3:31:02<03:51,  5.39s/it]
 98%|█████████▊| 2318/2360 [3:31:07<03:46,  5.38s/it]
 98%|█████████▊| 2319/2360 [3:31:13<03:39,  5.36s/it]
 98%|█████████▊| 2320/2360 [3:31:18<03:35,  5.38s/it]
 98%|█████████▊| 2321/2360 [3:31:23<03:29,  5.37s/it]
 98%|█████████▊| 2322/2360 [3:31:29<03:23,  5.37s/it]
 98%|█████████▊| 2323/2360 [3:31:34<03:19,  5.38s/it]
 98%|█████████▊| 2324/2360 [3:31:39<03:12,  5.36s/it]
 99%|█████████▊| 2325/2360 [3:31:45<03:08,  5.39s/it]
 99%|█████████▊| 2326/2360 [3:31:50<03:02,  5.36s/it]
 99%|█████████▊| 2327/2360 [3:31:56<02:57,  5.36s/it]
 99%|█████████▊| 2328/2360 [3:32:01<02:51,  5.34s/it]
 99%|█████████▊| 2329/2360 [3:32:06<02:46,  5.37s/it]
 99%|█████████▊| 2330/2360 [3:32:12<02:41,  5.38s/it]
 99%|█████████▉| 2331/2360 [3:32:17<02:35,  5.36s/it]
 99%|█████████▉| 2332/2360 [3:32:22<02:30,  5.39s/it]
 99%|█████████▉| 2333/2360 [3:32:28<02:24,  5.36s/it]
 99%|█████████▉| 2334/2360 [3:32:33<02:19,  5.37s/it]
 99%|█████████▉| 2335/2360 [3:32:38<02:14,  5.37s/it]
 99%|█████████▉| 2336/2360 [3:32:44<02:08,  5.35s/it]
 99%|█████████▉| 2337/2360 [3:32:49<02:03,  5.37s/it]
 99%|█████████▉| 2338/2360 [3:32:55<01:58,  5.39s/it]
 99%|█████████▉| 2339/2360 [3:33:00<01:52,  5.36s/it]
 99%|█████████▉| 2340/2360 [3:33:05<01:47,  5.39s/it]
 99%|█████████▉| 2341/2360 [3:33:11<01:41,  5.35s/it]
 99%|█████████▉| 2342/2360 [3:33:16<01:36,  5.37s/it]
 99%|█████████▉| 2343/2360 [3:33:21<01:31,  5.39s/it]
 99%|█████████▉| 2344/2360 [3:33:27<01:25,  5.36s/it]
 99%|█████████▉| 2345/2360 [3:33:32<01:20,  5.38s/it]
 99%|█████████▉| 2346/2360 [3:33:38<01:15,  5.37s/it]
 99%|█████████▉| 2347/2360 [3:33:43<01:09,  5.37s/it]
 99%|█████████▉| 2348/2360 [3:33:48<01:04,  5.35s/it]
100%|█████████▉| 2349/2360 [3:33:54<00:59,  5.37s/it]
100%|█████████▉| 2350/2360 [3:33:59<00:53,  5.39s/it]
100%|█████████▉| 2351/2360 [3:34:04<00:48,  5.38s/it]
100%|█████████▉| 2352/2360 [3:34:10<00:42,  5.37s/it]
100%|█████████▉| 2353/2360 [3:34:15<00:37,  5.35s/it]
100%|█████████▉| 2354/2360 [3:34:21<00:32,  5.38s/it]
100%|█████████▉| 2355/2360 [3:34:26<00:26,  5.38s/it]
100%|█████████▉| 2356/2360 [3:34:31<00:21,  5.36s/it]
100%|█████████▉| 2357/2360 [3:34:37<00:16,  5.37s/i(0,)
It 2360, sqrt loss 0.01295, Val sim-RMS 0.1143, Time Loss: 97.5%, data: 0.6%, val: 1.9%,  5.5 sec/batch
t]
100%|█████████▉| 2358/2360 [3:34:42<00:10,  5.40s/it]
100%|█████████▉| 2359/2360 [3:34:47<00:05,  5.36s/it]
100%|██████████| 2360/2360 [3:35:17<00:00, 12.52s/it]
100%|██████████| 2360/2360 [3:35:17<00:00,  5.47s/it]
/dataB1/dirk_van_den_berg/conda-envs/GraduationProject/lib/python3.11/site-packages/deepSI/fit_systems/fit_system.py:501: FutureWarning: You are using `torch.load` with `weights_only=False` (the current default value), which uses the default pickle module implicitly. It is possible to construct malicious pickle data which will execute arbitrary code during unpickling (See https://github.com/pytorch/pytorch/blob/main/SECURITY.md#untrusted-models for more details). In a future release, the default value for `weights_only` will be flipped to `True`. This limits the functions that could be executed during unpickling. Arbitrary objects will no longer be allowed to be loaded via this mode unless they are explicitly allowlisted by the user via `torch.serialization.add_safe_globals`. We recommend you start setting `weights_only=True` for any use case where you don't have full control of the loaded file. Please open an issue on GitHub for any issues related to this experimental feature.
  self.__dict__ = torch.load(file)
Loaded model with best known validation sim-RMS of 0.002114 which happened on epoch 0 (epoch_id=0.00)
  [epoch    0]  bestfit=0.00211  R2_linmap: delta_a=+0.1768  vdelta_a=+0.0662
Model already initilized (init_model_done=True), skipping initilizing of the model, the norm and the creation of the optimizer
Size of the training array =  591.0 MB
N_training_samples = 60608, batch_size = 256, N_batch_updates_per_epoch = 236
(0,)
Initial Validation sim-RMS= 0.002114038

  0%|          | 0/2360 [00:00<?, ?it/s]
  0%|          | 1/2360 [00:05<3:31:35,  5.38s/it]
  0%|          | 2/2360 [00:10<3:29:41,  5.34s/it]
  0%|          | 3/2360 [00:16<3:31:16,  5.38s/it]
  0%|          | 4/2360 [00:21<3:29:57,  5.35s/it]
  0%|          | 5/2360 [00:26<3:30:58,  5.38s/it]
  0%|          | 6/2360 [00:32<3:29:59,  5.35s/it]
  0%|          | 7/2360 [00:37<3:30:44,  5.37s/it]
  0%|          | 8/2360 [00:43<3:31:50,  5.40s/it]
  0%|          | 9/2360 [00:48<3:29:59,  5.36s/it]
  0%|          | 10/2360 [00:53<3:31:15,  5.39s/it]
  0%|          | 11/2360 [00:59<3:31:36,  5.41s/it]
  1%|          | 12/2360 [01:04<3:29:46,  5.36s/it]
  1%|          | 13/2360 [01:09<3:31:00,  5.39s/it]
  1%|          | 14/2360 [01:15<3:29:57,  5.37s/it]
  1%|          | 15/2360 [01:20<3:29:54,  5.37s/it]
  1%|          | 16/2360 [01:26<3:31:12,  5.41s/it]
  1%|          | 17/2360 [01:31<3:29:23,  5.36s/it]
  1%|          | 18/2360 [01:36<3:30:04,  5.38s/it]
  1%|          | 19/2360 [01:42<3:29:05,  5.36s/it]
  1%|          | 20/2360 [01:47<3:29:47,  5.38s/it]
  1%|          | 21/2360 [01:52<3:28:46,  5.36s/it]
  1%|          | 22/2360 [01:58<3:29:30,  5.38s/it]
  1%|          | 23/2360 [02:03<3:30:04,  5.39s/it]
  1%|          | 24/2360 [02:08<3:28:58,  5.37s/it]
  1%|          | 25/2360 [02:14<3:30:07,  5.40s/it]
  1%|          | 26/2360 [02:19<3:28:26,  5.36s/it]
  1%|          | 27/2360 [02:25<3:29:39,  5.39s/it]
  1%|          | 28/2360 [02:30<3:29:22,  5.39s/it]
  1%|          | 29/2360 [02:35<3:28:18,  5.36s/it]
  1%|▏         | 30/2360 [02:41<3:29:33,  5.40s/it]
  1%|▏         | 31/2360 [02:46<3:29:19,  5.39s/it]
  1%|▏         | 32/2360 [02:52<3:28:49,  5.38s/it]
  1%|▏         | 33/2360 [02:57<3:29:17,  5.40s/it]
  1%|▏         | 34/2360 [03:02<3:27:36,  5.36s/it]
  1%|▏         | 35/2360 [03:08<3:28:17,  5.38s/it]
  2%|▏         | 36/2360 [03:13<3:28:51,  5.39s/it]
  2%|▏         | 37/2360 [03:18<3:27:44,  5.37s/it]
  2%|▏         | 38/2360 [03:24<3:28:22,  5.38s/it]
  2%|▏         | 39/2360 [03:29<3:27:23,  5.36s/it]
  2%|▏         | 40/2360 [03:35<3:28:03,  5.38s/it]
  2%|▏         | 41/2360 [03:40<3:27:03,  5.36s/it]
  2%|▏         | 42/2360 [03:45<3:27:43,  5.38s/it]
  2%|▏         | 43/2360 [03:51<3:28:13,  5.39s/it]
  2%|▏         | 44/2360 [03:56<3:27:06,  5.37s/it]
  2%|▏         | 45/2360 [04:01<3:27:43,  5.38s/it]
  2%|▏         | 46/2360 [04:07<3:26:41,  5.36s/it]
  2%|▏         | 47/2360 [04:12<3:27:53,  5.39s/it]
  2%|▏         | 48/2360 [04:18<3:28:12,  5.40s/it]
  2%|▏         | 49/2360 [04:23<3:26:21,  5.36s/it]
  2%|▏         | 50/2360 [04:28<3:27:05,  5.38s/it]
  2%|▏         | 51/2360 [04:34<3:27:33,  5.39s/it]
  2%|▏         | 52/2360 [04:39<3:27:01,  5.38s/it]
  2%|▏         | 53/2360 [04:45<3:26:54,  5.38s/it]
  2%|▏         | 54/2360 [04:50<3:26:30,  5.37s/it]
  2%|▏         | 55/2360 [04:55<3:27:05,  5.39s/it]
  2%|▏         | 56/2360 [05:01<3:27:31,  5.40s/it]
  2%|▏         | 57/2360 [05:06<3:26:14,  5.37s/it]
  2%|▏         | 58/2360 [05:11<3:26:15,  5.38s/it]
  2%|▎         | 59/2360 [05:17<3:25:19,  5.35s/it]
  3%|▎         | 60/2360 [05:22<3:26:03,  5.38s/it]
  3%|▎         | 61/2360 [05:27<3:25:12,  5.36s/it]
  3%|▎         | 62/2360 [05:33<3:25:52,  5.38s/it]
  3%|▎         | 63/2360 [05:38<3:26:55,  5.41s/it]
  3%|▎         | 64/2360 [05:44<3:25:07,  5.36s/it]
  3%|▎         | 65/2360 [05:49<3:25:48,  5.38s/it]
  3%|▎         | 66/2360 [05:54<3:25:25,  5.37s/it]
  3%|▎         | 67/2360 [06:00<3:25:16,  5.37s/it]
  3%|▎         | 68/2360 [06:05<3:25:52,  5.39s/it]
  3%|▎         | 69/2360 [06:11<3:25:29,  5.38s/it]
  3%|▎         | 70/2360 [06:16<3:25:20,  5.38s/it]
  3%|▎         | 71/2360 [06:21<3:25:52,  5.40s/it]
  3%|▎         | 72/2360 [06:27<3:24:48,  5.37s/it]
  3%|▎         | 73/2360 [06:32<3:25:23,  5.39s/it]
  3%|▎         | 74/2360 [06:37<3:24:55,  5.38s/it]
  3%|▎         | 75/2360 [06:43<3:24:47,  5.38s/it]
  3%|▎         | 76/2360 [06:48<3:25:20,  5.39s/it]
  3%|▎         | 77/2360 [06:54<3:24:14,  5.37s/it]
  3%|▎         | 78/2360 [06:59<3:25:23,  5.40s/it]
  3%|▎         | 79/2360 [07:04<3:23:36,  5.36s/it]
  3%|▎         | 80/2360 [07:10<3:24:20,  5.38s/it]
  3%|▎         | 81/2360 [07:15<3:23:59,  5.37s/it]
  3%|▎         | 82/2360 [07:20<3:23:56,  5.37s/it]
  4%|▎         | 83/2360 [07:26<3:24:27,  5.39s/it]
  4%|▎         | 84/2360 [07:31<3:23:56,  5.38s/it]
  4%|▎         | 85/2360 [07:37<3:23:51,  5.38s/it]
  4%|▎         | 86/2360 [07:42<3:23:34,  5.37s/it]
  4%|▎         | 87/2360 [07:47<3:23:29,  5.37s/it]
  4%|▎         | 88/2360 [07:53<3:24:01,  5.39s/it]
  4%|▍         | 89/2360 [07:58<3:23:02,  5.36s/it]
  4%|▍         | 90/2360 [08:04<3:23:45,  5.39s/it]
  4%|▍         | 91/2360 [08:09<3:24:10,  5.40s/it]
  4%|▍         | 92/2360 [08:14<3:22:58,  5.37s/it]
  4%|▍         | 93/2360 [08:20<3:23:32,  5.39s/it]
  4%|▍         | 94/2360 [08:25<3:22:34,  5.36s/it]
  4%|▍         | 95/2360 [08:30<3:23:08,  5.38s/it]
  4%|▍         | 96/2360 [08:36<3:24:13,  5.41s/it]
  4%|▍         | 97/2360 [08:41<3:22:22,  5.37s/it]
  4%|▍         | 98/2360 [08:47<3:23:37,  5.40s/it]
  4%|▍         | 99/2360 [08:52<3:21:53,  5.36s/it]
  4%|▍         | 100/2360 [08:57<3:23:14,  5.40s/it]
  4%|▍         | 101/2360 [09:03<3:22:11,  5.37s/it]
  4%|▍         | 102/2360 [09:08<3:22:46,  5.39s/it]
  4%|▍         | 103/2360 [09:14<3:23:11,  5.40s/it]
  4%|▍         | 104/2360 [09:19<3:22:04,  5.37s/it]
  4%|▍         | 105/2360 [09:24<3:22:35,  5.39s/it]
  4%|▍         | 106/2360 [09:30<3:20:59,  5.35s/it]
  5%|▍         | 107/2360 [09:35<3:22:15,  5.39s/it]
  5%|▍         | 108/2360 [09:40<3:22:03,  5.38s/it]
  5%|▍         | 109/2360 [09:46<3:21:09,  5.36s/it]
  5%|▍         | 110/2360 [09:51<3:22:22,  5.40s/it]
  5%|▍         | 111/2360 [09:57<3:22:11,  5.39s/it]
  5%|▍         | 112/2360 [10:02<3:21:07,  5.37s/it]
  5%|▍         | 113/2360 [10:07<3:21:39,  5.38s/it]
  5%|▍         | 114/2360 [10:13<3:21:15,  5.38s/it]
  5%|▍         | 115/2360 [10:18<3:21:10,  5.38s/it]
  5%|▍         | 116/2360 [10:23<3:21:43,  5.39s/it]
  5%|▍         | 117/2360 [10:29<3:21:13,  5.38s/it]
  5%|▌         | 118/2360 [10:34<3:21:03,  5.38s/it]
  5%|▌         | 119/2360 [10:40<3:20:06,  5.36s/it]
  5%|▌         | 120/2360 [10:45<3:20:45,  5.38s/it]
  5%|▌         | 121/2360 [10:50<3:19:50,  5.36s/it]
  5%|▌         | 122/2360 [10:56<3:20:31,  5.38s/it]
  5%|▌         | 123/2360 [11:01<3:21:35,  5.41s/it]
  5%|▌         | 124/2360 [11:06<3:19:53,  5.36s/it]
  5%|▌         | 125/2360 [11:12<3:20:29,  5.38s/it]
  5%|▌         | 126/2360 [11:17<3:19:32,  5.36s/it]
  5%|▌         | 127/2360 [11:23<3:20:11,  5.38s/it]
  5%|▌         | 128/2360 [11:28<3:21:09,  5.41s/it]
  5%|▌         | 129/2360 [11:33<3:19:18,  5.36s/it]
  6%|▌         | 130/2360 [11:39<3:19:53,  5.38s/it]
  6%|▌         | 131/2360 [11:44<3:20:22,  5.39s/it]
  6%|▌         | 132/2360 [11:49<3:19:13,  5.37s/it]
  6%|▌         | 133/2360 [11:55<3:19:46,  5.38s/it]
  6%|▌         | 134/2360 [12:00<3:18:49,  5.36s/it]
  6%|▌         | 135/2360 [12:06<3:20:02,  5.39s/it]
  6%|▌         | 136/2360 [12:11<3:20:22,  5.41s/it]
  6%|▌         | 137/2360 [12:16<3:18:37,  5.36s/it]
  6%|▌         | 138/2360 [12:22<3:19:15,  5.38s/it]
  6%|▌         | 139/2360 [12:27<3:18:18,  5.36s/it]
  6%|▌         | 140/2360 [12:33<3:19:32,  5.39s/it]
  6%|▌         | 141/2360 [12:38<3:17:52,  5.35s/it]
  6%|▌         | 142/2360 [12:43<3:19:08,  5.39s/it]
  6%|▌         | 143/2360 [12:49<3:18:55,  5.38s/it]
  6%|▌         | 144/2360 [12:54<3:17:56,  5.36s/it]
  6%|▌         | 145/2360 [12:59<3:18:35,  5.38s/it]
  6%|▌         | 146/2360 [13:05<3:17:40,  5.36s/it]
  6%|▌         | 147/2360 [13:10<3:18:54,  5.39s/it]
  6%|▋         | 148/2360 [13:16<3:18:34,  5.39s/it]
  6%|▋         | 149/2360 [13:21<3:17:33,  5.36s/it]
  6%|▋         | 150/2360 [13:26<3:18:41,  5.39s/it]
  6%|▋         | 151/2360 [13:32<3:18:58,  5.40s/it]
  6%|▋         | 152/2360 [13:37<3:17:14,  5.36s/it]
  6%|▋         | 153/2360 [13:42<3:18:23,  5.39s/it]
  7%|▋         | 154/2360 [13:48<3:17:19,  5.37s/it]
  7%|▋         | 155/2360 [13:53<3:17:22,  5.37s/it]
  7%|▋         | 156/2360 [13:59<3:18:32,  5.40s/it]
  7%|▋         | 157/2360 [14:04<3:16:43,  5.36s/it]
  7%|▋         | 158/2360 [14:09<3:17:58,  5.39s/it]
  7%|▋         | 159/2360 [14:15<3:16:52,  5.37s/it]
  7%|▋         | 160/2360 [14:20<3:16:55,  5.37s/it]
  7%|▋         | 161/2360 [14:25<3:16:41,  5.37s/it]
  7%|▋         | 162/2360 [14:31<3:16:45,  5.37s/it]
  7%|▋         | 163/2360 [14:36<3:17:53,  5.40s/it]
  7%|▋         | 164/2360 [14:42<3:16:40,  5.37s/it]
  7%|▋         | 165/2360 [14:47<3:17:06,  5.39s/it]
  7%|▋         | 166/2360 [14:52<3:16:02,  5.36s/it]
  7%|▋         | 167/2360 [14:58<3:16:03,  5.36s/it]
  7%|▋         | 168/2360 [15:03<3:17:11,  5.40s/it]
  7%|▋         | 169/2360 [15:08<3:16:00,  5.37s/it]
  7%|▋         | 170/2360 [15:14<3:15:57,  5.37s/it]
  7%|▋         | 171/2360 [15:19<3:16:31,  5.39s/it]
  7%|▋         | 172/2360 [15:25<3:15:30,  5.36s/it]
  7%|▋         | 173/2360 [15:30<3:16:07,  5.38s/it]
  7%|▋         | 174/2360 [15:35<3:15:10,  5.36s/it]
  7%|▋         | 175/2360 [15:41<3:16:20,  5.39s/it]
  7%|▋         | 176/2360 [15:46<3:16:09,  5.39s/it]
  8%|▊         | 177/2360 [15:51<3:15:07,  5.36s/it]
  8%|▊         | 178/2360 [15:57<3:16:22,  5.40s/it]
  8%|▊         | 179/2360 [16:02<3:14:43,  5.36s/it]
  8%|▊         | 180/2360 [16:08<3:15:27,  5.38s/it]
  8%|▊         | 181/2360 [16:13<3:14:33,  5.36s/it]
  8%|▊         | 182/2360 [16:18<3:15:11,  5.38s/it]
  8%|▊         | 183/2360 [16:24<3:15:36,  5.39s/it]
  8%|▊         | 184/2360 [16:29<3:14:37,  5.37s/it]
  8%|▊         | 185/2360 [16:35<3:15:47,  5.40s/it]
  8%|▊         | 186/2360 [16:40<3:14:02,  5.36s/it]
  8%|▊         | 187/2360 [16:45<3:15:14,  5.39s/it]
  8%|▊         | 188/2360 [16:51<3:14:57,  5.39s/it]
  8%|▊         | 189/2360 [16:56<3:14:34,  5.38s/it]
  8%|▊         | 190/2360 [17:01<3:14:29,  5.38s/it]
  8%|▊         | 191/2360 [17:07<3:15:00,  5.39s/it]
  8%|▊         | 192/2360 [17:12<3:14:30,  5.38s/it]
  8%|▊         | 193/2360 [17:18<3:14:22,  5.38s/it]
  8%|▊         | 194/2360 [17:23<3:13:29,  5.36s/it]
  8%|▊         | 195/2360 [17:28<3:14:04,  5.38s/it]
  8%|▊         | 196/2360 [17:34<3:15:08,  5.41s/it]
  8%|▊         | 197/2360 [17:39<3:13:56,  5.38s/it]
  8%|▊         | 198/2360 [17:44<3:14:21,  5.39s/it]
  8%|▊         | 199/2360 [17:50<3:12:44,  5.35s/it]
  8%|▊         | 200/2360 [17:55<3:13:26,  5.37s/it]
  9%|▊         | 201/2360 [18:01<3:13:11,  5.37s/it]
  9%|▊         | 202/2360 [18:06<3:13:39,  5.38s/it]
  9%|▊         | 203/2360 [18:11<3:13:29,  5.38s/it]
  9%|▊         | 204/2360 [18:17<3:12:38,  5.36s/it]
  9%|▊         | 205/2360 [18:22<3:13:52,  5.40s/it]
  9%|▊         | 206/2360 [18:27<3:12:17,  5.36s/it]
  9%|▉         | 207/2360 [18:33<3:13:27,  5.39s/it]
  9%|▉         | 208/2360 [18:38<3:13:44,  5.40s/it]
  9%|▉         | 209/2360 [18:44<3:12:02,  5.36s/it]
  9%|▉         | 210/2360 [18:49<3:13:11,  5.39s/it]
  9%|▉         | 211/2360 [18:54<3:13:28,  5.40s/it]
  9%|▉         | 212/2360 [19:00<3:11:50,  5.36s/it]
  9%|▉         | 213/2360 [19:05<3:12:30,  5.38s/it]
  9%|▉         | 214/2360 [19:10<3:12:08,  5.37s/it]
  9%|▉         | 215/2360 [19:16<3:12:03,  5.37s/it]
  9%|▉         | 216/2360 [19:21<3:12:36,  5.39s/it]
  9%|▉         | 217/2360 [19:27<3:11:37,  5.37s/it]
  9%|▉         | 218/2360 [19:32<3:12:41,  5.40s/it]
  9%|▉         | 219/2360 [19:37<3:11:06,  5.36s/it]
  9%|▉         | 220/2360 [19:43<3:11:45,  5.38s/it]
  9%|▉         | 221/2360 [19:48<3:10:51,  5.35s/it]
  9%|▉         | 222/2360 [19:53<3:11:28,  5.37s/it]
  9%|▉         | 223/2360 [19:59<3:12:30,  5.40s/it]
  9%|▉         | 224/2360 [20:04<3:10:45,  5.36s/it]
 10%|▉         | 225/2360 [20:10<3:11:25,  5.38s/it]
 10%|▉         | 226/2360 [20:15<3:(0,)
It  236, sqrt loss 0.07215, Val sim-RMS 0.1292, Time Loss: 97.5%, data: 0.6%, val: 1.9%,  5.5 sec/batch
10:28,  5.36s/it]
 10%|▉         | 227/2360 [20:20<3:11:03,  5.37s/it]
 10%|▉         | 228/2360 [20:26<3:11:28,  5.39s/it]
 10%|▉         | 229/2360 [20:31<3:10:31,  5.36s/it]
 10%|▉         | 230/2360 [20:36<3:11:02,  5.38s/it]
 10%|▉         | 231/2360 [20:42<3:11:25,  5.39s/it]
 10%|▉         | 232/2360 [20:47<3:10:52,  5.38s/it]
 10%|▉         | 233/2360 [20:53<3:10:44,  5.38s/it]
 10%|▉         | 234/2360 [20:58<3:09:47,  5.36s/it]
 10%|▉         | 235/2360 [21:03<3:10:55,  5.39s/it]
 10%|█         | 236/2360 [21:33<7:29:11, 12.69s/it]
 10%|█         | 237/2360 [21:38<6:10:02, 10.46s/it]
 10%|█         | 238/2360 [21:44<5:16:57,  8.96s/it]
 10%|█         | 239/2360 [21:49<4:37:57,  7.86s/it]
 10%|█         | 240/2360 [21:55<4:11:25,  7.12s/it]
 10%|█         | 241/2360 [22:00<3:53:27,  6.61s/it]
 10%|█         | 242/2360 [22:05<3:39:29,  6.22s/it]
 10%|█         | 243/2360 [22:11<3:31:01,  5.98s/it]
 10%|█         | 244/2360 [22:16<3:23:47,  5.78s/it]
 10%|█         | 245/2360 [22:21<3:20:26,  5.69s/it]
 10%|█         | 246/2360 [22:27<3:15:44,  5.56s/it]
 10%|█         | 247/2360 [22:32<3:14:11,  5.51s/it]
 11%|█         | 248/2360 [22:38<3:13:09,  5.49s/it]
 11%|█         | 249/2360 [22:43<3:11:07,  5.43s/it]
 11%|█         | 250/2360 [22:48<3:10:55,  5.43s/it]
 11%|█         | 251/2360 [22:54<3:10:53,  5.43s/it]
 11%|█         | 252/2360 [22:59<3:09:27,  5.39s/it]
 11%|█         | 253/2360 [23:04<3:09:42,  5.40s/it]
 11%|█         | 254/2360 [23:10<3:08:40,  5.38s/it]
 11%|█         | 255/2360 [23:15<3:09:37,  5.41s/it]
 11%|█         | 256/2360 [23:21<3:09:17,  5.40s/it]
 11%|█         | 257/2360 [23:26<3:08:13,  5.37s/it]
 11%|█         | 258/2360 [23:31<3:09:15,  5.40s/it]
 11%|█         | 259/2360 [23:37<3:08:06,  5.37s/it]
 11%|█         | 260/2360 [23:42<3:08:01,  5.37s/it]
 11%|█         | 261/2360 [23:47<3:07:42,  5.37s/it]
 11%|█         | 262/2360 [23:53<3:07:44,  5.37s/it]
 11%|█         | 263/2360 [23:58<3:08:16,  5.39s/it]
 11%|█         | 264/2360 [24:04<3:07:24,  5.36s/it]
 11%|█         | 265/2360 [24:09<3:07:58,  5.38s/it]
 11%|█▏        | 266/2360 [24:14<3:07:03,  5.36s/it]
 11%|█▏        | 267/2360 [24:20<3:08:08,  5.39s/it]
 11%|█▏        | 268/2360 [24:25<3:07:50,  5.39s/it]
 11%|█▏        | 269/2360 [24:30<3:06:52,  5.36s/it]
 11%|█▏        | 270/2360 [24:36<3:07:26,  5.38s/it]
 11%|█▏        | 271/2360 [24:41<3:07:51,  5.40s/it]
 12%|█▏        | 272/2360 [24:47<3:07:18,  5.38s/it]
 12%|█▏        | 273/2360 [24:52<3:07:07,  5.38s/it]
 12%|█▏        | 274/2360 [24:57<3:06:16,  5.36s/it]
 12%|█▏        | 275/2360 [25:03<3:06:54,  5.38s/it]
 12%|█▏        | 276/2360 [25:08<3:07:20,  5.39s/it]
 12%|█▏        | 277/2360 [25:13<3:06:48,  5.38s/it]
 12%|█▏        | 278/2360 [25:19<3:06:41,  5.38s/it]
 12%|█▏        | 279/2360 [25:24<3:06:17,  5.37s/it]
 12%|█▏        | 280/2360 [25:30<3:06:18,  5.37s/it]
 12%|█▏        | 281/2360 [25:35<3:05:30,  5.35s/it]
 12%|█▏        | 282/2360 [25:40<3:06:05,  5.37s/it]
 12%|█▏        | 283/2360 [25:46<3:07:00,  5.40s/it]
 12%|█▏        | 284/2360 [25:51<3:05:21,  5.36s/it]
 12%|█▏        | 285/2360 [25:56<3:05:57,  5.38s/it]
 12%|█▏        | 286/2360 [26:02<3:05:05,  5.35s/it]
 12%|█▏        | 287/2360 [26:07<3:06:09,  5.39s/it]
 12%|█▏        | 288/2360 [26:13<3:05:56,  5.38s/it]
 12%|█▏        | 289/2360 [26:18<3:05:06,  5.36s/it]
 12%|█▏        | 290/2360 [26:23<3:05:43,  5.38s/it]
 12%|█▏        | 291/2360 [26:29<3:06:05,  5.40s/it]
 12%|█▏        | 292/2360 [26:34<3:05:35,  5.38s/it]
 12%|█▏        | 293/2360 [26:40<3:05:57,  5.40s/it]
 12%|█▏        | 294/2360 [26:45<3:04:23,  5.36s/it]
 12%|█▎        | 295/2360 [26:50<3:05:02,  5.38s/it]
 13%|█▎        | 296/2360 [26:56<3:05:30,  5.39s/it]
 13%|█▎        | 297/2360 [27:01<3:05:03,  5.38s/it]
 13%|█▎        | 298/2360 [27:06<3:04:56,  5.38s/it]
 13%|█▎        | 299/2360 [27:12<3:04:05,  5.36s/it]
 13%|█▎        | 300/2360 [27:17<3:04:39,  5.38s/it]
 13%|█▎        | 301/2360 [27:22<3:03:51,  5.36s/it]
 13%|█▎        | 302/2360 [27:28<3:04:29,  5.38s/it]
 13%|█▎        | 303/2360 [27:33<3:05:26,  5.41s/it]
 13%|█▎        | 304/2360 [27:39<3:03:50,  5.37s/it]
 13%|█▎        | 305/2360 [27:44<3:04:57,  5.40s/it]
 13%|█▎        | 306/2360 [27:49<3:03:23,  5.36s/it]
 13%|█▎        | 307/2360 [27:55<3:03:59,  5.38s/it]
 13%|█▎        | 308/2360 [28:00<3:04:28,  5.39s/it]
 13%|█▎        | 309/2360 [28:06<3:04:01,  5.38s/it]
 13%|█▎        | 310/2360 [28:11<3:04:22,  5.40s/it]
 13%|█▎        | 311/2360 [28:16<3:04:37,  5.41s/it]
 13%|█▎        | 312/2360 [28:22<3:03:02,  5.36s/it]
 13%|█▎        | 313/2360 [28:27<3:03:38,  5.38s/it]
 13%|█▎        | 314/2360 [28:32<3:02:50,  5.36s/it]
 13%|█▎        | 315/2360 [28:38<3:03:54,  5.40s/it]
 13%|█▎        | 316/2360 [28:43<3:03:38,  5.39s/it]
 13%|█▎        | 317/2360 [28:49<3:02:40,  5.36s/it]
 13%|█▎        | 318/2360 [28:54<3:03:13,  5.38s/it]
 14%|█▎        | 319/2360 [28:59<3:02:21,  5.36s/it]
 14%|█▎        | 320/2360 [29:05<3:02:58,  5.38s/it]
 14%|█▎        | 321/2360 [29:10<3:02:36,  5.37s/it]
 14%|█▎        | 322/2360 [29:15<3:02:28,  5.37s/it]
 14%|█▎        | 323/2360 [29:21<3:03:27,  5.40s/it]
 14%|█▎        | 324/2360 [29:26<3:02:21,  5.37s/it]
 14%|█▍        | 325/2360 [29:32<3:02:19,  5.38s/it]
 14%|█▍        | 326/2360 [29:37<3:01:33,  5.36s/it]
 14%|█▍        | 327/2360 [29:42<3:02:12,  5.38s/it]
 14%|█▍        | 328/2360 [29:48<3:02:36,  5.39s/it]
 14%|█▍        | 329/2360 [29:53<3:02:10,  5.38s/it]
 14%|█▍        | 330/2360 [29:59<3:02:31,  5.39s/it]
 14%|█▍        | 331/2360 [30:04<3:02:16,  5.39s/it]
 14%|█▍        | 332/2360 [30:09<3:01:22,  5.37s/it]
 14%|█▍        | 333/2360 [30:15<3:02:25,  5.40s/it]
 14%|█▍        | 334/2360 [30:20<3:00:53,  5.36s/it]
 14%|█▍        | 335/2360 [30:25<3:01:29,  5.38s/it]
 14%|█▍        | 336/2360 [30:31<3:01:59,  5.39s/it]
 14%|█▍        | 337/2360 [30:36<3:00:57,  5.37s/it]
 14%|█▍        | 338/2360 [30:42<3:01:31,  5.39s/it]
 14%|█▍        | 339/2360 [30:47<3:00:38,  5.36s/it]
 14%|█▍        | 340/2360 [30:52<3:01:43,  5.40s/it]
 14%|█▍        | 341/2360 [30:58<3:00:41,  5.37s/it]
 14%|█▍        | 342/2360 [31:03<3:00:37,  5.37s/it]
 15%|█▍        | 343/2360 [31:09<3:01:08,  5.39s/it]
 15%|█▍        | 344/2360 [31:14<3:00:11,  5.36s/it]
 15%|█▍        | 345/2360 [31:19<3:00:46,  5.38s/it]
 15%|█▍        | 346/2360 [31:25<3:00:30,  5.38s/it]
 15%|█▍        | 347/2360 [31:30<3:00:21,  5.38s/it]
 15%|█▍        | 348/2360 [31:35<3:00:47,  5.39s/it]
 15%|█▍        | 349/2360 [31:41<2:59:52,  5.37s/it]
 15%|█▍        | 350/2360 [31:46<3:00:26,  5.39s/it]
 15%|█▍        | 351/2360 [31:52<3:01:17,  5.41s/it]
 15%|█▍        | 352/2360 [31:57<2:59:35,  5.37s/it]
 15%|█▍        | 353/2360 [32:02<3:00:38,  5.40s/it]
 15%|█▌        | 354/2360 [32:08<2:59:05,  5.36s/it]
 15%|█▌        | 355/2360 [32:13<2:59:41,  5.38s/it]
 15%|█▌        | 356/2360 [32:19<3:00:39,  5.41s/it]
 15%|█▌        | 357/2360 [32:24<2:59:03,  5.36s/it]
 15%|█▌        | 358/2360 [32:29<2:59:38,  5.38s/it]
 15%|█▌        | 359/2360 [32:35<2:58:48,  5.36s/it]
 15%|█▌        | 360/2360 [32:40<2:59:26,  5.38s/it]
 15%|█▌        | 361/2360 [32:45<2:59:04,  5.37s/it]
 15%|█▌        | 362/2360 [32:51<2:58:57,  5.37s/it]
 15%|█▌        | 363/2360 [32:56<2:59:28,  5.39s/it]
 15%|█▌        | 364/2360 [33:01<2:58:34,  5.37s/it]
 15%|█▌        | 365/2360 [33:07<2:59:04,  5.39s/it]
 16%|█▌        | 366/2360 [33:12<2:58:09,  5.36s/it]
 16%|█▌        | 367/2360 [33:18<2:59:12,  5.40s/it]
 16%|█▌        | 368/2360 [33:23<2:58:56,  5.39s/it]
 16%|█▌        | 369/2360 [33:28<2:58:31,  5.38s/it]
 16%|█▌        | 370/2360 [33:34<2:58:23,  5.38s/it]
 16%|█▌        | 371/2360 [33:39<2:58:48,  5.39s/it]
 16%|█▌        | 372/2360 [33:44<2:57:49,  5.37s/it]
 16%|█▌        | 373/2360 [33:50<2:58:48,  5.40s/it]
 16%|█▌        | 374/2360 [33:55<2:57:19,  5.36s/it]
 16%|█▌        | 375/2360 [34:01<2:57:58,  5.38s/it]
 16%|█▌        | 376/2360 [34:06<2:58:25,  5.40s/it]
 16%|█▌        | 377/2360 [34:11<2:58:01,  5.39s/it]
 16%|█▌        | 378/2360 [34:17<2:57:52,  5.38s/it]
 16%|█▌        | 379/2360 [34:22<2:57:26,  5.37s/it]
 16%|█▌        | 380/2360 [34:28<2:57:22,  5.37s/it]
 16%|█▌        | 381/2360 [34:33<2:56:37,  5.35s/it]
 16%|█▌        | 382/2360 [34:38<2:57:42,  5.39s/it]
 16%|█▌        | 383/2360 [34:44<2:57:34,  5.39s/it]
 16%|█▋        | 384/2360 [34:49<2:56:41,  5.37s/it]
 16%|█▋        | 385/2360 [34:54<2:57:13,  5.38s/it]
 16%|█▋        | 386/2360 [35:00<2:56:23,  5.36s/it]
 16%|█▋        | 387/2360 [35:05<2:56:49,  5.38s/it]
 16%|█▋        | 388/2360 [35:11<2:57:15,  5.39s/it]
 16%|█▋        | 389/2360 [35:16<2:56:51,  5.38s/it]
 17%|█▋        | 390/2360 [35:21<2:56:37,  5.38s/it]
 17%|█▋        | 391/2360 [35:27<2:57:00,  5.39s/it]
 17%|█▋        | 392/2360 [35:32<2:56:04,  5.37s/it]
 17%|█▋        | 393/2360 [35:38<2:56:34,  5.39s/it]
 17%|█▋        | 394/2360 [35:43<2:56:09,  5.38s/it]
 17%|█▋        | 395/2360 [35:48<2:56:03,  5.38s/it]
 17%|█▋        | 396/2360 [35:54<2:56:28,  5.39s/it]
 17%|█▋        | 397/2360 [35:59<2:55:35,  5.37s/it]
 17%|█▋        | 398/2360 [36:04<2:56:07,  5.39s/it]
 17%|█▋        | 399/2360 [36:10<2:55:16,  5.36s/it]
 17%|█▋        | 400/2360 [36:15<2:55:49,  5.38s/it]
 17%|█▋        | 401/2360 [36:20<2:54:58,  5.36s/it]
 17%|█▋        | 402/2360 [36:26<2:55:30,  5.38s/it]
 17%|█▋        | 403/2360 [36:31<2:55:58,  5.40s/it]
 17%|█▋        | 404/2360 [36:37<2:55:30,  5.38s/it]
 17%|█▋        | 405/2360 [36:42<2:55:19,  5.38s/it]
 17%|█▋        | 406/2360 [36:47<2:54:28,  5.36s/it]
 17%|█▋        | 407/2360 [36:53<2:55:01,  5.38s/it]
 17%|█▋        | 408/2360 [36:58<2:55:25,  5.39s/it]
 17%|█▋        | 409/2360 [37:04<2:54:55,  5.38s/it]
 17%|█▋        | 410/2360 [37:09<2:55:16,  5.39s/it]
 17%|█▋        | 411/2360 [37:14<2:55:05,  5.39s/it]
 17%|█▋        | 412/2360 [37:20<2:54:10,  5.36s/it]
 18%|█▊        | 413/2360 [37:25<2:54:40,  5.38s/it]
 18%|█▊        | 414/2360 [37:30<2:54:21,  5.38s/it]
 18%|█▊        | 415/2360 [37:36<2:54:17,  5.38s/it]
 18%|█▊        | 416/2360 [37:41<2:54:43,  5.39s/it]
 18%|█▊        | 417/2360 [37:47<2:53:45,  5.37s/it]
 18%|█▊        | 418/2360 [37:52<2:54:45,  5.40s/it]
 18%|█▊        | 419/2360 [37:57<2:53:19,  5.36s/it]
 18%|█▊        | 420/2360 [38:03<2:54:28,  5.40s/it]
 18%|█▊        | 421/2360 [38:08<2:53:00,  5.35s/it]
 18%|█▊        | 422/2360 [38:13<2:53:36,  5.37s/it]
 18%|█▊        | 423/2360 [38:19<2:54:06,  5.39s/it]
 18%|█▊        | 424/2360 [38:24<2:53:42,  5.38s/it]
 18%|█▊        | 425/2360 [38:30<2:53:35,  5.38s/it]
 18%|█▊        | 426/2360 [38:35<2:52:45,  5.36s/it]
 18%|█▊        | 427/2360 [38:40<2:53:44,  5.39s/it]
 18%|█▊        | 428/2360 [38:46<2:53:30,  5.39s/it]
 18%|█▊        | 429/2360 [38:51<2:52:35,  5.36s/it]
 18%|█▊        | 430/2360 [38:57<2:53:06,  5.38s/it]
 18%|█▊        | 431/2360 [39:02<2:53:30,  5.40s/it]
 18%|█▊        | 432/2360 [39:07<2:52:28,  5.37s/it]
 18%|█▊        | 433/2360 [39:13<2:52:57,  5.39s/it]
 18%|█▊        | 434/2360 [39:18<2:52:04,  5.36s/it]
 18%|█▊        | 435/2360 [39:23<2:53:04,  5.39s/it]
 18%|█▊        | 436/2360 [39:29<2:52:50,  5.39s/it]
 19%|█▊        | 437/2360 [39:34<2:51:55,  5.36s/it]
 19%|█▊        | 438/2360 [39:40<2:52:28,  5.38s/it]
 19%|█▊        | 439/2360 [39:45<2:51:39,  5.36s/it]
 19%|█▊        | 440/2360 [39:50<2:52:41,  5.40s/it]
 19%|█▊        | 441/2360 [39:56<2:51:15,  5.35s/it]
 19%|█▊        | 442/2360 [40:01<2:51:48,  5.37s/it]
 19%|█▉        | 443/2360 [40:06<2:52:12,  5.39s/it]
 19%|█▉        | 444/2360 [40:12<2:51:19,  5.37s/it]
 19%|█▉        | 445/2360 [40:17<2:51:50,  5.38s/it]
 19%|█▉        | 446/2360 [40:22<2:51:02,  5.36s/it]
 19%|█▉        | 447/2360 [40:28<2:52:01,  5.40s/it]
 19%|█▉        | 448/2360 [40:33<2:51:44,  5.39s/it]
 19%|█▉        | 449/2360 [40:39<2:50:51,  5.36s/it]
 19%|█▉        | 450/2360 [40:44<2:51:24,  5.38s/it]
 19%|█▉        | 451/2360 [40:50<2:51:47,  5.40s/it]
 19%|█▉        | 452/2360 [40:55<2:50:50,  5.37s/it]
 19%|█▉        | 453/2360 [41:00<2:51:16,  5.39s/it]
 19%|█▉        | 454/2360 [41:06<2:50:25,  5.37s/it]
 19%|█▉        | 455/2360 [41:11<2:50:55,  5.38s/it]
 19%|█▉        | 456/2360 [41:16<2:51:17,  5.40s/it]
 19%|█▉        | 457/2360 [41:22<2:50:45,  5.38s/it]
 19%|█▉        | 458/2360 [41:27<2:50:36,  5.38s/it]
 19%|█▉        | 459/2360 [41:33<2:50:16,  5.37s/it]
 19%|█▉        | 460/2360 [41:38<2:50:41,  5.39s/it]
 20%|█▉        | 461/2360 [41:(0,)
It  472, sqrt loss 0.01848, Val sim-RMS 0.1159, Time Loss: 97.5%, data: 0.6%, val: 1.9%,  5.5 sec/batch
43<2:49:46,  5.36s/it]
 20%|█▉        | 462/2360 [41:49<2:49:44,  5.37s/it]
 20%|█▉        | 463/2360 [41:54<2:50:47,  5.40s/it]
 20%|█▉        | 464/2360 [41:59<2:49:48,  5.37s/it]
 20%|█▉        | 465/2360 [42:05<2:50:12,  5.39s/it]
 20%|█▉        | 466/2360 [42:10<2:48:52,  5.35s/it]
 20%|█▉        | 467/2360 [42:16<2:49:30,  5.37s/it]
 20%|█▉        | 468/2360 [42:21<2:49:54,  5.39s/it]
 20%|█▉        | 469/2360 [42:26<2:49:01,  5.36s/it]
 20%|█▉        | 470/2360 [42:32<2:49:28,  5.38s/it]
 20%|█▉        | 471/2360 [42:37<2:50:19,  5.41s/it]
 20%|██        | 472/2360 [43:07<6:38:47, 12.67s/it]
 20%|██        | 473/2360 [43:12<5:29:45, 10.48s/it]
 20%|██        | 474/2360 [43:17<4:40:42,  8.93s/it]
 20%|██        | 475/2360 [43:23<4:07:58,  7.89s/it]
 20%|██        | 476/2360 [43:28<3:44:38,  7.15s/it]
 20%|██        | 477/2360 [43:34<3:27:04,  6.60s/it]
 20%|██        | 478/2360 [43:39<3:15:28,  6.23s/it]
 20%|██        | 479/2360 [43:44<3:06:41,  5.95s/it]
 20%|██        | 480/2360 [43:50<3:01:34,  5.79s/it]
 20%|██        | 481/2360 [43:55<2:57:16,  5.66s/it]
 20%|██        | 482/2360 [44:00<2:54:26,  5.57s/it]
 20%|██        | 483/2360 [44:06<2:52:56,  5.53s/it]
 21%|██        | 484/2360 [44:11<2:50:47,  5.46s/it]
 21%|██        | 485/2360 [44:17<2:50:20,  5.45s/it]
 21%|██        | 486/2360 [44:22<2:48:50,  5.41s/it]
 21%|██        | 487/2360 [44:27<2:49:20,  5.42s/it]
 21%|██        | 488/2360 [44:33<2:48:46,  5.41s/it]
 21%|██        | 489/2360 [44:38<2:47:41,  5.38s/it]
 21%|██        | 490/2360 [44:43<2:48:01,  5.39s/it]
 21%|██        | 491/2360 [44:49<2:48:16,  5.40s/it]
 21%|██        | 492/2360 [44:54<2:47:14,  5.37s/it]
 21%|██        | 493/2360 [45:00<2:48:11,  5.41s/it]
 21%|██        | 494/2360 [45:05<2:47:09,  5.37s/it]
 21%|██        | 495/2360 [45:10<2:47:01,  5.37s/it]
 21%|██        | 496/2360 [45:16<2:47:55,  5.41s/it]
 21%|██        | 497/2360 [45:21<2:46:23,  5.36s/it]
 21%|██        | 498/2360 [45:27<2:46:53,  5.38s/it]
 21%|██        | 499/2360 [45:32<2:46:37,  5.37s/it]
 21%|██        | 500/2360 [45:37<2:46:33,  5.37s/it]
 21%|██        | 501/2360 [45:43<2:45:49,  5.35s/it]
 21%|██▏       | 502/2360 [45:48<2:46:53,  5.39s/it]
 21%|██▏       | 503/2360 [45:53<2:47:06,  5.40s/it]
 21%|██▏       | 504/2360 [45:59<2:46:11,  5.37s/it]
 21%|██▏       | 505/2360 [46:04<2:46:07,  5.37s/it]
 21%|██▏       | 506/2360 [46:09<2:45:22,  5.35s/it]
 21%|██▏       | 507/2360 [46:15<2:46:22,  5.39s/it]
 22%|██▏       | 508/2360 [46:20<2:46:09,  5.38s/it]
 22%|██▏       | 509/2360 [46:26<2:45:18,  5.36s/it]
 22%|██▏       | 510/2360 [46:31<2:45:49,  5.38s/it]
 22%|██▏       | 511/2360 [46:36<2:46:11,  5.39s/it]
 22%|██▏       | 512/2360 [46:42<2:45:20,  5.37s/it]
 22%|██▏       | 513/2360 [46:47<2:46:16,  5.40s/it]
 22%|██▏       | 514/2360 [46:53<2:44:53,  5.36s/it]
 22%|██▏       | 515/2360 [46:58<2:45:25,  5.38s/it]
 22%|██▏       | 516/2360 [47:03<2:45:45,  5.39s/it]
 22%|██▏       | 517/2360 [47:09<2:44:51,  5.37s/it]
 22%|██▏       | 518/2360 [47:14<2:45:20,  5.39s/it]
 22%|██▏       | 519/2360 [47:19<2:45:01,  5.38s/it]
 22%|██▏       | 520/2360 [47:25<2:44:53,  5.38s/it]
 22%|██▏       | 521/2360 [47:30<2:44:14,  5.36s/it]
 22%|██▏       | 522/2360 [47:36<2:45:15,  5.39s/it]
 22%|██▏       | 523/2360 [47:41<2:45:00,  5.39s/it]
 22%|██▏       | 524/2360 [47:46<2:44:10,  5.37s/it]
 22%|██▏       | 525/2360 [47:52<2:44:37,  5.38s/it]
 22%|██▏       | 526/2360 [47:57<2:43:48,  5.36s/it]
 22%|██▏       | 527/2360 [48:03<2:44:46,  5.39s/it]
 22%|██▏       | 528/2360 [48:08<2:44:29,  5.39s/it]
 22%|██▏       | 529/2360 [48:13<2:43:39,  5.36s/it]
 22%|██▏       | 530/2360 [48:19<2:44:06,  5.38s/it]
 22%|██▎       | 531/2360 [48:24<2:44:29,  5.40s/it]
 23%|██▎       | 532/2360 [48:29<2:43:35,  5.37s/it]
 23%|██▎       | 533/2360 [48:35<2:44:00,  5.39s/it]
 23%|██▎       | 534/2360 [48:40<2:43:08,  5.36s/it]
 23%|██▎       | 535/2360 [48:45<2:43:35,  5.38s/it]
 23%|██▎       | 536/2360 [48:51<2:43:55,  5.39s/it]
 23%|██▎       | 537/2360 [48:56<2:43:02,  5.37s/it]
 23%|██▎       | 538/2360 [49:02<2:43:33,  5.39s/it]
 23%|██▎       | 539/2360 [49:07<2:42:43,  5.36s/it]
 23%|██▎       | 540/2360 [49:12<2:43:14,  5.38s/it]
 23%|██▎       | 541/2360 [49:18<2:42:31,  5.36s/it]
 23%|██▎       | 542/2360 [49:23<2:43:30,  5.40s/it]
 23%|██▎       | 543/2360 [49:29<2:43:37,  5.40s/it]
 23%|██▎       | 544/2360 [49:34<2:42:12,  5.36s/it]
 23%|██▎       | 545/2360 [49:39<2:43:09,  5.39s/it]
 23%|██▎       | 546/2360 [49:45<2:41:49,  5.35s/it]
 23%|██▎       | 547/2360 [49:50<2:42:21,  5.37s/it]
 23%|██▎       | 548/2360 [49:55<2:42:43,  5.39s/it]
 23%|██▎       | 549/2360 [50:01<2:41:53,  5.36s/it]
 23%|██▎       | 550/2360 [50:06<2:42:22,  5.38s/it]
 23%|██▎       | 551/2360 [50:12<2:43:11,  5.41s/it]
 23%|██▎       | 552/2360 [50:17<2:42:09,  5.38s/it]
 23%|██▎       | 553/2360 [50:22<2:42:01,  5.38s/it]
 23%|██▎       | 554/2360 [50:28<2:41:17,  5.36s/it]
 24%|██▎       | 555/2360 [50:33<2:42:13,  5.39s/it]
 24%|██▎       | 556/2360 [50:38<2:42:03,  5.39s/it]
 24%|██▎       | 557/2360 [50:44<2:41:10,  5.36s/it]
 24%|██▎       | 558/2360 [50:49<2:41:40,  5.38s/it]
 24%|██▎       | 559/2360 [50:55<2:40:50,  5.36s/it]
 24%|██▎       | 560/2360 [51:00<2:41:47,  5.39s/it]
 24%|██▍       | 561/2360 [51:05<2:40:28,  5.35s/it]
 24%|██▍       | 562/2360 [51:11<2:41:01,  5.37s/it]
 24%|██▍       | 563/2360 [51:16<2:41:53,  5.41s/it]
 24%|██▍       | 564/2360 [51:21<2:40:23,  5.36s/it]
 24%|██▍       | 565/2360 [51:27<2:40:50,  5.38s/it]
 24%|██▍       | 566/2360 [51:32<2:40:05,  5.35s/it]
 24%|██▍       | 567/2360 [51:38<2:41:03,  5.39s/it]
 24%|██▍       | 568/2360 [51:43<2:40:53,  5.39s/it]
 24%|██▍       | 569/2360 [51:48<2:40:05,  5.36s/it]
 24%|██▍       | 570/2360 [51:54<2:40:34,  5.38s/it]
 24%|██▍       | 571/2360 [51:59<2:40:57,  5.40s/it]
 24%|██▍       | 572/2360 [52:05<2:40:29,  5.39s/it]
 24%|██▍       | 573/2360 [52:10<2:40:18,  5.38s/it]
 24%|██▍       | 574/2360 [52:15<2:39:32,  5.36s/it]
 24%|██▍       | 575/2360 [52:21<2:40:01,  5.38s/it]
 24%|██▍       | 576/2360 [52:26<2:40:48,  5.41s/it]
 24%|██▍       | 577/2360 [52:31<2:39:45,  5.38s/it]
 24%|██▍       | 578/2360 [52:37<2:39:38,  5.38s/it]
 25%|██▍       | 579/2360 [52:42<2:38:54,  5.35s/it]
 25%|██▍       | 580/2360 [52:48<2:39:54,  5.39s/it]
 25%|██▍       | 581/2360 [52:53<2:38:34,  5.35s/it]
 25%|██▍       | 582/2360 [52:58<2:39:09,  5.37s/it]
 25%|██▍       | 583/2360 [53:04<2:39:35,  5.39s/it]
 25%|██▍       | 584/2360 [53:09<2:39:16,  5.38s/it]
 25%|██▍       | 585/2360 [53:14<2:39:07,  5.38s/it]
 25%|██▍       | 586/2360 [53:20<2:38:25,  5.36s/it]
 25%|██▍       | 587/2360 [53:25<2:38:56,  5.38s/it]
 25%|██▍       | 588/2360 [53:31<2:39:17,  5.39s/it]
 25%|██▍       | 589/2360 [53:36<2:38:23,  5.37s/it]
 25%|██▌       | 590/2360 [53:41<2:38:49,  5.38s/it]
 25%|██▌       | 591/2360 [53:47<2:39:11,  5.40s/it]
 25%|██▌       | 592/2360 [53:52<2:38:16,  5.37s/it]
 25%|██▌       | 593/2360 [53:58<2:39:07,  5.40s/it]
 25%|██▌       | 594/2360 [54:03<2:38:12,  5.37s/it]
 25%|██▌       | 595/2360 [54:08<2:38:09,  5.38s/it]
 25%|██▌       | 596/2360 [54:14<2:38:59,  5.41s/it]
 25%|██▌       | 597/2360 [54:19<2:37:34,  5.36s/it]
 25%|██▌       | 598/2360 [54:24<2:38:29,  5.40s/it]
 25%|██▌       | 599/2360 [54:30<2:37:36,  5.37s/it]
 25%|██▌       | 600/2360 [54:35<2:37:32,  5.37s/it]
 25%|██▌       | 601/2360 [54:40<2:36:53,  5.35s/it]
 26%|██▌       | 602/2360 [54:46<2:37:25,  5.37s/it]
 26%|██▌       | 603/2360 [54:51<2:37:48,  5.39s/it]
 26%|██▌       | 604/2360 [54:57<2:37:00,  5.36s/it]
 26%|██▌       | 605/2360 [55:02<2:37:56,  5.40s/it]
 26%|██▌       | 606/2360 [55:07<2:36:38,  5.36s/it]
 26%|██▌       | 607/2360 [55:13<2:37:06,  5.38s/it]
 26%|██▌       | 608/2360 [55:18<2:37:25,  5.39s/it]
 26%|██▌       | 609/2360 [55:23<2:37:01,  5.38s/it]
 26%|██▌       | 610/2360 [55:29<2:37:22,  5.40s/it]
 26%|██▌       | 611/2360 [55:34<2:37:10,  5.39s/it]
 26%|██▌       | 612/2360 [55:40<2:36:44,  5.38s/it]
 26%|██▌       | 613/2360 [55:45<2:36:39,  5.38s/it]
 26%|██▌       | 614/2360 [55:50<2:35:56,  5.36s/it]
 26%|██▌       | 615/2360 [55:56<2:36:52,  5.39s/it]
 26%|██▌       | 616/2360 [56:01<2:36:41,  5.39s/it]
 26%|██▌       | 617/2360 [56:07<2:35:52,  5.37s/it]
 26%|██▌       | 618/2360 [56:12<2:36:44,  5.40s/it]
 26%|██▌       | 619/2360 [56:17<2:35:48,  5.37s/it]
 26%|██▋       | 620/2360 [56:23<2:36:12,  5.39s/it]
 26%|██▋       | 621/2360 [56:28<2:35:00,  5.35s/it]
 26%|██▋       | 622/2360 [56:33<2:35:36,  5.37s/it]
 26%|██▋       | 623/2360 [56:39<2:36:27,  5.40s/it]
 26%|██▋       | 624/2360 [56:44<2:35:08,  5.36s/it]
 26%|██▋       | 625/2360 [56:50<2:36:03,  5.40s/it]
 27%|██▋       | 626/2360 [56:55<2:34:41,  5.35s/it]
 27%|██▋       | 627/2360 [57:00<2:35:14,  5.37s/it]
 27%|██▋       | 628/2360 [57:06<2:35:35,  5.39s/it]
 27%|██▋       | 629/2360 [57:11<2:35:10,  5.38s/it]
 27%|██▋       | 630/2360 [57:16<2:35:04,  5.38s/it]
 27%|██▋       | 631/2360 [57:22<2:35:27,  5.39s/it]
 27%|██▋       | 632/2360 [57:27<2:34:34,  5.37s/it]
 27%|██▋       | 633/2360 [57:33<2:35:02,  5.39s/it]
 27%|██▋       | 634/2360 [57:38<2:34:17,  5.36s/it]
 27%|██▋       | 635/2360 [57:43<2:35:13,  5.40s/it]
 27%|██▋       | 636/2360 [57:49<2:35:21,  5.41s/it]
 27%|██▋       | 637/2360 [57:54<2:34:22,  5.38s/it]
 27%|██▋       | 638/2360 [58:00<2:34:17,  5.38s/it]
 27%|██▋       | 639/2360 [58:05<2:33:37,  5.36s/it]
 27%|██▋       | 640/2360 [58:10<2:34:09,  5.38s/it]
 27%|██▋       | 641/2360 [58:16<2:33:52,  5.37s/it]
 27%|██▋       | 642/2360 [58:21<2:33:47,  5.37s/it]
 27%|██▋       | 643/2360 [58:26<2:34:11,  5.39s/it]
 27%|██▋       | 644/2360 [58:32<2:33:23,  5.36s/it]
 27%|██▋       | 645/2360 [58:37<2:33:51,  5.38s/it]
 27%|██▋       | 646/2360 [58:42<2:33:03,  5.36s/it]
 27%|██▋       | 647/2360 [58:48<2:33:33,  5.38s/it]
 27%|██▋       | 648/2360 [58:53<2:33:50,  5.39s/it]
 28%|██▊       | 649/2360 [58:59<2:33:02,  5.37s/it]
 28%|██▊       | 650/2360 [59:04<2:33:25,  5.38s/it]
 28%|██▊       | 651/2360 [59:09<2:33:42,  5.40s/it]
 28%|██▊       | 652/2360 [59:15<2:32:48,  5.37s/it]
 28%|██▊       | 653/2360 [59:20<2:33:38,  5.40s/it]
 28%|██▊       | 654/2360 [59:26<2:32:43,  5.37s/it]
 28%|██▊       | 655/2360 [59:31<2:32:40,  5.37s/it]
 28%|██▊       | 656/2360 [59:36<2:33:04,  5.39s/it]
 28%|██▊       | 657/2360 [59:42<2:32:40,  5.38s/it]
 28%|██▊       | 658/2360 [59:47<2:32:57,  5.39s/it]
 28%|██▊       | 659/2360 [59:52<2:31:43,  5.35s/it]
 28%|██▊       | 660/2360 [59:58<2:32:42,  5.39s/it]
 28%|██▊       | 661/2360 [1:00:03<2:31:55,  5.36s/it]
 28%|██▊       | 662/2360 [1:00:09<2:31:50,  5.37s/it]
 28%|██▊       | 663/2360 [1:00:14<2:32:18,  5.39s/it]
 28%|██▊       | 664/2360 [1:00:19<2:31:56,  5.38s/it]
 28%|██▊       | 665/2360 [1:00:25<2:32:15,  5.39s/it]
 28%|██▊       | 666/2360 [1:00:30<2:31:00,  5.35s/it]
 28%|██▊       | 667/2360 [1:00:35<2:31:33,  5.37s/it]
 28%|██▊       | 668/2360 [1:00:41<2:31:56,  5.39s/it]
 28%|██▊       | 669/2360 [1:00:46<2:31:09,  5.36s/it]
 28%|██▊       | 670/2360 [1:00:52<2:31:34,  5.38s/it]
 28%|██▊       | 671/2360 [1:00:57<2:32:18,  5.41s/it]
 28%|██▊       | 672/2360 [1:01:02<2:31:21,  5.38s/it]
 29%|██▊       | 673/2360 [1:01:08<2:31:41,  5.39s/it]
 29%|██▊       | 674/2360 [1:01:13<2:30:50,  5.37s/it]
 29%|██▊       | 675/2360 [1:01:18<2:30:46,  5.37s/it]
 29%|██▊       | 676/2360 [1:01:24<2:31:11,  5.39s/it]
 29%|██▊       | 677/2360 [1:01:29<2:30:25,  5.36s/it]
 29%|██▊       | 678/2360 [1:01:35<2:31:18,  5.40s/it]
 29%|██▉       | 679/2360 [1:01:40<2:30:01,  5.35s/it]
 29%|██▉       | 680/2360 [1:01:45<2:30:32,  5.38s/it]
 29%|██▉       | 681/2360 [1:01:51<2:29:49,  5.35s/it]
 29%|██▉       | 682/2360 [1:01:56<2:30:21,  5.38s/it]
 29%|██▉       | 683/2360 [1:02:02<2:30:43,  5.39s/it]
 29%|██▉       | 684/2360 [1:02:07<2:29:51,  5.36s/it]
 29%|██▉       | 685/2360 [1:02:12<2:30:42,  5.40s/it]
 29%|██▉       | 686/2360 [1:02:18<2:29:49,  5.37s/it]
 29%|██▉       | 687/2360 [1:02:23<2:29:46,  5.37s/it]
 29%|██▉       | 688/2360 [1:02:28<2:30:33,  5.40s/it]
 29%|██▉       | 689/2360 [1:02:34<2:29:40,  5.37s/it]
 29%|██▉       | 690/2360 [1:02:39<2:30:00,  5.39s/it]
 29%|██▉       | 691/2360 [1:02:45<2:29:48,  5.39s/it]
 29%|██▉       | 692/2360 [1:02:50<2:29:02,  5.36s/it]
 29%|██▉       | 693/2360 [1:02:55<2:29:32,  5.38s/it]
 29%|██▉       | 694/2360 [1:03:01<2:28:49,  5.36s/it]
 29%|██▉       | 695/2360 [1:03:06<2:29:17,  5.38s/it]
 29%|██▉       | 696/2360 [1:03:11<2:29:37,  5.40s/it]
 30%|██▉       | 697/2360 [1:03:17<2:29:11,  5.38s/it]
 30%|██▉       | 698/2360 [1:03:22<2:29:00,  5.38s/it]
 30%|██▉       | 699/2360 [1:03:27<2:28:17,  5.36s/it]
 30%|██▉       | 700/2360 [1:03:33<2:28:47,  5.38s/it]
 30%|██▉       | 701/2360 [1:03:38<2:28:02,  5.35s/it]
 30%|██▉       | 702/2360 [1:03:44<2:28:31,  5.37s/it]
 30%|██▉       | 703/2360 [1:03:49<2:28:52,  5.39s/it]
 30%|██▉       | 704/23(0,)
It  708, sqrt loss  0.0146, Val sim-RMS 0.01923, Time Loss: 97.5%, data: 0.6%, val: 1.9%,  5.5 sec/batch
60 [1:03:54<2:28:01,  5.36s/it]
 30%|██▉       | 705/2360 [1:04:00<2:28:53,  5.40s/it]
 30%|██▉       | 706/2360 [1:04:05<2:28:03,  5.37s/it]
 30%|██▉       | 707/2360 [1:04:11<2:27:59,  5.37s/it]
 30%|███       | 708/2360 [1:04:40<5:48:16, 12.65s/it]
 30%|███       | 709/2360 [1:04:45<4:47:30, 10.45s/it]
 30%|███       | 710/2360 [1:04:51<4:05:27,  8.93s/it]
 30%|███       | 711/2360 [1:04:56<3:36:56,  7.89s/it]
 30%|███       | 712/2360 [1:05:02<3:15:31,  7.12s/it]
 30%|███       | 713/2360 [1:05:07<3:01:03,  6.60s/it]
 30%|███       | 714/2360 [1:05:12<2:50:19,  6.21s/it]
 30%|███       | 715/2360 [1:05:18<2:43:47,  5.97s/it]
 30%|███       | 716/2360 [1:05:23<2:39:37,  5.83s/it]
 30%|███       | 717/2360 [1:05:28<2:34:54,  5.66s/it]
 30%|███       | 718/2360 [1:05:34<2:32:58,  5.59s/it]
 30%|███       | 719/2360 [1:05:39<2:30:32,  5.50s/it]
 31%|███       | 720/2360 [1:05:45<2:30:11,  5.49s/it]
 31%|███       | 721/2360 [1:05:50<2:28:10,  5.42s/it]
 31%|███       | 722/2360 [1:05:55<2:28:04,  5.42s/it]
 31%|███       | 723/2360 [1:06:01<2:28:00,  5.42s/it]
 31%|███       | 724/2360 [1:06:06<2:26:58,  5.39s/it]
 31%|███       | 725/2360 [1:06:12<2:27:34,  5.42s/it]
 31%|███       | 726/2360 [1:06:17<2:26:09,  5.37s/it]
 31%|███       | 727/2360 [1:06:22<2:26:32,  5.38s/it]
 31%|███       | 728/2360 [1:06:28<2:26:49,  5.40s/it]
 31%|███       | 729/2360 [1:06:33<2:25:57,  5.37s/it]
 31%|███       | 730/2360 [1:06:38<2:26:21,  5.39s/it]
 31%|███       | 731/2360 [1:06:44<2:26:38,  5.40s/it]
 31%|███       | 732/2360 [1:06:49<2:26:11,  5.39s/it]
 31%|███       | 733/2360 [1:06:55<2:25:59,  5.38s/it]
 31%|███       | 734/2360 [1:07:00<2:25:16,  5.36s/it]
 31%|███       | 735/2360 [1:07:05<2:25:38,  5.38s/it]
 31%|███       | 736/2360 [1:07:11<2:25:55,  5.39s/it]
 31%|███       | 737/2360 [1:07:16<2:25:06,  5.36s/it]
 31%|███▏      | 738/2360 [1:07:21<2:25:33,  5.38s/it]
 31%|███▏      | 739/2360 [1:07:27<2:24:50,  5.36s/it]
 31%|███▏      | 740/2360 [1:07:32<2:25:15,  5.38s/it]
 31%|███▏      | 741/2360 [1:07:38<2:24:32,  5.36s/it]
 31%|███▏      | 742/2360 [1:07:43<2:25:22,  5.39s/it]
 31%|███▏      | 743/2360 [1:07:48<2:25:08,  5.39s/it]
 32%|███▏      | 744/2360 [1:07:54<2:24:26,  5.36s/it]
 32%|███▏      | 745/2360 [1:07:59<2:24:54,  5.38s/it]
 32%|███▏      | 746/2360 [1:08:04<2:24:35,  5.38s/it]
 32%|███▏      | 747/2360 [1:08:10<2:24:30,  5.38s/it]
 32%|███▏      | 748/2360 [1:08:15<2:24:47,  5.39s/it]
 32%|███▏      | 749/2360 [1:08:21<2:23:59,  5.36s/it]
 32%|███▏      | 750/2360 [1:08:26<2:24:23,  5.38s/it]
 32%|███▏      | 751/2360 [1:08:31<2:24:45,  5.40s/it]
 32%|███▏      | 752/2360 [1:08:37<2:23:52,  5.37s/it]
 32%|███▏      | 753/2360 [1:08:42<2:24:14,  5.39s/it]
 32%|███▏      | 754/2360 [1:08:47<2:23:54,  5.38s/it]
 32%|███▏      | 755/2360 [1:08:53<2:23:46,  5.37s/it]
 32%|███▏      | 756/2360 [1:08:58<2:24:07,  5.39s/it]
 32%|███▏      | 757/2360 [1:09:04<2:23:23,  5.37s/it]
 32%|███▏      | 758/2360 [1:09:09<2:23:50,  5.39s/it]
 32%|███▏      | 759/2360 [1:09:14<2:23:05,  5.36s/it]
 32%|███▏      | 760/2360 [1:09:20<2:23:30,  5.38s/it]
 32%|███▏      | 761/2360 [1:09:25<2:22:47,  5.36s/it]
 32%|███▏      | 762/2360 [1:09:30<2:23:15,  5.38s/it]
 32%|███▏      | 763/2360 [1:09:36<2:23:36,  5.40s/it]
 32%|███▏      | 764/2360 [1:09:41<2:23:09,  5.38s/it]
 32%|███▏      | 765/2360 [1:09:47<2:23:01,  5.38s/it]
 32%|███▏      | 766/2360 [1:09:52<2:22:18,  5.36s/it]
 32%|███▎      | 767/2360 [1:09:57<2:23:05,  5.39s/it]
 33%|███▎      | 768/2360 [1:10:03<2:22:51,  5.38s/it]
 33%|███▎      | 769/2360 [1:10:08<2:22:07,  5.36s/it]
 33%|███▎      | 770/2360 [1:10:14<2:23:05,  5.40s/it]
 33%|███▎      | 771/2360 [1:10:19<2:22:50,  5.39s/it]
 33%|███▎      | 772/2360 [1:10:24<2:22:03,  5.37s/it]
 33%|███▎      | 773/2360 [1:10:30<2:22:25,  5.38s/it]
 33%|███▎      | 774/2360 [1:10:35<2:21:43,  5.36s/it]
 33%|███▎      | 775/2360 [1:10:40<2:22:31,  5.40s/it]
 33%|███▎      | 776/2360 [1:10:46<2:22:18,  5.39s/it]
 33%|███▎      | 777/2360 [1:10:51<2:21:53,  5.38s/it]
 33%|███▎      | 778/2360 [1:10:57<2:21:46,  5.38s/it]
 33%|███▎      | 779/2360 [1:11:02<2:21:09,  5.36s/it]
 33%|███▎      | 780/2360 [1:11:07<2:21:35,  5.38s/it]
 33%|███▎      | 781/2360 [1:11:13<2:20:58,  5.36s/it]
 33%|███▎      | 782/2360 [1:11:18<2:21:26,  5.38s/it]
 33%|███▎      | 783/2360 [1:11:24<2:22:08,  5.41s/it]
 33%|███▎      | 784/2360 [1:11:29<2:20:52,  5.36s/it]
 33%|███▎      | 785/2360 [1:11:34<2:21:16,  5.38s/it]
 33%|███▎      | 786/2360 [1:11:40<2:20:58,  5.37s/it]
 33%|███▎      | 787/2360 [1:11:45<2:20:51,  5.37s/it]
 33%|███▎      | 788/2360 [1:11:50<2:21:10,  5.39s/it]
 33%|███▎      | 789/2360 [1:11:56<2:20:28,  5.36s/it]
 33%|███▎      | 790/2360 [1:12:01<2:20:52,  5.38s/it]
 34%|███▎      | 791/2360 [1:12:07<2:21:33,  5.41s/it]
 34%|███▎      | 792/2360 [1:12:12<2:20:11,  5.36s/it]
 34%|███▎      | 793/2360 [1:12:17<2:20:36,  5.38s/it]
 34%|███▎      | 794/2360 [1:12:23<2:19:56,  5.36s/it]
 34%|███▎      | 795/2360 [1:12:28<2:20:21,  5.38s/it]
 34%|███▎      | 796/2360 [1:12:33<2:20:42,  5.40s/it]
 34%|███▍      | 797/2360 [1:12:39<2:19:52,  5.37s/it]
 34%|███▍      | 798/2360 [1:12:44<2:20:35,  5.40s/it]
 34%|███▍      | 799/2360 [1:12:49<2:19:22,  5.36s/it]
 34%|███▍      | 800/2360 [1:12:55<2:19:51,  5.38s/it]
 34%|███▍      | 801/2360 [1:13:00<2:19:14,  5.36s/it]
 34%|███▍      | 802/2360 [1:13:06<2:20:02,  5.39s/it]
 34%|███▍      | 803/2360 [1:13:11<2:19:51,  5.39s/it]
 34%|███▍      | 804/2360 [1:13:16<2:19:28,  5.38s/it]
 34%|███▍      | 805/2360 [1:13:22<2:19:47,  5.39s/it]
 34%|███▍      | 806/2360 [1:13:27<2:18:37,  5.35s/it]
 34%|███▍      | 807/2360 [1:13:33<2:19:25,  5.39s/it]
 34%|███▍      | 808/2360 [1:13:38<2:19:17,  5.39s/it]
 34%|███▍      | 809/2360 [1:13:43<2:19:01,  5.38s/it]
 34%|███▍      | 810/2360 [1:13:49<2:18:56,  5.38s/it]
 34%|███▍      | 811/2360 [1:13:54<2:19:38,  5.41s/it]
 34%|███▍      | 812/2360 [1:13:59<2:18:43,  5.38s/it]
 34%|███▍      | 813/2360 [1:14:05<2:19:00,  5.39s/it]
 34%|███▍      | 814/2360 [1:14:10<2:17:50,  5.35s/it]
 35%|███▍      | 815/2360 [1:14:16<2:18:20,  5.37s/it]
 35%|███▍      | 816/2360 [1:14:21<2:18:43,  5.39s/it]
 35%|███▍      | 817/2360 [1:14:26<2:17:56,  5.36s/it]
 35%|███▍      | 818/2360 [1:14:32<2:18:20,  5.38s/it]
 35%|███▍      | 819/2360 [1:14:37<2:17:37,  5.36s/it]
 35%|███▍      | 820/2360 [1:14:42<2:17:59,  5.38s/it]
 35%|███▍      | 821/2360 [1:14:48<2:17:20,  5.35s/it]
 35%|███▍      | 822/2360 [1:14:53<2:17:44,  5.37s/it]
 35%|███▍      | 823/2360 [1:14:59<2:18:04,  5.39s/it]
 35%|███▍      | 824/2360 [1:15:04<2:17:20,  5.36s/it]
 35%|███▍      | 825/2360 [1:15:09<2:18:08,  5.40s/it]
 35%|███▌      | 826/2360 [1:15:15<2:16:56,  5.36s/it]
 35%|███▌      | 827/2360 [1:15:20<2:17:22,  5.38s/it]
 35%|███▌      | 828/2360 [1:15:26<2:17:38,  5.39s/it]
 35%|███▌      | 829/2360 [1:15:31<2:16:53,  5.36s/it]
 35%|███▌      | 830/2360 [1:15:36<2:17:13,  5.38s/it]
 35%|███▌      | 831/2360 [1:15:42<2:17:29,  5.40s/it]
 35%|███▌      | 832/2360 [1:15:47<2:16:42,  5.37s/it]
 35%|███▌      | 833/2360 [1:15:52<2:17:04,  5.39s/it]
 35%|███▌      | 834/2360 [1:15:58<2:16:21,  5.36s/it]
 35%|███▌      | 835/2360 [1:16:03<2:16:47,  5.38s/it]
 35%|███▌      | 836/2360 [1:16:09<2:17:03,  5.40s/it]
 35%|███▌      | 837/2360 [1:16:14<2:16:18,  5.37s/it]
 36%|███▌      | 838/2360 [1:16:19<2:16:38,  5.39s/it]
 36%|███▌      | 839/2360 [1:16:25<2:15:54,  5.36s/it]
 36%|███▌      | 840/2360 [1:16:30<2:16:41,  5.40s/it]
 36%|███▌      | 841/2360 [1:16:35<2:15:55,  5.37s/it]
 36%|███▌      | 842/2360 [1:16:41<2:15:53,  5.37s/it]
 36%|███▌      | 843/2360 [1:16:46<2:16:14,  5.39s/it]
 36%|███▌      | 844/2360 [1:16:51<2:15:31,  5.36s/it]
 36%|███▌      | 845/2360 [1:16:57<2:15:55,  5.38s/it]
 36%|███▌      | 846/2360 [1:17:02<2:15:39,  5.38s/it]
 36%|███▌      | 847/2360 [1:17:08<2:15:54,  5.39s/it]
 36%|███▌      | 848/2360 [1:17:13<2:16:06,  5.40s/it]
 36%|███▌      | 849/2360 [1:17:18<2:15:15,  5.37s/it]
 36%|███▌      | 850/2360 [1:17:24<2:15:12,  5.37s/it]
 36%|███▌      | 851/2360 [1:17:29<2:15:31,  5.39s/it]
 36%|███▌      | 852/2360 [1:17:35<2:14:46,  5.36s/it]
 36%|███▌      | 853/2360 [1:17:40<2:15:10,  5.38s/it]
 36%|███▌      | 854/2360 [1:17:45<2:14:52,  5.37s/it]
 36%|███▌      | 855/2360 [1:17:51<2:14:50,  5.38s/it]
 36%|███▋      | 856/2360 [1:17:56<2:15:31,  5.41s/it]
 36%|███▋      | 857/2360 [1:18:01<2:14:19,  5.36s/it]
 36%|███▋      | 858/2360 [1:18:07<2:15:06,  5.40s/it]
 36%|███▋      | 859/2360 [1:18:12<2:13:58,  5.36s/it]
 36%|███▋      | 860/2360 [1:18:18<2:14:46,  5.39s/it]
 36%|███▋      | 861/2360 [1:18:23<2:13:42,  5.35s/it]
 37%|███▋      | 862/2360 [1:18:28<2:14:09,  5.37s/it]
 37%|███▋      | 863/2360 [1:18:34<2:14:51,  5.41s/it]
 37%|███▋      | 864/2360 [1:18:39<2:13:40,  5.36s/it]
 37%|███▋      | 865/2360 [1:18:44<2:14:04,  5.38s/it]
 37%|███▋      | 866/2360 [1:18:50<2:13:25,  5.36s/it]
 37%|███▋      | 867/2360 [1:18:55<2:13:48,  5.38s/it]
 37%|███▋      | 868/2360 [1:19:01<2:14:04,  5.39s/it]
 37%|███▋      | 869/2360 [1:19:06<2:13:44,  5.38s/it]
 37%|███▋      | 870/2360 [1:19:11<2:13:36,  5.38s/it]
 37%|███▋      | 871/2360 [1:19:17<2:13:52,  5.39s/it]
 37%|███▋      | 872/2360 [1:19:22<2:13:06,  5.37s/it]
 37%|███▋      | 873/2360 [1:19:28<2:13:30,  5.39s/it]
 37%|███▋      | 874/2360 [1:19:33<2:12:48,  5.36s/it]
 37%|███▋      | 875/2360 [1:19:38<2:13:35,  5.40s/it]
 37%|███▋      | 876/2360 [1:19:44<2:13:23,  5.39s/it]
 37%|███▋      | 877/2360 [1:19:49<2:12:37,  5.37s/it]
 37%|███▋      | 878/2360 [1:19:54<2:13:21,  5.40s/it]
 37%|███▋      | 879/2360 [1:20:00<2:12:12,  5.36s/it]
 37%|███▋      | 880/2360 [1:20:05<2:12:41,  5.38s/it]
 37%|███▋      | 881/2360 [1:20:10<2:12:02,  5.36s/it]
 37%|███▋      | 882/2360 [1:20:16<2:12:46,  5.39s/it]
 37%|███▋      | 883/2360 [1:20:21<2:12:39,  5.39s/it]
 37%|███▋      | 884/2360 [1:20:27<2:11:57,  5.36s/it]
 38%|███▊      | 885/2360 [1:20:32<2:12:41,  5.40s/it]
 38%|███▊      | 886/2360 [1:20:37<2:11:56,  5.37s/it]
 38%|███▊      | 887/2360 [1:20:43<2:11:52,  5.37s/it]
 38%|███▊      | 888/2360 [1:20:48<2:12:33,  5.40s/it]
 38%|███▊      | 889/2360 [1:20:54<2:11:20,  5.36s/it]
 38%|███▊      | 890/2360 [1:20:59<2:11:43,  5.38s/it]
 38%|███▊      | 891/2360 [1:21:04<2:12:02,  5.39s/it]
 38%|███▊      | 892/2360 [1:21:10<2:11:39,  5.38s/it]
 38%|███▊      | 893/2360 [1:21:15<2:11:35,  5.38s/it]
 38%|███▊      | 894/2360 [1:21:20<2:10:54,  5.36s/it]
 38%|███▊      | 895/2360 [1:21:26<2:11:21,  5.38s/it]
 38%|███▊      | 896/2360 [1:21:31<2:12:03,  5.41s/it]
 38%|███▊      | 897/2360 [1:21:37<2:11:11,  5.38s/it]
 38%|███▊      | 898/2360 [1:21:42<2:11:04,  5.38s/it]
 38%|███▊      | 899/2360 [1:21:47<2:10:25,  5.36s/it]
 38%|███▊      | 900/2360 [1:21:53<2:10:50,  5.38s/it]
 38%|███▊      | 901/2360 [1:21:58<2:10:14,  5.36s/it]
 38%|███▊      | 902/2360 [1:22:03<2:10:40,  5.38s/it]
 38%|███▊      | 903/2360 [1:22:09<2:10:58,  5.39s/it]
 38%|███▊      | 904/2360 [1:22:14<2:10:12,  5.37s/it]
 38%|███▊      | 905/2360 [1:22:20<2:10:32,  5.38s/it]
 38%|███▊      | 906/2360 [1:22:25<2:09:53,  5.36s/it]
 38%|███▊      | 907/2360 [1:22:30<2:10:36,  5.39s/it]
 38%|███▊      | 908/2360 [1:22:36<2:10:21,  5.39s/it]
 39%|███▊      | 909/2360 [1:22:41<2:09:40,  5.36s/it]
 39%|███▊      | 910/2360 [1:22:47<2:10:21,  5.39s/it]
 39%|███▊      | 911/2360 [1:22:52<2:10:07,  5.39s/it]
 39%|███▊      | 912/2360 [1:22:57<2:09:28,  5.36s/it]
 39%|███▊      | 913/2360 [1:23:03<2:09:53,  5.39s/it]
 39%|███▊      | 914/2360 [1:23:08<2:09:13,  5.36s/it]
 39%|███▉      | 915/2360 [1:23:13<2:09:33,  5.38s/it]
 39%|███▉      | 916/2360 [1:23:19<2:10:09,  5.41s/it]
 39%|███▉      | 917/2360 [1:23:24<2:08:56,  5.36s/it]
 39%|███▉      | 918/2360 [1:23:30<2:09:21,  5.38s/it]
 39%|███▉      | 919/2360 [1:23:35<2:08:40,  5.36s/it]
 39%|███▉      | 920/2360 [1:23:40<2:09:06,  5.38s/it]
 39%|███▉      | 921/2360 [1:23:46<2:08:53,  5.37s/it]
 39%|███▉      | 922/2360 [1:23:51<2:08:48,  5.37s/it]
 39%|███▉      | 923/2360 [1:23:56<2:09:05,  5.39s/it]
 39%|███▉      | 924/2360 [1:24:02<2:08:25,  5.37s/it]
 39%|███▉      | 925/2360 [1:24:07<2:08:46,  5.38s/it]
 39%|███▉      | 926/2360 [1:24:13<2:08:28,  5.38s/it]
 39%|███▉      | 927/2360 [1:24:18<2:08:40,  5.39s/it]
 39%|███▉      | 928/2360 [1:24:23<2:08:28,  5.38s/it]
 39%|███▉      | 929/2360 [1:24:29<2:07:48,  5.36s/it]
 39%|███▉      | 930/2360 [1:24:34<2:08:10,  5.38s/it]
 39%|███▉      | 931/2360 [1:24:39<2:08:27,  5.39s/it]
 39%|███▉      | 932/2360 [1:24:45<2:07:46,  5.37s/it]
 40%|�(0,)
It  944, sqrt loss 0.01423, Val sim-RMS 0.08851, Time Loss: 97.5%, data: 0.7%, val: 1.9%,  5.5 sec/batch
��██▉      | 933/2360 [1:24:50<2:08:06,  5.39s/it]
 40%|███▉      | 934/2360 [1:24:56<2:07:43,  5.37s/it]
 40%|███▉      | 935/2360 [1:25:01<2:08:02,  5.39s/it]
 40%|███▉      | 936/2360 [1:25:06<2:08:16,  5.40s/it]
 40%|███▉      | 937/2360 [1:25:12<2:07:09,  5.36s/it]
 40%|███▉      | 938/2360 [1:25:17<2:07:32,  5.38s/it]
 40%|███▉      | 939/2360 [1:25:22<2:07:15,  5.37s/it]
 40%|███▉      | 940/2360 [1:25:28<2:07:15,  5.38s/it]
 40%|███▉      | 941/2360 [1:25:33<2:07:01,  5.37s/it]
 40%|███▉      | 942/2360 [1:25:39<2:07:19,  5.39s/it]
 40%|███▉      | 943/2360 [1:25:44<2:07:31,  5.40s/it]
 40%|████      | 944/2360 [1:26:14<4:57:39, 12.61s/it]
 40%|████      | 945/2360 [1:26:19<4:06:34, 10.46s/it]
 40%|████      | 946/2360 [1:26:24<3:30:30,  8.93s/it]
 40%|████      | 947/2360 [1:26:30<3:05:03,  7.86s/it]
 40%|████      | 948/2360 [1:26:35<2:47:23,  7.11s/it]
 40%|████      | 949/2360 [1:26:40<2:34:31,  6.57s/it]
 40%|████      | 950/2360 [1:26:46<2:26:19,  6.23s/it]
 40%|████      | 951/2360 [1:26:51<2:19:43,  5.95s/it]
 40%|████      | 952/2360 [1:26:57<2:15:58,  5.79s/it]
 40%|████      | 953/2360 [1:27:02<2:13:39,  5.70s/it]
 40%|████      | 954/2360 [1:27:07<2:10:44,  5.58s/it]
 40%|████      | 955/2360 [1:27:13<2:09:14,  5.52s/it]
 41%|████      | 956/2360 [1:27:18<2:07:36,  5.45s/it]
 41%|████      | 957/2360 [1:27:23<2:07:38,  5.46s/it]
 41%|████      | 958/2360 [1:27:29<2:06:59,  5.44s/it]
 41%|████      | 959/2360 [1:27:34<2:06:00,  5.40s/it]
 41%|████      | 960/2360 [1:27:40<2:06:05,  5.40s/it]
 41%|████      | 961/2360 [1:27:45<2:05:16,  5.37s/it]
 41%|████      | 962/2360 [1:27:50<2:05:51,  5.40s/it]
 41%|████      | 963/2360 [1:27:56<2:05:36,  5.39s/it]
 41%|████      | 964/2360 [1:28:01<2:05:14,  5.38s/it]
 41%|████      | 965/2360 [1:28:06<2:05:26,  5.40s/it]
 41%|████      | 966/2360 [1:28:12<2:04:20,  5.35s/it]
 41%|████      | 967/2360 [1:28:17<2:04:46,  5.37s/it]
 41%|████      | 968/2360 [1:28:22<2:04:13,  5.35s/it]
 41%|████      | 969/2360 [1:28:28<2:04:36,  5.37s/it]
 41%|████      | 970/2360 [1:28:33<2:04:54,  5.39s/it]
 41%|████      | 971/2360 [1:28:39<2:04:14,  5.37s/it]
 41%|████      | 972/2360 [1:28:44<2:04:33,  5.38s/it]
 41%|████      | 973/2360 [1:28:49<2:04:48,  5.40s/it]
 41%|████▏     | 974/2360 [1:28:55<2:04:22,  5.38s/it]
 41%|████▏     | 975/2360 [1:29:00<2:04:15,  5.38s/it]
 41%|████▏     | 976/2360 [1:29:06<2:04:01,  5.38s/it]
 41%|████▏     | 977/2360 [1:29:11<2:04:15,  5.39s/it]
 41%|████▏     | 978/2360 [1:29:16<2:03:14,  5.35s/it]
 41%|████▏     | 979/2360 [1:29:22<2:03:40,  5.37s/it]
 42%|████▏     | 980/2360 [1:29:27<2:03:59,  5.39s/it]
 42%|████▏     | 981/2360 [1:29:32<2:03:18,  5.37s/it]
 42%|████▏     | 982/2360 [1:29:38<2:03:38,  5.38s/it]
 42%|████▏     | 983/2360 [1:29:43<2:03:00,  5.36s/it]
 42%|████▏     | 984/2360 [1:29:49<2:03:24,  5.38s/it]
 42%|████▏     | 985/2360 [1:29:54<2:04:03,  5.41s/it]
 42%|████▏     | 986/2360 [1:29:59<2:03:11,  5.38s/it]
 42%|████▏     | 987/2360 [1:30:05<2:03:24,  5.39s/it]
 42%|████▏     | 988/2360 [1:30:10<2:02:41,  5.37s/it]
 42%|████▏     | 989/2360 [1:30:16<2:03:00,  5.38s/it]
 42%|████▏     | 990/2360 [1:30:21<2:02:54,  5.38s/it]
 42%|████▏     | 991/2360 [1:30:26<2:02:18,  5.36s/it]
 42%|████▏     | 992/2360 [1:30:32<2:03:01,  5.40s/it]
 42%|████▏     | 993/2360 [1:30:37<2:01:56,  5.35s/it]
 42%|████▏     | 994/2360 [1:30:42<2:02:21,  5.37s/it]
 42%|████▏     | 995/2360 [1:30:48<2:03:01,  5.41s/it]
 42%|████▏     | 996/2360 [1:30:53<2:02:16,  5.38s/it]
 42%|████▏     | 997/2360 [1:30:59<2:02:12,  5.38s/it]
 42%|████▏     | 998/2360 [1:31:04<2:01:55,  5.37s/it]
 42%|████▏     | 999/2360 [1:31:09<2:01:51,  5.37s/it]
 42%|████▏     | 1000/2360 [1:31:15<2:01:18,  5.35s/it]
 42%|████▏     | 1001/2360 [1:31:20<2:01:42,  5.37s/it]
 42%|████▏     | 1002/2360 [1:31:25<2:02:02,  5.39s/it]
 42%|████▎     | 1003/2360 [1:31:31<2:01:40,  5.38s/it]
 43%|████▎     | 1004/2360 [1:31:36<2:01:55,  5.40s/it]
 43%|████▎     | 1005/2360 [1:31:41<2:00:53,  5.35s/it]
 43%|████▎     | 1006/2360 [1:31:47<2:01:18,  5.38s/it]
 43%|████▎     | 1007/2360 [1:31:52<2:00:46,  5.36s/it]
 43%|████▎     | 1008/2360 [1:31:58<2:01:08,  5.38s/it]
 43%|████▎     | 1009/2360 [1:32:03<2:01:29,  5.40s/it]
 43%|████▎     | 1010/2360 [1:32:08<2:00:47,  5.37s/it]
 43%|████▎     | 1011/2360 [1:32:14<2:01:03,  5.38s/it]
 43%|████▎     | 1012/2360 [1:32:19<2:00:24,  5.36s/it]
 43%|████▎     | 1013/2360 [1:32:25<2:01:03,  5.39s/it]
 43%|████▎     | 1014/2360 [1:32:30<2:00:51,  5.39s/it]
 43%|████▎     | 1015/2360 [1:32:35<2:00:33,  5.38s/it]
 43%|████▎     | 1016/2360 [1:32:41<2:00:28,  5.38s/it]
 43%|████▎     | 1017/2360 [1:32:46<1:59:53,  5.36s/it]
 43%|████▎     | 1018/2360 [1:32:51<2:00:15,  5.38s/it]
 43%|████▎     | 1019/2360 [1:32:57<2:00:29,  5.39s/it]
 43%|████▎     | 1020/2360 [1:33:02<1:59:49,  5.37s/it]
 43%|████▎     | 1021/2360 [1:33:08<2:00:07,  5.38s/it]
 43%|████▎     | 1022/2360 [1:33:13<2:00:20,  5.40s/it]
 43%|████▎     | 1023/2360 [1:33:18<1:59:57,  5.38s/it]
 43%|████▎     | 1024/2360 [1:33:24<1:59:47,  5.38s/it]
 43%|████▎     | 1025/2360 [1:33:29<1:59:29,  5.37s/it]
 43%|████▎     | 1026/2360 [1:33:34<1:59:45,  5.39s/it]
 44%|████▎     | 1027/2360 [1:33:40<1:59:58,  5.40s/it]
 44%|████▎     | 1028/2360 [1:33:45<1:59:14,  5.37s/it]
 44%|████▎     | 1029/2360 [1:33:51<1:59:30,  5.39s/it]
 44%|████▎     | 1030/2360 [1:33:56<1:58:52,  5.36s/it]
 44%|████▎     | 1031/2360 [1:34:01<1:58:52,  5.37s/it]
 44%|████▎     | 1032/2360 [1:34:07<1:58:42,  5.36s/it]
 44%|████▍     | 1033/2360 [1:34:12<1:59:01,  5.38s/it]
 44%|████▍     | 1034/2360 [1:34:18<1:59:13,  5.39s/it]
 44%|████▍     | 1035/2360 [1:34:23<1:58:10,  5.35s/it]
 44%|████▍     | 1036/2360 [1:34:28<1:58:36,  5.38s/it]
 44%|████▍     | 1037/2360 [1:34:34<1:58:04,  5.36s/it]
 44%|████▍     | 1038/2360 [1:34:39<1:58:26,  5.38s/it]
 44%|████▍     | 1039/2360 [1:34:44<1:58:39,  5.39s/it]
 44%|████▍     | 1040/2360 [1:34:50<1:58:00,  5.36s/it]
 44%|████▍     | 1041/2360 [1:34:55<1:58:16,  5.38s/it]
 44%|████▍     | 1042/2360 [1:35:01<1:58:28,  5.39s/it]
 44%|████▍     | 1043/2360 [1:35:06<1:57:49,  5.37s/it]
 44%|████▍     | 1044/2360 [1:35:11<1:58:06,  5.39s/it]
 44%|████▍     | 1045/2360 [1:35:17<1:57:30,  5.36s/it]
 44%|████▍     | 1046/2360 [1:35:22<1:57:49,  5.38s/it]
 44%|████▍     | 1047/2360 [1:35:27<1:58:23,  5.41s/it]
 44%|████▍     | 1048/2360 [1:35:33<1:57:15,  5.36s/it]
 44%|████▍     | 1049/2360 [1:35:38<1:57:34,  5.38s/it]
 44%|████▍     | 1050/2360 [1:35:43<1:56:57,  5.36s/it]
 45%|████▍     | 1051/2360 [1:35:49<1:59:01,  5.46s/it]
 45%|████▍     | 1052/2360 [1:35:55<1:58:35,  5.44s/it]
 45%|████▍     | 1053/2360 [1:36:00<1:58:41,  5.45s/it]
 45%|████▍     | 1054/2360 [1:36:05<1:58:25,  5.44s/it]
 45%|████▍     | 1055/2360 [1:36:11<1:57:45,  5.41s/it]
 45%|████▍     | 1056/2360 [1:36:16<1:58:02,  5.43s/it]
 45%|████▍     | 1057/2360 [1:36:22<1:57:41,  5.42s/it]
 45%|████▍     | 1058/2360 [1:36:27<1:57:35,  5.42s/it]
 45%|████▍     | 1059/2360 [1:36:33<1:57:52,  5.44s/it]
 45%|████▍     | 1060/2360 [1:36:38<1:57:12,  5.41s/it]
 45%|████▍     | 1061/2360 [1:36:43<1:57:29,  5.43s/it]
 45%|████▌     | 1062/2360 [1:36:49<1:57:42,  5.44s/it]
 45%|████▌     | 1063/2360 [1:36:54<1:57:00,  5.41s/it]
 45%|████▌     | 1064/2360 [1:37:00<1:57:24,  5.44s/it]
 45%|████▌     | 1065/2360 [1:37:05<1:56:44,  5.41s/it]
 45%|████▌     | 1066/2360 [1:37:10<1:57:03,  5.43s/it]
 45%|████▌     | 1067/2360 [1:37:16<1:57:16,  5.44s/it]
 45%|████▌     | 1068/2360 [1:37:21<1:56:33,  5.41s/it]
 45%|████▌     | 1069/2360 [1:37:27<1:57:11,  5.45s/it]
 45%|████▌     | 1070/2360 [1:37:32<1:56:28,  5.42s/it]
 45%|████▌     | 1071/2360 [1:37:38<1:56:23,  5.42s/it]
 45%|████▌     | 1072/2360 [1:37:43<1:55:52,  5.40s/it]
 45%|████▌     | 1073/2360 [1:37:48<1:56:11,  5.42s/it]
 46%|████▌     | 1074/2360 [1:37:54<1:56:47,  5.45s/it]
 46%|████▌     | 1075/2360 [1:37:59<1:55:44,  5.40s/it]
 46%|████▌     | 1076/2360 [1:38:05<1:56:05,  5.42s/it]
 46%|████▌     | 1077/2360 [1:38:10<1:55:30,  5.40s/it]
 46%|████▌     | 1078/2360 [1:38:16<1:56:08,  5.44s/it]
 46%|████▌     | 1079/2360 [1:38:21<1:55:55,  5.43s/it]
 46%|████▌     | 1080/2360 [1:38:26<1:55:38,  5.42s/it]
 46%|████▌     | 1081/2360 [1:38:32<1:55:34,  5.42s/it]
 46%|████▌     | 1082/2360 [1:38:37<1:55:50,  5.44s/it]
 46%|████▌     | 1083/2360 [1:38:43<1:55:09,  5.41s/it]
 46%|████▌     | 1084/2360 [1:38:48<1:55:26,  5.43s/it]
 46%|████▌     | 1085/2360 [1:38:53<1:55:11,  5.42s/it]
 46%|████▌     | 1086/2360 [1:38:59<1:55:04,  5.42s/it]
 46%|████▌     | 1087/2360 [1:39:04<1:55:19,  5.44s/it]
 46%|████▌     | 1088/2360 [1:39:10<1:55:00,  5.43s/it]
 46%|████▌     | 1089/2360 [1:39:15<1:55:14,  5.44s/it]
 46%|████▌     | 1090/2360 [1:39:21<1:54:13,  5.40s/it]
 46%|████▌     | 1091/2360 [1:39:26<1:54:36,  5.42s/it]
 46%|████▋     | 1092/2360 [1:39:31<1:54:22,  5.41s/it]
 46%|████▋     | 1093/2360 [1:39:37<1:54:39,  5.43s/it]
 46%|████▋     | 1094/2360 [1:39:42<1:54:48,  5.44s/it]
 46%|████▋     | 1095/2360 [1:39:48<1:54:07,  5.41s/it]
 46%|████▋     | 1096/2360 [1:39:53<1:54:26,  5.43s/it]
 46%|████▋     | 1097/2360 [1:39:59<1:53:49,  5.41s/it]
 47%|████▋     | 1098/2360 [1:40:04<1:54:06,  5.42s/it]
 47%|████▋     | 1099/2360 [1:40:09<1:53:59,  5.42s/it]
 47%|████▋     | 1100/2360 [1:40:15<1:53:46,  5.42s/it]
 47%|████▋     | 1101/2360 [1:40:20<1:53:42,  5.42s/it]
 47%|████▋     | 1102/2360 [1:40:26<1:53:58,  5.44s/it]
 47%|████▋     | 1103/2360 [1:40:31<1:53:40,  5.43s/it]
 47%|████▋     | 1104/2360 [1:40:37<1:53:52,  5.44s/it]
 47%|████▋     | 1105/2360 [1:40:42<1:52:55,  5.40s/it]
 47%|████▋     | 1106/2360 [1:40:47<1:53:17,  5.42s/it]
 47%|████▋     | 1107/2360 [1:40:53<1:53:33,  5.44s/it]
 47%|████▋     | 1108/2360 [1:40:58<1:52:55,  5.41s/it]
 47%|████▋     | 1109/2360 [1:41:04<1:53:14,  5.43s/it]
 47%|████▋     | 1110/2360 [1:41:09<1:52:59,  5.42s/it]
 47%|████▋     | 1111/2360 [1:41:15<1:52:52,  5.42s/it]
 47%|████▋     | 1112/2360 [1:41:20<1:52:25,  5.41s/it]
 47%|████▋     | 1113/2360 [1:41:25<1:52:44,  5.42s/it]
 47%|████▋     | 1114/2360 [1:41:31<1:52:59,  5.44s/it]
 47%|████▋     | 1115/2360 [1:41:36<1:52:21,  5.41s/it]
 47%|████▋     | 1116/2360 [1:41:42<1:52:33,  5.43s/it]
 47%|████▋     | 1117/2360 [1:41:47<1:52:14,  5.42s/it]
 47%|████▋     | 1118/2360 [1:41:52<1:52:26,  5.43s/it]
 47%|████▋     | 1119/2360 [1:41:58<1:52:17,  5.43s/it]
 47%|████▋     | 1120/2360 [1:42:03<1:51:44,  5.41s/it]
 48%|████▊     | 1121/2360 [1:42:09<1:52:04,  5.43s/it]
 48%|████▊     | 1122/2360 [1:42:14<1:52:16,  5.44s/it]
 48%|████▊     | 1123/2360 [1:42:20<1:51:36,  5.41s/it]
 48%|████▊     | 1124/2360 [1:42:25<1:52:10,  5.45s/it]
 48%|████▊     | 1125/2360 [1:42:30<1:51:11,  5.40s/it]
 48%|████▊     | 1126/2360 [1:42:36<1:51:49,  5.44s/it]
 48%|████▊     | 1127/2360 [1:42:41<1:51:58,  5.45s/it]
 48%|████▊     | 1128/2360 [1:42:47<1:50:57,  5.40s/it]
 48%|████▊     | 1129/2360 [1:42:52<1:51:36,  5.44s/it]
 48%|████▊     | 1130/2360 [1:42:58<1:50:42,  5.40s/it]
 48%|████▊     | 1131/2360 [1:43:03<1:51:23,  5.44s/it]
 48%|████▊     | 1132/2360 [1:43:08<1:50:27,  5.40s/it]
 48%|████▊     | 1133/2360 [1:43:14<1:50:47,  5.42s/it]
 48%|████▊     | 1134/2360 [1:43:19<1:51:03,  5.43s/it]
 48%|████▊     | 1135/2360 [1:43:25<1:50:27,  5.41s/it]
 48%|████▊     | 1136/2360 [1:43:30<1:50:45,  5.43s/it]
 48%|████▊     | 1137/2360 [1:43:36<1:50:30,  5.42s/it]
 48%|████▊     | 1138/2360 [1:43:41<1:50:21,  5.42s/it]
 48%|████▊     | 1139/2360 [1:43:46<1:50:50,  5.45s/it]
 48%|████▊     | 1140/2360 [1:43:52<1:49:53,  5.40s/it]
 48%|████▊     | 1141/2360 [1:43:57<1:50:10,  5.42s/it]
 48%|████▊     | 1142/2360 [1:44:03<1:50:41,  5.45s/it]
 48%|████▊     | 1143/2360 [1:44:08<1:49:58,  5.42s/it]
 48%|████▊     | 1144/2360 [1:44:14<1:49:52,  5.42s/it]
 49%|████▊     | 1145/2360 [1:44:19<1:49:19,  5.40s/it]
 49%|████▊     | 1146/2360 [1:44:24<1:49:36,  5.42s/it]
 49%|████▊     | 1147/2360 [1:44:30<1:49:51,  5.43s/it]
 49%|████▊     | 1148/2360 [1:44:35<1:49:14,  5.41s/it]
 49%|████▊     | 1149/2360 [1:44:41<1:49:34,  5.43s/it]
 49%|████▊     | 1150/2360 [1:44:46<1:49:19,  5.42s/it]
 49%|████▉     | 1151/2360 [1:44:51<1:49:14,  5.42s/it]
 49%|████▉     | 1152/2360 [1:44:57<1:48:42,  5.40s/it]
 49%|████▉     | 1153/2360 [1:45:02<1:49:02,  5.42s/it]
 49%|████▉     | 1154/2360 [1:45:08<1:49:14,  5.43s/it]
 49%|████▉     | 1155/2360 [1:45:13<1:48:39,  5.41s/it]
 49%|████▉     | 1156/2360 [1:45:19<1:48:53,  5.43s/it]
 49%|████▉     | 1157/2360 [1:45:24<1:48:40,  5.42s/it]
 49%|████▉     | 1158/2360 [1:45:29<1:48:50,  5.43s/it]
 49%|████▉     | 1159/2360 [1:45:35<1:49:01,  5.45s/it]
 49%|████▉     | 1160/2360 [1:45:40<1:48:02,  5.40s/it]
 49%|████▉     | 1161/2360 [1:45:46<1:48:20,  5.42s/it]
 49%|████▉     | 1162/2360 [1:45:51<1:48:33,  5.44s/it]
 49%|████▉     | 1163/2360 [1:45:56<1:47:56,  5.41s/it]
 49%|████▉     | 1164/2360 [1:46:02<1:48:13,  5.43s/it]
 49%|████▉     | 1165/2360 [1:46:07<1:47:39,  5.41s/it]
 49%|████▉     | 1166/2360 [1:46:13<1:47:56,  5.42s/it]
 49%|████▉     | 1167/2360 [1:46:18<1:48:26,  5.45s/it]
 49%|(0,)
It 1180, sqrt loss 0.01733, Val sim-RMS 0.1856, Time Loss: 97.5%, data: 0.7%, val: 1.9%,  5.5 sec/batch
████▉     | 1168/2360 [1:46:24<1:47:24,  5.41s/it]
 50%|████▉     | 1169/2360 [1:46:29<1:47:40,  5.42s/it]
 50%|████▉     | 1170/2360 [1:46:34<1:47:07,  5.40s/it]
 50%|████▉     | 1171/2360 [1:46:40<1:47:26,  5.42s/it]
 50%|████▉     | 1172/2360 [1:46:45<1:46:54,  5.40s/it]
 50%|████▉     | 1173/2360 [1:46:51<1:47:11,  5.42s/it]
 50%|████▉     | 1174/2360 [1:46:56<1:47:23,  5.43s/it]
 50%|████▉     | 1175/2360 [1:47:02<1:47:04,  5.42s/it]
 50%|████▉     | 1176/2360 [1:47:07<1:46:58,  5.42s/it]
 50%|████▉     | 1177/2360 [1:47:12<1:46:27,  5.40s/it]
 50%|████▉     | 1178/2360 [1:47:18<1:46:43,  5.42s/it]
 50%|████▉     | 1179/2360 [1:47:23<1:46:57,  5.43s/it]
 50%|█████     | 1180/2360 [1:47:53<4:11:00, 12.76s/it]
 50%|█████     | 1181/2360 [1:47:59<3:27:48, 10.58s/it]
 50%|█████     | 1182/2360 [1:48:04<2:57:17,  9.03s/it]
 50%|█████     | 1183/2360 [1:48:09<2:35:27,  7.92s/it]
 50%|█████     | 1184/2360 [1:48:15<2:20:52,  7.19s/it]
 50%|█████     | 1185/2360 [1:48:20<2:09:56,  6.64s/it]
 50%|█████     | 1186/2360 [1:48:26<2:03:15,  6.30s/it]
 50%|█████     | 1187/2360 [1:48:31<1:57:59,  6.04s/it]
 50%|█████     | 1188/2360 [1:48:36<1:53:52,  5.83s/it]
 50%|█████     | 1189/2360 [1:48:42<1:51:58,  5.74s/it]
 50%|█████     | 1190/2360 [1:48:47<1:50:20,  5.66s/it]
 50%|█████     | 1191/2360 [1:48:53<1:48:26,  5.57s/it]
 51%|█████     | 1192/2360 [1:48:58<1:47:30,  5.52s/it]
 51%|█████     | 1193/2360 [1:49:04<1:46:37,  5.48s/it]
 51%|█████     | 1194/2360 [1:49:09<1:46:26,  5.48s/it]
 51%|█████     | 1195/2360 [1:49:14<1:46:02,  5.46s/it]
 51%|█████     | 1196/2360 [1:49:20<1:45:19,  5.43s/it]
 51%|█████     | 1197/2360 [1:49:25<1:45:30,  5.44s/it]
 51%|█████     | 1198/2360 [1:49:31<1:45:09,  5.43s/it]
 51%|█████     | 1199/2360 [1:49:36<1:45:00,  5.43s/it]
 51%|█████     | 1200/2360 [1:49:41<1:44:27,  5.40s/it]
 51%|█████     | 1201/2360 [1:49:47<1:44:46,  5.42s/it]
 51%|█████     | 1202/2360 [1:49:52<1:44:58,  5.44s/it]
 51%|█████     | 1203/2360 [1:49:58<1:44:39,  5.43s/it]
 51%|█████     | 1204/2360 [1:50:03<1:44:34,  5.43s/it]
 51%|█████     | 1205/2360 [1:50:09<1:43:59,  5.40s/it]
 51%|█████     | 1206/2360 [1:50:14<1:44:35,  5.44s/it]
 51%|█████     | 1207/2360 [1:50:19<1:43:44,  5.40s/it]
 51%|█████     | 1208/2360 [1:50:25<1:44:01,  5.42s/it]
 51%|█████     | 1209/2360 [1:50:30<1:44:30,  5.45s/it]
 51%|█████▏    | 1210/2360 [1:50:36<1:43:52,  5.42s/it]
 51%|█████▏    | 1211/2360 [1:50:41<1:43:45,  5.42s/it]
 51%|█████▏    | 1212/2360 [1:50:47<1:43:14,  5.40s/it]
 51%|█████▏    | 1213/2360 [1:50:52<1:43:51,  5.43s/it]
 51%|█████▏    | 1214/2360 [1:50:57<1:43:41,  5.43s/it]
 51%|█████▏    | 1215/2360 [1:51:03<1:43:24,  5.42s/it]
 52%|█████▏    | 1216/2360 [1:51:08<1:43:18,  5.42s/it]
 52%|█████▏    | 1217/2360 [1:51:14<1:42:48,  5.40s/it]
 52%|█████▏    | 1218/2360 [1:51:19<1:43:05,  5.42s/it]
 52%|█████▏    | 1219/2360 [1:51:25<1:43:20,  5.43s/it]
 52%|█████▏    | 1220/2360 [1:51:30<1:42:48,  5.41s/it]
 52%|█████▏    | 1221/2360 [1:51:35<1:43:02,  5.43s/it]
 52%|█████▏    | 1222/2360 [1:51:41<1:43:14,  5.44s/it]
 52%|█████▏    | 1223/2360 [1:51:46<1:42:36,  5.42s/it]
 52%|█████▏    | 1224/2360 [1:51:52<1:43:06,  5.45s/it]
 52%|█████▏    | 1225/2360 [1:51:57<1:42:11,  5.40s/it]
 52%|█████▏    | 1226/2360 [1:52:03<1:42:44,  5.44s/it]
 52%|█████▏    | 1227/2360 [1:52:08<1:42:34,  5.43s/it]
 52%|█████▏    | 1228/2360 [1:52:13<1:42:02,  5.41s/it]
 52%|█████▏    | 1229/2360 [1:52:19<1:42:21,  5.43s/it]
 52%|█████▏    | 1230/2360 [1:52:24<1:41:48,  5.41s/it]
 52%|█████▏    | 1231/2360 [1:52:30<1:42:09,  5.43s/it]
 52%|█████▏    | 1232/2360 [1:52:35<1:41:53,  5.42s/it]
 52%|█████▏    | 1233/2360 [1:52:40<1:41:48,  5.42s/it]
 52%|█████▏    | 1234/2360 [1:52:46<1:42:00,  5.44s/it]
 52%|█████▏    | 1235/2360 [1:52:51<1:41:43,  5.43s/it]
 52%|█████▏    | 1236/2360 [1:52:57<1:41:38,  5.43s/it]
 52%|█████▏    | 1237/2360 [1:53:02<1:41:09,  5.40s/it]
 52%|█████▏    | 1238/2360 [1:53:08<1:41:25,  5.42s/it]
 52%|█████▎    | 1239/2360 [1:53:13<1:41:34,  5.44s/it]
 53%|█████▎    | 1240/2360 [1:53:18<1:40:59,  5.41s/it]
 53%|█████▎    | 1241/2360 [1:53:24<1:41:12,  5.43s/it]
 53%|█████▎    | 1242/2360 [1:53:29<1:41:24,  5.44s/it]
 53%|█████▎    | 1243/2360 [1:53:35<1:40:45,  5.41s/it]
 53%|█████▎    | 1244/2360 [1:53:40<1:41:01,  5.43s/it]
 53%|█████▎    | 1245/2360 [1:53:45<1:40:29,  5.41s/it]
 53%|█████▎    | 1246/2360 [1:53:51<1:40:44,  5.43s/it]
 53%|█████▎    | 1247/2360 [1:53:56<1:40:54,  5.44s/it]
 53%|█████▎    | 1248/2360 [1:54:02<1:40:21,  5.42s/it]
 53%|█████▎    | 1249/2360 [1:54:07<1:40:35,  5.43s/it]
 53%|█████▎    | 1250/2360 [1:54:13<1:40:03,  5.41s/it]
 53%|█████▎    | 1251/2360 [1:54:18<1:40:18,  5.43s/it]
 53%|█████▎    | 1252/2360 [1:54:23<1:39:44,  5.40s/it]
 53%|█████▎    | 1253/2360 [1:54:29<1:40:17,  5.44s/it]
 53%|█████▎    | 1254/2360 [1:54:34<1:40:24,  5.45s/it]
 53%|█████▎    | 1255/2360 [1:54:40<1:39:30,  5.40s/it]
 53%|█████▎    | 1256/2360 [1:54:45<1:39:45,  5.42s/it]
 53%|█████▎    | 1257/2360 [1:54:51<1:39:17,  5.40s/it]
 53%|█████▎    | 1258/2360 [1:54:56<1:39:32,  5.42s/it]
 53%|█████▎    | 1259/2360 [1:55:02<1:40:02,  5.45s/it]
 53%|█████▎    | 1260/2360 [1:55:07<1:39:21,  5.42s/it]
 53%|█████▎    | 1261/2360 [1:55:12<1:39:14,  5.42s/it]
 53%|█████▎    | 1262/2360 [1:55:18<1:39:25,  5.43s/it]
 54%|█████▎    | 1263/2360 [1:55:23<1:38:52,  5.41s/it]
 54%|█████▎    | 1264/2360 [1:55:29<1:39:24,  5.44s/it]
 54%|█████▎    | 1265/2360 [1:55:34<1:38:30,  5.40s/it]
 54%|█████▎    | 1266/2360 [1:55:39<1:38:49,  5.42s/it]
 54%|█████▎    | 1267/2360 [1:55:45<1:39:00,  5.43s/it]
 54%|█████▎    | 1268/2360 [1:55:50<1:38:25,  5.41s/it]
 54%|█████▍    | 1269/2360 [1:55:56<1:38:56,  5.44s/it]
 54%|█████▍    | 1270/2360 [1:56:01<1:38:04,  5.40s/it]
 54%|█████▍    | 1271/2360 [1:56:07<1:38:23,  5.42s/it]
 54%|█████▍    | 1272/2360 [1:56:12<1:38:11,  5.41s/it]
 54%|█████▍    | 1273/2360 [1:56:17<1:38:06,  5.42s/it]
 54%|█████▍    | 1274/2360 [1:56:23<1:38:21,  5.43s/it]
 54%|█████▍    | 1275/2360 [1:56:28<1:37:46,  5.41s/it]
 54%|█████▍    | 1276/2360 [1:56:34<1:38:01,  5.43s/it]
 54%|█████▍    | 1277/2360 [1:56:39<1:37:47,  5.42s/it]
 54%|█████▍    | 1278/2360 [1:56:44<1:37:41,  5.42s/it]
 54%|█████▍    | 1279/2360 [1:56:50<1:37:53,  5.43s/it]
 54%|█████▍    | 1280/2360 [1:56:55<1:37:20,  5.41s/it]
 54%|█████▍    | 1281/2360 [1:57:01<1:37:36,  5.43s/it]
 54%|█████▍    | 1282/2360 [1:57:06<1:37:45,  5.44s/it]
 54%|█████▍    | 1283/2360 [1:57:12<1:37:12,  5.42s/it]
 54%|█████▍    | 1284/2360 [1:57:17<1:37:24,  5.43s/it]
 54%|█████▍    | 1285/2360 [1:57:22<1:37:07,  5.42s/it]
 54%|█████▍    | 1286/2360 [1:57:28<1:37:01,  5.42s/it]
 55%|█████▍    | 1287/2360 [1:57:33<1:37:13,  5.44s/it]
 55%|█████▍    | 1288/2360 [1:57:39<1:36:55,  5.43s/it]
 55%|█████▍    | 1289/2360 [1:57:44<1:37:05,  5.44s/it]
 55%|█████▍    | 1290/2360 [1:57:50<1:36:30,  5.41s/it]
 55%|█████▍    | 1291/2360 [1:57:55<1:36:45,  5.43s/it]
 55%|█████▍    | 1292/2360 [1:58:00<1:36:14,  5.41s/it]
 55%|█████▍    | 1293/2360 [1:58:06<1:36:27,  5.42s/it]
 55%|█████▍    | 1294/2360 [1:58:11<1:36:20,  5.42s/it]
 55%|█████▍    | 1295/2360 [1:58:17<1:35:51,  5.40s/it]
 55%|█████▍    | 1296/2360 [1:58:22<1:36:07,  5.42s/it]
 55%|█████▍    | 1297/2360 [1:58:27<1:35:40,  5.40s/it]
 55%|█████▌    | 1298/2360 [1:58:33<1:35:56,  5.42s/it]
 55%|█████▌    | 1299/2360 [1:58:38<1:36:04,  5.43s/it]
 55%|█████▌    | 1300/2360 [1:58:44<1:35:31,  5.41s/it]
 55%|█████▌    | 1301/2360 [1:58:49<1:36:00,  5.44s/it]
 55%|█████▌    | 1302/2360 [1:58:55<1:36:06,  5.45s/it]
 55%|█████▌    | 1303/2360 [1:59:00<1:35:27,  5.42s/it]
 55%|█████▌    | 1304/2360 [1:59:05<1:35:23,  5.42s/it]
 55%|█████▌    | 1305/2360 [1:59:11<1:34:54,  5.40s/it]
 55%|█████▌    | 1306/2360 [1:59:16<1:35:12,  5.42s/it]
 55%|█████▌    | 1307/2360 [1:59:22<1:35:40,  5.45s/it]
 55%|█████▌    | 1308/2360 [1:59:27<1:34:48,  5.41s/it]
 55%|█████▌    | 1309/2360 [1:59:33<1:35:04,  5.43s/it]
 56%|█████▌    | 1310/2360 [1:59:38<1:34:51,  5.42s/it]
 56%|█████▌    | 1311/2360 [1:59:43<1:34:45,  5.42s/it]
 56%|█████▌    | 1312/2360 [1:59:49<1:34:16,  5.40s/it]
 56%|█████▌    | 1313/2360 [1:59:54<1:34:32,  5.42s/it]
 56%|█████▌    | 1314/2360 [2:00:00<1:34:43,  5.43s/it]
 56%|█████▌    | 1315/2360 [2:00:05<1:34:11,  5.41s/it]
 56%|█████▌    | 1316/2360 [2:00:10<1:34:24,  5.43s/it]
 56%|█████▌    | 1317/2360 [2:00:16<1:33:54,  5.40s/it]
 56%|█████▌    | 1318/2360 [2:00:21<1:34:22,  5.43s/it]
 56%|█████▌    | 1319/2360 [2:00:27<1:34:13,  5.43s/it]
 56%|█████▌    | 1320/2360 [2:00:32<1:33:57,  5.42s/it]
 56%|█████▌    | 1321/2360 [2:00:38<1:33:50,  5.42s/it]
 56%|█████▌    | 1322/2360 [2:00:43<1:34:00,  5.43s/it]
 56%|█████▌    | 1323/2360 [2:00:48<1:33:29,  5.41s/it]
 56%|█████▌    | 1324/2360 [2:00:54<1:33:44,  5.43s/it]
 56%|█████▌    | 1325/2360 [2:00:59<1:33:15,  5.41s/it]
 56%|█████▌    | 1326/2360 [2:01:05<1:33:29,  5.42s/it]
 56%|█████▌    | 1327/2360 [2:01:10<1:33:41,  5.44s/it]
 56%|█████▋    | 1328/2360 [2:01:16<1:33:08,  5.42s/it]
 56%|█████▋    | 1329/2360 [2:01:21<1:33:37,  5.45s/it]
 56%|█████▋    | 1330/2360 [2:01:26<1:32:45,  5.40s/it]
 56%|█████▋    | 1331/2360 [2:01:32<1:33:16,  5.44s/it]
 56%|█████▋    | 1332/2360 [2:01:37<1:32:27,  5.40s/it]
 56%|█████▋    | 1333/2360 [2:01:43<1:32:44,  5.42s/it]
 57%|█████▋    | 1334/2360 [2:01:48<1:32:57,  5.44s/it]
 57%|█████▋    | 1335/2360 [2:01:53<1:32:24,  5.41s/it]
 57%|█████▋    | 1336/2360 [2:01:59<1:32:38,  5.43s/it]
 57%|█████▋    | 1337/2360 [2:02:04<1:32:09,  5.40s/it]
 57%|█████▋    | 1338/2360 [2:02:10<1:32:22,  5.42s/it]
 57%|█████▋    | 1339/2360 [2:02:15<1:32:47,  5.45s/it]
 57%|█████▋    | 1340/2360 [2:02:21<1:31:58,  5.41s/it]
 57%|█████▋    | 1341/2360 [2:02:26<1:32:14,  5.43s/it]
 57%|█████▋    | 1342/2360 [2:02:32<1:32:21,  5.44s/it]
 57%|█████▋    | 1343/2360 [2:02:37<1:31:47,  5.42s/it]
 57%|█████▋    | 1344/2360 [2:02:42<1:31:58,  5.43s/it]
 57%|█████▋    | 1345/2360 [2:02:48<1:31:30,  5.41s/it]
 57%|█████▋    | 1346/2360 [2:02:53<1:32:00,  5.44s/it]
 57%|█████▋    | 1347/2360 [2:02:59<1:31:48,  5.44s/it]
 57%|█████▋    | 1348/2360 [2:03:04<1:31:32,  5.43s/it]
 57%|█████▋    | 1349/2360 [2:03:10<1:31:31,  5.43s/it]
 57%|█████▋    | 1350/2360 [2:03:15<1:31:03,  5.41s/it]
 57%|█████▋    | 1351/2360 [2:03:20<1:31:16,  5.43s/it]
 57%|█████▋    | 1352/2360 [2:03:26<1:31:03,  5.42s/it]
 57%|█████▋    | 1353/2360 [2:03:31<1:31:15,  5.44s/it]
 57%|█████▋    | 1354/2360 [2:03:37<1:31:05,  5.43s/it]
 57%|█████▋    | 1355/2360 [2:03:42<1:30:33,  5.41s/it]
 57%|█████▋    | 1356/2360 [2:03:47<1:30:46,  5.42s/it]
 57%|█████▊    | 1357/2360 [2:03:53<1:30:18,  5.40s/it]
 58%|█████▊    | 1358/2360 [2:03:58<1:30:36,  5.43s/it]
 58%|█████▊    | 1359/2360 [2:04:04<1:30:46,  5.44s/it]
 58%|█████▊    | 1360/2360 [2:04:09<1:30:28,  5.43s/it]
 58%|█████▊    | 1361/2360 [2:04:15<1:30:21,  5.43s/it]
 58%|█████▊    | 1362/2360 [2:04:20<1:30:31,  5.44s/it]
 58%|█████▊    | 1363/2360 [2:04:25<1:29:59,  5.42s/it]
 58%|█████▊    | 1364/2360 [2:04:31<1:30:26,  5.45s/it]
 58%|█████▊    | 1365/2360 [2:04:36<1:29:37,  5.40s/it]
 58%|█████▊    | 1366/2360 [2:04:42<1:29:51,  5.42s/it]
 58%|█████▊    | 1367/2360 [2:04:47<1:30:01,  5.44s/it]
 58%|█████▊    | 1368/2360 [2:04:53<1:29:29,  5.41s/it]
 58%|█████▊    | 1369/2360 [2:04:58<1:29:42,  5.43s/it]
 58%|█████▊    | 1370/2360 [2:05:03<1:29:12,  5.41s/it]
 58%|█████▊    | 1371/2360 [2:05:09<1:29:26,  5.43s/it]
 58%|█████▊    | 1372/2360 [2:05:14<1:28:58,  5.40s/it]
 58%|█████▊    | 1373/2360 [2:05:20<1:29:13,  5.42s/it]
 58%|█████▊    | 1374/2360 [2:05:25<1:29:39,  5.46s/it]
 58%|█████▊    | 1375/2360 [2:05:30<1:28:49,  5.41s/it]
 58%|█████▊    | 1376/2360 [2:05:36<1:29:15,  5.44s/it]
 58%|█████▊    | 1377/2360 [2:05:41<1:28:28,  5.40s/it]
 58%|█████▊    | 1378/2360 [2:05:47<1:28:57,  5.44s/it]
 58%|█████▊    | 1379/2360 [2:05:52<1:28:46,  5.43s/it]
 58%|█████▊    | 1380/2360 [2:05:58<1:28:17,  5.41s/it]
 59%|█████▊    | 1381/2360 [2:06:03<1:28:30,  5.42s/it]
 59%|█████▊    | 1382/2360 [2:06:09<1:28:53,  5.45s/it]
 59%|█████▊    | 1383/2360 [2:06:14<1:28:16,  5.42s/it]
 59%|█████▊    | 1384/2360 [2:06:19<1:28:12,  5.42s/it]
 59%|█████▊    | 1385/2360 [2:06:25<1:27:47,  5.40s/it]
 59%|█████▊    | 1386/2360 [2:06:30<1:28:01,  5.42s/it]
 59%|█████▉    | 1387/2360 [2:06:36<1:28:11,  5.44s/it]
 59%|█████▉    | 1388/2360 [2:06:41<1:27:39,  5.41s/it]
 59%|█████▉    | 1389/2360 [2:06:46<1:27:52,  5.43s/it]
 59%|█████▉    | 1390/2360 [2:06:52<1:27:23,  5.41s/it]
 59%|█████▉    | 1391/2360 [2:06:57<1:27:36,  5.43s/it]
 59%|█████▉    | 1392/2360 [2:07:03<1:27:23,  5.42s/it]
 59%|█████▉    | 1393/2360 [2:07:08<1:27:18,  5.42s/it]
 59%|█████▉    | 1394/2360 [2:07:14<1:27:31,  5.44s/it]
 59%|█████▉    | 1395/2360 [2:07:19<1:27:02,  5.41s/it]
 59%|█████▉    | 1396/2360 [2:07:24<1:27:28,  5.44s/it]
 59%|█████▉    | 1397/2360 [2:07:30<1:26:40,  5.40s/it]
 59%|█████▉    | 1398/2360 [2:07:35<1:27:07,  5.43s/it]
 59%|█████▉    | 1399/2360 [2:07:41<1:26:58,  5.43s/it]
 59%|█████▉    | 1400/2360 [2:07:46<1:26:29,  5.41s/it]
 59%|█████▉    | 1401/2360 [2:07:52<1:26:43,  5.43s/it]
 59%|█████▉    | 1402/2360 [2:07:57<1:26:52,  5.44s/it]
 59%|█████▉    | 1403/2360 [2:08:02<1:26:19,  5.41s/it]
 59%|█████▉    | 1404/2360 [2:08:08<1:26:32,  5.43s/it]
 60%|█████▉    | 1405/2360 [2:08:13<1:26:04,  5.41s/it]
 60%|█████▉    | 1406/2360 [2:08:19<1:26:18,  5.43s/it]
 60%|█████▉    | 1407/2360 [2:08:24<1:26:26,  5.44s/it]
 60%|█████▉    | 1408/2360 [2:08:29<1:25:54,  5.41s/it]
 60%|█████▉    | 1409/2360 [2:08:35<1:26:04,  5.43s/it]
 60%|████(0,)
It 1416, sqrt loss 0.02268, Val sim-RMS  0.177, Time Loss: 97.5%, data: 0.7%, val: 1.9%,  5.5 sec/batch
█▉    | 1410/2360 [2:08:40<1:25:36,  5.41s/it]
 60%|█████▉    | 1411/2360 [2:08:46<1:26:01,  5.44s/it]
 60%|█████▉    | 1412/2360 [2:08:51<1:25:16,  5.40s/it]
 60%|█████▉    | 1413/2360 [2:08:57<1:25:32,  5.42s/it]
 60%|█████▉    | 1414/2360 [2:09:02<1:25:42,  5.44s/it]
 60%|█████▉    | 1415/2360 [2:09:07<1:25:13,  5.41s/it]
 60%|██████    | 1416/2360 [2:09:37<3:21:36, 12.81s/it]
 60%|██████    | 1417/2360 [2:09:43<2:45:57, 10.56s/it]
 60%|██████    | 1418/2360 [2:09:48<2:22:00,  9.05s/it]
 60%|██████    | 1419/2360 [2:09:54<2:04:47,  7.96s/it]
 60%|██████    | 1420/2360 [2:09:59<1:52:24,  7.17s/it]
 60%|██████    | 1421/2360 [2:10:05<1:44:29,  6.68s/it]
 60%|██████    | 1422/2360 [2:10:10<1:38:44,  6.32s/it]
 60%|██████    | 1423/2360 [2:10:15<1:33:53,  6.01s/it]
 60%|██████    | 1424/2360 [2:10:21<1:31:16,  5.85s/it]
 60%|██████    | 1425/2360 [2:10:26<1:29:04,  5.72s/it]
 60%|██████    | 1426/2360 [2:10:32<1:27:51,  5.64s/it]
 60%|██████    | 1427/2360 [2:10:37<1:26:44,  5.58s/it]
 61%|██████    | 1428/2360 [2:10:42<1:25:32,  5.51s/it]
 61%|██████    | 1429/2360 [2:10:48<1:25:16,  5.50s/it]
 61%|██████    | 1430/2360 [2:10:53<1:24:44,  5.47s/it]
 61%|██████    | 1431/2360 [2:10:59<1:24:24,  5.45s/it]
 61%|██████    | 1432/2360 [2:11:04<1:23:49,  5.42s/it]
 61%|██████    | 1433/2360 [2:11:10<1:23:57,  5.43s/it]
 61%|██████    | 1434/2360 [2:11:15<1:24:17,  5.46s/it]
 61%|██████    | 1435/2360 [2:11:20<1:23:27,  5.41s/it]
 61%|██████    | 1436/2360 [2:11:26<1:23:38,  5.43s/it]
 61%|██████    | 1437/2360 [2:11:31<1:23:11,  5.41s/it]
 61%|██████    | 1438/2360 [2:11:37<1:23:22,  5.43s/it]
 61%|██████    | 1439/2360 [2:11:42<1:23:44,  5.46s/it]
 61%|██████    | 1440/2360 [2:11:48<1:22:55,  5.41s/it]
 61%|██████    | 1441/2360 [2:11:53<1:23:06,  5.43s/it]
 61%|██████    | 1442/2360 [2:11:58<1:23:14,  5.44s/it]
 61%|██████    | 1443/2360 [2:12:04<1:22:56,  5.43s/it]
 61%|██████    | 1444/2360 [2:12:09<1:22:49,  5.43s/it]
 61%|██████    | 1445/2360 [2:12:15<1:22:23,  5.40s/it]
 61%|██████▏   | 1446/2360 [2:12:20<1:22:35,  5.42s/it]
 61%|██████▏   | 1447/2360 [2:12:26<1:22:45,  5.44s/it]
 61%|██████▏   | 1448/2360 [2:12:31<1:22:15,  5.41s/it]
 61%|██████▏   | 1449/2360 [2:12:36<1:22:40,  5.45s/it]
 61%|██████▏   | 1450/2360 [2:12:42<1:21:55,  5.40s/it]
 61%|██████▏   | 1451/2360 [2:12:47<1:22:10,  5.42s/it]
 62%|██████▏   | 1452/2360 [2:12:53<1:21:45,  5.40s/it]
 62%|██████▏   | 1453/2360 [2:12:58<1:21:58,  5.42s/it]
 62%|██████▏   | 1454/2360 [2:13:04<1:22:20,  5.45s/it]
 62%|██████▏   | 1455/2360 [2:13:09<1:21:33,  5.41s/it]
 62%|██████▏   | 1456/2360 [2:13:14<1:21:43,  5.42s/it]
 62%|██████▏   | 1457/2360 [2:13:20<1:21:32,  5.42s/it]
 62%|██████▏   | 1458/2360 [2:13:25<1:21:26,  5.42s/it]
 62%|██████▏   | 1459/2360 [2:13:31<1:21:35,  5.43s/it]
 62%|██████▏   | 1460/2360 [2:13:36<1:21:06,  5.41s/it]
 62%|██████▏   | 1461/2360 [2:13:41<1:21:30,  5.44s/it]
 62%|██████▏   | 1462/2360 [2:13:47<1:21:20,  5.43s/it]
 62%|██████▏   | 1463/2360 [2:13:52<1:21:06,  5.43s/it]
 62%|██████▏   | 1464/2360 [2:13:58<1:21:15,  5.44s/it]
 62%|██████▏   | 1465/2360 [2:14:03<1:20:32,  5.40s/it]
 62%|██████▏   | 1466/2360 [2:14:09<1:20:46,  5.42s/it]
 62%|██████▏   | 1467/2360 [2:14:14<1:21:09,  5.45s/it]
 62%|██████▏   | 1468/2360 [2:14:19<1:20:22,  5.41s/it]
 62%|██████▏   | 1469/2360 [2:14:25<1:20:48,  5.44s/it]
 62%|██████▏   | 1470/2360 [2:14:30<1:20:05,  5.40s/it]
 62%|██████▏   | 1471/2360 [2:14:36<1:20:18,  5.42s/it]
 62%|██████▏   | 1472/2360 [2:14:41<1:19:55,  5.40s/it]
 62%|██████▏   | 1473/2360 [2:14:47<1:20:21,  5.44s/it]
 62%|██████▏   | 1474/2360 [2:14:52<1:20:13,  5.43s/it]
 62%|██████▎   | 1475/2360 [2:14:57<1:19:47,  5.41s/it]
 63%|██████▎   | 1476/2360 [2:15:03<1:20:11,  5.44s/it]
 63%|██████▎   | 1477/2360 [2:15:08<1:19:27,  5.40s/it]
 63%|██████▎   | 1478/2360 [2:15:14<1:19:53,  5.43s/it]
 63%|██████▎   | 1479/2360 [2:15:19<1:19:44,  5.43s/it]
 63%|██████▎   | 1480/2360 [2:15:24<1:19:17,  5.41s/it]
 63%|██████▎   | 1481/2360 [2:15:30<1:19:29,  5.43s/it]
 63%|██████▎   | 1482/2360 [2:15:35<1:19:38,  5.44s/it]
 63%|██████▎   | 1483/2360 [2:15:41<1:19:21,  5.43s/it]
 63%|██████▎   | 1484/2360 [2:15:46<1:19:27,  5.44s/it]
 63%|██████▎   | 1485/2360 [2:15:52<1:18:44,  5.40s/it]
 63%|██████▎   | 1486/2360 [2:15:57<1:18:58,  5.42s/it]
 63%|██████▎   | 1487/2360 [2:16:03<1:19:07,  5.44s/it]
 63%|██████▎   | 1488/2360 [2:16:08<1:18:38,  5.41s/it]
 63%|██████▎   | 1489/2360 [2:16:13<1:18:50,  5.43s/it]
 63%|██████▎   | 1490/2360 [2:16:19<1:18:23,  5.41s/it]
 63%|██████▎   | 1491/2360 [2:16:24<1:18:34,  5.43s/it]
 63%|██████▎   | 1492/2360 [2:16:30<1:18:09,  5.40s/it]
 63%|██████▎   | 1493/2360 [2:16:35<1:18:20,  5.42s/it]
 63%|██████▎   | 1494/2360 [2:16:40<1:18:40,  5.45s/it]
 63%|██████▎   | 1495/2360 [2:16:46<1:17:57,  5.41s/it]
 63%|██████▎   | 1496/2360 [2:16:51<1:18:22,  5.44s/it]
 63%|██████▎   | 1497/2360 [2:16:57<1:17:39,  5.40s/it]
 63%|██████▎   | 1498/2360 [2:17:02<1:18:04,  5.43s/it]
 64%|██████▎   | 1499/2360 [2:17:08<1:17:54,  5.43s/it]
 64%|██████▎   | 1500/2360 [2:17:13<1:17:27,  5.40s/it]
 64%|██████▎   | 1501/2360 [2:17:18<1:17:51,  5.44s/it]
 64%|██████▎   | 1502/2360 [2:17:24<1:17:42,  5.43s/it]
 64%|██████▎   | 1503/2360 [2:17:29<1:17:14,  5.41s/it]
 64%|██████▎   | 1504/2360 [2:17:35<1:17:38,  5.44s/it]
 64%|██████▍   | 1505/2360 [2:17:40<1:17:09,  5.42s/it]
 64%|██████▍   | 1506/2360 [2:17:46<1:17:19,  5.43s/it]
 64%|██████▍   | 1507/2360 [2:17:51<1:17:12,  5.43s/it]
 64%|██████▍   | 1508/2360 [2:17:56<1:16:46,  5.41s/it]
 64%|██████▍   | 1509/2360 [2:18:02<1:17:00,  5.43s/it]
 64%|██████▍   | 1510/2360 [2:18:07<1:16:47,  5.42s/it]
 64%|██████▍   | 1511/2360 [2:18:13<1:16:42,  5.42s/it]
 64%|██████▍   | 1512/2360 [2:18:18<1:16:18,  5.40s/it]
 64%|██████▍   | 1513/2360 [2:18:23<1:16:30,  5.42s/it]
 64%|██████▍   | 1514/2360 [2:18:29<1:16:51,  5.45s/it]
 64%|██████▍   | 1515/2360 [2:18:34<1:16:19,  5.42s/it]
 64%|██████▍   | 1516/2360 [2:18:40<1:16:13,  5.42s/it]
 64%|██████▍   | 1517/2360 [2:18:45<1:15:49,  5.40s/it]
 64%|██████▍   | 1518/2360 [2:18:51<1:16:02,  5.42s/it]
 64%|██████▍   | 1519/2360 [2:18:56<1:16:10,  5.43s/it]
 64%|██████▍   | 1520/2360 [2:19:01<1:15:55,  5.42s/it]
 64%|██████▍   | 1521/2360 [2:19:07<1:15:48,  5.42s/it]
 64%|██████▍   | 1522/2360 [2:19:12<1:15:56,  5.44s/it]
 65%|██████▍   | 1523/2360 [2:19:18<1:15:29,  5.41s/it]
 65%|██████▍   | 1524/2360 [2:19:23<1:15:40,  5.43s/it]
 65%|██████▍   | 1525/2360 [2:19:28<1:15:15,  5.41s/it]
 65%|██████▍   | 1526/2360 [2:19:34<1:15:26,  5.43s/it]
 65%|██████▍   | 1527/2360 [2:19:39<1:15:33,  5.44s/it]
 65%|██████▍   | 1528/2360 [2:19:45<1:15:04,  5.41s/it]
 65%|██████▍   | 1529/2360 [2:19:50<1:15:12,  5.43s/it]
 65%|██████▍   | 1530/2360 [2:19:56<1:14:46,  5.41s/it]
 65%|██████▍   | 1531/2360 [2:20:01<1:14:57,  5.43s/it]
 65%|██████▍   | 1532/2360 [2:20:06<1:14:32,  5.40s/it]
 65%|██████▍   | 1533/2360 [2:20:12<1:14:42,  5.42s/it]
 65%|██████▌   | 1534/2360 [2:20:17<1:14:51,  5.44s/it]
 65%|██████▌   | 1535/2360 [2:20:23<1:14:24,  5.41s/it]
 65%|██████▌   | 1536/2360 [2:20:28<1:14:33,  5.43s/it]
 65%|██████▌   | 1537/2360 [2:20:34<1:14:09,  5.41s/it]
 65%|██████▌   | 1538/2360 [2:20:39<1:14:19,  5.43s/it]
 65%|██████▌   | 1539/2360 [2:20:45<1:14:37,  5.45s/it]
 65%|██████▌   | 1540/2360 [2:20:50<1:13:52,  5.41s/it]
 65%|██████▌   | 1541/2360 [2:20:55<1:14:03,  5.43s/it]
 65%|██████▌   | 1542/2360 [2:21:01<1:14:09,  5.44s/it]
 65%|██████▌   | 1543/2360 [2:21:06<1:13:41,  5.41s/it]
 65%|██████▌   | 1544/2360 [2:21:12<1:14:03,  5.45s/it]
 65%|██████▌   | 1545/2360 [2:21:17<1:13:22,  5.40s/it]
 66%|██████▌   | 1546/2360 [2:21:22<1:13:46,  5.44s/it]
 66%|██████▌   | 1547/2360 [2:21:28<1:13:38,  5.43s/it]
 66%|██████▌   | 1548/2360 [2:21:33<1:13:11,  5.41s/it]
 66%|██████▌   | 1549/2360 [2:21:39<1:13:33,  5.44s/it]
 66%|██████▌   | 1550/2360 [2:21:44<1:12:52,  5.40s/it]
 66%|██████▌   | 1551/2360 [2:21:50<1:13:04,  5.42s/it]
 66%|██████▌   | 1552/2360 [2:21:55<1:12:55,  5.42s/it]
 66%|██████▌   | 1553/2360 [2:22:00<1:12:50,  5.42s/it]
 66%|██████▌   | 1554/2360 [2:22:06<1:12:58,  5.43s/it]
 66%|██████▌   | 1555/2360 [2:22:11<1:12:32,  5.41s/it]
 66%|██████▌   | 1556/2360 [2:22:17<1:12:53,  5.44s/it]
 66%|██████▌   | 1557/2360 [2:22:22<1:12:15,  5.40s/it]
 66%|██████▌   | 1558/2360 [2:22:27<1:12:37,  5.43s/it]
 66%|██████▌   | 1559/2360 [2:22:33<1:12:40,  5.44s/it]
 66%|██████▌   | 1560/2360 [2:22:38<1:12:13,  5.42s/it]
 66%|██████▌   | 1561/2360 [2:22:44<1:12:21,  5.43s/it]
 66%|██████▌   | 1562/2360 [2:22:49<1:12:14,  5.43s/it]
 66%|██████▌   | 1563/2360 [2:22:55<1:11:48,  5.41s/it]
 66%|██████▋   | 1564/2360 [2:23:00<1:11:58,  5.43s/it]
 66%|██████▋   | 1565/2360 [2:23:05<1:11:35,  5.40s/it]
 66%|██████▋   | 1566/2360 [2:23:11<1:11:47,  5.43s/it]
 66%|██████▋   | 1567/2360 [2:23:16<1:12:05,  5.46s/it]
 66%|██████▋   | 1568/2360 [2:23:22<1:11:23,  5.41s/it]
 66%|██████▋   | 1569/2360 [2:23:27<1:11:33,  5.43s/it]
 67%|██████▋   | 1570/2360 [2:23:33<1:11:20,  5.42s/it]
 67%|██████▋   | 1571/2360 [2:23:38<1:11:15,  5.42s/it]
 67%|██████▋   | 1572/2360 [2:23:43<1:11:05,  5.41s/it]
 67%|██████▋   | 1573/2360 [2:23:49<1:11:01,  5.42s/it]
 67%|██████▋   | 1574/2360 [2:23:54<1:11:09,  5.43s/it]
 67%|██████▋   | 1575/2360 [2:24:00<1:10:44,  5.41s/it]
 67%|██████▋   | 1576/2360 [2:24:05<1:10:54,  5.43s/it]
 67%|██████▋   | 1577/2360 [2:24:10<1:10:42,  5.42s/it]
 67%|██████▋   | 1578/2360 [2:24:16<1:10:47,  5.43s/it]
 67%|██████▋   | 1579/2360 [2:24:21<1:10:52,  5.45s/it]
 67%|██████▋   | 1580/2360 [2:24:27<1:10:12,  5.40s/it]
 67%|██████▋   | 1581/2360 [2:24:32<1:10:34,  5.44s/it]
 67%|██████▋   | 1582/2360 [2:24:38<1:10:26,  5.43s/it]
 67%|██████▋   | 1583/2360 [2:24:43<1:10:01,  5.41s/it]
 67%|██████▋   | 1584/2360 [2:24:48<1:10:10,  5.43s/it]
 67%|██████▋   | 1585/2360 [2:24:54<1:09:57,  5.42s/it]
 67%|██████▋   | 1586/2360 [2:24:59<1:09:53,  5.42s/it]
 67%|██████▋   | 1587/2360 [2:25:05<1:10:01,  5.44s/it]
 67%|██████▋   | 1588/2360 [2:25:10<1:09:35,  5.41s/it]
 67%|██████▋   | 1589/2360 [2:25:16<1:09:44,  5.43s/it]
 67%|██████▋   | 1590/2360 [2:25:21<1:09:21,  5.41s/it]
 67%|██████▋   | 1591/2360 [2:25:26<1:09:29,  5.42s/it]
 67%|██████▋   | 1592/2360 [2:25:32<1:09:19,  5.42s/it]
 68%|██████▊   | 1593/2360 [2:25:37<1:09:14,  5.42s/it]
 68%|██████▊   | 1594/2360 [2:25:43<1:09:34,  5.45s/it]
 68%|██████▊   | 1595/2360 [2:25:48<1:08:54,  5.40s/it]
 68%|██████▊   | 1596/2360 [2:25:54<1:09:16,  5.44s/it]
 68%|██████▊   | 1597/2360 [2:25:59<1:08:40,  5.40s/it]
 68%|██████▊   | 1598/2360 [2:26:04<1:09:00,  5.43s/it]
 68%|██████▊   | 1599/2360 [2:26:10<1:09:03,  5.44s/it]
 68%|██████▊   | 1600/2360 [2:26:15<1:08:25,  5.40s/it]
 68%|██████▊   | 1601/2360 [2:26:21<1:08:47,  5.44s/it]
 68%|██████▊   | 1602/2360 [2:26:26<1:08:39,  5.43s/it]
 68%|██████▊   | 1603/2360 [2:26:32<1:08:26,  5.42s/it]
 68%|██████▊   | 1604/2360 [2:26:37<1:08:29,  5.44s/it]
 68%|██████▊   | 1605/2360 [2:26:42<1:07:54,  5.40s/it]
 68%|██████▊   | 1606/2360 [2:26:48<1:08:05,  5.42s/it]
 68%|██████▊   | 1607/2360 [2:26:53<1:08:24,  5.45s/it]
 68%|██████▊   | 1608/2360 [2:26:59<1:07:44,  5.41s/it]
 68%|██████▊   | 1609/2360 [2:27:04<1:07:55,  5.43s/it]
 68%|██████▊   | 1610/2360 [2:27:09<1:07:33,  5.40s/it]
 68%|██████▊   | 1611/2360 [2:27:15<1:07:42,  5.42s/it]
 68%|██████▊   | 1612/2360 [2:27:20<1:07:22,  5.40s/it]
 68%|██████▊   | 1613/2360 [2:27:26<1:07:31,  5.42s/it]
 68%|██████▊   | 1614/2360 [2:27:31<1:07:37,  5.44s/it]
 68%|██████▊   | 1615/2360 [2:27:37<1:07:12,  5.41s/it]
 68%|██████▊   | 1616/2360 [2:27:42<1:07:30,  5.44s/it]
 69%|██████▊   | 1617/2360 [2:27:47<1:06:53,  5.40s/it]
 69%|██████▊   | 1618/2360 [2:27:53<1:07:12,  5.43s/it]
 69%|██████▊   | 1619/2360 [2:27:58<1:07:04,  5.43s/it]
 69%|██████▊   | 1620/2360 [2:28:04<1:06:52,  5.42s/it]
 69%|██████▊   | 1621/2360 [2:28:09<1:06:57,  5.44s/it]
 69%|██████▊   | 1622/2360 [2:28:15<1:06:48,  5.43s/it]
 69%|██████▉   | 1623/2360 [2:28:20<1:06:36,  5.42s/it]
 69%|██████▉   | 1624/2360 [2:28:25<1:06:31,  5.42s/it]
 69%|██████▉   | 1625/2360 [2:28:31<1:06:10,  5.40s/it]
 69%|██████▉   | 1626/2360 [2:28:36<1:06:31,  5.44s/it]
 69%|██████▉   | 1627/2360 [2:28:42<1:06:22,  5.43s/it]
 69%|██████▉   | 1628/2360 [2:28:47<1:06:09,  5.42s/it]
 69%|██████▉   | 1629/2360 [2:28:53<1:06:03,  5.42s/it]
 69%|██████▉   | 1630/2360 [2:28:58<1:05:43,  5.40s/it]
 69%|██████▉   | 1631/2360 [2:29:03<1:06:03,  5.44s/it]
 69%|██████▉   | 1632/2360 [2:29:09<1:05:28,  5.40s/it]
 69%|██████▉   | 1633/2360 [2:29:14<1:05:49,  5.43s/it]
 69%|██████▉   | 1634/2360 [2:29:20<1:05:42,  5.43s/it]
 69%|██████▉   | 1635/2360 [2:29:25<1:05:20,  5.41s/it]
 69%|██████▉   | 1636/2360 [2:29:30<1:05:39,  5.44s/it]
 69%|██████▉   | 1637/2360 [2:29:36<1:05:02,  5.40s/it]
 69%|██████▉   | 1638/2360 [2:29:41<1:05:22,  5.43s/it]
 69%|██████▉   | 1639/2360 [2:29:47<1:05:14,  5.43s/it]
 69%|██████▉   | 1640/2360 [2:29:52<1:04:51,  5.40s/it]
 70%|██████▉   | 1641/2360 [2:29:58<1:05:01,  5.43s/it]
 70%|██████▉   | 1642/2360 [2:30:03<1:05:08,  5.44s/it]
 70%|██████▉   | 1643/2360 [2:30:08<1:04:42,  5.42s/it]
 70%|██████▉   | 1644/2360 [2:30:14<1:04:51,  5.44s/it]
 70%|██████(0,)
It 1652, sqrt loss 0.006549, Val sim-RMS 0.02557, Time Loss: 97.5%, data: 0.7%, val: 1.9%,  5.5 sec/batch
▉   | 1645/2360 [2:30:19<1:04:37,  5.42s/it]
 70%|██████▉   | 1646/2360 [2:30:25<1:04:31,  5.42s/it]
 70%|██████▉   | 1647/2360 [2:30:30<1:04:37,  5.44s/it]
 70%|██████▉   | 1648/2360 [2:30:36<1:04:22,  5.43s/it]
 70%|██████▉   | 1649/2360 [2:30:41<1:04:16,  5.42s/it]
 70%|██████▉   | 1650/2360 [2:30:46<1:04:04,  5.42s/it]
 70%|██████▉   | 1651/2360 [2:30:52<1:04:00,  5.42s/it]
 70%|███████   | 1652/2360 [2:31:22<2:30:42, 12.77s/it]
 70%|███████   | 1653/2360 [2:31:27<2:04:29, 10.57s/it]
 70%|███████   | 1654/2360 [2:31:33<1:46:31,  9.05s/it]
 70%|███████   | 1655/2360 [2:31:38<1:33:17,  7.94s/it]
 70%|███████   | 1656/2360 [2:31:43<1:24:26,  7.20s/it]
 70%|███████   | 1657/2360 [2:31:49<1:18:06,  6.67s/it]
 70%|███████   | 1658/2360 [2:31:54<1:13:21,  6.27s/it]
 70%|███████   | 1659/2360 [2:32:00<1:10:37,  6.05s/it]
 70%|███████   | 1660/2360 [2:32:05<1:07:55,  5.82s/it]
 70%|███████   | 1661/2360 [2:32:11<1:06:35,  5.72s/it]
 70%|███████   | 1662/2360 [2:32:16<1:05:50,  5.66s/it]
 70%|███████   | 1663/2360 [2:32:21<1:04:29,  5.55s/it]
 71%|███████   | 1664/2360 [2:32:27<1:04:16,  5.54s/it]
 71%|███████   | 1665/2360 [2:32:32<1:03:30,  5.48s/it]
 71%|███████   | 1666/2360 [2:32:38<1:03:12,  5.46s/it]
 71%|███████   | 1667/2360 [2:32:43<1:02:53,  5.45s/it]
 71%|███████   | 1668/2360 [2:32:48<1:02:41,  5.44s/it]
 71%|███████   | 1669/2360 [2:32:54<1:02:43,  5.45s/it]
 71%|███████   | 1670/2360 [2:32:59<1:02:26,  5.43s/it]
 71%|███████   | 1671/2360 [2:33:05<1:02:19,  5.43s/it]
 71%|███████   | 1672/2360 [2:33:10<1:02:08,  5.42s/it]
 71%|███████   | 1673/2360 [2:33:16<1:02:02,  5.42s/it]
 71%|███████   | 1674/2360 [2:33:21<1:02:19,  5.45s/it]
 71%|███████   | 1675/2360 [2:33:26<1:01:52,  5.42s/it]
 71%|███████   | 1676/2360 [2:33:32<1:01:58,  5.44s/it]
 71%|███████   | 1677/2360 [2:33:37<1:01:25,  5.40s/it]
 71%|███████   | 1678/2360 [2:33:43<1:01:33,  5.42s/it]
 71%|███████   | 1679/2360 [2:33:48<1:01:39,  5.43s/it]
 71%|███████   | 1680/2360 [2:33:53<1:01:17,  5.41s/it]
 71%|███████   | 1681/2360 [2:33:59<1:01:34,  5.44s/it]
 71%|███████▏  | 1682/2360 [2:34:04<1:01:25,  5.44s/it]
 71%|███████▏  | 1683/2360 [2:34:10<1:01:11,  5.42s/it]
 71%|███████▏  | 1684/2360 [2:34:15<1:01:06,  5.42s/it]
 71%|███████▏  | 1685/2360 [2:34:21<1:00:45,  5.40s/it]
 71%|███████▏  | 1686/2360 [2:34:26<1:00:55,  5.42s/it]
 71%|███████▏  | 1687/2360 [2:34:32<1:01:01,  5.44s/it]
 72%|███████▏  | 1688/2360 [2:34:37<1:00:37,  5.41s/it]
 72%|███████▏  | 1689/2360 [2:34:42<1:00:44,  5.43s/it]
 72%|███████▏  | 1690/2360 [2:34:48<1:00:22,  5.41s/it]
 72%|███████▏  | 1691/2360 [2:34:53<1:00:29,  5.42s/it]
 72%|███████▏  | 1692/2360 [2:34:59<1:00:08,  5.40s/it]
 72%|███████▏  | 1693/2360 [2:35:04<1:00:25,  5.44s/it]
 72%|███████▏  | 1694/2360 [2:35:09<1:00:18,  5.43s/it]
 72%|███████▏  | 1695/2360 [2:35:15<59:56,  5.41s/it]  
 72%|███████▏  | 1696/2360 [2:35:20<1:00:02,  5.43s/it]
 72%|███████▏  | 1697/2360 [2:35:26<59:42,  5.40s/it]  
 72%|███████▏  | 1698/2360 [2:35:31<59:50,  5.42s/it]
 72%|███████▏  | 1699/2360 [2:35:37<59:54,  5.44s/it]
 72%|███████▏  | 1700/2360 [2:35:42<59:30,  5.41s/it]
 72%|███████▏  | 1701/2360 [2:35:47<59:37,  5.43s/it]
 72%|███████▏  | 1702/2360 [2:35:53<59:41,  5.44s/it]
 72%|███████▏  | 1703/2360 [2:35:58<59:27,  5.43s/it]
 72%|███████▏  | 1704/2360 [2:36:04<59:30,  5.44s/it]
 72%|███████▏  | 1705/2360 [2:36:09<58:57,  5.40s/it]
 72%|███████▏  | 1706/2360 [2:36:15<59:07,  5.42s/it]
 72%|███████▏  | 1707/2360 [2:36:20<59:21,  5.45s/it]
 72%|███████▏  | 1708/2360 [2:36:25<58:54,  5.42s/it]
 72%|███████▏  | 1709/2360 [2:36:31<59:00,  5.44s/it]
 72%|███████▏  | 1710/2360 [2:36:36<58:28,  5.40s/it]
 72%|███████▎  | 1711/2360 [2:36:42<58:37,  5.42s/it]
 73%|███████▎  | 1712/2360 [2:36:47<58:19,  5.40s/it]
 73%|███████▎  | 1713/2360 [2:36:52<58:27,  5.42s/it]
 73%|███████▎  | 1714/2360 [2:36:58<58:32,  5.44s/it]
 73%|███████▎  | 1715/2360 [2:37:03<58:11,  5.41s/it]
 73%|███████▎  | 1716/2360 [2:37:09<58:26,  5.44s/it]
 73%|███████▎  | 1717/2360 [2:37:14<58:01,  5.42s/it]
 73%|███████▎  | 1718/2360 [2:37:20<57:56,  5.42s/it]
 73%|███████▎  | 1719/2360 [2:37:25<58:10,  5.45s/it]
 73%|███████▎  | 1720/2360 [2:37:30<57:36,  5.40s/it]
 73%|███████▎  | 1721/2360 [2:37:36<57:44,  5.42s/it]
 73%|███████▎  | 1722/2360 [2:37:41<57:49,  5.44s/it]
 73%|███████▎  | 1723/2360 [2:37:47<57:26,  5.41s/it]
 73%|███████▎  | 1724/2360 [2:37:52<57:33,  5.43s/it]
 73%|███████▎  | 1725/2360 [2:37:58<57:13,  5.41s/it]
 73%|███████▎  | 1726/2360 [2:38:03<57:20,  5.43s/it]
 73%|███████▎  | 1727/2360 [2:38:08<57:23,  5.44s/it]
 73%|███████▎  | 1728/2360 [2:38:14<57:10,  5.43s/it]
 73%|███████▎  | 1729/2360 [2:38:19<57:03,  5.43s/it]
 73%|███████▎  | 1730/2360 [2:38:25<56:53,  5.42s/it]
 73%|███████▎  | 1731/2360 [2:38:30<56:48,  5.42s/it]
 73%|███████▎  | 1732/2360 [2:38:35<56:30,  5.40s/it]
 73%|███████▎  | 1733/2360 [2:38:41<56:47,  5.43s/it]
 73%|███████▎  | 1734/2360 [2:38:46<56:39,  5.43s/it]
 74%|███████▎  | 1735/2360 [2:38:52<56:19,  5.41s/it]
 74%|███████▎  | 1736/2360 [2:38:57<56:26,  5.43s/it]
 74%|███████▎  | 1737/2360 [2:39:03<56:15,  5.42s/it]
 74%|███████▎  | 1738/2360 [2:39:08<56:10,  5.42s/it]
 74%|███████▎  | 1739/2360 [2:39:14<56:14,  5.43s/it]
 74%|███████▎  | 1740/2360 [2:39:19<55:52,  5.41s/it]
 74%|███████▍  | 1741/2360 [2:39:24<56:07,  5.44s/it]
 74%|███████▍  | 1742/2360 [2:39:30<56:00,  5.44s/it]
 74%|███████▍  | 1743/2360 [2:39:35<55:48,  5.43s/it]
 74%|███████▍  | 1744/2360 [2:39:41<55:41,  5.42s/it]
 74%|███████▍  | 1745/2360 [2:39:46<55:31,  5.42s/it]
 74%|███████▍  | 1746/2360 [2:39:52<55:35,  5.43s/it]
 74%|███████▍  | 1747/2360 [2:39:57<55:41,  5.45s/it]
 74%|███████▍  | 1748/2360 [2:40:02<55:17,  5.42s/it]
 74%|███████▍  | 1749/2360 [2:40:08<55:13,  5.42s/it]
 74%|███████▍  | 1750/2360 [2:40:13<54:54,  5.40s/it]
 74%|███████▍  | 1751/2360 [2:40:19<55:01,  5.42s/it]
 74%|███████▍  | 1752/2360 [2:40:24<54:42,  5.40s/it]
 74%|███████▍  | 1753/2360 [2:40:29<54:50,  5.42s/it]
 74%|███████▍  | 1754/2360 [2:40:35<55:02,  5.45s/it]
 74%|███████▍  | 1755/2360 [2:40:40<54:38,  5.42s/it]
 74%|███████▍  | 1756/2360 [2:40:46<54:42,  5.44s/it]
 74%|███████▍  | 1757/2360 [2:40:51<54:12,  5.39s/it]
 74%|███████▍  | 1758/2360 [2:40:57<54:20,  5.42s/it]
 75%|███████▍  | 1759/2360 [2:41:02<54:24,  5.43s/it]
 75%|███████▍  | 1760/2360 [2:41:07<54:03,  5.41s/it]
 75%|███████▍  | 1761/2360 [2:41:13<54:09,  5.42s/it]
 75%|███████▍  | 1762/2360 [2:41:18<54:13,  5.44s/it]
 75%|███████▍  | 1763/2360 [2:41:24<53:51,  5.41s/it]
 75%|███████▍  | 1764/2360 [2:41:29<53:57,  5.43s/it]
 75%|███████▍  | 1765/2360 [2:41:35<53:46,  5.42s/it]
 75%|███████▍  | 1766/2360 [2:41:40<53:50,  5.44s/it]
 75%|███████▍  | 1767/2360 [2:41:45<53:42,  5.43s/it]
 75%|███████▍  | 1768/2360 [2:41:51<53:22,  5.41s/it]
 75%|███████▍  | 1769/2360 [2:41:56<53:37,  5.44s/it]
 75%|███████▌  | 1770/2360 [2:42:02<53:08,  5.40s/it]
 75%|███████▌  | 1771/2360 [2:42:07<53:13,  5.42s/it]
 75%|███████▌  | 1772/2360 [2:42:12<52:54,  5.40s/it]
 75%|███████▌  | 1773/2360 [2:42:18<53:00,  5.42s/it]
 75%|███████▌  | 1774/2360 [2:42:23<53:04,  5.43s/it]
 75%|███████▌  | 1775/2360 [2:42:29<52:44,  5.41s/it]
 75%|███████▌  | 1776/2360 [2:42:34<53:00,  5.45s/it]
 75%|███████▌  | 1777/2360 [2:42:40<52:29,  5.40s/it]
 75%|███████▌  | 1778/2360 [2:42:45<52:44,  5.44s/it]
 75%|███████▌  | 1779/2360 [2:42:50<52:36,  5.43s/it]
 75%|███████▌  | 1780/2360 [2:42:56<52:17,  5.41s/it]
 75%|███████▌  | 1781/2360 [2:43:01<52:21,  5.43s/it]
 76%|███████▌  | 1782/2360 [2:43:07<52:24,  5.44s/it]
 76%|███████▌  | 1783/2360 [2:43:12<52:03,  5.41s/it]
 76%|███████▌  | 1784/2360 [2:43:18<52:16,  5.44s/it]
 76%|███████▌  | 1785/2360 [2:43:23<51:54,  5.42s/it]
 76%|███████▌  | 1786/2360 [2:43:28<51:59,  5.43s/it]
 76%|███████▌  | 1787/2360 [2:43:34<51:52,  5.43s/it]
 76%|███████▌  | 1788/2360 [2:43:39<51:32,  5.41s/it]
 76%|███████▌  | 1789/2360 [2:43:45<51:38,  5.43s/it]
 76%|███████▌  | 1790/2360 [2:43:50<51:28,  5.42s/it]
 76%|███████▌  | 1791/2360 [2:43:56<51:23,  5.42s/it]
 76%|███████▌  | 1792/2360 [2:44:01<51:05,  5.40s/it]
 76%|███████▌  | 1793/2360 [2:44:06<51:12,  5.42s/it]
 76%|███████▌  | 1794/2360 [2:44:12<51:16,  5.44s/it]
 76%|███████▌  | 1795/2360 [2:44:17<50:56,  5.41s/it]
 76%|███████▌  | 1796/2360 [2:44:23<51:09,  5.44s/it]
 76%|███████▌  | 1797/2360 [2:44:28<50:40,  5.40s/it]
 76%|███████▌  | 1798/2360 [2:44:33<50:53,  5.43s/it]
 76%|███████▌  | 1799/2360 [2:44:39<50:55,  5.45s/it]
 76%|███████▋  | 1800/2360 [2:44:44<50:25,  5.40s/it]
 76%|███████▋  | 1801/2360 [2:44:50<50:39,  5.44s/it]
 76%|███████▋  | 1802/2360 [2:44:55<50:41,  5.45s/it]
 76%|███████▋  | 1803/2360 [2:45:01<50:18,  5.42s/it]
 76%|███████▋  | 1804/2360 [2:45:06<50:13,  5.42s/it]
 76%|███████▋  | 1805/2360 [2:45:11<50:04,  5.41s/it]
 77%|███████▋  | 1806/2360 [2:45:17<50:08,  5.43s/it]
 77%|███████▋  | 1807/2360 [2:45:22<50:02,  5.43s/it]
 77%|███████▋  | 1808/2360 [2:45:28<49:43,  5.41s/it]
 77%|███████▋  | 1809/2360 [2:45:33<49:50,  5.43s/it]
 77%|███████▋  | 1810/2360 [2:45:38<49:31,  5.40s/it]
 77%|███████▋  | 1811/2360 [2:45:44<49:36,  5.42s/it]
 77%|███████▋  | 1812/2360 [2:45:49<49:20,  5.40s/it]
 77%|███████▋  | 1813/2360 [2:45:55<49:26,  5.42s/it]
 77%|███████▋  | 1814/2360 [2:46:00<49:29,  5.44s/it]
 77%|███████▋  | 1815/2360 [2:46:06<49:09,  5.41s/it]
 77%|███████▋  | 1816/2360 [2:46:11<49:13,  5.43s/it]
 77%|███████▋  | 1817/2360 [2:46:16<49:03,  5.42s/it]
 77%|███████▋  | 1818/2360 [2:46:22<48:57,  5.42s/it]
 77%|███████▋  | 1819/2360 [2:46:27<48:59,  5.43s/it]
 77%|███████▋  | 1820/2360 [2:46:33<48:40,  5.41s/it]
 77%|███████▋  | 1821/2360 [2:46:38<48:45,  5.43s/it]
 77%|███████▋  | 1822/2360 [2:46:44<48:56,  5.46s/it]
 77%|███████▋  | 1823/2360 [2:46:49<48:26,  5.41s/it]
 77%|███████▋  | 1824/2360 [2:46:55<48:31,  5.43s/it]
 77%|███████▋  | 1825/2360 [2:47:00<48:13,  5.41s/it]
 77%|███████▋  | 1826/2360 [2:47:05<48:17,  5.43s/it]
 77%|███████▋  | 1827/2360 [2:47:11<48:20,  5.44s/it]
 77%|███████▋  | 1828/2360 [2:47:16<48:00,  5.41s/it]
 78%|███████▊  | 1829/2360 [2:47:22<48:04,  5.43s/it]
 78%|███████▊  | 1830/2360 [2:47:27<47:53,  5.42s/it]
 78%|███████▊  | 1831/2360 [2:47:32<47:47,  5.42s/it]
 78%|███████▊  | 1832/2360 [2:47:38<47:30,  5.40s/it]
 78%|███████▊  | 1833/2360 [2:47:43<47:35,  5.42s/it]
 78%|███████▊  | 1834/2360 [2:47:49<47:38,  5.43s/it]
 78%|███████▊  | 1835/2360 [2:47:54<47:26,  5.42s/it]
 78%|███████▊  | 1836/2360 [2:48:00<47:20,  5.42s/it]
 78%|███████▊  | 1837/2360 [2:48:05<47:02,  5.40s/it]
 78%|███████▊  | 1838/2360 [2:48:10<47:07,  5.42s/it]
 78%|███████▊  | 1839/2360 [2:48:16<47:09,  5.43s/it]
 78%|███████▊  | 1840/2360 [2:48:21<46:50,  5.41s/it]
 78%|███████▊  | 1841/2360 [2:48:27<46:56,  5.43s/it]
 78%|███████▊  | 1842/2360 [2:48:32<47:06,  5.46s/it]
 78%|███████▊  | 1843/2360 [2:48:38<46:43,  5.42s/it]
 78%|███████▊  | 1844/2360 [2:48:43<46:39,  5.42s/it]
 78%|███████▊  | 1845/2360 [2:48:48<46:30,  5.42s/it]
 78%|███████▊  | 1846/2360 [2:48:54<46:26,  5.42s/it]
 78%|███████▊  | 1847/2360 [2:48:59<46:37,  5.45s/it]
 78%|███████▊  | 1848/2360 [2:49:05<46:08,  5.41s/it]
 78%|███████▊  | 1849/2360 [2:49:10<46:13,  5.43s/it]
 78%|███████▊  | 1850/2360 [2:49:15<45:55,  5.40s/it]
 78%|███████▊  | 1851/2360 [2:49:21<46:08,  5.44s/it]
 78%|███████▊  | 1852/2360 [2:49:26<45:41,  5.40s/it]
 79%|███████▊  | 1853/2360 [2:49:32<45:54,  5.43s/it]
 79%|███████▊  | 1854/2360 [2:49:37<45:47,  5.43s/it]
 79%|███████▊  | 1855/2360 [2:49:43<45:30,  5.41s/it]
 79%|███████▊  | 1856/2360 [2:49:48<45:34,  5.42s/it]
 79%|███████▊  | 1857/2360 [2:49:53<45:24,  5.42s/it]
 79%|███████▊  | 1858/2360 [2:49:59<45:19,  5.42s/it]
 79%|███████▉  | 1859/2360 [2:50:04<45:30,  5.45s/it]
 79%|███████▉  | 1860/2360 [2:50:10<45:03,  5.41s/it]
 79%|███████▉  | 1861/2360 [2:50:15<45:07,  5.43s/it]
 79%|███████▉  | 1862/2360 [2:50:21<45:16,  5.46s/it]
 79%|███████▉  | 1863/2360 [2:50:26<44:48,  5.41s/it]
 79%|███████▉  | 1864/2360 [2:50:31<44:52,  5.43s/it]
 79%|███████▉  | 1865/2360 [2:50:37<44:34,  5.40s/it]
 79%|███████▉  | 1866/2360 [2:50:42<44:38,  5.42s/it]
 79%|███████▉  | 1867/2360 [2:50:48<44:41,  5.44s/it]
 79%|███████▉  | 1868/2360 [2:50:53<44:23,  5.41s/it]
 79%|███████▉  | 1869/2360 [2:50:59<44:27,  5.43s/it]
 79%|███████▉  | 1870/2360 [2:51:04<44:10,  5.41s/it]
 79%|███████▉  | 1871/2360 [2:51:09<44:14,  5.43s/it]
 79%|███████▉  | 1872/2360 [2:51:15<44:04,  5.42s/it]
 79%|███████▉  | 1873/2360 [2:51:20<44:00,  5.42s/it]
 79%|███████▉  | 1874/2360 [2:51:26<44:10,  5.45s/it]
 79%|███████▉  | 1875/2360 [2:51:31<43:42,  5.41s/it]
 79%|███████▉  | 1876/2360 [2:51:37<43:54,  5.44s/it]
 80%|███████▉  | 1877/2360 [2:51:42<43:36,  5.42s/it]
 80%|███████▉  | 1878/2360 [2:51:47<43:38,  5.43s(0,)
It 1888, sqrt loss 0.008062, Val sim-RMS 0.02438, Time Loss: 97.5%, data: 0.7%, val: 1.9%,  5.5 sec/batch
/it]
 80%|███████▉  | 1879/2360 [2:51:53<43:31,  5.43s/it]
 80%|███████▉  | 1880/2360 [2:51:58<43:21,  5.42s/it]
 80%|███████▉  | 1881/2360 [2:52:04<43:16,  5.42s/it]
 80%|███████▉  | 1882/2360 [2:52:09<43:18,  5.44s/it]
 80%|███████▉  | 1883/2360 [2:52:14<43:08,  5.43s/it]
 80%|███████▉  | 1884/2360 [2:52:20<43:01,  5.42s/it]
 80%|███████▉  | 1885/2360 [2:52:25<42:45,  5.40s/it]
 80%|███████▉  | 1886/2360 [2:52:31<42:58,  5.44s/it]
 80%|███████▉  | 1887/2360 [2:52:36<42:50,  5.43s/it]
 80%|████████  | 1888/2360 [2:53:06<1:40:37, 12.79s/it]
 80%|████████  | 1889/2360 [2:53:12<1:23:03, 10.58s/it]
 80%|████████  | 1890/2360 [2:53:17<1:10:35,  9.01s/it]
 80%|████████  | 1891/2360 [2:53:22<1:02:07,  7.95s/it]
 80%|████████  | 1892/2360 [2:53:28<55:54,  7.17s/it]  
 80%|████████  | 1893/2360 [2:53:33<51:56,  6.67s/it]
 80%|████████  | 1894/2360 [2:53:39<49:02,  6.31s/it]
 80%|████████  | 1895/2360 [2:53:44<46:35,  6.01s/it]
 80%|████████  | 1896/2360 [2:53:50<45:12,  5.85s/it]
 80%|████████  | 1897/2360 [2:53:55<44:04,  5.71s/it]
 80%|████████  | 1898/2360 [2:54:00<43:25,  5.64s/it]
 80%|████████  | 1899/2360 [2:54:06<42:49,  5.57s/it]
 81%|████████  | 1900/2360 [2:54:11<42:20,  5.52s/it]
 81%|████████  | 1901/2360 [2:54:17<42:00,  5.49s/it]
 81%|████████  | 1902/2360 [2:54:22<41:52,  5.49s/it]
 81%|████████  | 1903/2360 [2:54:27<41:28,  5.45s/it]
 81%|████████  | 1904/2360 [2:54:33<41:27,  5.45s/it]
 81%|████████  | 1905/2360 [2:54:38<41:13,  5.44s/it]
 81%|████████  | 1906/2360 [2:54:44<41:05,  5.43s/it]
 81%|████████  | 1907/2360 [2:54:49<41:05,  5.44s/it]
 81%|████████  | 1908/2360 [2:54:55<40:47,  5.41s/it]
 81%|████████  | 1909/2360 [2:55:00<40:49,  5.43s/it]
 81%|████████  | 1910/2360 [2:55:05<40:32,  5.41s/it]
 81%|████████  | 1911/2360 [2:55:11<40:35,  5.42s/it]
 81%|████████  | 1912/2360 [2:55:16<40:19,  5.40s/it]
 81%|████████  | 1913/2360 [2:55:22<40:22,  5.42s/it]
 81%|████████  | 1914/2360 [2:55:27<40:24,  5.44s/it]
 81%|████████  | 1915/2360 [2:55:32<40:07,  5.41s/it]
 81%|████████  | 1916/2360 [2:55:38<40:09,  5.43s/it]
 81%|████████  | 1917/2360 [2:55:43<39:53,  5.40s/it]
 81%|████████▏ | 1918/2360 [2:55:49<40:02,  5.44s/it]
 81%|████████▏ | 1919/2360 [2:55:54<39:55,  5.43s/it]
 81%|████████▏ | 1920/2360 [2:56:00<39:46,  5.42s/it]
 81%|████████▏ | 1921/2360 [2:56:05<39:41,  5.42s/it]
 81%|████████▏ | 1922/2360 [2:56:11<39:48,  5.45s/it]
 81%|████████▏ | 1923/2360 [2:56:16<39:22,  5.41s/it]
 82%|████████▏ | 1924/2360 [2:56:21<39:32,  5.44s/it]
 82%|████████▏ | 1925/2360 [2:56:27<39:08,  5.40s/it]
 82%|████████▏ | 1926/2360 [2:56:32<39:12,  5.42s/it]
 82%|████████▏ | 1927/2360 [2:56:38<39:14,  5.44s/it]
 82%|████████▏ | 1928/2360 [2:56:43<39:03,  5.43s/it]
 82%|████████▏ | 1929/2360 [2:56:48<38:57,  5.42s/it]
 82%|████████▏ | 1930/2360 [2:56:54<38:48,  5.41s/it]
 82%|████████▏ | 1931/2360 [2:56:59<38:44,  5.42s/it]
 82%|████████▏ | 1932/2360 [2:57:05<38:36,  5.41s/it]
 82%|████████▏ | 1933/2360 [2:57:10<38:31,  5.41s/it]
 82%|████████▏ | 1934/2360 [2:57:16<38:33,  5.43s/it]
 82%|████████▏ | 1935/2360 [2:57:21<38:17,  5.41s/it]
 82%|████████▏ | 1936/2360 [2:57:26<38:20,  5.43s/it]
 82%|████████▏ | 1937/2360 [2:57:32<38:05,  5.40s/it]
 82%|████████▏ | 1938/2360 [2:57:37<38:14,  5.44s/it]
 82%|████████▏ | 1939/2360 [2:57:43<38:14,  5.45s/it]
 82%|████████▏ | 1940/2360 [2:57:48<37:55,  5.42s/it]
 82%|████████▏ | 1941/2360 [2:57:53<37:50,  5.42s/it]
 82%|████████▏ | 1942/2360 [2:57:59<37:52,  5.44s/it]
 82%|████████▏ | 1943/2360 [2:58:04<37:36,  5.41s/it]
 82%|████████▏ | 1944/2360 [2:58:10<37:44,  5.44s/it]
 82%|████████▏ | 1945/2360 [2:58:15<37:27,  5.41s/it]
 82%|████████▏ | 1946/2360 [2:58:21<37:22,  5.42s/it]
 82%|████████▎ | 1947/2360 [2:58:26<37:30,  5.45s/it]
 83%|████████▎ | 1948/2360 [2:58:31<37:06,  5.40s/it]
 83%|████████▎ | 1949/2360 [2:58:37<37:09,  5.42s/it]
 83%|████████▎ | 1950/2360 [2:58:42<36:54,  5.40s/it]
 83%|████████▎ | 1951/2360 [2:58:48<37:03,  5.44s/it]
 83%|████████▎ | 1952/2360 [2:58:53<36:41,  5.40s/it]
 83%|████████▎ | 1953/2360 [2:58:59<36:44,  5.42s/it]
 83%|████████▎ | 1954/2360 [2:59:04<36:46,  5.43s/it]
 83%|████████▎ | 1955/2360 [2:59:09<36:29,  5.41s/it]
 83%|████████▎ | 1956/2360 [2:59:15<36:37,  5.44s/it]
 83%|████████▎ | 1957/2360 [2:59:20<36:14,  5.40s/it]
 83%|████████▎ | 1958/2360 [2:59:26<36:17,  5.42s/it]
 83%|████████▎ | 1959/2360 [2:59:31<36:24,  5.45s/it]
 83%|████████▎ | 1960/2360 [2:59:36<36:01,  5.40s/it]
 83%|████████▎ | 1961/2360 [2:59:42<36:04,  5.43s/it]
 83%|████████▎ | 1962/2360 [2:59:47<36:05,  5.44s/it]
 83%|████████▎ | 1963/2360 [2:59:53<35:49,  5.41s/it]
 83%|████████▎ | 1964/2360 [2:59:58<35:51,  5.43s/it]
 83%|████████▎ | 1965/2360 [3:00:04<35:42,  5.42s/it]
 83%|████████▎ | 1966/2360 [3:00:09<35:36,  5.42s/it]
 83%|████████▎ | 1967/2360 [3:00:15<35:36,  5.44s/it]
 83%|████████▎ | 1968/2360 [3:00:20<35:21,  5.41s/it]
 83%|████████▎ | 1969/2360 [3:00:25<35:23,  5.43s/it]
 83%|████████▎ | 1970/2360 [3:00:31<35:07,  5.40s/it]
 84%|████████▎ | 1971/2360 [3:00:36<35:10,  5.43s/it]
 84%|████████▎ | 1972/2360 [3:00:42<34:55,  5.40s/it]
 84%|████████▎ | 1973/2360 [3:00:47<34:58,  5.42s/it]
 84%|████████▎ | 1974/2360 [3:00:52<34:58,  5.44s/it]
 84%|████████▎ | 1975/2360 [3:00:58<34:48,  5.43s/it]
 84%|████████▎ | 1976/2360 [3:01:03<34:42,  5.42s/it]
 84%|████████▍ | 1977/2360 [3:01:09<34:28,  5.40s/it]
 84%|████████▍ | 1978/2360 [3:01:14<34:30,  5.42s/it]
 84%|████████▍ | 1979/2360 [3:01:20<34:30,  5.43s/it]
 84%|████████▍ | 1980/2360 [3:01:25<34:15,  5.41s/it]
 84%|████████▍ | 1981/2360 [3:01:30<34:16,  5.43s/it]
 84%|████████▍ | 1982/2360 [3:01:36<34:22,  5.46s/it]
 84%|████████▍ | 1983/2360 [3:01:41<33:58,  5.41s/it]
 84%|████████▍ | 1984/2360 [3:01:47<34:05,  5.44s/it]
 84%|████████▍ | 1985/2360 [3:01:52<33:44,  5.40s/it]
 84%|████████▍ | 1986/2360 [3:01:57<33:47,  5.42s/it]
 84%|████████▍ | 1987/2360 [3:02:03<33:53,  5.45s/it]
 84%|████████▍ | 1988/2360 [3:02:08<33:36,  5.42s/it]
 84%|████████▍ | 1989/2360 [3:02:14<33:36,  5.44s/it]
 84%|████████▍ | 1990/2360 [3:02:19<33:16,  5.39s/it]
 84%|████████▍ | 1991/2360 [3:02:25<33:19,  5.42s/it]
 84%|████████▍ | 1992/2360 [3:02:30<33:12,  5.42s/it]
 84%|████████▍ | 1993/2360 [3:02:35<33:13,  5.43s/it]
 84%|████████▍ | 1994/2360 [3:02:41<33:06,  5.43s/it]
 85%|████████▍ | 1995/2360 [3:02:46<32:52,  5.40s/it]
 85%|████████▍ | 1996/2360 [3:02:52<32:54,  5.42s/it]
 85%|████████▍ | 1997/2360 [3:02:57<32:45,  5.41s/it]
 85%|████████▍ | 1998/2360 [3:03:03<32:40,  5.41s/it]
 85%|████████▍ | 1999/2360 [3:03:08<32:45,  5.45s/it]
 85%|████████▍ | 2000/2360 [3:03:13<32:30,  5.42s/it]
 85%|████████▍ | 2001/2360 [3:03:19<32:30,  5.43s/it]
 85%|████████▍ | 2002/2360 [3:03:24<32:24,  5.43s/it]
 85%|████████▍ | 2003/2360 [3:03:30<32:09,  5.41s/it]
 85%|████████▍ | 2004/2360 [3:03:35<32:16,  5.44s/it]
 85%|████████▍ | 2005/2360 [3:03:40<31:56,  5.40s/it]
 85%|████████▌ | 2006/2360 [3:03:46<31:57,  5.42s/it]
 85%|████████▌ | 2007/2360 [3:03:51<31:58,  5.43s/it]
 85%|████████▌ | 2008/2360 [3:03:57<31:49,  5.42s/it]
 85%|████████▌ | 2009/2360 [3:04:02<31:43,  5.42s/it]
 85%|████████▌ | 2010/2360 [3:04:08<31:30,  5.40s/it]
 85%|████████▌ | 2011/2360 [3:04:13<31:32,  5.42s/it]
 85%|████████▌ | 2012/2360 [3:04:18<31:19,  5.40s/it]
 85%|████████▌ | 2013/2360 [3:04:24<31:21,  5.42s/it]
 85%|████████▌ | 2014/2360 [3:04:29<31:21,  5.44s/it]
 85%|████████▌ | 2015/2360 [3:04:35<31:11,  5.43s/it]
 85%|████████▌ | 2016/2360 [3:04:40<31:11,  5.44s/it]
 85%|████████▌ | 2017/2360 [3:04:46<30:57,  5.42s/it]
 86%|████████▌ | 2018/2360 [3:04:51<30:52,  5.42s/it]
 86%|████████▌ | 2019/2360 [3:04:57<30:58,  5.45s/it]
 86%|████████▌ | 2020/2360 [3:05:02<30:38,  5.41s/it]
 86%|████████▌ | 2021/2360 [3:05:07<30:45,  5.44s/it]
 86%|████████▌ | 2022/2360 [3:05:13<30:38,  5.44s/it]
 86%|████████▌ | 2023/2360 [3:05:18<30:24,  5.41s/it]
 86%|████████▌ | 2024/2360 [3:05:24<30:29,  5.45s/it]
 86%|████████▌ | 2025/2360 [3:05:29<30:09,  5.40s/it]
 86%|████████▌ | 2026/2360 [3:05:34<30:11,  5.42s/it]
 86%|████████▌ | 2027/2360 [3:05:40<30:15,  5.45s/it]
 86%|████████▌ | 2028/2360 [3:05:45<29:59,  5.42s/it]
 86%|████████▌ | 2029/2360 [3:05:51<29:54,  5.42s/it]
 86%|████████▌ | 2030/2360 [3:05:56<29:42,  5.40s/it]
 86%|████████▌ | 2031/2360 [3:06:02<29:44,  5.42s/it]
 86%|████████▌ | 2032/2360 [3:06:07<29:31,  5.40s/it]
 86%|████████▌ | 2033/2360 [3:06:12<29:32,  5.42s/it]
 86%|████████▌ | 2034/2360 [3:06:18<29:36,  5.45s/it]
 86%|████████▌ | 2035/2360 [3:06:23<29:15,  5.40s/it]
 86%|████████▋ | 2036/2360 [3:06:29<29:17,  5.42s/it]
 86%|████████▋ | 2037/2360 [3:06:34<29:04,  5.40s/it]
 86%|████████▋ | 2038/2360 [3:06:39<29:04,  5.42s/it]
 86%|████████▋ | 2039/2360 [3:06:45<29:09,  5.45s/it]
 86%|████████▋ | 2040/2360 [3:06:50<28:50,  5.41s/it]
 86%|████████▋ | 2041/2360 [3:06:56<28:50,  5.43s/it]
 87%|████████▋ | 2042/2360 [3:07:01<28:49,  5.44s/it]
 87%|████████▋ | 2043/2360 [3:07:07<28:36,  5.41s/it]
 87%|████████▋ | 2044/2360 [3:07:12<28:36,  5.43s/it]
 87%|████████▋ | 2045/2360 [3:07:17<28:23,  5.41s/it]
 87%|████████▋ | 2046/2360 [3:07:23<28:23,  5.42s/it]
 87%|████████▋ | 2047/2360 [3:07:28<28:27,  5.46s/it]
 87%|████████▋ | 2048/2360 [3:07:34<28:08,  5.41s/it]
 87%|████████▋ | 2049/2360 [3:07:39<28:08,  5.43s/it]
 87%|████████▋ | 2050/2360 [3:07:45<27:54,  5.40s/it]
 87%|████████▋ | 2051/2360 [3:07:50<27:56,  5.42s/it]
 87%|████████▋ | 2052/2360 [3:07:55<27:43,  5.40s/it]
 87%|████████▋ | 2053/2360 [3:08:01<27:44,  5.42s/it]
 87%|████████▋ | 2054/2360 [3:08:06<27:48,  5.45s/it]
 87%|████████▋ | 2055/2360 [3:08:12<27:32,  5.42s/it]
 87%|████████▋ | 2056/2360 [3:08:17<27:27,  5.42s/it]
 87%|████████▋ | 2057/2360 [3:08:22<27:20,  5.41s/it]
 87%|████████▋ | 2058/2360 [3:08:28<27:15,  5.41s/it]
 87%|████████▋ | 2059/2360 [3:08:33<27:19,  5.45s/it]
 87%|████████▋ | 2060/2360 [3:08:39<27:01,  5.40s/it]
 87%|████████▋ | 2061/2360 [3:08:44<27:01,  5.42s/it]
 87%|████████▋ | 2062/2360 [3:08:50<27:05,  5.45s/it]
 87%|████████▋ | 2063/2360 [3:08:55<26:50,  5.42s/it]
 87%|████████▋ | 2064/2360 [3:09:00<26:44,  5.42s/it]
 88%|████████▊ | 2065/2360 [3:09:06<26:37,  5.41s/it]
 88%|████████▊ | 2066/2360 [3:09:11<26:32,  5.42s/it]
 88%|████████▊ | 2067/2360 [3:09:17<26:31,  5.43s/it]
 88%|████████▊ | 2068/2360 [3:09:22<26:18,  5.41s/it]
 88%|████████▊ | 2069/2360 [3:09:28<26:19,  5.43s/it]
 88%|████████▊ | 2070/2360 [3:09:33<26:11,  5.42s/it]
 88%|████████▊ | 2071/2360 [3:09:38<26:06,  5.42s/it]
 88%|████████▊ | 2072/2360 [3:09:44<25:58,  5.41s/it]
 88%|████████▊ | 2073/2360 [3:09:49<25:53,  5.41s/it]
 88%|████████▊ | 2074/2360 [3:09:55<25:52,  5.43s/it]
 88%|████████▊ | 2075/2360 [3:10:00<25:40,  5.40s/it]
 88%|████████▊ | 2076/2360 [3:10:06<25:44,  5.44s/it]
 88%|████████▊ | 2077/2360 [3:10:11<25:27,  5.40s/it]
 88%|████████▊ | 2078/2360 [3:10:16<25:27,  5.42s/it]
 88%|████████▊ | 2079/2360 [3:10:22<25:26,  5.43s/it]
 88%|████████▊ | 2080/2360 [3:10:27<25:18,  5.42s/it]
 88%|████████▊ | 2081/2360 [3:10:33<25:16,  5.44s/it]
 88%|████████▊ | 2082/2360 [3:10:38<25:10,  5.43s/it]
 88%|████████▊ | 2083/2360 [3:10:43<24:57,  5.41s/it]
 88%|████████▊ | 2084/2360 [3:10:49<25:01,  5.44s/it]
 88%|████████▊ | 2085/2360 [3:10:54<24:44,  5.40s/it]
 88%|████████▊ | 2086/2360 [3:11:00<24:44,  5.42s/it]
 88%|████████▊ | 2087/2360 [3:11:05<24:48,  5.45s/it]
 88%|████████▊ | 2088/2360 [3:11:11<24:30,  5.41s/it]
 89%|████████▊ | 2089/2360 [3:11:16<24:34,  5.44s/it]
 89%|████████▊ | 2090/2360 [3:11:21<24:18,  5.40s/it]
 89%|████████▊ | 2091/2360 [3:11:27<24:22,  5.44s/it]
 89%|████████▊ | 2092/2360 [3:11:32<24:06,  5.40s/it]
 89%|████████▊ | 2093/2360 [3:11:38<24:10,  5.43s/it]
 89%|████████▊ | 2094/2360 [3:11:43<24:08,  5.44s/it]
 89%|████████▉ | 2095/2360 [3:11:48<23:51,  5.40s/it]
 89%|████████▉ | 2096/2360 [3:11:54<23:51,  5.42s/it]
 89%|████████▉ | 2097/2360 [3:11:59<23:41,  5.40s/it]
 89%|████████▉ | 2098/2360 [3:12:05<23:41,  5.42s/it]
 89%|████████▉ | 2099/2360 [3:12:10<23:39,  5.44s/it]
 89%|████████▉ | 2100/2360 [3:12:16<23:31,  5.43s/it]
 89%|████████▉ | 2101/2360 [3:12:21<23:24,  5.42s/it]
 89%|████████▉ | 2102/2360 [3:12:27<23:23,  5.44s/it]
 89%|████████▉ | 2103/2360 [3:12:32<23:11,  5.41s/it]
 89%|████████▉ | 2104/2360 [3:12:37<23:13,  5.44s/it]
 89%|████████▉ | 2105/2360 [3:12:43<22:57,  5.40s/it]
 89%|████████▉ | 2106/2360 [3:12:48<23:00,  5.44s/it]
 89%|████████▉ | 2107/2360 [3:12:54<22:54,  5.43s/it]
 89%|████████▉ | 2108/2360 [3:12:59<22:42,  5.41s/it]
 89%|████████▉ | 2109/2360 [3:13:05<22:45,  5.44s/it]
 89%|████████▉ | 2110/2360 [3:13:10<22:29,  5.40s/it]
 89%|████████▉ | 2111/2360 [3:13:15<22:29,  5.42s/it]
 89%|████████▉ | 2112/2360 [3:13:21<22:22,  5.41s/it]
 90%|████████▉ | 2113/2360 [3:13:26<22:17,  5.42s/it]
 90%|████████▉ | 2114/2360 [3:13:32<22:17,  5.44s/it]
 90%|████████▉ | 2115/2360 [3:13:37<22:05,  5.41s/it]
 90%|████████▉ | 2116/2360 [3:13:42<22:05,  5.43s/it]
 90%|████████▉ | 2117/2360 [3:13:48<21:54,  5.41s/it]
 90%|████████▉ | 2118/2360 [3:13:53<21:53,  5.43s/it]
 90%|████████▉ | 2119/2360 [3:13:59<21:54,  5.45s/it]
 90%|████████▉ | 2120/2360 [3:14:04<21:37,  5.41s/it]
 90%|████████▉ | 2121/2360 [3(0,)
It 2124, sqrt loss 0.01402, Val sim-RMS 0.03885, Time Loss: 97.5%, data: 0.6%, val: 1.9%,  5.5 sec/batch
:14:10<21:40,  5.44s/it]
 90%|████████▉ | 2122/2360 [3:14:15<21:33,  5.44s/it]
 90%|████████▉ | 2123/2360 [3:14:20<21:22,  5.41s/it]
 90%|█████████ | 2124/2360 [3:14:50<50:21, 12.80s/it]
 90%|█████████ | 2125/2360 [3:14:56<41:19, 10.55s/it]
 90%|█████████ | 2126/2360 [3:15:01<35:16,  9.04s/it]
 90%|█████████ | 2127/2360 [3:15:07<30:54,  7.96s/it]
 90%|█████████ | 2128/2360 [3:15:12<27:45,  7.18s/it]
 90%|█████████ | 2129/2360 [3:15:17<25:39,  6.67s/it]
 90%|█████████ | 2130/2360 [3:15:23<24:02,  6.27s/it]
 90%|█████████ | 2131/2360 [3:15:28<23:01,  6.03s/it]
 90%|█████████ | 2132/2360 [3:15:34<22:16,  5.86s/it]
 90%|█████████ | 2133/2360 [3:15:39<21:35,  5.71s/it]
 90%|█████████ | 2134/2360 [3:15:45<21:14,  5.64s/it]
 90%|█████████ | 2135/2360 [3:15:50<21:01,  5.61s/it]
 91%|█████████ | 2136/2360 [3:15:55<20:38,  5.53s/it]
 91%|█████████ | 2137/2360 [3:16:01<20:28,  5.51s/it]
 91%|█████████ | 2138/2360 [3:16:06<20:09,  5.45s/it]
 91%|█████████ | 2139/2360 [3:16:12<20:05,  5.46s/it]
 91%|█████████ | 2140/2360 [3:16:17<19:53,  5.43s/it]
 91%|█████████ | 2141/2360 [3:16:23<19:54,  5.46s/it]
 91%|█████████ | 2142/2360 [3:16:28<19:48,  5.45s/it]
 91%|█████████ | 2143/2360 [3:16:33<19:39,  5.44s/it]
 91%|█████████ | 2144/2360 [3:16:39<19:33,  5.43s/it]
 91%|█████████ | 2145/2360 [3:16:44<19:22,  5.41s/it]
 91%|█████████ | 2146/2360 [3:16:50<19:21,  5.43s/it]
 91%|█████████ | 2147/2360 [3:16:55<19:14,  5.42s/it]
 91%|█████████ | 2148/2360 [3:17:01<19:09,  5.42s/it]
 91%|█████████ | 2149/2360 [3:17:06<19:07,  5.44s/it]
 91%|█████████ | 2150/2360 [3:17:11<18:57,  5.41s/it]
 91%|█████████ | 2151/2360 [3:17:17<18:55,  5.43s/it]
 91%|█████████ | 2152/2360 [3:17:22<18:48,  5.43s/it]
 91%|█████████ | 2153/2360 [3:17:28<18:43,  5.43s/it]
 91%|█████████▏| 2154/2360 [3:17:33<18:40,  5.44s/it]
 91%|█████████▏| 2155/2360 [3:17:39<18:32,  5.43s/it]
 91%|█████████▏| 2156/2360 [3:17:44<18:30,  5.44s/it]
 91%|█████████▏| 2157/2360 [3:17:49<18:18,  5.41s/it]
 91%|█████████▏| 2158/2360 [3:17:55<18:16,  5.43s/it]
 91%|█████████▏| 2159/2360 [3:18:00<18:10,  5.42s/it]
 92%|█████████▏| 2160/2360 [3:18:06<18:00,  5.40s/it]
 92%|█████████▏| 2161/2360 [3:18:11<17:59,  5.42s/it]
 92%|█████████▏| 2162/2360 [3:18:17<17:57,  5.44s/it]
 92%|█████████▏| 2163/2360 [3:18:22<17:49,  5.43s/it]
 92%|█████████▏| 2164/2360 [3:18:27<17:43,  5.42s/it]
 92%|█████████▏| 2165/2360 [3:18:33<17:36,  5.42s/it]
 92%|█████████▏| 2166/2360 [3:18:38<17:33,  5.43s/it]
 92%|█████████▏| 2167/2360 [3:18:44<17:27,  5.43s/it]
 92%|█████████▏| 2168/2360 [3:18:49<17:18,  5.41s/it]
 92%|█████████▏| 2169/2360 [3:18:54<17:16,  5.43s/it]
 92%|█████████▏| 2170/2360 [3:19:00<17:06,  5.40s/it]
 92%|█████████▏| 2171/2360 [3:19:05<17:08,  5.44s/it]
 92%|█████████▏| 2172/2360 [3:19:11<16:57,  5.41s/it]
 92%|█████████▏| 2173/2360 [3:19:16<16:52,  5.41s/it]
 92%|█████████▏| 2174/2360 [3:19:22<16:50,  5.43s/it]
 92%|█████████▏| 2175/2360 [3:19:27<16:40,  5.41s/it]
 92%|█████████▏| 2176/2360 [3:19:32<16:38,  5.43s/it]
 92%|█████████▏| 2177/2360 [3:19:38<16:29,  5.41s/it]
 92%|█████████▏| 2178/2360 [3:19:43<16:26,  5.42s/it]
 92%|█████████▏| 2179/2360 [3:19:49<16:23,  5.44s/it]
 92%|█████████▏| 2180/2360 [3:19:54<16:14,  5.41s/it]
 92%|█████████▏| 2181/2360 [3:20:00<16:11,  5.43s/it]
 92%|█████████▏| 2182/2360 [3:20:05<16:09,  5.44s/it]
 92%|█████████▎| 2183/2360 [3:20:10<15:58,  5.42s/it]
 93%|█████████▎| 2184/2360 [3:20:16<15:56,  5.43s/it]
 93%|█████████▎| 2185/2360 [3:20:21<15:46,  5.41s/it]
 93%|█████████▎| 2186/2360 [3:20:27<15:44,  5.43s/it]
 93%|█████████▎| 2187/2360 [3:20:32<15:41,  5.44s/it]
 93%|█████████▎| 2188/2360 [3:20:37<15:30,  5.41s/it]
 93%|█████████▎| 2189/2360 [3:20:43<15:30,  5.44s/it]
 93%|█████████▎| 2190/2360 [3:20:48<15:17,  5.40s/it]
 93%|█████████▎| 2191/2360 [3:20:54<15:16,  5.42s/it]
 93%|█████████▎| 2192/2360 [3:20:59<15:06,  5.40s/it]
 93%|█████████▎| 2193/2360 [3:21:05<15:04,  5.42s/it]
 93%|█████████▎| 2194/2360 [3:21:10<15:02,  5.44s/it]
 93%|█████████▎| 2195/2360 [3:21:15<14:55,  5.43s/it]
 93%|█████████▎| 2196/2360 [3:21:21<14:49,  5.42s/it]
 93%|█████████▎| 2197/2360 [3:21:26<14:40,  5.40s/it]
 93%|█████████▎| 2198/2360 [3:21:32<14:40,  5.44s/it]
 93%|█████████▎| 2199/2360 [3:21:37<14:36,  5.45s/it]
 93%|█████████▎| 2200/2360 [3:21:43<14:24,  5.40s/it]
 93%|█████████▎| 2201/2360 [3:21:48<14:21,  5.42s/it]
 93%|█████████▎| 2202/2360 [3:21:53<14:18,  5.44s/it]
 93%|█████████▎| 2203/2360 [3:21:59<14:12,  5.43s/it]
 93%|█████████▎| 2204/2360 [3:22:04<14:08,  5.44s/it]
 93%|█████████▎| 2205/2360 [3:22:10<13:56,  5.40s/it]
 93%|█████████▎| 2206/2360 [3:22:15<13:56,  5.43s/it]
 94%|█████████▎| 2207/2360 [3:22:21<13:50,  5.43s/it]
 94%|█████████▎| 2208/2360 [3:22:26<13:41,  5.41s/it]
 94%|█████████▎| 2209/2360 [3:22:31<13:39,  5.43s/it]
 94%|█████████▎| 2210/2360 [3:22:37<13:32,  5.42s/it]
 94%|█████████▎| 2211/2360 [3:22:42<13:27,  5.42s/it]
 94%|█████████▎| 2212/2360 [3:22:48<13:18,  5.40s/it]
 94%|█████████▍| 2213/2360 [3:22:53<13:18,  5.43s/it]
 94%|█████████▍| 2214/2360 [3:22:59<13:14,  5.44s/it]
 94%|█████████▍| 2215/2360 [3:23:04<13:02,  5.40s/it]
 94%|█████████▍| 2216/2360 [3:23:09<13:00,  5.42s/it]
 94%|█████████▍| 2217/2360 [3:23:15<12:54,  5.41s/it]
 94%|█████████▍| 2218/2360 [3:23:20<12:48,  5.41s/it]
 94%|█████████▍| 2219/2360 [3:23:26<12:45,  5.43s/it]
 94%|█████████▍| 2220/2360 [3:23:31<12:37,  5.41s/it]
 94%|█████████▍| 2221/2360 [3:23:36<12:34,  5.43s/it]
 94%|█████████▍| 2222/2360 [3:23:42<12:30,  5.44s/it]
 94%|█████████▍| 2223/2360 [3:23:47<12:21,  5.41s/it]
 94%|█████████▍| 2224/2360 [3:23:53<12:18,  5.43s/it]
 94%|█████████▍| 2225/2360 [3:23:58<12:11,  5.42s/it]
 94%|█████████▍| 2226/2360 [3:24:04<12:06,  5.42s/it]
 94%|█████████▍| 2227/2360 [3:24:09<12:05,  5.45s/it]
 94%|█████████▍| 2228/2360 [3:24:14<11:55,  5.42s/it]
 94%|█████████▍| 2229/2360 [3:24:20<11:50,  5.42s/it]
 94%|█████████▍| 2230/2360 [3:24:25<11:41,  5.40s/it]
 95%|█████████▍| 2231/2360 [3:24:31<11:39,  5.42s/it]
 95%|█████████▍| 2232/2360 [3:24:36<11:31,  5.40s/it]
 95%|█████████▍| 2233/2360 [3:24:41<11:28,  5.42s/it]
 95%|█████████▍| 2234/2360 [3:24:47<11:25,  5.44s/it]
 95%|█████████▍| 2235/2360 [3:24:52<11:18,  5.43s/it]
 95%|█████████▍| 2236/2360 [3:24:58<11:12,  5.42s/it]
 95%|█████████▍| 2237/2360 [3:25:03<11:04,  5.40s/it]
 95%|█████████▍| 2238/2360 [3:25:09<11:01,  5.42s/it]
 95%|█████████▍| 2239/2360 [3:25:14<10:57,  5.43s/it]
 95%|█████████▍| 2240/2360 [3:25:19<10:49,  5.41s/it]
 95%|█████████▍| 2241/2360 [3:25:25<10:45,  5.43s/it]
 95%|█████████▌| 2242/2360 [3:25:30<10:43,  5.46s/it]
 95%|█████████▌| 2243/2360 [3:25:36<10:32,  5.41s/it]
 95%|█████████▌| 2244/2360 [3:25:41<10:29,  5.43s/it]
 95%|█████████▌| 2245/2360 [3:25:46<10:21,  5.40s/it]
 95%|█████████▌| 2246/2360 [3:25:52<10:18,  5.42s/it]
 95%|█████████▌| 2247/2360 [3:25:57<10:14,  5.44s/it]
 95%|█████████▌| 2248/2360 [3:26:03<10:08,  5.43s/it]
 95%|█████████▌| 2249/2360 [3:26:08<10:02,  5.43s/it]
 95%|█████████▌| 2250/2360 [3:26:14<09:54,  5.40s/it]
 95%|█████████▌| 2251/2360 [3:26:19<09:50,  5.42s/it]
 95%|█████████▌| 2252/2360 [3:26:24<09:43,  5.40s/it]
 95%|█████████▌| 2253/2360 [3:26:30<09:39,  5.42s/it]
 96%|█████████▌| 2254/2360 [3:26:35<09:36,  5.43s/it]
 96%|█████████▌| 2255/2360 [3:26:41<09:27,  5.41s/it]
 96%|█████████▌| 2256/2360 [3:26:46<09:24,  5.43s/it]
 96%|█████████▌| 2257/2360 [3:26:52<09:18,  5.42s/it]
 96%|█████████▌| 2258/2360 [3:26:57<09:12,  5.42s/it]
 96%|█████████▌| 2259/2360 [3:27:02<09:08,  5.43s/it]
 96%|█████████▌| 2260/2360 [3:27:08<09:00,  5.41s/it]
 96%|█████████▌| 2261/2360 [3:27:13<08:58,  5.44s/it]
 96%|█████████▌| 2262/2360 [3:27:19<08:52,  5.43s/it]
 96%|█████████▌| 2263/2360 [3:27:24<08:45,  5.42s/it]
 96%|█████████▌| 2264/2360 [3:27:30<08:41,  5.44s/it]
 96%|█████████▌| 2265/2360 [3:27:35<08:32,  5.40s/it]
 96%|█████████▌| 2266/2360 [3:27:40<08:29,  5.42s/it]
 96%|█████████▌| 2267/2360 [3:27:46<08:27,  5.45s/it]
 96%|█████████▌| 2268/2360 [3:27:51<08:17,  5.41s/it]
 96%|█████████▌| 2269/2360 [3:27:57<08:13,  5.43s/it]
 96%|█████████▌| 2270/2360 [3:28:02<08:06,  5.40s/it]
 96%|█████████▌| 2271/2360 [3:28:08<08:02,  5.42s/it]
 96%|█████████▋| 2272/2360 [3:28:13<07:55,  5.40s/it]
 96%|█████████▋| 2273/2360 [3:28:18<07:51,  5.42s/it]
 96%|█████████▋| 2274/2360 [3:28:24<07:47,  5.44s/it]
 96%|█████████▋| 2275/2360 [3:28:29<07:40,  5.42s/it]
 96%|█████████▋| 2276/2360 [3:28:35<07:35,  5.42s/it]
 96%|█████████▋| 2277/2360 [3:28:40<07:28,  5.40s/it]
 97%|█████████▋| 2278/2360 [3:28:45<07:25,  5.43s/it]
 97%|█████████▋| 2279/2360 [3:28:51<07:21,  5.44s/it]
 97%|█████████▋| 2280/2360 [3:28:56<07:12,  5.40s/it]
 97%|█████████▋| 2281/2360 [3:29:02<07:08,  5.42s/it]
 97%|█████████▋| 2282/2360 [3:29:07<07:04,  5.44s/it]
 97%|█████████▋| 2283/2360 [3:29:13<06:56,  5.41s/it]
 97%|█████████▋| 2284/2360 [3:29:18<06:52,  5.43s/it]
 97%|█████████▋| 2285/2360 [3:29:23<06:46,  5.42s/it]
 97%|█████████▋| 2286/2360 [3:29:29<06:41,  5.42s/it]
 97%|█████████▋| 2287/2360 [3:29:34<06:37,  5.44s/it]
 97%|█████████▋| 2288/2360 [3:29:40<06:29,  5.41s/it]
 97%|█████████▋| 2289/2360 [3:29:45<06:25,  5.43s/it]
 97%|█████████▋| 2290/2360 [3:29:50<06:18,  5.41s/it]
 97%|█████████▋| 2291/2360 [3:29:56<06:14,  5.42s/it]
 97%|█████████▋| 2292/2360 [3:30:01<06:07,  5.40s/it]
 97%|█████████▋| 2293/2360 [3:30:07<06:04,  5.44s/it]
 97%|█████████▋| 2294/2360 [3:30:12<05:59,  5.45s/it]
 97%|█████████▋| 2295/2360 [3:30:18<05:50,  5.40s/it]
 97%|█████████▋| 2296/2360 [3:30:23<05:46,  5.42s/it]
 97%|█████████▋| 2297/2360 [3:30:28<05:40,  5.40s/it]
 97%|█████████▋| 2298/2360 [3:30:34<05:35,  5.42s/it]
 97%|█████████▋| 2299/2360 [3:30:39<05:32,  5.45s/it]
 97%|█████████▋| 2300/2360 [3:30:45<05:24,  5.41s/it]
 98%|█████████▊| 2301/2360 [3:30:50<05:20,  5.42s/it]
 98%|█████████▊| 2302/2360 [3:30:56<05:15,  5.44s/it]
 98%|█████████▊| 2303/2360 [3:31:01<05:08,  5.41s/it]
 98%|█████████▊| 2304/2360 [3:31:06<05:03,  5.43s/it]
 98%|█████████▊| 2305/2360 [3:31:12<04:57,  5.40s/it]
 98%|█████████▊| 2306/2360 [3:31:17<04:53,  5.44s/it]
 98%|█████████▊| 2307/2360 [3:31:23<04:48,  5.45s/it]
 98%|█████████▊| 2308/2360 [3:31:28<04:41,  5.42s/it]
 98%|█████████▊| 2309/2360 [3:31:34<04:36,  5.42s/it]
 98%|█████████▊| 2310/2360 [3:31:39<04:30,  5.41s/it]
 98%|█████████▊| 2311/2360 [3:31:44<04:25,  5.42s/it]
 98%|█████████▊| 2312/2360 [3:31:50<04:18,  5.40s/it]
 98%|█████████▊| 2313/2360 [3:31:55<04:14,  5.42s/it]
 98%|█████████▊| 2314/2360 [3:32:01<04:10,  5.45s/it]
 98%|█████████▊| 2315/2360 [3:32:06<04:03,  5.40s/it]
 98%|█████████▊| 2316/2360 [3:32:12<03:59,  5.44s/it]
 98%|█████████▊| 2317/2360 [3:32:17<03:52,  5.41s/it]
 98%|█████████▊| 2318/2360 [3:32:22<03:47,  5.42s/it]
 98%|█████████▊| 2319/2360 [3:32:28<03:42,  5.43s/it]
 98%|█████████▊| 2320/2360 [3:32:33<03:36,  5.41s/it]
 98%|█████████▊| 2321/2360 [3:32:39<03:32,  5.44s/it]
 98%|█████████▊| 2322/2360 [3:32:44<03:27,  5.45s/it]
 98%|█████████▊| 2323/2360 [3:32:49<03:19,  5.40s/it]
 98%|█████████▊| 2324/2360 [3:32:55<03:15,  5.42s/it]
 99%|█████████▊| 2325/2360 [3:33:00<03:09,  5.40s/it]
 99%|█████████▊| 2326/2360 [3:33:06<03:04,  5.42s/it]
 99%|█████████▊| 2327/2360 [3:33:11<02:59,  5.45s/it]
 99%|█████████▊| 2328/2360 [3:33:17<02:52,  5.41s/it]
 99%|█████████▊| 2329/2360 [3:33:22<02:48,  5.44s/it]
 99%|█████████▊| 2330/2360 [3:33:27<02:42,  5.42s/it]
 99%|█████████▉| 2331/2360 [3:33:33<02:37,  5.43s/it]
 99%|█████████▉| 2332/2360 [3:33:38<02:30,  5.39s/it]
 99%|█████████▉| 2333/2360 [3:33:44<02:26,  5.42s/it]
 99%|█████████▉| 2334/2360 [3:33:49<02:21,  5.45s/it]
 99%|█████████▉| 2335/2360 [3:33:54<02:15,  5.40s/it]
 99%|█████████▉| 2336/2360 [3:34:00<02:10,  5.42s/it]
 99%|█████████▉| 2337/2360 [3:34:05<02:04,  5.42s/it]
 99%|█████████▉| 2338/2360 [3:34:11<01:59,  5.43s/it]
 99%|█████████▉| 2339/2360 [3:34:16<01:54,  5.43s/it]
 99%|█████████▉| 2340/2360 [3:34:22<01:48,  5.41s/it]
 99%|█████████▉| 2341/2360 [3:34:27<01:43,  5.44s/it]
 99%|█████████▉| 2342/2360 [3:34:33<01:37,  5.44s/it]
 99%|█████████▉| 2343/2360 [3:34:38<01:32,  5.42s/it]
 99%|█████████▉| 2344/2360 [3:34:43<01:26,  5.44s/it]
 99%|█████████▉| 2345/2360 [3:34:49<01:20,  5.39s/it]
 99%|█████████▉| 2346/2360 [3:34:54<01:15,  5.42s/it]
 99%|█████████▉| 2347/2360 [3:35:00<01:10,  5.45s/it]
 99%|█████████▉| 2348/2360 [3:35:05<01:04,  5.40s/it]
100%|█████████▉| 2349/2360 [3:35:10<00:59,  5.43s/it]
100%|█████████▉| 2350/2360 [3:35:16<00:54,  5.40s/it]
100%|█████████▉| 2351/2360 [3:35:21<00:48,  5.44s/it]
100%|█████████▉| 2352/2360 [3:35:27<00:43,  5.40s/it]
100%|█████████▉| 2353/2360 [3:35:32<00:37,  5.42s/it]
100%|█████████▉| 2354/2360 [3:35:38<00:32,  5.43s/it]
100%|█████████▉| 2355/2360 [3:35:43<00:27,  5.41s/it]
100%|█████████▉| 2356/2360 [3:35:48<00:21,  5.42s/it]
100%|█████████▉| 2357/2360 [3:35:54<0(0,)
It 2360, sqrt loss 0.01295, Val sim-RMS 0.1143, Time Loss: 97.5%, data: 0.7%, val: 1.9%,  5.5 sec/batch
0:16,  5.40s/it]
100%|█████████▉| 2358/2360 [3:35:59<00:10,  5.42s/it]
100%|█████████▉| 2359/2360 [3:36:05<00:05,  5.44s/it]
100%|██████████| 2360/2360 [3:36:34<00:00, 12.74s/it]
100%|██████████| 2360/2360 [3:36:34<00:00,  5.51s/it]
Loaded model with best known validation sim-RMS of 0.002114 which happened on epoch 0 (epoch_id=0.00)
  [epoch    0]  bestfit=0.00211  R2_linmap: delta_a=+0.1768  vdelta_a=+0.0662

Training complete. Best validation sim-RMS: 0.002114
Saved model: /dataB1/dirk_van_den_berg/repos/LPV-LFR-Baseline-Augmentation/scripts/gantry/../../simulations/gantry_subnet/multisine_linear_map/gantry_67923

=== Sim-NRMS comparison: augmented model vs baseline FP ===
  X1:  augmented=0.0432  baseline_FP=0.0034  improvement=-1156.9%
  X2:  augmented=0.0402  baseline_FP=0.0031  improvement=-1185.1%
  Y :  augmented=0.0017  baseline_FP=0.0037  improvement=+53.5%

=== ANN latent state RMS ===
  x[6]: enc=0.0000e+00
  x[7]: enc=0.0000e+00

=== x_logical-initialised simulation skipped (no state data) ===
Saved results: gantry_results_67923.npz

=== State recovery diagnostic (D-053) ===
  2658 windows (stride 3), na=nb=25, encoder=default
  channel   R2_raw      R2_linmap   R2_raw_lag1
  q1         +1.0000     +1.0000     +1.0000
  q2         +0.9878     +0.9928     +0.9715
  q3         +1.0000     +1.0000     +1.0000
  dq1        +0.9999     +0.9999     +0.9998
  dq2        +0.9553     +0.9747     +0.9496
  dq3        +0.9987     +0.9989     +0.9989
  R2_linmap ~ 1 & R2_raw low -> basis rotation;
  R2_linmap low              -> information absent from encoder state;
  R2_raw_lag1 > R2_raw       -> encoder aligned to k-1 (one-sample lag)

=== Augmented state R2 vs saved GT (delta_a/vdelta_a from mat file) ===
  state             R2_raw   R2_linmap  note
  delta_a       -3.7487     +0.1768  (mat file)
  vdelta_a      -2.7653     +0.0662  (FD estimate)
  R2_linmap ~ 1 -> augmented state captured MSD dynamics
  R2_linmap ~ 0 -> augmented state did not learn delta_a
Saved state recovery diagnostic: gantry_state_recovery_67923.npz

=== Gradient norms (single batch, post-training) ===
  encoder             : 7.4935e-03
  hfn                 : 5.6215e-02
