job_id=67921
node_list=blade4
cpus_per_task=4
cuda_visible_devices=<unset>
Wed Jun 24 12:06:46 AM CEST 2026
=== CPU info ===
CPU(s):                                  64
On-line CPU(s) list:                     0-63
Model name:                              AMD EPYC 7742 64-Core Processor
Thread(s) per core:                      1
Core(s) per socket:                      64
Socket(s):                               1
NUMA node0 CPU(s):                       0-63
=== gantry_interconnect_dynamic CPU ===
Gym has been unmaintained since 2022 and does not support NumPy 2.0 amongst other critical functionality.
Please upgrade to Gymnasium, the maintained drop-in replacement of Gym, or contact the authors of your software and request that they upgrade.
Users of this version of Gym should be able to simply replace 'import gym' with 'import gymnasium as gym' in the vast majority of cases.
See the migration guide at https://gymnasium.farama.org/introduction/migration_guide/ for additional information.
Data dir (multisine): /dataB1/dirk_van_den_berg/repos/LPV-LFR-Baseline-Augmentation/scripts/gantry/../../data/gantry/matlab/multisine
Loaded val augmented GT: x_logical=(8000, 6)  delta_a std=8.436e-05 m  vdelta_a std=8.109e-02 m/s
Loaded 8 training trajectories, 1 val, 1 test
  T1: 8000 samples  (T1_Y_sweep_conservative.mat)
  T2: 8000 samples  (T2_X_sym_Y030.mat)
  T3: 8000 samples  (T3_X_sym_Y000.mat)
  T4: 8000 samples  (T4_X_antisym_Y020.mat)
  T5: 8000 samples  (T5_X_sym_Y_sweep.mat)
  T6: 8000 samples  (T6_Y_sweep_aggressive.mat)
  T7: 8000 samples  (T7_X_antisym_Y_sweep.mat)
  T8: 8000 samples  (T8_X_sym_anti_Y_sweep.mat)

Configuration:
  MODE:               multisine
  USE_HYBRID_ENCODER: False
  save_dir:           /dataB1/dirk_van_den_berg/repos/LPV-LFR-Baseline-Augmentation/scripts/gantry/../../simulations/gantry_subnet/multisine_linear_map
  NF_SECONDS:         0.1
  na_nb (samples):    17  (4.25 ms)
  Sampling rate:      4000 Hz (D=5)
  Dtype:              float32
  USE_OPTUNA:         False
  ANN_ACTIVATION:     tanh

Hyperparameters:
  NX_ANN: 2
  n_nodes_per_layer: 16
  n_hidden_layers: 2
  up_sample: 2
  nf: 400
  na_nb: 17
  batch_size: 256
  lr: 0.0001
  epochs: 10
WARNING: baseline_states.npz not found, using finite-diff states for normalization

Computing baseline FP NRMS (fixed reference, no MSD)...

=== Baseline FP model sim-NRMS (no MSD, reference to beat) ===
  X1: 0.0034
  X2: 0.0031
  Y : 0.0037

Training 10 epochs in 1 chunks of 10 (+0 remainder), NX_ANN=2
Model already initilized (init_model_done=True), skipping initilizing of the model, the norm and the creation of the optimizer
Size of the training array =  591.0 MB
N_training_samples = 60608, batch_size = 256, N_batch_updates_per_epoch = 236
(0,)
Initial Validation sim-RMS= 0.002114038

  0%|          | 0/2360 [00:00<?, ?it/s]
  0%|          | 1/2360 [00:05<3:36:49,  5.51s/it]
  0%|          | 2/2360 [00:10<3:34:47,  5.47s/it]
  0%|          | 3/2360 [00:16<3:31:48,  5.39s/it]
  0%|          | 4/2360 [00:21<3:32:57,  5.42s/it]
  0%|          | 5/2360 [00:27<3:31:13,  5.38s/it]
  0%|          | 6/2360 [00:32<3:31:38,  5.39s/it]
  0%|          | 7/2360 [00:37<3:31:29,  5.39s/it]
  0%|          | 8/2360 [00:43<3:30:58,  5.38s/it]
  0%|          | 9/2360 [00:48<3:30:49,  5.38s/it]
  0%|          | 10/2360 [00:53<3:30:26,  5.37s/it]
  0%|          | 11/2360 [00:59<3:30:29,  5.38s/it]
  1%|          | 12/2360 [01:04<3:29:36,  5.36s/it]
  1%|          | 13/2360 [01:10<3:30:22,  5.38s/it]
  1%|          | 14/2360 [01:15<3:30:57,  5.40s/it]
  1%|          | 15/2360 [01:20<3:30:29,  5.39s/it]
  1%|          | 16/2360 [01:26<3:30:20,  5.38s/it]
  1%|          | 17/2360 [01:31<3:29:18,  5.36s/it]
  1%|          | 18/2360 [01:37<3:30:35,  5.39s/it]
  1%|          | 19/2360 [01:42<3:30:23,  5.39s/it]
  1%|          | 20/2360 [01:47<3:29:47,  5.38s/it]
  1%|          | 21/2360 [01:53<3:30:20,  5.40s/it]
  1%|          | 22/2360 [01:58<3:29:16,  5.37s/it]
  1%|          | 23/2360 [02:03<3:29:48,  5.39s/it]
  1%|          | 24/2360 [02:09<3:29:38,  5.38s/it]
  1%|          | 25/2360 [02:14<3:29:19,  5.38s/it]
  1%|          | 26/2360 [02:20<3:29:11,  5.38s/it]
  1%|          | 27/2360 [02:25<3:29:46,  5.39s/it]
  1%|          | 28/2360 [02:30<3:29:15,  5.38s/it]
  1%|          | 29/2360 [02:36<3:29:39,  5.40s/it]
  1%|▏         | 30/2360 [02:41<3:28:32,  5.37s/it]
  1%|▏         | 31/2360 [02:46<3:29:08,  5.39s/it]
  1%|▏         | 32/2360 [02:52<3:29:00,  5.39s/it]
  1%|▏         | 33/2360 [02:57<3:27:59,  5.36s/it]
  1%|▏         | 34/2360 [03:03<3:29:15,  5.40s/it]
  1%|▏         | 35/2360 [03:08<3:28:03,  5.37s/it]
  2%|▏         | 36/2360 [03:13<3:28:05,  5.37s/it]
  2%|▏         | 37/2360 [03:19<3:27:47,  5.37s/it]
  2%|▏         | 38/2360 [03:24<3:27:47,  5.37s/it]
  2%|▏         | 39/2360 [03:30<3:28:28,  5.39s/it]
  2%|▏         | 40/2360 [03:35<3:27:25,  5.36s/it]
  2%|▏         | 41/2360 [03:40<3:28:43,  5.40s/it]
  2%|▏         | 42/2360 [03:46<3:27:36,  5.37s/it]
  2%|▏         | 43/2360 [03:51<3:27:32,  5.37s/it]
  2%|▏         | 44/2360 [03:56<3:28:40,  5.41s/it]
  2%|▏         | 45/2360 [04:02<3:27:27,  5.38s/it]
  2%|▏         | 46/2360 [04:07<3:27:58,  5.39s/it]
  2%|▏         | 47/2360 [04:13<3:27:46,  5.39s/it]
  2%|▏         | 48/2360 [04:18<3:26:42,  5.36s/it]
  2%|▏         | 49/2360 [04:23<3:27:28,  5.39s/it]
  2%|▏         | 50/2360 [04:29<3:26:31,  5.36s/it]
  2%|▏         | 51/2360 [04:34<3:27:45,  5.40s/it]
  2%|▏         | 52/2360 [04:40<3:27:30,  5.39s/it]
  2%|▏         | 53/2360 [04:45<3:26:23,  5.37s/it]
  2%|▏         | 54/2360 [04:50<3:27:36,  5.40s/it]
  2%|▏         | 55/2360 [04:56<3:25:50,  5.36s/it]
  2%|▏         | 56/2360 [05:01<3:26:38,  5.38s/it]
  2%|▏         | 57/2360 [05:06<3:25:46,  5.36s/it]
  2%|▏         | 58/2360 [05:12<3:27:01,  5.40s/it]
  2%|▎         | 59/2360 [05:17<3:26:49,  5.39s/it]
  3%|▎         | 60/2360 [05:22<3:25:45,  5.37s/it]
  3%|▎         | 61/2360 [05:28<3:26:23,  5.39s/it]
  3%|▎         | 62/2360 [05:33<3:25:27,  5.36s/it]
  3%|▎         | 63/2360 [05:39<3:26:40,  5.40s/it]
  3%|▎         | 64/2360 [05:44<3:26:21,  5.39s/it]
  3%|▎         | 65/2360 [05:49<3:25:20,  5.37s/it]
  3%|▎         | 66/2360 [05:55<3:26:30,  5.40s/it]
  3%|▎         | 67/2360 [06:00<3:26:52,  5.41s/it]
  3%|▎         | 68/2360 [06:06<3:25:36,  5.38s/it]
  3%|▎         | 69/2360 [06:11<3:26:06,  5.40s/it]
  3%|▎         | 70/2360 [06:16<3:24:28,  5.36s/it]
  3%|▎         | 71/2360 [06:22<3:25:12,  5.38s/it]
  3%|▎         | 72/2360 [06:27<3:26:18,  5.41s/it]
  3%|▎         | 73/2360 [06:32<3:24:30,  5.37s/it]
  3%|▎         | 74/2360 [06:38<3:25:45,  5.40s/it]
  3%|▎         | 75/2360 [06:43<3:24:03,  5.36s/it]
  3%|▎         | 76/2360 [06:49<3:25:25,  5.40s/it]
  3%|▎         | 77/2360 [06:54<3:23:49,  5.36s/it]
  3%|▎         | 78/2360 [06:59<3:25:11,  5.39s/it]
  3%|▎         | 79/2360 [07:05<3:24:57,  5.39s/it]
  3%|▎         | 80/2360 [07:10<3:23:59,  5.37s/it]
  3%|▎         | 81/2360 [07:16<3:25:08,  5.40s/it]
  3%|▎         | 82/2360 [07:21<3:23:23,  5.36s/it]
  4%|▎         | 83/2360 [07:26<3:24:05,  5.38s/it]
  4%|▎         | 84/2360 [07:32<3:25:15,  5.41s/it]
  4%|▎         | 85/2360 [07:37<3:23:27,  5.37s/it]
  4%|▎         | 86/2360 [07:43<3:24:10,  5.39s/it]
  4%|▎         | 87/2360 [07:48<3:25:17,  5.42s/it]
  4%|▎         | 88/2360 [07:53<3:23:22,  5.37s/it]
  4%|▍         | 89/2360 [07:59<3:24:32,  5.40s/it]
  4%|▍         | 90/2360 [08:04<3:22:54,  5.36s/it]
  4%|▍         | 91/2360 [08:09<3:23:39,  5.39s/it]
  4%|▍         | 92/2360 [08:15<3:24:10,  5.40s/it]
  4%|▍         | 93/2360 [08:20<3:23:35,  5.39s/it]
  4%|▍         | 94/2360 [08:26<3:23:28,  5.39s/it]
  4%|▍         | 95/2360 [08:31<3:22:33,  5.37s/it]
  4%|▍         | 96/2360 [08:36<3:23:14,  5.39s/it]
  4%|▍         | 97/2360 [08:42<3:22:22,  5.37s/it]
  4%|▍         | 98/2360 [08:47<3:22:59,  5.38s/it]
  4%|▍         | 99/2360 [08:53<3:24:02,  5.41s/it]
  4%|▍         | 100/2360 [08:58<3:22:15,  5.37s/it]
  4%|▍         | 101/2360 [09:03<3:23:29,  5.40s/it]
  4%|▍         | 102/2360 [09:09<3:21:48,  5.36s/it]
  4%|▍         | 103/2360 [09:14<3:23:01,  5.40s/it]
  4%|▍         | 104/2360 [09:19<3:22:52,  5.40s/it]
  4%|▍         | 105/2360 [09:25<3:22:26,  5.39s/it]
  4%|▍         | 106/2360 [09:30<3:22:14,  5.38s/it]
  5%|▍         | 107/2360 [09:36<3:23:20,  5.42s/it]
  5%|▍         | 108/2360 [09:41<3:21:35,  5.37s/it]
  5%|▍         | 109/2360 [09:46<3:22:13,  5.39s/it]
  5%|▍         | 110/2360 [09:52<3:21:15,  5.37s/it]
  5%|▍         | 111/2360 [09:57<3:21:56,  5.39s/it]
  5%|▍         | 112/2360 [10:03<3:22:57,  5.42s/it]
  5%|▍         | 113/2360 [10:08<3:21:10,  5.37s/it]
  5%|▍         | 114/2360 [10:13<3:22:22,  5.41s/it]
  5%|▍         | 115/2360 [10:19<3:20:43,  5.36s/it]
  5%|▍         | 116/2360 [10:24<3:21:30,  5.39s/it]
  5%|▍         | 117/2360 [10:29<3:21:07,  5.38s/it]
  5%|▌         | 118/2360 [10:35<3:21:38,  5.40s/it]
  5%|▌         | 119/2360 [10:40<3:21:32,  5.40s/it]
  5%|▌         | 120/2360 [10:46<3:21:07,  5.39s/it]
  5%|▌         | 121/2360 [10:51<3:21:01,  5.39s/it]
  5%|▌         | 122/2360 [10:56<3:20:39,  5.38s/it]
  5%|▌         | 123/2360 [11:02<3:21:06,  5.39s/it]
  5%|▌         | 124/2360 [11:07<3:21:29,  5.41s/it]
  5%|▌         | 125/2360 [11:13<3:20:20,  5.38s/it]
  5%|▌         | 126/2360 [11:18<3:20:17,  5.38s/it]
  5%|▌         | 127/2360 [11:23<3:21:23,  5.41s/it]
  5%|▌         | 128/2360 [11:29<3:20:11,  5.38s/it]
  5%|▌         | 129/2360 [11:34<3:20:45,  5.40s/it]
  6%|▌         | 130/2360 [11:39<3:19:06,  5.36s/it]
  6%|▌         | 131/2360 [11:45<3:19:53,  5.38s/it]
  6%|▌         | 132/2360 [11:50<3:20:28,  5.40s/it]
  6%|▌         | 133/2360 [11:56<3:19:58,  5.39s/it]
  6%|▌         | 134/2360 [12:01<3:20:27,  5.40s/it]
  6%|▌         | 135/2360 [12:06<3:19:20,  5.38s/it]
  6%|▌         | 136/2360 [12:12<3:19:22,  5.38s/it]
  6%|▌         | 137/2360 [12:17<3:18:32,  5.36s/it]
  6%|▌         | 138/2360 [12:23<3:19:49,  5.40s/it]
  6%|▌         | 139/2360 [12:28<3:19:38,  5.39s/it]
  6%|▌         | 140/2360 [12:33<3:18:42,  5.37s/it]
  6%|▌         | 141/2360 [12:39<3:19:54,  5.41s/it]
  6%|▌         | 142/2360 [12:44<3:18:14,  5.36s/it]
  6%|▌         | 143/2360 [12:50<3:19:29,  5.40s/it]
  6%|▌         | 144/2360 [12:55<3:19:50,  5.41s/it]
  6%|▌         | 145/2360 [13:00<3:18:07,  5.37s/it]
  6%|▌         | 146/2360 [13:06<3:18:45,  5.39s/it]
  6%|▌         | 147/2360 [13:11<3:19:48,  5.42s/it]
  6%|▋         | 148/2360 [13:16<3:17:59,  5.37s/it]
  6%|▋         | 149/2360 [13:22<3:19:15,  5.41s/it]
  6%|▋         | 150/2360 [13:27<3:18:05,  5.38s/it]
  6%|▋         | 151/2360 [13:33<3:18:02,  5.38s/it]
  6%|▋         | 152/2360 [13:38<3:18:37,  5.40s/it]
  6%|▋         | 153/2360 [13:43<3:17:36,  5.37s/it]
  7%|▋         | 154/2360 [13:49<3:18:12,  5.39s/it]
  7%|▋         | 155/2360 [13:54<3:17:14,  5.37s/it]
  7%|▋         | 156/2360 [14:00<3:17:53,  5.39s/it]
  7%|▋         | 157/2360 [14:05<3:17:34,  5.38s/it]
  7%|▋         | 158/2360 [14:10<3:17:34,  5.38s/it]
  7%|▋         | 159/2360 [14:16<3:18:08,  5.40s/it]
  7%|▋         | 160/2360 [14:21<3:17:08,  5.38s/it]
  7%|▋         | 161/2360 [14:27<3:17:39,  5.39s/it]
  7%|▋         | 162/2360 [14:32<3:16:42,  5.37s/it]
  7%|▋         | 163/2360 [14:37<3:17:15,  5.39s/it]
  7%|▋         | 164/2360 [14:43<3:17:41,  5.40s/it]
  7%|▋         | 165/2360 [14:48<3:16:39,  5.38s/it]
  7%|▋         | 166/2360 [14:53<3:17:11,  5.39s/it]
  7%|▋         | 167/2360 [14:59<3:17:39,  5.41s/it]
  7%|▋         | 168/2360 [15:04<3:17:03,  5.39s/it]
  7%|▋         | 169/2360 [15:10<3:17:28,  5.41s/it]
  7%|▋         | 170/2360 [15:15<3:15:44,  5.36s/it]
  7%|▋         | 171/2360 [15:20<3:16:25,  5.38s/it]
  7%|▋         | 172/2360 [15:26<3:16:56,  5.40s/it]
  7%|▋         | 173/2360 [15:31<3:15:50,  5.37s/it]
  7%|▋         | 174/2360 [15:37<3:16:28,  5.39s/it]
  7%|▋         | 175/2360 [15:42<3:15:30,  5.37s/it]
  7%|▋         | 176/2360 [15:47<3:16:08,  5.39s/it]
  8%|▊         | 177/2360 [15:53<3:15:43,  5.38s/it]
  8%|▊         | 178/2360 [15:58<3:16:10,  5.39s/it]
  8%|▊         | 179/2360 [16:04<3:16:31,  5.41s/it]
  8%|▊         | 180/2360 [16:09<3:15:23,  5.38s/it]
  8%|▊         | 181/2360 [16:14<3:15:53,  5.39s/it]
  8%|▊         | 182/2360 [16:20<3:14:54,  5.37s/it]
  8%|▊         | 183/2360 [16:25<3:15:27,  5.39s/it]
  8%|▊         | 184/2360 [16:30<3:15:20,  5.39s/it]
  8%|▊         | 185/2360 [16:36<3:15:01,  5.38s/it]
  8%|▊         | 186/2360 [16:41<3:15:32,  5.40s/it]
  8%|▊         | 187/2360 [16:47<3:15:24,  5.40s/it]
  8%|▊         | 188/2360 [16:52<3:14:30,  5.37s/it]
  8%|▊         | 189/2360 [16:57<3:15:40,  5.41s/it]
  8%|▊         | 190/2360 [17:03<3:14:00,  5.36s/it]
  8%|▊         | 191/2360 [17:08<3:15:15,  5.40s/it]
  8%|▊         | 192/2360 [17:14<3:15:04,  5.40s/it]
  8%|▊         | 193/2360 [17:19<3:14:38,  5.39s/it]
  8%|▊         | 194/2360 [17:24<3:14:31,  5.39s/it]
  8%|▊         | 195/2360 [17:30<3:14:05,  5.38s/it]
  8%|▊         | 196/2360 [17:35<3:14:03,  5.38s/it]
  8%|▊         | 197/2360 [17:40<3:13:15,  5.36s/it]
  8%|▊         | 198/2360 [17:46<3:13:52,  5.38s/it]
  8%|▊         | 199/2360 [17:51<3:14:56,  5.41s/it]
  8%|▊         | 200/2360 [17:57<3:13:20,  5.37s/it]
  9%|▊         | 201/2360 [18:02<3:13:57,  5.39s/it]
  9%|▊         | 202/2360 [18:07<3:13:33,  5.38s/it]
  9%|▊         | 203/2360 [18:13<3:13:58,  5.40s/it]
  9%|▊         | 204/2360 [18:18<3:13:47,  5.39s/it]
  9%|▊         | 205/2360 [18:24<3:12:53,  5.37s/it]
  9%|▊         | 206/2360 [18:29<3:13:24,  5.39s/it]
  9%|▉         | 207/2360 [18:34<3:14:27,  5.42s/it]
  9%|▉         | 208/2360 [18:40<3:12:42,  5.37s/it]
  9%|▉         | 209/2360 [18:45<3:13:15,  5.39s/it]
  9%|▉         | 210/2360 [18:50<3:12:52,  5.38s/it]
  9%|▉         | 211/2360 [18:56<3:13:22,  5.40s/it]
  9%|▉         | 212/2360 [19:01<3:13:13,  5.40s/it]
  9%|▉         | 213/2360 [19:07<3:12:48,  5.39s/it]
  9%|▉         | 214/2360 [19:12<3:12:44,  5.39s/it]
  9%|▉         | 215/2360 [19:17<3:12:22,  5.38s/it]
  9%|▉         | 216/2360 [19:23<3:12:52,  5.40s/it]
  9%|▉         | 217/2360 [19:28<3:11:52,  5.37s/it]
  9%|▉         | 218/2360 [19:34<3:11:52,  5.37s/it]
  9%|▉         | 219/2360 [19:39<3:12:59,  5.41s/it]
  9%|▉         | 220/2360 [19:44<3:11:53,  5.38s/it]
  9%|▉         | 221/2360 [19:50<3:11:53,  5.38s/it]
  9%|▉         | 222/2360 [19:55<3:11:39,  5.38s/it]
  9%|▉         | 223/2360 [20:01<3:11:37,  5.38s/it]
  9%|▉         | 224/2360 [20:06<3:12:08,  5.40s/it]
 10%|▉         | 225/2360 [20:11<3:11:08,  5.37s/it]
 10%|▉         | 226/2360 [20:17<3:(0,)
It  236, sqrt loss 0.07215, Val sim-RMS 0.1292, Time Loss: 97.6%, data: 0.5%, val: 1.8%,  5.5 sec/batch
11:40,  5.39s/it]
 10%|▉         | 227/2360 [20:22<3:12:07,  5.40s/it]
 10%|▉         | 228/2360 [20:27<3:11:08,  5.38s/it]
 10%|▉         | 229/2360 [20:33<3:12:09,  5.41s/it]
 10%|▉         | 230/2360 [20:38<3:10:29,  5.37s/it]
 10%|▉         | 231/2360 [20:44<3:11:06,  5.39s/it]
 10%|▉         | 232/2360 [20:49<3:12:06,  5.42s/it]
 10%|▉         | 233/2360 [20:54<3:10:23,  5.37s/it]
 10%|▉         | 234/2360 [21:00<3:11:32,  5.41s/it]
 10%|▉         | 235/2360 [21:05<3:09:55,  5.36s/it]
 10%|█         | 236/2360 [21:34<7:22:59, 12.51s/it]
 10%|█         | 237/2360 [21:40<6:07:11, 10.38s/it]
 10%|█         | 238/2360 [21:45<5:13:13,  8.86s/it]
 10%|█         | 239/2360 [21:51<4:37:20,  7.85s/it]
 10%|█         | 240/2360 [21:56<4:10:19,  7.08s/it]
 10%|█         | 241/2360 [22:01<3:52:12,  6.57s/it]
 10%|█         | 242/2360 [22:07<3:38:44,  6.20s/it]
 10%|█         | 243/2360 [22:12<3:31:00,  5.98s/it]
 10%|█         | 244/2360 [22:17<3:25:07,  5.82s/it]
 10%|█         | 245/2360 [22:23<3:19:11,  5.65s/it]
 10%|█         | 246/2360 [22:28<3:17:16,  5.60s/it]
 10%|█         | 247/2360 [22:34<3:15:32,  5.55s/it]
 11%|█         | 248/2360 [22:39<3:12:53,  5.48s/it]
 11%|█         | 249/2360 [22:44<3:12:20,  5.47s/it]
 11%|█         | 250/2360 [22:50<3:10:36,  5.42s/it]
 11%|█         | 251/2360 [22:55<3:10:38,  5.42s/it]
 11%|█         | 252/2360 [23:01<3:10:40,  5.43s/it]
 11%|█         | 253/2360 [23:06<3:09:27,  5.40s/it]
 11%|█         | 254/2360 [23:11<3:09:57,  5.41s/it]
 11%|█         | 255/2360 [23:17<3:08:18,  5.37s/it]
 11%|█         | 256/2360 [23:22<3:08:54,  5.39s/it]
 11%|█         | 257/2360 [23:27<3:08:01,  5.36s/it]
 11%|█         | 258/2360 [23:33<3:08:36,  5.38s/it]
 11%|█         | 259/2360 [23:38<3:09:36,  5.41s/it]
 11%|█         | 260/2360 [23:44<3:07:55,  5.37s/it]
 11%|█         | 261/2360 [23:49<3:08:59,  5.40s/it]
 11%|█         | 262/2360 [23:54<3:07:58,  5.38s/it]
 11%|█         | 263/2360 [24:00<3:07:54,  5.38s/it]
 11%|█         | 264/2360 [24:05<3:08:27,  5.39s/it]
 11%|█         | 265/2360 [24:10<3:08:03,  5.39s/it]
 11%|█▏        | 266/2360 [24:16<3:07:56,  5.39s/it]
 11%|█▏        | 267/2360 [24:21<3:08:58,  5.42s/it]
 11%|█▏        | 268/2360 [24:27<3:07:45,  5.39s/it]
 11%|█▏        | 269/2360 [24:32<3:07:39,  5.38s/it]
 11%|█▏        | 270/2360 [24:37<3:07:19,  5.38s/it]
 11%|█▏        | 271/2360 [24:43<3:07:47,  5.39s/it]
 12%|█▏        | 272/2360 [24:48<3:08:06,  5.41s/it]
 12%|█▏        | 273/2360 [24:54<3:07:04,  5.38s/it]
 12%|█▏        | 274/2360 [24:59<3:07:37,  5.40s/it]
 12%|█▏        | 275/2360 [25:04<3:06:08,  5.36s/it]
 12%|█▏        | 276/2360 [25:10<3:07:19,  5.39s/it]
 12%|█▏        | 277/2360 [25:15<3:06:25,  5.37s/it]
 12%|█▏        | 278/2360 [25:20<3:06:25,  5.37s/it]
 12%|█▏        | 279/2360 [25:26<3:07:32,  5.41s/it]
 12%|█▏        | 280/2360 [25:31<3:05:52,  5.36s/it]
 12%|█▏        | 281/2360 [25:37<3:06:30,  5.38s/it]
 12%|█▏        | 282/2360 [25:42<3:06:09,  5.38s/it]
 12%|█▏        | 283/2360 [25:47<3:06:02,  5.37s/it]
 12%|█▏        | 284/2360 [25:53<3:06:33,  5.39s/it]
 12%|█▏        | 285/2360 [25:58<3:06:07,  5.38s/it]
 12%|█▏        | 286/2360 [26:04<3:06:04,  5.38s/it]
 12%|█▏        | 287/2360 [26:09<3:06:36,  5.40s/it]
 12%|█▏        | 288/2360 [26:14<3:06:04,  5.39s/it]
 12%|█▏        | 289/2360 [26:20<3:06:27,  5.40s/it]
 12%|█▏        | 290/2360 [26:25<3:05:22,  5.37s/it]
 12%|█▏        | 291/2360 [26:31<3:05:51,  5.39s/it]
 12%|█▏        | 292/2360 [26:36<3:06:17,  5.41s/it]
 12%|█▏        | 293/2360 [26:41<3:05:16,  5.38s/it]
 12%|█▏        | 294/2360 [26:47<3:05:17,  5.38s/it]
 12%|█▎        | 295/2360 [26:52<3:04:26,  5.36s/it]
 13%|█▎        | 296/2360 [26:57<3:05:39,  5.40s/it]
 13%|█▎        | 297/2360 [27:03<3:04:10,  5.36s/it]
 13%|█▎        | 298/2360 [27:08<3:05:22,  5.39s/it]
 13%|█▎        | 299/2360 [27:14<3:05:14,  5.39s/it]
 13%|█▎        | 300/2360 [27:19<3:04:49,  5.38s/it]
 13%|█▎        | 301/2360 [27:24<3:04:47,  5.38s/it]
 13%|█▎        | 302/2360 [27:30<3:04:29,  5.38s/it]
 13%|█▎        | 303/2360 [27:35<3:04:25,  5.38s/it]
 13%|█▎        | 304/2360 [27:41<3:04:57,  5.40s/it]
 13%|█▎        | 305/2360 [27:46<3:04:01,  5.37s/it]
 13%|█▎        | 306/2360 [27:51<3:04:31,  5.39s/it]
 13%|█▎        | 307/2360 [27:57<3:04:57,  5.41s/it]
 13%|█▎        | 308/2360 [28:02<3:03:54,  5.38s/it]
 13%|█▎        | 309/2360 [28:07<3:04:27,  5.40s/it]
 13%|█▎        | 310/2360 [28:13<3:03:30,  5.37s/it]
 13%|█▎        | 311/2360 [28:18<3:04:32,  5.40s/it]
 13%|█▎        | 312/2360 [28:24<3:04:16,  5.40s/it]
 13%|█▎        | 313/2360 [28:29<3:03:47,  5.39s/it]
 13%|█▎        | 314/2360 [28:34<3:03:41,  5.39s/it]
 13%|█▎        | 315/2360 [28:40<3:03:23,  5.38s/it]
 13%|█▎        | 316/2360 [28:45<3:03:20,  5.38s/it]
 13%|█▎        | 317/2360 [28:51<3:03:01,  5.38s/it]
 13%|█▎        | 318/2360 [28:56<3:03:03,  5.38s/it]
 14%|█▎        | 319/2360 [29:01<3:03:36,  5.40s/it]
 14%|█▎        | 320/2360 [29:07<3:03:08,  5.39s/it]
 14%|█▎        | 321/2360 [29:12<3:03:04,  5.39s/it]
 14%|█▎        | 322/2360 [29:17<3:02:43,  5.38s/it]
 14%|█▎        | 323/2360 [29:23<3:02:37,  5.38s/it]
 14%|█▎        | 324/2360 [29:28<3:03:37,  5.41s/it]
 14%|█▍        | 325/2360 [29:34<3:02:01,  5.37s/it]
 14%|█▍        | 326/2360 [29:39<3:02:40,  5.39s/it]
 14%|█▍        | 327/2360 [29:44<3:03:05,  5.40s/it]
 14%|█▍        | 328/2360 [29:50<3:02:34,  5.39s/it]
 14%|█▍        | 329/2360 [29:55<3:02:24,  5.39s/it]
 14%|█▍        | 330/2360 [30:01<3:02:01,  5.38s/it]
 14%|█▍        | 331/2360 [30:06<3:01:59,  5.38s/it]
 14%|█▍        | 332/2360 [30:11<3:02:31,  5.40s/it]
 14%|█▍        | 333/2360 [30:17<3:02:01,  5.39s/it]
 14%|█▍        | 334/2360 [30:22<3:01:56,  5.39s/it]
 14%|█▍        | 335/2360 [30:27<3:01:33,  5.38s/it]
 14%|█▍        | 336/2360 [30:33<3:02:03,  5.40s/it]
 14%|█▍        | 337/2360 [30:38<3:01:12,  5.37s/it]
 14%|█▍        | 338/2360 [30:44<3:01:41,  5.39s/it]
 14%|█▍        | 339/2360 [30:49<3:02:06,  5.41s/it]
 14%|█▍        | 340/2360 [30:54<3:01:03,  5.38s/it]
 14%|█▍        | 341/2360 [31:00<3:01:30,  5.39s/it]
 14%|█▍        | 342/2360 [31:05<3:00:37,  5.37s/it]
 15%|█▍        | 343/2360 [31:11<3:01:07,  5.39s/it]
 15%|█▍        | 344/2360 [31:16<3:01:30,  5.40s/it]
 15%|█▍        | 345/2360 [31:21<3:00:35,  5.38s/it]
 15%|█▍        | 346/2360 [31:27<3:00:31,  5.38s/it]
 15%|█▍        | 347/2360 [31:32<3:01:02,  5.40s/it]
 15%|█▍        | 348/2360 [31:37<3:00:05,  5.37s/it]
 15%|█▍        | 349/2360 [31:43<3:01:08,  5.40s/it]
 15%|█▍        | 350/2360 [31:48<3:00:07,  5.38s/it]
 15%|█▍        | 351/2360 [31:54<3:00:07,  5.38s/it]
 15%|█▍        | 352/2360 [31:59<3:00:38,  5.40s/it]
 15%|█▍        | 353/2360 [32:04<2:59:39,  5.37s/it]
 15%|█▌        | 354/2360 [32:10<3:00:16,  5.39s/it]
 15%|█▌        | 355/2360 [32:15<2:59:25,  5.37s/it]
 15%|█▌        | 356/2360 [32:21<3:00:28,  5.40s/it]
 15%|█▌        | 357/2360 [32:26<2:59:25,  5.37s/it]
 15%|█▌        | 358/2360 [32:31<2:59:25,  5.38s/it]
 15%|█▌        | 359/2360 [32:37<2:59:53,  5.39s/it]
 15%|█▌        | 360/2360 [32:42<2:59:29,  5.38s/it]
 15%|█▌        | 361/2360 [32:48<2:59:22,  5.38s/it]
 15%|█▌        | 362/2360 [32:53<2:59:00,  5.38s/it]
 15%|█▌        | 363/2360 [32:58<2:58:55,  5.38s/it]
 15%|█▌        | 364/2360 [33:04<2:59:23,  5.39s/it]
 15%|█▌        | 365/2360 [33:09<2:59:02,  5.38s/it]
 16%|█▌        | 366/2360 [33:14<2:59:26,  5.40s/it]
 16%|█▌        | 367/2360 [33:20<2:59:16,  5.40s/it]
 16%|█▌        | 368/2360 [33:25<2:58:51,  5.39s/it]
 16%|█▌        | 369/2360 [33:31<2:58:49,  5.39s/it]
 16%|█▌        | 370/2360 [33:36<2:58:29,  5.38s/it]
 16%|█▌        | 371/2360 [33:41<2:58:55,  5.40s/it]
 16%|█▌        | 372/2360 [33:47<2:59:13,  5.41s/it]
 16%|█▌        | 373/2360 [33:52<2:57:41,  5.37s/it]
 16%|█▌        | 374/2360 [33:58<2:58:49,  5.40s/it]
 16%|█▌        | 375/2360 [34:03<2:57:17,  5.36s/it]
 16%|█▌        | 376/2360 [34:08<2:57:57,  5.38s/it]
 16%|█▌        | 377/2360 [34:14<2:57:38,  5.38s/it]
 16%|█▌        | 378/2360 [34:19<2:58:03,  5.39s/it]
 16%|█▌        | 379/2360 [34:24<2:57:55,  5.39s/it]
 16%|█▌        | 380/2360 [34:30<2:57:38,  5.38s/it]
 16%|█▌        | 381/2360 [34:35<2:57:34,  5.38s/it]
 16%|█▌        | 382/2360 [34:41<2:56:50,  5.36s/it]
 16%|█▌        | 383/2360 [34:46<2:57:24,  5.38s/it]
 16%|█▋        | 384/2360 [34:51<2:58:19,  5.41s/it]
 16%|█▋        | 385/2360 [34:57<2:57:13,  5.38s/it]
 16%|█▋        | 386/2360 [35:02<2:57:08,  5.38s/it]
 16%|█▋        | 387/2360 [35:08<2:58:04,  5.42s/it]
 16%|█▋        | 388/2360 [35:13<2:56:34,  5.37s/it]
 16%|█▋        | 389/2360 [35:18<2:57:37,  5.41s/it]
 17%|█▋        | 390/2360 [35:24<2:56:12,  5.37s/it]
 17%|█▋        | 391/2360 [35:29<2:57:13,  5.40s/it]
 17%|█▋        | 392/2360 [35:35<2:57:29,  5.41s/it]
 17%|█▋        | 393/2360 [35:40<2:55:58,  5.37s/it]
 17%|█▋        | 394/2360 [35:45<2:56:34,  5.39s/it]
 17%|█▋        | 395/2360 [35:51<2:56:15,  5.38s/it]
 17%|█▋        | 396/2360 [35:56<2:56:41,  5.40s/it]
 17%|█▋        | 397/2360 [36:01<2:55:43,  5.37s/it]
 17%|█▋        | 398/2360 [36:07<2:55:43,  5.37s/it]
 17%|█▋        | 399/2360 [36:12<2:56:16,  5.39s/it]
 17%|█▋        | 400/2360 [36:18<2:55:52,  5.38s/it]
 17%|█▋        | 401/2360 [36:23<2:56:12,  5.40s/it]
 17%|█▋        | 402/2360 [36:28<2:54:51,  5.36s/it]
 17%|█▋        | 403/2360 [36:34<2:55:28,  5.38s/it]
 17%|█▋        | 404/2360 [36:39<2:55:57,  5.40s/it]
 17%|█▋        | 405/2360 [36:45<2:55:30,  5.39s/it]
 17%|█▋        | 406/2360 [36:50<2:55:21,  5.38s/it]
 17%|█▋        | 407/2360 [36:55<2:55:47,  5.40s/it]
 17%|█▋        | 408/2360 [37:01<2:54:56,  5.38s/it]
 17%|█▋        | 409/2360 [37:06<2:55:55,  5.41s/it]
 17%|█▋        | 410/2360 [37:11<2:54:25,  5.37s/it]
 17%|█▋        | 411/2360 [37:17<2:54:58,  5.39s/it]
 17%|█▋        | 412/2360 [37:22<2:55:25,  5.40s/it]
 18%|█▊        | 413/2360 [37:28<2:54:56,  5.39s/it]
 18%|█▊        | 414/2360 [37:33<2:54:46,  5.39s/it]
 18%|█▊        | 415/2360 [37:38<2:54:25,  5.38s/it]
 18%|█▊        | 416/2360 [37:44<2:54:51,  5.40s/it]
 18%|█▊        | 417/2360 [37:49<2:53:27,  5.36s/it]
 18%|█▊        | 418/2360 [37:55<2:54:32,  5.39s/it]
 18%|█▊        | 419/2360 [38:00<2:54:24,  5.39s/it]
 18%|█▊        | 420/2360 [38:05<2:54:05,  5.38s/it]
 18%|█▊        | 421/2360 [38:11<2:54:28,  5.40s/it]
 18%|█▊        | 422/2360 [38:16<2:53:32,  5.37s/it]
 18%|█▊        | 423/2360 [38:21<2:53:31,  5.38s/it]
 18%|█▊        | 424/2360 [38:27<2:54:31,  5.41s/it]
 18%|█▊        | 425/2360 [38:32<2:53:30,  5.38s/it]
 18%|█▊        | 426/2360 [38:38<2:53:55,  5.40s/it]
 18%|█▊        | 427/2360 [38:43<2:54:15,  5.41s/it]
 18%|█▊        | 428/2360 [38:48<2:53:13,  5.38s/it]
 18%|█▊        | 429/2360 [38:54<2:53:11,  5.38s/it]
 18%|█▊        | 430/2360 [38:59<2:52:22,  5.36s/it]
 18%|█▊        | 431/2360 [39:05<2:53:26,  5.40s/it]
 18%|█▊        | 432/2360 [39:10<2:53:16,  5.39s/it]
 18%|█▊        | 433/2360 [39:15<2:52:47,  5.38s/it]
 18%|█▊        | 434/2360 [39:21<2:53:11,  5.40s/it]
 18%|█▊        | 435/2360 [39:26<2:51:53,  5.36s/it]
 18%|█▊        | 436/2360 [39:32<2:52:36,  5.38s/it]
 19%|█▊        | 437/2360 [39:37<2:51:55,  5.36s/it]
 19%|█▊        | 438/2360 [39:42<2:52:29,  5.38s/it]
 19%|█▊        | 439/2360 [39:48<2:52:54,  5.40s/it]
 19%|█▊        | 440/2360 [39:53<2:52:29,  5.39s/it]
 19%|█▊        | 441/2360 [39:58<2:52:18,  5.39s/it]
 19%|█▊        | 442/2360 [40:04<2:52:02,  5.38s/it]
 19%|█▉        | 443/2360 [40:09<2:52:24,  5.40s/it]
 19%|█▉        | 444/2360 [40:15<2:52:40,  5.41s/it]
 19%|█▉        | 445/2360 [40:20<2:51:11,  5.36s/it]
 19%|█▉        | 446/2360 [40:25<2:52:10,  5.40s/it]
 19%|█▉        | 447/2360 [40:31<2:51:59,  5.39s/it]
 19%|█▉        | 448/2360 [40:36<2:51:31,  5.38s/it]
 19%|█▉        | 449/2360 [40:42<2:51:30,  5.38s/it]
 19%|█▉        | 450/2360 [40:47<2:51:11,  5.38s/it]
 19%|█▉        | 451/2360 [40:52<2:51:38,  5.39s/it]
 19%|█▉        | 452/2360 [40:58<2:51:28,  5.39s/it]
 19%|█▉        | 453/2360 [41:03<2:51:07,  5.38s/it]
 19%|█▉        | 454/2360 [41:09<2:51:35,  5.40s/it]
 19%|█▉        | 455/2360 [41:14<2:50:12,  5.36s/it]
 19%|█▉        | 456/2360 [41:19<2:51:17,  5.40s/it]
 19%|█▉        | 457/2360 [41:25<2:49:57,  5.36s/it]
 19%|█▉        | 458/2360 [41:30<2:50:34,  5.38s/it]
 19%|█▉        | 459/2360 [41:35<2:51:02,  5.40s/it]
 19%|█▉        | 460/2360 [41:41<2:50:39,  5.39s/it]
 20%|█▉        | 461/2360 [41:(0,)
It  472, sqrt loss 0.01848, Val sim-RMS 0.1159, Time Loss: 97.7%, data: 0.5%, val: 1.8%,  5.5 sec/batch
46<2:50:36,  5.39s/it]
 20%|█▉        | 462/2360 [41:52<2:50:16,  5.38s/it]
 20%|█▉        | 463/2360 [41:57<2:50:36,  5.40s/it]
 20%|█▉        | 464/2360 [42:02<2:50:52,  5.41s/it]
 20%|█▉        | 465/2360 [42:08<2:49:23,  5.36s/it]
 20%|█▉        | 466/2360 [42:13<2:49:58,  5.38s/it]
 20%|█▉        | 467/2360 [42:19<2:50:52,  5.42s/it]
 20%|█▉        | 468/2360 [42:24<2:49:46,  5.38s/it]
 20%|█▉        | 469/2360 [42:29<2:49:42,  5.38s/it]
 20%|█▉        | 470/2360 [42:35<2:48:56,  5.36s/it]
 20%|█▉        | 471/2360 [42:40<2:49:59,  5.40s/it]
 20%|██        | 472/2360 [43:09<6:34:38, 12.54s/it]
 20%|██        | 473/2360 [43:15<5:25:48, 10.36s/it]
 20%|██        | 474/2360 [43:20<4:39:13,  8.88s/it]
 20%|██        | 475/2360 [43:25<4:05:52,  7.83s/it]
 20%|██        | 476/2360 [43:31<3:42:41,  7.09s/it]
 20%|██        | 477/2360 [43:36<3:26:59,  6.60s/it]
 20%|██        | 478/2360 [43:41<3:14:48,  6.21s/it]
 20%|██        | 479/2360 [43:47<3:07:22,  5.98s/it]
 20%|██        | 480/2360 [43:52<3:01:25,  5.79s/it]
 20%|██        | 481/2360 [43:58<2:57:31,  5.67s/it]
 20%|██        | 482/2360 [44:03<2:54:02,  5.56s/it]
 20%|██        | 483/2360 [44:08<2:52:44,  5.52s/it]
 21%|██        | 484/2360 [44:14<2:52:17,  5.51s/it]
 21%|██        | 485/2360 [44:19<2:49:51,  5.44s/it]
 21%|██        | 486/2360 [44:25<2:50:09,  5.45s/it]
 21%|██        | 487/2360 [44:30<2:50:02,  5.45s/it]
 21%|██        | 488/2360 [44:35<2:48:37,  5.40s/it]
 21%|██        | 489/2360 [44:41<2:48:21,  5.40s/it]
 21%|██        | 490/2360 [44:46<2:47:52,  5.39s/it]
 21%|██        | 491/2360 [44:52<2:47:44,  5.39s/it]
 21%|██        | 492/2360 [44:57<2:48:08,  5.40s/it]
 21%|██        | 493/2360 [45:02<2:47:12,  5.37s/it]
 21%|██        | 494/2360 [45:08<2:47:47,  5.40s/it]
 21%|██        | 495/2360 [45:13<2:47:25,  5.39s/it]
 21%|██        | 496/2360 [45:18<2:47:21,  5.39s/it]
 21%|██        | 497/2360 [45:24<2:46:34,  5.36s/it]
 21%|██        | 498/2360 [45:29<2:47:13,  5.39s/it]
 21%|██        | 499/2360 [45:35<2:48:01,  5.42s/it]
 21%|██        | 500/2360 [45:40<2:46:59,  5.39s/it]
 21%|██        | 501/2360 [45:45<2:47:17,  5.40s/it]
 21%|██▏       | 502/2360 [45:51<2:45:53,  5.36s/it]
 21%|██▏       | 503/2360 [45:56<2:46:26,  5.38s/it]
 21%|██▏       | 504/2360 [46:02<2:46:51,  5.39s/it]
 21%|██▏       | 505/2360 [46:07<2:46:25,  5.38s/it]
 21%|██▏       | 506/2360 [46:12<2:46:20,  5.38s/it]
 21%|██▏       | 507/2360 [46:18<2:47:15,  5.42s/it]
 22%|██▏       | 508/2360 [46:23<2:45:48,  5.37s/it]
 22%|██▏       | 509/2360 [46:29<2:46:46,  5.41s/it]
 22%|██▏       | 510/2360 [46:34<2:45:22,  5.36s/it]
 22%|██▏       | 511/2360 [46:39<2:46:23,  5.40s/it]
 22%|██▏       | 512/2360 [46:45<2:46:13,  5.40s/it]
 22%|██▏       | 513/2360 [46:50<2:45:46,  5.39s/it]
 22%|██▏       | 514/2360 [46:55<2:45:41,  5.39s/it]
 22%|██▏       | 515/2360 [47:01<2:45:21,  5.38s/it]
 22%|██▏       | 516/2360 [47:06<2:45:17,  5.38s/it]
 22%|██▏       | 517/2360 [47:12<2:45:02,  5.37s/it]
 22%|██▏       | 518/2360 [47:17<2:44:58,  5.37s/it]
 22%|██▏       | 519/2360 [47:22<2:45:27,  5.39s/it]
 22%|██▏       | 520/2360 [47:28<2:45:03,  5.38s/it]
 22%|██▏       | 521/2360 [47:33<2:45:01,  5.38s/it]
 22%|██▏       | 522/2360 [47:38<2:44:46,  5.38s/it]
 22%|██▏       | 523/2360 [47:44<2:44:39,  5.38s/it]
 22%|██▏       | 524/2360 [47:49<2:45:05,  5.39s/it]
 22%|██▏       | 525/2360 [47:55<2:44:13,  5.37s/it]
 22%|██▏       | 526/2360 [48:00<2:44:42,  5.39s/it]
 22%|██▏       | 527/2360 [48:05<2:45:31,  5.42s/it]
 22%|██▏       | 528/2360 [48:11<2:44:01,  5.37s/it]
 22%|██▏       | 529/2360 [48:16<2:44:57,  5.41s/it]
 22%|██▏       | 530/2360 [48:21<2:43:34,  5.36s/it]
 22%|██▎       | 531/2360 [48:27<2:44:07,  5.38s/it]
 23%|██▎       | 532/2360 [48:32<2:44:57,  5.41s/it]
 23%|██▎       | 533/2360 [48:38<2:43:28,  5.37s/it]
 23%|██▎       | 534/2360 [48:43<2:44:30,  5.41s/it]
 23%|██▎       | 535/2360 [48:48<2:43:07,  5.36s/it]
 23%|██▎       | 536/2360 [48:54<2:43:43,  5.39s/it]
 23%|██▎       | 537/2360 [48:59<2:43:00,  5.36s/it]
 23%|██▎       | 538/2360 [49:05<2:43:34,  5.39s/it]
 23%|██▎       | 539/2360 [49:10<2:44:24,  5.42s/it]
 23%|██▎       | 540/2360 [49:15<2:42:56,  5.37s/it]
 23%|██▎       | 541/2360 [49:21<2:43:52,  5.41s/it]
 23%|██▎       | 542/2360 [49:26<2:42:28,  5.36s/it]
 23%|██▎       | 543/2360 [49:32<2:43:29,  5.40s/it]
 23%|██▎       | 544/2360 [49:37<2:43:15,  5.39s/it]
 23%|██▎       | 545/2360 [49:42<2:42:55,  5.39s/it]
 23%|██▎       | 546/2360 [49:48<2:42:47,  5.38s/it]
 23%|██▎       | 547/2360 [49:53<2:43:11,  5.40s/it]
 23%|██▎       | 548/2360 [49:58<2:42:17,  5.37s/it]
 23%|██▎       | 549/2360 [50:04<2:42:55,  5.40s/it]
 23%|██▎       | 550/2360 [50:09<2:42:07,  5.37s/it]
 23%|██▎       | 551/2360 [50:15<2:43:01,  5.41s/it]
 23%|██▎       | 552/2360 [50:20<2:42:47,  5.40s/it]
 23%|██▎       | 553/2360 [50:25<2:41:54,  5.38s/it]
 23%|██▎       | 554/2360 [50:31<2:42:51,  5.41s/it]
 24%|██▎       | 555/2360 [50:36<2:41:22,  5.36s/it]
 24%|██▎       | 556/2360 [50:42<2:41:54,  5.39s/it]
 24%|██▎       | 557/2360 [50:47<2:41:09,  5.36s/it]
 24%|██▎       | 558/2360 [50:52<2:41:41,  5.38s/it]
 24%|██▎       | 559/2360 [50:58<2:42:06,  5.40s/it]
 24%|██▎       | 560/2360 [51:03<2:41:15,  5.38s/it]
 24%|██▍       | 561/2360 [51:09<2:42:07,  5.41s/it]
 24%|██▍       | 562/2360 [51:14<2:40:45,  5.36s/it]
 24%|██▍       | 563/2360 [51:19<2:41:16,  5.38s/it]
 24%|██▍       | 564/2360 [51:25<2:41:40,  5.40s/it]
 24%|██▍       | 565/2360 [51:30<2:40:47,  5.37s/it]
 24%|██▍       | 566/2360 [51:36<2:41:42,  5.41s/it]
 24%|██▍       | 567/2360 [51:41<2:41:51,  5.42s/it]
 24%|██▍       | 568/2360 [51:46<2:40:21,  5.37s/it]
 24%|██▍       | 569/2360 [51:52<2:41:16,  5.40s/it]
 24%|██▍       | 570/2360 [51:57<2:39:53,  5.36s/it]
 24%|██▍       | 571/2360 [52:02<2:40:28,  5.38s/it]
 24%|██▍       | 572/2360 [52:08<2:41:20,  5.41s/it]
 24%|██▍       | 573/2360 [52:13<2:39:53,  5.37s/it]
 24%|██▍       | 574/2360 [52:19<2:40:26,  5.39s/it]
 24%|██▍       | 575/2360 [52:24<2:39:40,  5.37s/it]
 24%|██▍       | 576/2360 [52:29<2:40:39,  5.40s/it]
 24%|██▍       | 577/2360 [52:35<2:39:16,  5.36s/it]
 24%|██▍       | 578/2360 [52:40<2:40:15,  5.40s/it]
 25%|██▍       | 579/2360 [52:46<2:40:30,  5.41s/it]
 25%|██▍       | 580/2360 [52:51<2:39:38,  5.38s/it]
 25%|██▍       | 581/2360 [52:56<2:39:34,  5.38s/it]
 25%|██▍       | 582/2360 [53:02<2:38:54,  5.36s/it]
 25%|██▍       | 583/2360 [53:07<2:39:23,  5.38s/it]
 25%|██▍       | 584/2360 [53:13<2:40:14,  5.41s/it]
 25%|██▍       | 585/2360 [53:18<2:38:51,  5.37s/it]
 25%|██▍       | 586/2360 [53:23<2:39:43,  5.40s/it]
 25%|██▍       | 587/2360 [53:29<2:39:29,  5.40s/it]
 25%|██▍       | 588/2360 [53:34<2:38:42,  5.37s/it]
 25%|██▍       | 589/2360 [53:39<2:39:12,  5.39s/it]
 25%|██▌       | 590/2360 [53:45<2:38:25,  5.37s/it]
 25%|██▌       | 591/2360 [53:50<2:38:51,  5.39s/it]
 25%|██▌       | 592/2360 [53:56<2:39:14,  5.40s/it]
 25%|██▌       | 593/2360 [54:01<2:38:49,  5.39s/it]
 25%|██▌       | 594/2360 [54:06<2:39:06,  5.41s/it]
 25%|██▌       | 595/2360 [54:12<2:38:18,  5.38s/it]
 25%|██▌       | 596/2360 [54:17<2:38:16,  5.38s/it]
 25%|██▌       | 597/2360 [54:22<2:37:35,  5.36s/it]
 25%|██▌       | 598/2360 [54:28<2:38:06,  5.38s/it]
 25%|██▌       | 599/2360 [54:33<2:38:29,  5.40s/it]
 25%|██▌       | 600/2360 [54:39<2:38:08,  5.39s/it]
 25%|██▌       | 601/2360 [54:44<2:38:01,  5.39s/it]
 26%|██▌       | 602/2360 [54:49<2:37:41,  5.38s/it]
 26%|██▌       | 603/2360 [54:55<2:37:32,  5.38s/it]
 26%|██▌       | 604/2360 [55:00<2:38:23,  5.41s/it]
 26%|██▌       | 605/2360 [55:06<2:36:58,  5.37s/it]
 26%|██▌       | 606/2360 [55:11<2:37:53,  5.40s/it]
 26%|██▌       | 607/2360 [55:16<2:37:41,  5.40s/it]
 26%|██▌       | 608/2360 [55:22<2:36:53,  5.37s/it]
 26%|██▌       | 609/2360 [55:27<2:37:22,  5.39s/it]
 26%|██▌       | 610/2360 [55:32<2:36:37,  5.37s/it]
 26%|██▌       | 611/2360 [55:38<2:37:03,  5.39s/it]
 26%|██▌       | 612/2360 [55:43<2:37:25,  5.40s/it]
 26%|██▌       | 613/2360 [55:49<2:36:33,  5.38s/it]
 26%|██▌       | 614/2360 [55:54<2:37:25,  5.41s/it]
 26%|██▌       | 615/2360 [55:59<2:36:04,  5.37s/it]
 26%|██▌       | 616/2360 [56:05<2:36:34,  5.39s/it]
 26%|██▌       | 617/2360 [56:10<2:35:51,  5.36s/it]
 26%|██▌       | 618/2360 [56:16<2:36:47,  5.40s/it]
 26%|██▌       | 619/2360 [56:21<2:36:34,  5.40s/it]
 26%|██▋       | 620/2360 [56:26<2:35:49,  5.37s/it]
 26%|██▋       | 621/2360 [56:32<2:36:43,  5.41s/it]
 26%|██▋       | 622/2360 [56:37<2:35:21,  5.36s/it]
 26%|██▋       | 623/2360 [56:43<2:35:51,  5.38s/it]
 26%|██▋       | 624/2360 [56:48<2:36:13,  5.40s/it]
 26%|██▋       | 625/2360 [56:53<2:35:49,  5.39s/it]
 27%|██▋       | 626/2360 [56:59<2:36:06,  5.40s/it]
 27%|██▋       | 627/2360 [57:04<2:35:54,  5.40s/it]
 27%|██▋       | 628/2360 [57:09<2:35:03,  5.37s/it]
 27%|██▋       | 629/2360 [57:15<2:35:57,  5.41s/it]
 27%|██▋       | 630/2360 [57:20<2:34:37,  5.36s/it]
 27%|██▋       | 631/2360 [57:26<2:35:11,  5.39s/it]
 27%|██▋       | 632/2360 [57:31<2:36:00,  5.42s/it]
 27%|██▋       | 633/2360 [57:36<2:34:37,  5.37s/it]
 27%|██▋       | 634/2360 [57:42<2:35:07,  5.39s/it]
 27%|██▋       | 635/2360 [57:47<2:34:48,  5.38s/it]
 27%|██▋       | 636/2360 [57:53<2:35:09,  5.40s/it]
 27%|██▋       | 637/2360 [57:58<2:34:23,  5.38s/it]
 27%|██▋       | 638/2360 [58:03<2:34:45,  5.39s/it]
 27%|██▋       | 639/2360 [58:09<2:34:37,  5.39s/it]
 27%|██▋       | 640/2360 [58:14<2:33:52,  5.37s/it]
 27%|██▋       | 641/2360 [58:20<2:34:44,  5.40s/it]
 27%|██▋       | 642/2360 [58:25<2:33:51,  5.37s/it]
 27%|██▋       | 643/2360 [58:30<2:33:49,  5.38s/it]
 27%|██▋       | 644/2360 [58:36<2:34:41,  5.41s/it]
 27%|██▋       | 645/2360 [58:41<2:33:49,  5.38s/it]
 27%|██▋       | 646/2360 [58:47<2:34:07,  5.40s/it]
 27%|██▋       | 647/2360 [58:52<2:34:26,  5.41s/it]
 27%|██▋       | 648/2360 [58:57<2:33:06,  5.37s/it]
 28%|██▊       | 649/2360 [59:03<2:34:04,  5.40s/it]
 28%|██▊       | 650/2360 [59:08<2:33:13,  5.38s/it]
 28%|██▊       | 651/2360 [59:13<2:33:39,  5.39s/it]
 28%|██▊       | 652/2360 [59:19<2:33:58,  5.41s/it]
 28%|██▊       | 653/2360 [59:24<2:32:38,  5.37s/it]
 28%|██▊       | 654/2360 [59:30<2:33:37,  5.40s/it]
 28%|██▊       | 655/2360 [59:35<2:32:47,  5.38s/it]
 28%|██▊       | 656/2360 [59:40<2:33:15,  5.40s/it]
 28%|██▊       | 657/2360 [59:46<2:32:28,  5.37s/it]
 28%|██▊       | 658/2360 [59:51<2:32:56,  5.39s/it]
 28%|██▊       | 659/2360 [59:57<2:33:13,  5.40s/it]
 28%|██▊       | 660/2360 [1:00:02<2:31:55,  5.36s/it]
 28%|██▊       | 661/2360 [1:00:07<2:32:27,  5.38s/it]
 28%|██▊       | 662/2360 [1:00:13<2:31:46,  5.36s/it]
 28%|██▊       | 663/2360 [1:00:18<2:32:14,  5.38s/it]
 28%|██▊       | 664/2360 [1:00:23<2:32:36,  5.40s/it]
 28%|██▊       | 665/2360 [1:00:29<2:32:14,  5.39s/it]
 28%|██▊       | 666/2360 [1:00:34<2:32:04,  5.39s/it]
 28%|██▊       | 667/2360 [1:00:40<2:32:28,  5.40s/it]
 28%|██▊       | 668/2360 [1:00:45<2:31:35,  5.38s/it]
 28%|██▊       | 669/2360 [1:00:50<2:32:25,  5.41s/it]
 28%|██▊       | 670/2360 [1:00:56<2:31:08,  5.37s/it]
 28%|██▊       | 671/2360 [1:01:01<2:31:36,  5.39s/it]
 28%|██▊       | 672/2360 [1:01:07<2:32:23,  5.42s/it]
 29%|██▊       | 673/2360 [1:01:12<2:30:59,  5.37s/it]
 29%|██▊       | 674/2360 [1:01:17<2:31:53,  5.41s/it]
 29%|██▊       | 675/2360 [1:01:23<2:30:37,  5.36s/it]
 29%|██▊       | 676/2360 [1:01:28<2:31:06,  5.38s/it]
 29%|██▊       | 677/2360 [1:01:33<2:30:24,  5.36s/it]
 29%|██▊       | 678/2360 [1:01:39<2:30:52,  5.38s/it]
 29%|██▉       | 679/2360 [1:01:44<2:31:15,  5.40s/it]
 29%|██▉       | 680/2360 [1:01:50<2:30:25,  5.37s/it]
 29%|██▉       | 681/2360 [1:01:55<2:30:54,  5.39s/it]
 29%|██▉       | 682/2360 [1:02:00<2:30:09,  5.37s/it]
 29%|██▉       | 683/2360 [1:02:06<2:30:32,  5.39s/it]
 29%|██▉       | 684/2360 [1:02:11<2:31:17,  5.42s/it]
 29%|██▉       | 685/2360 [1:02:17<2:29:55,  5.37s/it]
 29%|██▉       | 686/2360 [1:02:22<2:30:44,  5.40s/it]
 29%|██▉       | 687/2360 [1:02:27<2:30:32,  5.40s/it]
 29%|██▉       | 688/2360 [1:02:33<2:29:44,  5.37s/it]
 29%|██▉       | 689/2360 [1:02:38<2:30:12,  5.39s/it]
 29%|██▉       | 690/2360 [1:02:43<2:29:28,  5.37s/it]
 29%|██▉       | 691/2360 [1:02:49<2:29:54,  5.39s/it]
 29%|██▉       | 692/2360 [1:02:54<2:30:37,  5.42s/it]
 29%|██▉       | 693/2360 [1:03:00<2:29:16,  5.37s/it]
 29%|██▉       | 694/2360 [1:03:05<2:30:10,  5.41s/it]
 29%|██▉       | 695/2360 [1:03:10<2:29:18,  5.38s/it]
 29%|██▉       | 696/2360 [1:03:16<2:29:17,  5.38s/it]
 30%|██▉       | 697/2360 [1:03:21<2:28:39,  5.36s/it]
 30%|██▉       | 698/2360 [1:03:27<2:29:34,  5.40s/it]
 30%|██▉       | 699/2360 [1:03:32<2:29:22,  5.40s/it]
 30%|██▉       | 700/2360 [1:03:37<2:28:37,  5.37s/it]
 30%|██▉       | 701/2360 [1:03:43<2:29:28,  5.41s/it]
 30%|██▉       | 702/2360 [1:03:48<2:28:08,  5.36s/it]
 30%|██▉       | 703/2360 [1:03:54<2:28:59,  5.40s/it]
 30%|██▉       | 704/(0,)
It  708, sqrt loss  0.0146, Val sim-RMS 0.01923, Time Loss: 97.6%, data: 0.5%, val: 1.8%,  5.5 sec/batch
2360 [1:03:59<2:29:13,  5.41s/it]
 30%|██▉       | 705/2360 [1:04:04<2:28:20,  5.38s/it]
 30%|██▉       | 706/2360 [1:04:10<2:28:15,  5.38s/it]
 30%|██▉       | 707/2360 [1:04:15<2:28:41,  5.40s/it]
 30%|███       | 708/2360 [1:04:44<5:44:46, 12.52s/it]
 30%|███       | 709/2360 [1:04:50<4:46:04, 10.40s/it]
 30%|███       | 710/2360 [1:04:55<4:03:30,  8.85s/it]
 30%|███       | 711/2360 [1:05:00<3:35:05,  7.83s/it]
 30%|███       | 712/2360 [1:05:06<3:15:37,  7.12s/it]
 30%|███       | 713/2360 [1:05:11<3:00:08,  6.56s/it]
 30%|███       | 714/2360 [1:05:17<2:51:08,  6.24s/it]
 30%|███       | 715/2360 [1:05:22<2:43:26,  5.96s/it]
 30%|███       | 716/2360 [1:05:27<2:38:55,  5.80s/it]
 30%|███       | 717/2360 [1:05:33<2:34:20,  5.64s/it]
 30%|███       | 718/2360 [1:05:38<2:32:54,  5.59s/it]
 30%|███       | 719/2360 [1:05:44<2:31:34,  5.54s/it]
 31%|███       | 720/2360 [1:05:49<2:29:35,  5.47s/it]
 31%|███       | 721/2360 [1:05:54<2:28:45,  5.45s/it]
 31%|███       | 722/2360 [1:06:00<2:27:32,  5.40s/it]
 31%|███       | 723/2360 [1:06:05<2:27:35,  5.41s/it]
 31%|███       | 724/2360 [1:06:10<2:27:42,  5.42s/it]
 31%|███       | 725/2360 [1:06:16<2:26:47,  5.39s/it]
 31%|███       | 726/2360 [1:06:21<2:27:25,  5.41s/it]
 31%|███       | 727/2360 [1:06:27<2:27:29,  5.42s/it]
 31%|███       | 728/2360 [1:06:32<2:26:30,  5.39s/it]
 31%|███       | 729/2360 [1:06:37<2:26:49,  5.40s/it]
 31%|███       | 730/2360 [1:06:43<2:25:35,  5.36s/it]
 31%|███       | 731/2360 [1:06:48<2:26:05,  5.38s/it]
 31%|███       | 732/2360 [1:06:53<2:26:27,  5.40s/it]
 31%|███       | 733/2360 [1:06:59<2:26:06,  5.39s/it]
 31%|███       | 734/2360 [1:07:04<2:26:25,  5.40s/it]
 31%|███       | 735/2360 [1:07:10<2:25:39,  5.38s/it]
 31%|███       | 736/2360 [1:07:15<2:25:57,  5.39s/it]
 31%|███       | 737/2360 [1:07:20<2:24:46,  5.35s/it]
 31%|███▏      | 738/2360 [1:07:26<2:25:42,  5.39s/it]
 31%|███▏      | 739/2360 [1:07:31<2:26:01,  5.41s/it]
 31%|███▏      | 740/2360 [1:07:36<2:24:45,  5.36s/it]
 31%|███▏      | 741/2360 [1:07:42<2:25:36,  5.40s/it]
 31%|███▏      | 742/2360 [1:07:47<2:24:23,  5.35s/it]
 31%|███▏      | 743/2360 [1:07:53<2:24:52,  5.38s/it]
 32%|███▏      | 744/2360 [1:07:58<2:25:16,  5.39s/it]
 32%|███▏      | 745/2360 [1:08:03<2:24:55,  5.38s/it]
 32%|███▏      | 746/2360 [1:08:09<2:24:49,  5.38s/it]
 32%|███▏      | 747/2360 [1:08:14<2:25:11,  5.40s/it]
 32%|███▏      | 748/2360 [1:08:20<2:24:19,  5.37s/it]
 32%|███▏      | 749/2360 [1:08:25<2:25:06,  5.40s/it]
 32%|███▏      | 750/2360 [1:08:30<2:23:51,  5.36s/it]
 32%|███▏      | 751/2360 [1:08:36<2:24:45,  5.40s/it]
 32%|███▏      | 752/2360 [1:08:41<2:24:36,  5.40s/it]
 32%|███▏      | 753/2360 [1:08:47<2:24:14,  5.39s/it]
 32%|███▏      | 754/2360 [1:08:52<2:24:09,  5.39s/it]
 32%|███▏      | 755/2360 [1:08:57<2:23:28,  5.36s/it]
 32%|███▏      | 756/2360 [1:09:03<2:24:18,  5.40s/it]
 32%|███▏      | 757/2360 [1:09:08<2:23:07,  5.36s/it]
 32%|███▏      | 758/2360 [1:09:13<2:24:01,  5.39s/it]
 32%|███▏      | 759/2360 [1:09:19<2:23:54,  5.39s/it]
 32%|███▏      | 760/2360 [1:09:24<2:23:35,  5.38s/it]
 32%|███▏      | 761/2360 [1:09:30<2:23:27,  5.38s/it]
 32%|███▏      | 762/2360 [1:09:35<2:23:13,  5.38s/it]
 32%|███▏      | 763/2360 [1:09:40<2:23:33,  5.39s/it]
 32%|███▏      | 764/2360 [1:09:46<2:23:22,  5.39s/it]
 32%|███▏      | 765/2360 [1:09:51<2:23:02,  5.38s/it]
 32%|███▏      | 766/2360 [1:09:56<2:22:55,  5.38s/it]
 32%|███▎      | 767/2360 [1:10:02<2:23:41,  5.41s/it]
 33%|███▎      | 768/2360 [1:10:07<2:22:49,  5.38s/it]
 33%|███▎      | 769/2360 [1:10:13<2:22:43,  5.38s/it]
 33%|███▎      | 770/2360 [1:10:18<2:22:06,  5.36s/it]
 33%|███▎      | 771/2360 [1:10:23<2:22:58,  5.40s/it]
 33%|███▎      | 772/2360 [1:10:29<2:22:47,  5.40s/it]
 33%|███▎      | 773/2360 [1:10:34<2:22:26,  5.39s/it]
 33%|███▎      | 774/2360 [1:10:40<2:22:22,  5.39s/it]
 33%|███▎      | 775/2360 [1:10:45<2:21:42,  5.36s/it]
 33%|███▎      | 776/2360 [1:10:50<2:22:09,  5.39s/it]
 33%|███▎      | 777/2360 [1:10:56<2:21:52,  5.38s/it]
 33%|███▎      | 778/2360 [1:11:01<2:21:49,  5.38s/it]
 33%|███▎      | 779/2360 [1:11:07<2:22:10,  5.40s/it]
 33%|███▎      | 780/2360 [1:11:12<2:21:26,  5.37s/it]
 33%|███▎      | 781/2360 [1:11:17<2:21:51,  5.39s/it]
 33%|███▎      | 782/2360 [1:11:23<2:21:10,  5.37s/it]
 33%|███▎      | 783/2360 [1:11:28<2:21:57,  5.40s/it]
 33%|███▎      | 784/2360 [1:11:33<2:21:42,  5.39s/it]
 33%|███▎      | 785/2360 [1:11:39<2:20:55,  5.37s/it]
 33%|███▎      | 786/2360 [1:11:44<2:21:20,  5.39s/it]
 33%|███▎      | 787/2360 [1:11:50<2:21:40,  5.40s/it]
 33%|███▎      | 788/2360 [1:11:55<2:21:16,  5.39s/it]
 33%|███▎      | 789/2360 [1:12:00<2:21:08,  5.39s/it]
 33%|███▎      | 790/2360 [1:12:06<2:20:28,  5.37s/it]
 34%|███▎      | 791/2360 [1:12:11<2:21:19,  5.40s/it]
 34%|███▎      | 792/2360 [1:12:17<2:21:07,  5.40s/it]
 34%|███▎      | 793/2360 [1:12:22<2:20:45,  5.39s/it]
 34%|███▎      | 794/2360 [1:12:27<2:20:37,  5.39s/it]
 34%|███▎      | 795/2360 [1:12:33<2:19:56,  5.36s/it]
 34%|███▎      | 796/2360 [1:12:38<2:20:46,  5.40s/it]
 34%|███▍      | 797/2360 [1:12:43<2:19:59,  5.37s/it]
 34%|███▍      | 798/2360 [1:12:49<2:20:20,  5.39s/it]
 34%|███▍      | 799/2360 [1:12:54<2:20:34,  5.40s/it]
 34%|███▍      | 800/2360 [1:13:00<2:19:45,  5.38s/it]
 34%|███▍      | 801/2360 [1:13:05<2:20:05,  5.39s/it]
 34%|███▍      | 802/2360 [1:13:10<2:19:23,  5.37s/it]
 34%|███▍      | 803/2360 [1:13:16<2:19:51,  5.39s/it]
 34%|███▍      | 804/2360 [1:13:21<2:19:44,  5.39s/it]
 34%|███▍      | 805/2360 [1:13:26<2:19:01,  5.36s/it]
 34%|███▍      | 806/2360 [1:13:32<2:19:46,  5.40s/it]
 34%|███▍      | 807/2360 [1:13:37<2:20:01,  5.41s/it]
 34%|███▍      | 808/2360 [1:13:43<2:18:48,  5.37s/it]
 34%|███▍      | 809/2360 [1:13:48<2:19:41,  5.40s/it]
 34%|███▍      | 810/2360 [1:13:53<2:18:54,  5.38s/it]
 34%|███▍      | 811/2360 [1:13:59<2:19:16,  5.39s/it]
 34%|███▍      | 812/2360 [1:14:04<2:19:10,  5.39s/it]
 34%|███▍      | 813/2360 [1:14:10<2:18:29,  5.37s/it]
 34%|███▍      | 814/2360 [1:14:15<2:19:13,  5.40s/it]
 35%|███▍      | 815/2360 [1:14:20<2:18:28,  5.38s/it]
 35%|███▍      | 816/2360 [1:14:26<2:18:50,  5.40s/it]
 35%|███▍      | 817/2360 [1:14:31<2:18:08,  5.37s/it]
 35%|███▍      | 818/2360 [1:14:37<2:18:09,  5.38s/it]
 35%|███▍      | 819/2360 [1:14:42<2:18:34,  5.40s/it]
 35%|███▍      | 820/2360 [1:14:47<2:17:51,  5.37s/it]
 35%|███▍      | 821/2360 [1:14:53<2:18:13,  5.39s/it]
 35%|███▍      | 822/2360 [1:14:58<2:17:56,  5.38s/it]
 35%|███▍      | 823/2360 [1:15:04<2:18:12,  5.40s/it]
 35%|███▍      | 824/2360 [1:15:09<2:18:03,  5.39s/it]
 35%|███▍      | 825/2360 [1:15:14<2:17:47,  5.39s/it]
 35%|███▌      | 826/2360 [1:15:20<2:17:42,  5.39s/it]
 35%|███▌      | 827/2360 [1:15:25<2:18:04,  5.40s/it]
 35%|███▌      | 828/2360 [1:15:30<2:17:43,  5.39s/it]
 35%|███▌      | 829/2360 [1:15:36<2:18:00,  5.41s/it]
 35%|███▌      | 830/2360 [1:15:41<2:17:15,  5.38s/it]
 35%|███▌      | 831/2360 [1:15:47<2:17:33,  5.40s/it]
 35%|███▌      | 832/2360 [1:15:52<2:17:44,  5.41s/it]
 35%|███▌      | 833/2360 [1:15:57<2:16:33,  5.37s/it]
 35%|███▌      | 834/2360 [1:16:03<2:17:22,  5.40s/it]
 35%|███▌      | 835/2360 [1:16:08<2:16:14,  5.36s/it]
 35%|███▌      | 836/2360 [1:16:14<2:16:46,  5.38s/it]
 35%|███▌      | 837/2360 [1:16:19<2:16:32,  5.38s/it]
 36%|███▌      | 838/2360 [1:16:24<2:16:27,  5.38s/it]
 36%|███▌      | 839/2360 [1:16:30<2:17:09,  5.41s/it]
 36%|███▌      | 840/2360 [1:16:35<2:16:18,  5.38s/it]
 36%|███▌      | 841/2360 [1:16:41<2:16:37,  5.40s/it]
 36%|███▌      | 842/2360 [1:16:46<2:15:29,  5.36s/it]
 36%|███▌      | 843/2360 [1:16:51<2:16:20,  5.39s/it]
 36%|███▌      | 844/2360 [1:16:57<2:16:12,  5.39s/it]
 36%|███▌      | 845/2360 [1:17:02<2:15:54,  5.38s/it]
 36%|███▌      | 846/2360 [1:17:07<2:15:48,  5.38s/it]
 36%|███▌      | 847/2360 [1:17:13<2:16:07,  5.40s/it]
 36%|███▌      | 848/2360 [1:17:18<2:15:46,  5.39s/it]
 36%|███▌      | 849/2360 [1:17:24<2:16:04,  5.40s/it]
 36%|███▌      | 850/2360 [1:17:29<2:14:56,  5.36s/it]
 36%|███▌      | 851/2360 [1:17:34<2:15:24,  5.38s/it]
 36%|███▌      | 852/2360 [1:17:40<2:16:05,  5.42s/it]
 36%|███▌      | 853/2360 [1:17:45<2:14:52,  5.37s/it]
 36%|███▌      | 854/2360 [1:17:51<2:15:38,  5.40s/it]
 36%|███▌      | 855/2360 [1:17:56<2:14:30,  5.36s/it]
 36%|███▋      | 856/2360 [1:18:01<2:14:57,  5.38s/it]
 36%|███▋      | 857/2360 [1:18:07<2:14:45,  5.38s/it]
 36%|███▋      | 858/2360 [1:18:12<2:15:04,  5.40s/it]
 36%|███▋      | 859/2360 [1:18:17<2:14:54,  5.39s/it]
 36%|███▋      | 860/2360 [1:18:23<2:14:14,  5.37s/it]
 36%|███▋      | 861/2360 [1:18:28<2:14:38,  5.39s/it]
 37%|███▋      | 862/2360 [1:18:34<2:14:22,  5.38s/it]
 37%|███▋      | 863/2360 [1:18:39<2:14:14,  5.38s/it]
 37%|███▋      | 864/2360 [1:18:44<2:14:57,  5.41s/it]
 37%|███▋      | 865/2360 [1:18:50<2:13:44,  5.37s/it]
 37%|███▋      | 866/2360 [1:18:55<2:14:30,  5.40s/it]
 37%|███▋      | 867/2360 [1:19:01<2:14:42,  5.41s/it]
 37%|███▋      | 868/2360 [1:19:06<2:13:51,  5.38s/it]
 37%|███▋      | 869/2360 [1:19:11<2:13:49,  5.39s/it]
 37%|███▋      | 870/2360 [1:19:17<2:13:34,  5.38s/it]
 37%|███▋      | 871/2360 [1:19:22<2:13:31,  5.38s/it]
 37%|███▋      | 872/2360 [1:19:28<2:14:12,  5.41s/it]
 37%|███▋      | 873/2360 [1:19:33<2:12:59,  5.37s/it]
 37%|███▋      | 874/2360 [1:19:38<2:13:48,  5.40s/it]
 37%|███▋      | 875/2360 [1:19:44<2:13:01,  5.37s/it]
 37%|███▋      | 876/2360 [1:19:49<2:12:59,  5.38s/it]
 37%|███▋      | 877/2360 [1:19:54<2:12:24,  5.36s/it]
 37%|███▋      | 878/2360 [1:20:00<2:13:14,  5.39s/it]
 37%|███▋      | 879/2360 [1:20:05<2:13:07,  5.39s/it]
 37%|███▋      | 880/2360 [1:20:11<2:12:49,  5.38s/it]
 37%|███▋      | 881/2360 [1:20:16<2:12:42,  5.38s/it]
 37%|███▋      | 882/2360 [1:20:21<2:12:26,  5.38s/it]
 37%|███▋      | 883/2360 [1:20:27<2:12:43,  5.39s/it]
 37%|███▋      | 884/2360 [1:20:32<2:12:59,  5.41s/it]
 38%|███▊      | 885/2360 [1:20:37<2:12:13,  5.38s/it]
 38%|███▊      | 886/2360 [1:20:43<2:12:34,  5.40s/it]
 38%|███▊      | 887/2360 [1:20:48<2:12:27,  5.40s/it]
 38%|███▊      | 888/2360 [1:20:54<2:12:07,  5.39s/it]
 38%|███▊      | 889/2360 [1:20:59<2:12:23,  5.40s/it]
 38%|███▊      | 890/2360 [1:21:04<2:11:34,  5.37s/it]
 38%|███▊      | 891/2360 [1:21:10<2:11:36,  5.38s/it]
 38%|███▊      | 892/2360 [1:21:15<2:12:21,  5.41s/it]
 38%|███▊      | 893/2360 [1:21:21<2:11:12,  5.37s/it]
 38%|███▊      | 894/2360 [1:21:26<2:12:00,  5.40s/it]
 38%|███▊      | 895/2360 [1:21:31<2:10:52,  5.36s/it]
 38%|███▊      | 896/2360 [1:21:37<2:11:18,  5.38s/it]
 38%|███▊      | 897/2360 [1:21:42<2:10:41,  5.36s/it]
 38%|███▊      | 898/2360 [1:21:47<2:11:10,  5.38s/it]
 38%|███▊      | 899/2360 [1:21:53<2:11:50,  5.41s/it]
 38%|███▊      | 900/2360 [1:21:58<2:10:36,  5.37s/it]
 38%|███▊      | 901/2360 [1:22:04<2:11:00,  5.39s/it]
 38%|███▊      | 902/2360 [1:22:09<2:10:26,  5.37s/it]
 38%|███▊      | 903/2360 [1:22:14<2:11:10,  5.40s/it]
 38%|███▊      | 904/2360 [1:22:20<2:10:56,  5.40s/it]
 38%|███▊      | 905/2360 [1:22:25<2:10:37,  5.39s/it]
 38%|███▊      | 906/2360 [1:22:31<2:10:51,  5.40s/it]
 38%|███▊      | 907/2360 [1:22:36<2:11:03,  5.41s/it]
 38%|███▊      | 908/2360 [1:22:41<2:09:54,  5.37s/it]
 39%|███▊      | 909/2360 [1:22:47<2:10:20,  5.39s/it]
 39%|███▊      | 910/2360 [1:22:52<2:10:02,  5.38s/it]
 39%|███▊      | 911/2360 [1:22:58<2:10:18,  5.40s/it]
 39%|███▊      | 912/2360 [1:23:03<2:10:10,  5.39s/it]
 39%|███▊      | 913/2360 [1:23:08<2:09:51,  5.38s/it]
 39%|███▊      | 914/2360 [1:23:14<2:09:46,  5.38s/it]
 39%|███▉      | 915/2360 [1:23:19<2:09:11,  5.36s/it]
 39%|███▉      | 916/2360 [1:23:25<2:09:57,  5.40s/it]
 39%|███▉      | 917/2360 [1:23:30<2:08:53,  5.36s/it]
 39%|███▉      | 918/2360 [1:23:35<2:09:19,  5.38s/it]
 39%|███▉      | 919/2360 [1:23:41<2:09:58,  5.41s/it]
 39%|███▉      | 920/2360 [1:23:46<2:09:10,  5.38s/it]
 39%|███▉      | 921/2360 [1:23:51<2:09:29,  5.40s/it]
 39%|███▉      | 922/2360 [1:23:57<2:08:25,  5.36s/it]
 39%|███▉      | 923/2360 [1:24:02<2:09:12,  5.40s/it]
 39%|███▉      | 924/2360 [1:24:08<2:09:02,  5.39s/it]
 39%|███▉      | 925/2360 [1:24:13<2:08:46,  5.38s/it]
 39%|███▉      | 926/2360 [1:24:18<2:08:40,  5.38s/it]
 39%|███▉      | 927/2360 [1:24:24<2:09:21,  5.42s/it]
 39%|███▉      | 928/2360 [1:24:29<2:08:09,  5.37s/it]
 39%|███▉      | 929/2360 [1:24:35<2:08:54,  5.40s/it]
 39%|███▉      | 930/2360 [1:24:40<2:08:08,  5.38s/it]
 39%|███▉      | 931/2360 [1:24:45<2:08:28,  5.39s/it]
 39%|███▉      | 932/2360 [1:24:51<2:08:39,  5.41s/it]
 40%(0,)
It  944, sqrt loss 0.01423, Val sim-RMS 0.08851, Time Loss: 97.7%, data: 0.5%, val: 1.8%,  5.5 sec/batch
|███▉      | 933/2360 [1:24:56<2:07:32,  5.36s/it]
 40%|███▉      | 934/2360 [1:25:01<2:07:59,  5.39s/it]
 40%|███▉      | 935/2360 [1:25:07<2:07:22,  5.36s/it]
 40%|███▉      | 936/2360 [1:25:12<2:07:50,  5.39s/it]
 40%|███▉      | 937/2360 [1:25:18<2:07:32,  5.38s/it]
 40%|███▉      | 938/2360 [1:25:23<2:07:27,  5.38s/it]
 40%|███▉      | 939/2360 [1:25:28<2:08:08,  5.41s/it]
 40%|███▉      | 940/2360 [1:25:34<2:06:58,  5.37s/it]
 40%|███▉      | 941/2360 [1:25:39<2:07:24,  5.39s/it]
 40%|███▉      | 942/2360 [1:25:44<2:06:45,  5.36s/it]
 40%|███▉      | 943/2360 [1:25:50<2:07:29,  5.40s/it]
 40%|████      | 944/2360 [1:26:19<4:55:15, 12.51s/it]
 40%|████      | 945/2360 [1:26:24<4:03:49, 10.34s/it]
 40%|████      | 946/2360 [1:26:30<3:29:17,  8.88s/it]
 40%|████      | 947/2360 [1:26:35<3:04:26,  7.83s/it]
 40%|████      | 948/2360 [1:26:40<2:46:31,  7.08s/it]
 40%|████      | 949/2360 [1:26:46<2:35:11,  6.60s/it]
 40%|████      | 950/2360 [1:26:51<2:25:59,  6.21s/it]
 40%|████      | 951/2360 [1:26:57<2:20:25,  5.98s/it]
 40%|████      | 952/2360 [1:27:02<2:16:28,  5.82s/it]
 40%|████      | 953/2360 [1:27:07<2:12:30,  5.65s/it]
 40%|████      | 954/2360 [1:27:13<2:11:16,  5.60s/it]
 40%|████      | 955/2360 [1:27:18<2:09:08,  5.51s/it]
 41%|████      | 956/2360 [1:27:24<2:08:28,  5.49s/it]
 41%|████      | 957/2360 [1:27:29<2:07:08,  5.44s/it]
 41%|████      | 958/2360 [1:27:34<2:06:59,  5.43s/it]
 41%|████      | 959/2360 [1:27:40<2:06:54,  5.43s/it]
 41%|████      | 960/2360 [1:27:45<2:05:59,  5.40s/it]
 41%|████      | 961/2360 [1:27:51<2:05:49,  5.40s/it]
 41%|████      | 962/2360 [1:27:56<2:05:28,  5.38s/it]
 41%|████      | 963/2360 [1:28:01<2:05:20,  5.38s/it]
 41%|████      | 964/2360 [1:28:07<2:05:54,  5.41s/it]
 41%|████      | 965/2360 [1:28:12<2:05:09,  5.38s/it]
 41%|████      | 966/2360 [1:28:17<2:05:22,  5.40s/it]
 41%|████      | 967/2360 [1:28:23<2:05:14,  5.39s/it]
 41%|████      | 968/2360 [1:28:28<2:04:53,  5.38s/it]
 41%|████      | 969/2360 [1:28:34<2:04:49,  5.38s/it]
 41%|████      | 970/2360 [1:28:39<2:04:12,  5.36s/it]
 41%|████      | 971/2360 [1:28:44<2:04:36,  5.38s/it]
 41%|████      | 972/2360 [1:28:50<2:05:13,  5.41s/it]
 41%|████      | 973/2360 [1:28:55<2:04:03,  5.37s/it]
 41%|████▏     | 974/2360 [1:29:01<2:04:48,  5.40s/it]
 41%|████▏     | 975/2360 [1:29:06<2:03:44,  5.36s/it]
 41%|████▏     | 976/2360 [1:29:11<2:04:29,  5.40s/it]
 41%|████▏     | 977/2360 [1:29:17<2:03:26,  5.36s/it]
 41%|████▏     | 978/2360 [1:29:22<2:04:11,  5.39s/it]
 41%|████▏     | 979/2360 [1:29:27<2:04:24,  5.41s/it]
 42%|████▏     | 980/2360 [1:29:33<2:03:41,  5.38s/it]
 42%|████▏     | 981/2360 [1:29:38<2:03:36,  5.38s/it]
 42%|████▏     | 982/2360 [1:29:44<2:03:27,  5.38s/it]
 42%|████▏     | 983/2360 [1:29:49<2:03:41,  5.39s/it]
 42%|████▏     | 984/2360 [1:29:54<2:03:54,  5.40s/it]
 42%|████▏     | 985/2360 [1:30:00<2:02:48,  5.36s/it]
 42%|████▏     | 986/2360 [1:30:05<2:03:29,  5.39s/it]
 42%|████▏     | 987/2360 [1:30:11<2:03:25,  5.39s/it]
 42%|████▏     | 988/2360 [1:30:16<2:02:48,  5.37s/it]
 42%|████▏     | 989/2360 [1:30:21<2:03:10,  5.39s/it]
 42%|████▏     | 990/2360 [1:30:27<2:02:29,  5.36s/it]
 42%|████▏     | 991/2360 [1:30:32<2:03:12,  5.40s/it]
 42%|████▏     | 992/2360 [1:30:38<2:03:21,  5.41s/it]
 42%|████▏     | 993/2360 [1:30:43<2:02:35,  5.38s/it]
 42%|████▏     | 994/2360 [1:30:48<2:02:33,  5.38s/it]
 42%|████▏     | 995/2360 [1:30:54<2:02:19,  5.38s/it]
 42%|████▏     | 996/2360 [1:30:59<2:02:17,  5.38s/it]
 42%|████▏     | 997/2360 [1:31:04<2:01:45,  5.36s/it]
 42%|████▏     | 998/2360 [1:31:10<2:02:32,  5.40s/it]
 42%|████▏     | 999/2360 [1:31:15<2:02:42,  5.41s/it]
 42%|████▏     | 1000/2360 [1:31:20<2:01:35,  5.36s/it]
 42%|████▏     | 1001/2360 [1:31:26<2:02:17,  5.40s/it]
 42%|████▏     | 1002/2360 [1:31:31<2:01:16,  5.36s/it]
 42%|████▎     | 1003/2360 [1:31:37<2:01:59,  5.39s/it]
 43%|████▎     | 1004/2360 [1:31:42<2:02:10,  5.41s/it]
 43%|████▎     | 1005/2360 [1:31:47<2:01:07,  5.36s/it]
 43%|████▎     | 1006/2360 [1:31:53<2:01:49,  5.40s/it]
 43%|████▎     | 1007/2360 [1:31:58<2:01:40,  5.40s/it]
 43%|████▎     | 1008/2360 [1:32:04<2:01:22,  5.39s/it]
 43%|████▎     | 1009/2360 [1:32:09<2:01:38,  5.40s/it]
 43%|████▎     | 1010/2360 [1:32:14<2:00:54,  5.37s/it]
 43%|████▎     | 1011/2360 [1:32:20<2:00:49,  5.37s/it]
 43%|████▎     | 1012/2360 [1:32:25<2:01:09,  5.39s/it]
 43%|████▎     | 1013/2360 [1:32:30<2:00:33,  5.37s/it]
 43%|████▎     | 1014/2360 [1:32:36<2:01:14,  5.40s/it]
 43%|████▎     | 1015/2360 [1:32:41<2:00:11,  5.36s/it]
 43%|████▎     | 1016/2360 [1:32:47<2:00:34,  5.38s/it]
 43%|████▎     | 1017/2360 [1:32:52<1:59:59,  5.36s/it]
 43%|████▎     | 1018/2360 [1:32:57<2:00:42,  5.40s/it]
 43%|████▎     | 1019/2360 [1:33:03<2:00:32,  5.39s/it]
 43%|████▎     | 1020/2360 [1:33:08<2:00:13,  5.38s/it]
 43%|████▎     | 1021/2360 [1:33:14<2:00:28,  5.40s/it]
 43%|████▎     | 1022/2360 [1:33:19<1:59:49,  5.37s/it]
 43%|████▎     | 1023/2360 [1:33:24<2:00:05,  5.39s/it]
 43%|████▎     | 1024/2360 [1:33:30<1:59:59,  5.39s/it]
 43%|████▎     | 1025/2360 [1:33:35<1:59:41,  5.38s/it]
 43%|████▎     | 1026/2360 [1:33:41<1:59:53,  5.39s/it]
 44%|████▎     | 1027/2360 [1:33:46<2:00:05,  5.41s/it]
 44%|████▎     | 1028/2360 [1:33:51<1:59:19,  5.37s/it]
 44%|████▎     | 1029/2360 [1:33:57<1:59:17,  5.38s/it]
 44%|████▎     | 1030/2360 [1:34:02<1:59:03,  5.37s/it]
 44%|████▎     | 1031/2360 [1:34:07<1:59:02,  5.37s/it]
 44%|████▎     | 1032/2360 [1:34:13<1:59:21,  5.39s/it]
 44%|████▍     | 1033/2360 [1:34:18<1:58:44,  5.37s/it]
 44%|████▍     | 1034/2360 [1:34:24<1:59:26,  5.40s/it]
 44%|████▍     | 1035/2360 [1:34:29<1:58:22,  5.36s/it]
 44%|████▍     | 1036/2360 [1:34:34<1:59:06,  5.40s/it]
 44%|████▍     | 1037/2360 [1:34:40<1:58:27,  5.37s/it]
 44%|████▍     | 1038/2360 [1:34:45<1:58:40,  5.39s/it]
 44%|████▍     | 1039/2360 [1:34:50<1:58:33,  5.39s/it]
 44%|████▍     | 1040/2360 [1:34:56<1:58:15,  5.38s/it]
 44%|████▍     | 1041/2360 [1:35:01<1:58:12,  5.38s/it]
 44%|████▍     | 1042/2360 [1:35:07<1:57:59,  5.37s/it]
 44%|████▍     | 1043/2360 [1:35:12<1:57:56,  5.37s/it]
 44%|████▍     | 1044/2360 [1:35:17<1:58:35,  5.41s/it]
 44%|████▍     | 1045/2360 [1:35:23<1:57:31,  5.36s/it]
 44%|████▍     | 1046/2360 [1:35:28<1:58:12,  5.40s/it]
 44%|████▍     | 1047/2360 [1:35:34<1:58:23,  5.41s/it]
 44%|████▍     | 1048/2360 [1:35:39<1:57:20,  5.37s/it]
 44%|████▍     | 1049/2360 [1:35:44<1:57:43,  5.39s/it]
 44%|████▍     | 1050/2360 [1:35:50<1:57:24,  5.38s/it]
 45%|████▍     | 1051/2360 [1:35:55<1:57:21,  5.38s/it]
 45%|████▍     | 1052/2360 [1:36:01<1:57:58,  5.41s/it]
 45%|████▍     | 1053/2360 [1:36:06<1:57:14,  5.38s/it]
 45%|████▍     | 1054/2360 [1:36:11<1:57:32,  5.40s/it]
 45%|████▍     | 1055/2360 [1:36:17<1:56:31,  5.36s/it]
 45%|████▍     | 1056/2360 [1:36:22<1:57:14,  5.39s/it]
 45%|████▍     | 1057/2360 [1:36:27<1:56:34,  5.37s/it]
 45%|████▍     | 1058/2360 [1:36:33<1:56:52,  5.39s/it]
 45%|████▍     | 1059/2360 [1:36:38<1:56:45,  5.38s/it]
 45%|████▍     | 1060/2360 [1:36:44<1:56:29,  5.38s/it]
 45%|████▍     | 1061/2360 [1:36:49<1:56:24,  5.38s/it]
 45%|████▌     | 1062/2360 [1:36:54<1:56:13,  5.37s/it]
 45%|████▌     | 1063/2360 [1:37:00<1:56:28,  5.39s/it]
 45%|████▌     | 1064/2360 [1:37:05<1:56:38,  5.40s/it]
 45%|████▌     | 1065/2360 [1:37:10<1:56:00,  5.38s/it]
 45%|████▌     | 1066/2360 [1:37:16<1:56:15,  5.39s/it]
 45%|████▌     | 1067/2360 [1:37:21<1:56:09,  5.39s/it]
 45%|████▌     | 1068/2360 [1:37:27<1:55:32,  5.37s/it]
 45%|████▌     | 1069/2360 [1:37:32<1:55:51,  5.38s/it]
 45%|████▌     | 1070/2360 [1:37:37<1:55:37,  5.38s/it]
 45%|████▌     | 1071/2360 [1:37:43<1:55:33,  5.38s/it]
 45%|████▌     | 1072/2360 [1:37:48<1:56:08,  5.41s/it]
 45%|████▌     | 1073/2360 [1:37:53<1:55:06,  5.37s/it]
 46%|████▌     | 1074/2360 [1:37:59<1:55:48,  5.40s/it]
 46%|████▌     | 1075/2360 [1:38:04<1:55:08,  5.38s/it]
 46%|████▌     | 1076/2360 [1:38:10<1:55:07,  5.38s/it]
 46%|████▌     | 1077/2360 [1:38:15<1:54:59,  5.38s/it]
 46%|████▌     | 1078/2360 [1:38:20<1:55:14,  5.39s/it]
 46%|████▌     | 1079/2360 [1:38:26<1:55:24,  5.41s/it]
 46%|████▌     | 1080/2360 [1:38:31<1:54:25,  5.36s/it]
 46%|████▌     | 1081/2360 [1:38:37<1:55:07,  5.40s/it]
 46%|████▌     | 1082/2360 [1:38:42<1:54:10,  5.36s/it]
 46%|████▌     | 1083/2360 [1:38:47<1:54:48,  5.39s/it]
 46%|████▌     | 1084/2360 [1:38:53<1:54:57,  5.41s/it]
 46%|████▌     | 1085/2360 [1:38:58<1:54:16,  5.38s/it]
 46%|████▌     | 1086/2360 [1:39:04<1:54:09,  5.38s/it]
 46%|████▌     | 1087/2360 [1:39:09<1:54:46,  5.41s/it]
 46%|████▌     | 1088/2360 [1:39:14<1:53:44,  5.37s/it]
 46%|████▌     | 1089/2360 [1:39:20<1:54:24,  5.40s/it]
 46%|████▌     | 1090/2360 [1:39:25<1:53:43,  5.37s/it]
 46%|████▌     | 1091/2360 [1:39:30<1:54:01,  5.39s/it]
 46%|████▋     | 1092/2360 [1:39:36<1:54:12,  5.40s/it]
 46%|████▋     | 1093/2360 [1:39:41<1:53:29,  5.37s/it]
 46%|████▋     | 1094/2360 [1:39:47<1:53:45,  5.39s/it]
 46%|████▋     | 1095/2360 [1:39:52<1:53:09,  5.37s/it]
 46%|████▋     | 1096/2360 [1:39:57<1:53:25,  5.38s/it]
 46%|████▋     | 1097/2360 [1:40:03<1:52:53,  5.36s/it]
 47%|████▋     | 1098/2360 [1:40:08<1:52:56,  5.37s/it]
 47%|████▋     | 1099/2360 [1:40:14<1:53:35,  5.40s/it]
 47%|████▋     | 1100/2360 [1:40:19<1:52:34,  5.36s/it]
 47%|████▋     | 1101/2360 [1:40:24<1:53:15,  5.40s/it]
 47%|████▋     | 1102/2360 [1:40:30<1:52:37,  5.37s/it]
 47%|████▋     | 1103/2360 [1:40:35<1:52:53,  5.39s/it]
 47%|████▋     | 1104/2360 [1:40:40<1:53:05,  5.40s/it]
 47%|████▋     | 1105/2360 [1:40:46<1:52:25,  5.37s/it]
 47%|████▋     | 1106/2360 [1:40:51<1:52:40,  5.39s/it]
 47%|████▋     | 1107/2360 [1:40:57<1:52:32,  5.39s/it]
 47%|████▋     | 1108/2360 [1:41:02<1:52:17,  5.38s/it]
 47%|████▋     | 1109/2360 [1:41:07<1:52:12,  5.38s/it]
 47%|████▋     | 1110/2360 [1:41:13<1:51:39,  5.36s/it]
 47%|████▋     | 1111/2360 [1:41:18<1:52:20,  5.40s/it]
 47%|████▋     | 1112/2360 [1:41:24<1:52:10,  5.39s/it]
 47%|████▋     | 1113/2360 [1:41:29<1:51:32,  5.37s/it]
 47%|████▋     | 1114/2360 [1:41:34<1:51:53,  5.39s/it]
 47%|████▋     | 1115/2360 [1:41:40<1:51:39,  5.38s/it]
 47%|████▋     | 1116/2360 [1:41:45<1:51:36,  5.38s/it]
 47%|████▋     | 1117/2360 [1:41:50<1:51:22,  5.38s/it]
 47%|████▋     | 1118/2360 [1:41:56<1:51:17,  5.38s/it]
 47%|████▋     | 1119/2360 [1:42:01<1:51:52,  5.41s/it]
 47%|████▋     | 1120/2360 [1:42:07<1:51:09,  5.38s/it]
 48%|████▊     | 1121/2360 [1:42:12<1:51:26,  5.40s/it]
 48%|████▊     | 1122/2360 [1:42:17<1:50:49,  5.37s/it]
 48%|████▊     | 1123/2360 [1:42:23<1:51:07,  5.39s/it]
 48%|████▊     | 1124/2360 [1:42:28<1:51:17,  5.40s/it]
 48%|████▊     | 1125/2360 [1:42:33<1:50:19,  5.36s/it]
 48%|████▊     | 1126/2360 [1:42:39<1:50:42,  5.38s/it]
 48%|████▊     | 1127/2360 [1:42:44<1:51:18,  5.42s/it]
 48%|████▊     | 1128/2360 [1:42:50<1:50:34,  5.39s/it]
 48%|████▊     | 1129/2360 [1:42:55<1:50:47,  5.40s/it]
 48%|████▊     | 1130/2360 [1:43:00<1:50:09,  5.37s/it]
 48%|████▊     | 1131/2360 [1:43:06<1:50:24,  5.39s/it]
 48%|████▊     | 1132/2360 [1:43:11<1:50:37,  5.40s/it]
 48%|████▊     | 1133/2360 [1:43:17<1:49:39,  5.36s/it]
 48%|████▊     | 1134/2360 [1:43:22<1:50:20,  5.40s/it]
 48%|████▊     | 1135/2360 [1:43:27<1:49:22,  5.36s/it]
 48%|████▊     | 1136/2360 [1:43:33<1:50:02,  5.39s/it]
 48%|████▊     | 1137/2360 [1:43:38<1:49:27,  5.37s/it]
 48%|████▊     | 1138/2360 [1:43:43<1:49:25,  5.37s/it]
 48%|████▊     | 1139/2360 [1:43:49<1:50:01,  5.41s/it]
 48%|████▊     | 1140/2360 [1:43:54<1:49:20,  5.38s/it]
 48%|████▊     | 1141/2360 [1:44:00<1:49:17,  5.38s/it]
 48%|████▊     | 1142/2360 [1:44:05<1:49:06,  5.37s/it]
 48%|████▊     | 1143/2360 [1:44:10<1:49:00,  5.37s/it]
 48%|████▊     | 1144/2360 [1:44:16<1:49:34,  5.41s/it]
 49%|████▊     | 1145/2360 [1:44:21<1:48:34,  5.36s/it]
 49%|████▊     | 1146/2360 [1:44:27<1:49:12,  5.40s/it]
 49%|████▊     | 1147/2360 [1:44:32<1:49:08,  5.40s/it]
 49%|████▊     | 1148/2360 [1:44:37<1:48:50,  5.39s/it]
 49%|████▊     | 1149/2360 [1:44:43<1:49:03,  5.40s/it]
 49%|████▊     | 1150/2360 [1:44:48<1:48:23,  5.37s/it]
 49%|████▉     | 1151/2360 [1:44:54<1:48:20,  5.38s/it]
 49%|████▉     | 1152/2360 [1:44:59<1:48:55,  5.41s/it]
 49%|████▉     | 1153/2360 [1:45:04<1:48:13,  5.38s/it]
 49%|████▉     | 1154/2360 [1:45:10<1:48:10,  5.38s/it]
 49%|████▉     | 1155/2360 [1:45:15<1:47:55,  5.37s/it]
 49%|████▉     | 1156/2360 [1:45:20<1:47:52,  5.38s/it]
 49%|████▉     | 1157/2360 [1:45:26<1:47:40,  5.37s/it]
 49%|████▉     | 1158/2360 [1:45:31<1:47:36,  5.37s/it]
 49%|████▉     | 1159/2360 [1:45:37<1:48:14,  5.41s/it]
 49%|████▉     | 1160/2360 [1:45:42<1:47:18,  5.37s/it]
 49%|████▉     | 1161/2360 [1:45:47<1:47:36,  5.39s/it]
 49%|████▉     | 1162/2360 [1:45:53<1:47:26,  5.38s/it]
 49%|████▉     | 1163/2360 [1:45:58<1:47:37,  5.40s/it]
 49%|████▉     | 1164/2360 [1:46:04<1:47:45,  5.41s/it]
 49%|████▉     | 1165/2360 [1:46:09<1:46:47,  5.36s/it]
 49%|████▉     | 1166/2360 [1:46:14<1:47:07,  5.38s/it]
 49%|████▉     | 1167/2360 [1:46:20<1:47:39,  5.41s/it]
 49(0,)
It 1180, sqrt loss 0.01733, Val sim-RMS 0.1856, Time Loss: 97.7%, data: 0.5%, val: 1.8%,  5.5 sec/batch
%|████▉     | 1168/2360 [1:46:25<1:46:56,  5.38s/it]
 50%|████▉     | 1169/2360 [1:46:31<1:47:10,  5.40s/it]
 50%|████▉     | 1170/2360 [1:46:36<1:46:14,  5.36s/it]
 50%|████▉     | 1171/2360 [1:46:41<1:46:35,  5.38s/it]
 50%|████▉     | 1172/2360 [1:46:47<1:47:10,  5.41s/it]
 50%|████▉     | 1173/2360 [1:46:52<1:46:28,  5.38s/it]
 50%|████▉     | 1174/2360 [1:46:57<1:46:42,  5.40s/it]
 50%|████▉     | 1175/2360 [1:47:03<1:45:49,  5.36s/it]
 50%|████▉     | 1176/2360 [1:47:08<1:46:31,  5.40s/it]
 50%|████▉     | 1177/2360 [1:47:13<1:45:37,  5.36s/it]
 50%|████▉     | 1178/2360 [1:47:19<1:46:15,  5.39s/it]
 50%|████▉     | 1179/2360 [1:47:24<1:46:06,  5.39s/it]
 50%|█████     | 1180/2360 [1:47:53<4:05:47, 12.50s/it]
 50%|█████     | 1181/2360 [1:47:59<3:23:39, 10.36s/it]
 50%|█████     | 1182/2360 [1:48:04<2:54:25,  8.88s/it]
 50%|█████     | 1183/2360 [1:48:10<2:33:15,  7.81s/it]
 50%|█████     | 1184/2360 [1:48:15<2:19:27,  7.11s/it]
 50%|█████     | 1185/2360 [1:48:20<2:08:25,  6.56s/it]
 50%|█████     | 1186/2360 [1:48:26<2:01:42,  6.22s/it]
 50%|█████     | 1187/2360 [1:48:31<1:56:35,  5.96s/it]
 50%|█████     | 1188/2360 [1:48:36<1:53:02,  5.79s/it]
 50%|█████     | 1189/2360 [1:48:42<1:51:15,  5.70s/it]
 50%|█████     | 1190/2360 [1:48:47<1:48:37,  5.57s/it]
 50%|█████     | 1191/2360 [1:48:53<1:47:44,  5.53s/it]
 51%|█████     | 1192/2360 [1:48:58<1:46:20,  5.46s/it]
 51%|█████     | 1193/2360 [1:49:03<1:46:20,  5.47s/it]
 51%|█████     | 1194/2360 [1:49:09<1:45:48,  5.44s/it]
 51%|█████     | 1195/2360 [1:49:14<1:45:12,  5.42s/it]
 51%|█████     | 1196/2360 [1:49:20<1:45:11,  5.42s/it]
 51%|█████     | 1197/2360 [1:49:25<1:44:10,  5.37s/it]
 51%|█████     | 1198/2360 [1:49:30<1:44:26,  5.39s/it]
 51%|█████     | 1199/2360 [1:49:36<1:44:37,  5.41s/it]
 51%|█████     | 1200/2360 [1:49:41<1:44:17,  5.39s/it]
 51%|█████     | 1201/2360 [1:49:46<1:44:08,  5.39s/it]
 51%|█████     | 1202/2360 [1:49:52<1:43:33,  5.37s/it]
 51%|█████     | 1203/2360 [1:49:57<1:43:51,  5.39s/it]
 51%|█████     | 1204/2360 [1:50:03<1:43:36,  5.38s/it]
 51%|█████     | 1205/2360 [1:50:08<1:43:31,  5.38s/it]
 51%|█████     | 1206/2360 [1:50:13<1:43:44,  5.39s/it]
 51%|█████     | 1207/2360 [1:50:19<1:43:08,  5.37s/it]
 51%|█████     | 1208/2360 [1:50:24<1:43:24,  5.39s/it]
 51%|█████     | 1209/2360 [1:50:30<1:43:35,  5.40s/it]
 51%|█████▏    | 1210/2360 [1:50:35<1:42:59,  5.37s/it]
 51%|█████▏    | 1211/2360 [1:50:40<1:43:33,  5.41s/it]
 51%|█████▏    | 1212/2360 [1:50:46<1:42:36,  5.36s/it]
 51%|█████▏    | 1213/2360 [1:50:51<1:42:52,  5.38s/it]
 51%|█████▏    | 1214/2360 [1:50:56<1:42:39,  5.38s/it]
 51%|█████▏    | 1215/2360 [1:51:02<1:42:52,  5.39s/it]
 52%|█████▏    | 1216/2360 [1:51:07<1:43:04,  5.41s/it]
 52%|█████▏    | 1217/2360 [1:51:13<1:42:09,  5.36s/it]
 52%|█████▏    | 1218/2360 [1:51:18<1:42:45,  5.40s/it]
 52%|█████▏    | 1219/2360 [1:51:23<1:41:54,  5.36s/it]
 52%|█████▏    | 1220/2360 [1:51:29<1:42:12,  5.38s/it]
 52%|█████▏    | 1221/2360 [1:51:34<1:42:24,  5.40s/it]
 52%|█████▏    | 1222/2360 [1:51:39<1:41:55,  5.37s/it]
 52%|█████▏    | 1223/2360 [1:51:45<1:42:10,  5.39s/it]
 52%|█████▏    | 1224/2360 [1:51:50<1:41:36,  5.37s/it]
 52%|█████▏    | 1225/2360 [1:51:56<1:41:50,  5.38s/it]
 52%|█████▏    | 1226/2360 [1:52:01<1:42:19,  5.41s/it]
 52%|█████▏    | 1227/2360 [1:52:06<1:41:21,  5.37s/it]
 52%|█████▏    | 1228/2360 [1:52:12<1:41:38,  5.39s/it]
 52%|█████▏    | 1229/2360 [1:52:17<1:41:07,  5.36s/it]
 52%|█████▏    | 1230/2360 [1:52:23<1:41:25,  5.39s/it]
 52%|█████▏    | 1231/2360 [1:52:28<1:41:55,  5.42s/it]
 52%|█████▏    | 1232/2360 [1:52:33<1:40:55,  5.37s/it]
 52%|█████▏    | 1233/2360 [1:52:39<1:41:13,  5.39s/it]
 52%|█████▏    | 1234/2360 [1:52:44<1:40:40,  5.36s/it]
 52%|█████▏    | 1235/2360 [1:52:50<1:41:14,  5.40s/it]
 52%|█████▏    | 1236/2360 [1:52:55<1:40:21,  5.36s/it]
 52%|█████▏    | 1237/2360 [1:53:00<1:40:43,  5.38s/it]
 52%|█████▏    | 1238/2360 [1:53:06<1:40:56,  5.40s/it]
 52%|█████▎    | 1239/2360 [1:53:11<1:40:40,  5.39s/it]
 53%|█████▎    | 1240/2360 [1:53:16<1:40:51,  5.40s/it]
 53%|█████▎    | 1241/2360 [1:53:22<1:40:15,  5.38s/it]
 53%|█████▎    | 1242/2360 [1:53:27<1:40:12,  5.38s/it]
 53%|█████▎    | 1243/2360 [1:53:33<1:40:01,  5.37s/it]
 53%|█████▎    | 1244/2360 [1:53:38<1:39:56,  5.37s/it]
 53%|█████▎    | 1245/2360 [1:53:43<1:40:28,  5.41s/it]
 53%|█████▎    | 1246/2360 [1:53:49<1:39:49,  5.38s/it]
 53%|█████▎    | 1247/2360 [1:53:54<1:40:02,  5.39s/it]
 53%|█████▎    | 1248/2360 [1:53:59<1:39:11,  5.35s/it]
 53%|█████▎    | 1249/2360 [1:54:05<1:39:50,  5.39s/it]
 53%|█████▎    | 1250/2360 [1:54:10<1:39:41,  5.39s/it]
 53%|█████▎    | 1251/2360 [1:54:16<1:39:12,  5.37s/it]
 53%|█████▎    | 1252/2360 [1:54:21<1:39:28,  5.39s/it]
 53%|█████▎    | 1253/2360 [1:54:26<1:39:14,  5.38s/it]
 53%|█████▎    | 1254/2360 [1:54:32<1:39:23,  5.39s/it]
 53%|█████▎    | 1255/2360 [1:54:37<1:39:16,  5.39s/it]
 53%|█████▎    | 1256/2360 [1:54:42<1:38:44,  5.37s/it]
 53%|█████▎    | 1257/2360 [1:54:48<1:38:58,  5.38s/it]
 53%|█████▎    | 1258/2360 [1:54:53<1:39:08,  5.40s/it]
 53%|█████▎    | 1259/2360 [1:54:59<1:38:35,  5.37s/it]
 53%|█████▎    | 1260/2360 [1:55:04<1:38:49,  5.39s/it]
 53%|█████▎    | 1261/2360 [1:55:09<1:38:19,  5.37s/it]
 53%|█████▎    | 1262/2360 [1:55:15<1:38:34,  5.39s/it]
 54%|█████▎    | 1263/2360 [1:55:20<1:38:44,  5.40s/it]
 54%|█████▎    | 1264/2360 [1:55:26<1:38:09,  5.37s/it]
 54%|█████▎    | 1265/2360 [1:55:31<1:38:22,  5.39s/it]
 54%|█████▎    | 1266/2360 [1:55:36<1:37:49,  5.37s/it]
 54%|█████▎    | 1267/2360 [1:55:42<1:38:05,  5.39s/it]
 54%|█████▎    | 1268/2360 [1:55:47<1:37:36,  5.36s/it]
 54%|█████▍    | 1269/2360 [1:55:53<1:38:08,  5.40s/it]
 54%|█████▍    | 1270/2360 [1:55:58<1:37:59,  5.39s/it]
 54%|█████▍    | 1271/2360 [1:56:03<1:37:44,  5.38s/it]
 54%|█████▍    | 1272/2360 [1:56:09<1:37:39,  5.39s/it]
 54%|█████▍    | 1273/2360 [1:56:14<1:37:09,  5.36s/it]
 54%|█████▍    | 1274/2360 [1:56:19<1:37:23,  5.38s/it]
 54%|█████▍    | 1275/2360 [1:56:25<1:37:36,  5.40s/it]
 54%|█████▍    | 1276/2360 [1:56:30<1:37:00,  5.37s/it]
 54%|█████▍    | 1277/2360 [1:56:36<1:37:30,  5.40s/it]
 54%|█████▍    | 1278/2360 [1:56:41<1:37:19,  5.40s/it]
 54%|█████▍    | 1279/2360 [1:56:46<1:36:45,  5.37s/it]
 54%|█████▍    | 1280/2360 [1:56:52<1:37:00,  5.39s/it]
 54%|█████▍    | 1281/2360 [1:56:57<1:36:43,  5.38s/it]
 54%|█████▍    | 1282/2360 [1:57:02<1:36:40,  5.38s/it]
 54%|█████▍    | 1283/2360 [1:57:08<1:36:51,  5.40s/it]
 54%|█████▍    | 1284/2360 [1:57:13<1:36:37,  5.39s/it]
 54%|█████▍    | 1285/2360 [1:57:19<1:36:30,  5.39s/it]
 54%|█████▍    | 1286/2360 [1:57:24<1:36:00,  5.36s/it]
 55%|█████▍    | 1287/2360 [1:57:29<1:36:16,  5.38s/it]
 55%|█████▍    | 1288/2360 [1:57:35<1:35:44,  5.36s/it]
 55%|█████▍    | 1289/2360 [1:57:40<1:36:17,  5.39s/it]
 55%|█████▍    | 1290/2360 [1:57:46<1:36:08,  5.39s/it]
 55%|█████▍    | 1291/2360 [1:57:51<1:35:36,  5.37s/it]
 55%|█████▍    | 1292/2360 [1:57:56<1:36:07,  5.40s/it]
 55%|█████▍    | 1293/2360 [1:58:02<1:35:17,  5.36s/it]
 55%|█████▍    | 1294/2360 [1:58:07<1:35:33,  5.38s/it]
 55%|█████▍    | 1295/2360 [1:58:12<1:35:44,  5.39s/it]
 55%|█████▍    | 1296/2360 [1:58:18<1:35:11,  5.37s/it]
 55%|█████▍    | 1297/2360 [1:58:23<1:35:26,  5.39s/it]
 55%|█████▌    | 1298/2360 [1:58:29<1:35:37,  5.40s/it]
 55%|█████▌    | 1299/2360 [1:58:34<1:35:04,  5.38s/it]
 55%|█████▌    | 1300/2360 [1:58:39<1:35:17,  5.39s/it]
 55%|█████▌    | 1301/2360 [1:58:45<1:34:59,  5.38s/it]
 55%|█████▌    | 1302/2360 [1:58:50<1:35:06,  5.39s/it]
 55%|█████▌    | 1303/2360 [1:58:56<1:34:59,  5.39s/it]
 55%|█████▌    | 1304/2360 [1:59:01<1:34:26,  5.37s/it]
 55%|█████▌    | 1305/2360 [1:59:06<1:34:58,  5.40s/it]
 55%|█████▌    | 1306/2360 [1:59:12<1:34:08,  5.36s/it]
 55%|█████▌    | 1307/2360 [1:59:17<1:34:26,  5.38s/it]
 55%|█████▌    | 1308/2360 [1:59:22<1:33:58,  5.36s/it]
 55%|█████▌    | 1309/2360 [1:59:28<1:34:14,  5.38s/it]
 56%|█████▌    | 1310/2360 [1:59:33<1:34:26,  5.40s/it]
 56%|█████▌    | 1311/2360 [1:59:39<1:33:54,  5.37s/it]
 56%|█████▌    | 1312/2360 [1:59:44<1:34:08,  5.39s/it]
 56%|█████▌    | 1313/2360 [1:59:49<1:33:37,  5.37s/it]
 56%|█████▌    | 1314/2360 [1:59:55<1:33:51,  5.38s/it]
 56%|█████▌    | 1315/2360 [2:00:00<1:34:18,  5.41s/it]
 56%|█████▌    | 1316/2360 [2:00:05<1:33:23,  5.37s/it]
 56%|█████▌    | 1317/2360 [2:00:11<1:33:37,  5.39s/it]
 56%|█████▌    | 1318/2360 [2:00:16<1:33:45,  5.40s/it]
 56%|█████▌    | 1319/2360 [2:00:22<1:33:32,  5.39s/it]
 56%|█████▌    | 1320/2360 [2:00:27<1:33:25,  5.39s/it]
 56%|█████▌    | 1321/2360 [2:00:32<1:32:55,  5.37s/it]
 56%|█████▌    | 1322/2360 [2:00:38<1:33:09,  5.38s/it]
 56%|█████▌    | 1323/2360 [2:00:43<1:33:19,  5.40s/it]
 56%|█████▌    | 1324/2360 [2:00:49<1:32:44,  5.37s/it]
 56%|█████▌    | 1325/2360 [2:00:54<1:32:57,  5.39s/it]
 56%|█████▌    | 1326/2360 [2:00:59<1:32:24,  5.36s/it]
 56%|█████▌    | 1327/2360 [2:01:05<1:32:39,  5.38s/it]
 56%|█████▋    | 1328/2360 [2:01:10<1:32:11,  5.36s/it]
 56%|█████▋    | 1329/2360 [2:01:15<1:32:27,  5.38s/it]
 56%|█████▋    | 1330/2360 [2:01:21<1:32:39,  5.40s/it]
 56%|█████▋    | 1331/2360 [2:01:26<1:32:07,  5.37s/it]
 56%|█████▋    | 1332/2360 [2:01:32<1:32:19,  5.39s/it]
 56%|█████▋    | 1333/2360 [2:01:37<1:32:06,  5.38s/it]
 57%|█████▋    | 1334/2360 [2:01:42<1:32:00,  5.38s/it]
 57%|█████▋    | 1335/2360 [2:01:48<1:32:10,  5.40s/it]
 57%|█████▋    | 1336/2360 [2:01:53<1:31:38,  5.37s/it]
 57%|█████▋    | 1337/2360 [2:01:59<1:31:51,  5.39s/it]
 57%|█████▋    | 1338/2360 [2:02:04<1:31:57,  5.40s/it]
 57%|█████▋    | 1339/2360 [2:02:09<1:31:24,  5.37s/it]
 57%|█████▋    | 1340/2360 [2:02:15<1:31:39,  5.39s/it]
 57%|█████▋    | 1341/2360 [2:02:20<1:31:09,  5.37s/it]
 57%|█████▋    | 1342/2360 [2:02:25<1:31:23,  5.39s/it]
 57%|█████▋    | 1343/2360 [2:02:31<1:31:33,  5.40s/it]
 57%|█████▋    | 1344/2360 [2:02:36<1:30:59,  5.37s/it]
 57%|█████▋    | 1345/2360 [2:02:42<1:31:14,  5.39s/it]
 57%|█████▋    | 1346/2360 [2:02:47<1:30:44,  5.37s/it]
 57%|█████▋    | 1347/2360 [2:02:52<1:30:59,  5.39s/it]
 57%|█████▋    | 1348/2360 [2:02:58<1:30:30,  5.37s/it]
 57%|█████▋    | 1349/2360 [2:03:03<1:30:57,  5.40s/it]
 57%|█████▋    | 1350/2360 [2:03:09<1:31:02,  5.41s/it]
 57%|█████▋    | 1351/2360 [2:03:14<1:30:25,  5.38s/it]
 57%|█████▋    | 1352/2360 [2:03:19<1:30:20,  5.38s/it]
 57%|█████▋    | 1353/2360 [2:03:25<1:29:54,  5.36s/it]
 57%|█████▋    | 1354/2360 [2:03:30<1:30:24,  5.39s/it]
 57%|█████▋    | 1355/2360 [2:03:35<1:30:30,  5.40s/it]
 57%|█████▋    | 1356/2360 [2:03:41<1:29:42,  5.36s/it]
 57%|█████▊    | 1357/2360 [2:03:46<1:29:56,  5.38s/it]
 58%|█████▊    | 1358/2360 [2:03:52<1:30:26,  5.42s/it]
 58%|█████▊    | 1359/2360 [2:03:57<1:29:33,  5.37s/it]
 58%|█████▊    | 1360/2360 [2:04:02<1:29:47,  5.39s/it]
 58%|█████▊    | 1361/2360 [2:04:08<1:29:18,  5.36s/it]
 58%|█████▊    | 1362/2360 [2:04:13<1:29:32,  5.38s/it]
 58%|█████▊    | 1363/2360 [2:04:19<1:29:42,  5.40s/it]
 58%|█████▊    | 1364/2360 [2:04:24<1:29:25,  5.39s/it]
 58%|█████▊    | 1365/2360 [2:04:29<1:29:17,  5.38s/it]
 58%|█████▊    | 1366/2360 [2:04:35<1:29:04,  5.38s/it]
 58%|█████▊    | 1367/2360 [2:04:40<1:29:15,  5.39s/it]
 58%|█████▊    | 1368/2360 [2:04:45<1:28:44,  5.37s/it]
 58%|█████▊    | 1369/2360 [2:04:51<1:28:41,  5.37s/it]
 58%|█████▊    | 1370/2360 [2:04:56<1:28:55,  5.39s/it]
 58%|█████▊    | 1371/2360 [2:05:01<1:28:26,  5.37s/it]
 58%|█████▊    | 1372/2360 [2:05:07<1:28:40,  5.39s/it]
 58%|█████▊    | 1373/2360 [2:05:12<1:28:14,  5.36s/it]
 58%|█████▊    | 1374/2360 [2:05:18<1:28:42,  5.40s/it]
 58%|█████▊    | 1375/2360 [2:05:23<1:28:46,  5.41s/it]
 58%|█████▊    | 1376/2360 [2:05:28<1:27:55,  5.36s/it]
 58%|█████▊    | 1377/2360 [2:05:34<1:28:23,  5.40s/it]
 58%|█████▊    | 1378/2360 [2:05:39<1:28:29,  5.41s/it]
 58%|█████▊    | 1379/2360 [2:05:45<1:27:57,  5.38s/it]
 58%|█████▊    | 1380/2360 [2:05:50<1:27:53,  5.38s/it]
 59%|█████▊    | 1381/2360 [2:05:55<1:27:42,  5.38s/it]
 59%|█████▊    | 1382/2360 [2:06:01<1:27:39,  5.38s/it]
 59%|█████▊    | 1383/2360 [2:06:06<1:28:05,  5.41s/it]
 59%|█████▊    | 1384/2360 [2:06:11<1:27:16,  5.37s/it]
 59%|█████▊    | 1385/2360 [2:06:17<1:27:31,  5.39s/it]
 59%|█████▊    | 1386/2360 [2:06:22<1:27:03,  5.36s/it]
 59%|█████▉    | 1387/2360 [2:06:28<1:27:18,  5.38s/it]
 59%|█████▉    | 1388/2360 [2:06:33<1:27:05,  5.38s/it]
 59%|█████▉    | 1389/2360 [2:06:38<1:27:00,  5.38s/it]
 59%|█████▉    | 1390/2360 [2:06:44<1:27:12,  5.39s/it]
 59%|█████▉    | 1391/2360 [2:06:49<1:26:41,  5.37s/it]
 59%|█████▉    | 1392/2360 [2:06:55<1:26:54,  5.39s/it]
 59%|█████▉    | 1393/2360 [2:07:00<1:26:26,  5.36s/it]
 59%|█████▉    | 1394/2360 [2:07:05<1:26:37,  5.38s/it]
 59%|█████▉    | 1395/2360 [2:07:11<1:26:47,  5.40s/it]
 59%|█████▉    | 1396/2360 [2:07:16<1:26:31,  5.39s/it]
 59%|█████▉    | 1397/2360 [2:07:21<1:26:24,  5.38s/it]
 59%|█████▉    | 1398/2360 [2:07:27<1:26:49,  5.41s/it]
 59%|█████▉    | 1399/2360 [2:07:32<1:26:12,  5.38s/it]
 59%|█████▉    | 1400/2360 [2:07:38<1:26:08,  5.38s/it]
 59%|█████▉    | 1401/2360 [2:07:43<1:25:55,  5.38s/it]
 59%|█████▉    | 1402/2360 [2:07:48<1:25:51,  5.38s/it]
 59%|█████▉    | 1403/2360 [2:07:54<1:26:18,  5.41s/it]
 59%|█████▉    | 1404/2360 [2:07:59<1:25:44,  5.38s/it]
 60%|█████▉    | 1405/2360 [2:08:05<1:25:40,  5.38s/it]
 60%|█████▉    | 1406/2360 [2:08:10<1:25:14,  5.36s/it]
 60%|█████▉    | 1407/2360 [2:08:15<1:25:29,  5.38s/it]
 60%|█████▉    | 1408/2360 [2:08:21<1:25:03,  5.36s/it]
 60%|█████▉    | 1409/2360 [2:08:26<1:25:17,  5.38s/it]
 60%|███�(0,)
It 1416, sqrt loss 0.02268, Val sim-RMS  0.177, Time Loss: 97.7%, data: 0.5%, val: 1.8%,  5.5 sec/batch
��█▉    | 1410/2360 [2:08:32<1:25:29,  5.40s/it]
 60%|█████▉    | 1411/2360 [2:08:37<1:25:00,  5.38s/it]
 60%|█████▉    | 1412/2360 [2:08:42<1:25:11,  5.39s/it]
 60%|█████▉    | 1413/2360 [2:08:48<1:24:41,  5.37s/it]
 60%|█████▉    | 1414/2360 [2:08:53<1:24:51,  5.38s/it]
 60%|█████▉    | 1415/2360 [2:08:58<1:25:01,  5.40s/it]
 60%|██████    | 1416/2360 [2:09:27<3:16:38, 12.50s/it]
 60%|██████    | 1417/2360 [2:09:33<2:42:50, 10.36s/it]
 60%|██████    | 1418/2360 [2:09:38<2:19:40,  8.90s/it]
 60%|██████    | 1419/2360 [2:09:44<2:02:40,  7.82s/it]
 60%|██████    | 1420/2360 [2:09:49<1:51:04,  7.09s/it]
 60%|██████    | 1421/2360 [2:09:54<1:42:50,  6.57s/it]
 60%|██████    | 1422/2360 [2:10:00<1:37:08,  6.21s/it]
 60%|██████    | 1423/2360 [2:10:05<1:33:23,  5.98s/it]
 60%|██████    | 1424/2360 [2:10:11<1:30:13,  5.78s/it]
 60%|██████    | 1425/2360 [2:10:16<1:28:41,  5.69s/it]
 60%|██████    | 1426/2360 [2:10:21<1:27:11,  5.60s/it]
 60%|██████    | 1427/2360 [2:10:27<1:25:57,  5.53s/it]
 61%|██████    | 1428/2360 [2:10:32<1:25:12,  5.49s/it]
 61%|██████    | 1429/2360 [2:10:37<1:24:19,  5.43s/it]
 61%|██████    | 1430/2360 [2:10:43<1:24:13,  5.43s/it]
 61%|██████    | 1431/2360 [2:10:48<1:24:23,  5.45s/it]
 61%|██████    | 1432/2360 [2:10:54<1:23:38,  5.41s/it]
 61%|██████    | 1433/2360 [2:10:59<1:23:40,  5.42s/it]
 61%|██████    | 1434/2360 [2:11:04<1:22:52,  5.37s/it]
 61%|██████    | 1435/2360 [2:11:10<1:23:20,  5.41s/it]
 61%|██████    | 1436/2360 [2:11:15<1:22:34,  5.36s/it]
 61%|██████    | 1437/2360 [2:11:21<1:22:47,  5.38s/it]
 61%|██████    | 1438/2360 [2:11:26<1:22:57,  5.40s/it]
 61%|██████    | 1439/2360 [2:11:31<1:22:40,  5.39s/it]
 61%|██████    | 1440/2360 [2:11:37<1:22:35,  5.39s/it]
 61%|██████    | 1441/2360 [2:11:42<1:22:24,  5.38s/it]
 61%|██████    | 1442/2360 [2:11:48<1:22:19,  5.38s/it]
 61%|██████    | 1443/2360 [2:11:53<1:22:07,  5.37s/it]
 61%|██████    | 1444/2360 [2:11:58<1:22:03,  5.38s/it]
 61%|██████    | 1445/2360 [2:12:04<1:22:28,  5.41s/it]
 61%|██████▏   | 1446/2360 [2:12:09<1:21:56,  5.38s/it]
 61%|██████▏   | 1447/2360 [2:12:14<1:22:05,  5.39s/it]
 61%|██████▏   | 1448/2360 [2:12:20<1:21:37,  5.37s/it]
 61%|██████▏   | 1449/2360 [2:12:25<1:21:33,  5.37s/it]
 61%|██████▏   | 1450/2360 [2:12:31<1:22:00,  5.41s/it]
 61%|██████▏   | 1451/2360 [2:12:36<1:21:15,  5.36s/it]
 62%|██████▏   | 1452/2360 [2:12:41<1:21:29,  5.38s/it]
 62%|██████▏   | 1453/2360 [2:12:47<1:21:03,  5.36s/it]
 62%|██████▏   | 1454/2360 [2:12:52<1:21:27,  5.40s/it]
 62%|██████▏   | 1455/2360 [2:12:58<1:21:32,  5.41s/it]
 62%|██████▏   | 1456/2360 [2:13:03<1:21:00,  5.38s/it]
 62%|██████▏   | 1457/2360 [2:13:08<1:21:09,  5.39s/it]
 62%|██████▏   | 1458/2360 [2:13:14<1:21:15,  5.41s/it]
 62%|██████▏   | 1459/2360 [2:13:19<1:20:43,  5.38s/it]
 62%|██████▏   | 1460/2360 [2:13:24<1:20:56,  5.40s/it]
 62%|██████▏   | 1461/2360 [2:13:30<1:20:27,  5.37s/it]
 62%|██████▏   | 1462/2360 [2:13:35<1:20:38,  5.39s/it]
 62%|██████▏   | 1463/2360 [2:13:41<1:20:46,  5.40s/it]
 62%|██████▏   | 1464/2360 [2:13:46<1:20:02,  5.36s/it]
 62%|██████▏   | 1465/2360 [2:13:51<1:20:29,  5.40s/it]
 62%|██████▏   | 1466/2360 [2:13:57<1:20:00,  5.37s/it]
 62%|██████▏   | 1467/2360 [2:14:02<1:19:58,  5.37s/it]
 62%|██████▏   | 1468/2360 [2:14:07<1:19:36,  5.35s/it]
 62%|██████▏   | 1469/2360 [2:14:13<1:19:50,  5.38s/it]
 62%|██████▏   | 1470/2360 [2:14:18<1:20:14,  5.41s/it]
 62%|██████▏   | 1471/2360 [2:14:24<1:19:28,  5.36s/it]
 62%|██████▏   | 1472/2360 [2:14:29<1:19:41,  5.38s/it]
 62%|██████▏   | 1473/2360 [2:14:34<1:19:29,  5.38s/it]
 62%|██████▏   | 1474/2360 [2:14:40<1:19:36,  5.39s/it]
 62%|██████▎   | 1475/2360 [2:14:45<1:19:41,  5.40s/it]
 63%|██████▎   | 1476/2360 [2:14:50<1:18:58,  5.36s/it]
 63%|██████▎   | 1477/2360 [2:14:56<1:19:11,  5.38s/it]
 63%|██████▎   | 1478/2360 [2:15:01<1:19:20,  5.40s/it]
 63%|██████▎   | 1479/2360 [2:15:07<1:19:04,  5.39s/it]
 63%|██████▎   | 1480/2360 [2:15:12<1:19:00,  5.39s/it]
 63%|██████▎   | 1481/2360 [2:15:17<1:18:34,  5.36s/it]
 63%|██████▎   | 1482/2360 [2:15:23<1:19:00,  5.40s/it]
 63%|██████▎   | 1483/2360 [2:15:28<1:19:06,  5.41s/it]
 63%|██████▎   | 1484/2360 [2:15:34<1:18:34,  5.38s/it]
 63%|██████▎   | 1485/2360 [2:15:39<1:18:43,  5.40s/it]
 63%|██████▎   | 1486/2360 [2:15:44<1:18:14,  5.37s/it]
 63%|██████▎   | 1487/2360 [2:15:50<1:18:24,  5.39s/it]
 63%|██████▎   | 1488/2360 [2:15:55<1:17:46,  5.35s/it]
 63%|██████▎   | 1489/2360 [2:16:00<1:18:01,  5.37s/it]
 63%|██████▎   | 1490/2360 [2:16:06<1:18:24,  5.41s/it]
 63%|██████▎   | 1491/2360 [2:16:11<1:17:40,  5.36s/it]
 63%|██████▎   | 1492/2360 [2:16:17<1:17:53,  5.38s/it]
 63%|██████▎   | 1493/2360 [2:16:22<1:17:42,  5.38s/it]
 63%|██████▎   | 1494/2360 [2:16:27<1:17:49,  5.39s/it]
 63%|██████▎   | 1495/2360 [2:16:33<1:17:40,  5.39s/it]
 63%|██████▎   | 1496/2360 [2:16:38<1:17:15,  5.37s/it]
 63%|██████▎   | 1497/2360 [2:16:44<1:17:27,  5.38s/it]
 63%|██████▎   | 1498/2360 [2:16:49<1:17:35,  5.40s/it]
 64%|██████▎   | 1499/2360 [2:16:54<1:17:06,  5.37s/it]
 64%|██████▎   | 1500/2360 [2:17:00<1:17:16,  5.39s/it]
 64%|██████▎   | 1501/2360 [2:17:05<1:17:02,  5.38s/it]
 64%|██████▎   | 1502/2360 [2:17:11<1:16:57,  5.38s/it]
 64%|██████▎   | 1503/2360 [2:17:16<1:17:06,  5.40s/it]
 64%|██████▎   | 1504/2360 [2:17:21<1:16:38,  5.37s/it]
 64%|██████▍   | 1505/2360 [2:17:27<1:17:02,  5.41s/it]
 64%|██████▍   | 1506/2360 [2:17:32<1:16:31,  5.38s/it]
 64%|██████▍   | 1507/2360 [2:17:37<1:16:27,  5.38s/it]
 64%|██████▍   | 1508/2360 [2:17:43<1:16:04,  5.36s/it]
 64%|██████▍   | 1509/2360 [2:17:48<1:16:17,  5.38s/it]
 64%|██████▍   | 1510/2360 [2:17:54<1:16:39,  5.41s/it]
 64%|██████▍   | 1511/2360 [2:17:59<1:16:06,  5.38s/it]
 64%|██████▍   | 1512/2360 [2:18:04<1:16:01,  5.38s/it]
 64%|██████▍   | 1513/2360 [2:18:10<1:15:51,  5.37s/it]
 64%|██████▍   | 1514/2360 [2:18:15<1:15:47,  5.38s/it]
 64%|██████▍   | 1515/2360 [2:18:21<1:16:07,  5.41s/it]
 64%|██████▍   | 1516/2360 [2:18:26<1:15:24,  5.36s/it]
 64%|██████▍   | 1517/2360 [2:18:31<1:15:49,  5.40s/it]
 64%|██████▍   | 1518/2360 [2:18:37<1:15:42,  5.39s/it]
 64%|██████▍   | 1519/2360 [2:18:42<1:15:28,  5.38s/it]
 64%|██████▍   | 1520/2360 [2:18:47<1:15:34,  5.40s/it]
 64%|██████▍   | 1521/2360 [2:18:53<1:15:07,  5.37s/it]
 64%|██████▍   | 1522/2360 [2:18:58<1:15:14,  5.39s/it]
 65%|██████▍   | 1523/2360 [2:19:04<1:15:08,  5.39s/it]
 65%|██████▍   | 1524/2360 [2:19:09<1:14:56,  5.38s/it]
 65%|██████▍   | 1525/2360 [2:19:14<1:15:04,  5.40s/it]
 65%|██████▍   | 1526/2360 [2:19:20<1:14:24,  5.35s/it]
 65%|██████▍   | 1527/2360 [2:19:25<1:14:38,  5.38s/it]
 65%|██████▍   | 1528/2360 [2:19:30<1:14:29,  5.37s/it]
 65%|██████▍   | 1529/2360 [2:19:36<1:14:38,  5.39s/it]
 65%|██████▍   | 1530/2360 [2:19:41<1:14:44,  5.40s/it]
 65%|██████▍   | 1531/2360 [2:19:47<1:14:14,  5.37s/it]
 65%|██████▍   | 1532/2360 [2:19:52<1:14:11,  5.38s/it]
 65%|██████▍   | 1533/2360 [2:19:57<1:13:49,  5.36s/it]
 65%|██████▌   | 1534/2360 [2:20:03<1:14:01,  5.38s/it]
 65%|██████▌   | 1535/2360 [2:20:08<1:14:08,  5.39s/it]
 65%|██████▌   | 1536/2360 [2:20:13<1:13:42,  5.37s/it]
 65%|██████▌   | 1537/2360 [2:20:19<1:13:51,  5.38s/it]
 65%|██████▌   | 1538/2360 [2:20:24<1:13:59,  5.40s/it]
 65%|██████▌   | 1539/2360 [2:20:30<1:13:31,  5.37s/it]
 65%|██████▌   | 1540/2360 [2:20:35<1:13:40,  5.39s/it]
 65%|██████▌   | 1541/2360 [2:20:40<1:13:27,  5.38s/it]
 65%|██████▌   | 1542/2360 [2:20:46<1:13:19,  5.38s/it]
 65%|██████▌   | 1543/2360 [2:20:51<1:13:27,  5.40s/it]
 65%|██████▌   | 1544/2360 [2:20:57<1:13:12,  5.38s/it]
 65%|██████▌   | 1545/2360 [2:21:02<1:13:08,  5.38s/it]
 66%|██████▌   | 1546/2360 [2:21:07<1:12:45,  5.36s/it]
 66%|██████▌   | 1547/2360 [2:21:13<1:12:57,  5.38s/it]
 66%|██████▌   | 1548/2360 [2:21:18<1:12:44,  5.38s/it]
 66%|██████▌   | 1549/2360 [2:21:23<1:12:40,  5.38s/it]
 66%|██████▌   | 1550/2360 [2:21:29<1:12:49,  5.39s/it]
 66%|██████▌   | 1551/2360 [2:21:34<1:12:23,  5.37s/it]
 66%|██████▌   | 1552/2360 [2:21:40<1:12:33,  5.39s/it]
 66%|██████▌   | 1553/2360 [2:21:45<1:12:09,  5.37s/it]
 66%|██████▌   | 1554/2360 [2:21:50<1:12:19,  5.38s/it]
 66%|██████▌   | 1555/2360 [2:21:56<1:12:37,  5.41s/it]
 66%|██████▌   | 1556/2360 [2:22:01<1:11:56,  5.37s/it]
 66%|██████▌   | 1557/2360 [2:22:07<1:12:18,  5.40s/it]
 66%|██████▌   | 1558/2360 [2:22:12<1:12:09,  5.40s/it]
 66%|██████▌   | 1559/2360 [2:22:17<1:11:43,  5.37s/it]
 66%|██████▌   | 1560/2360 [2:22:23<1:11:52,  5.39s/it]
 66%|██████▌   | 1561/2360 [2:22:28<1:11:28,  5.37s/it]
 66%|██████▌   | 1562/2360 [2:22:34<1:11:50,  5.40s/it]
 66%|██████▌   | 1563/2360 [2:22:39<1:11:40,  5.40s/it]
 66%|██████▋   | 1564/2360 [2:22:44<1:11:25,  5.38s/it]
 66%|██████▋   | 1565/2360 [2:22:50<1:11:20,  5.38s/it]
 66%|██████▋   | 1566/2360 [2:22:55<1:11:09,  5.38s/it]
 66%|██████▋   | 1567/2360 [2:23:00<1:11:06,  5.38s/it]
 66%|██████▋   | 1568/2360 [2:23:06<1:10:44,  5.36s/it]
 66%|██████▋   | 1569/2360 [2:23:11<1:11:08,  5.40s/it]
 67%|██████▋   | 1570/2360 [2:23:17<1:10:59,  5.39s/it]
 67%|██████▋   | 1571/2360 [2:23:22<1:10:46,  5.38s/it]
 67%|██████▋   | 1572/2360 [2:23:27<1:10:51,  5.40s/it]
 67%|██████▋   | 1573/2360 [2:23:33<1:10:13,  5.35s/it]
 67%|██████▋   | 1574/2360 [2:23:38<1:10:36,  5.39s/it]
 67%|██████▋   | 1575/2360 [2:23:43<1:10:30,  5.39s/it]
 67%|██████▋   | 1576/2360 [2:23:49<1:10:06,  5.37s/it]
 67%|██████▋   | 1577/2360 [2:23:54<1:10:27,  5.40s/it]
 67%|██████▋   | 1578/2360 [2:24:00<1:10:19,  5.40s/it]
 67%|██████▋   | 1579/2360 [2:24:05<1:09:54,  5.37s/it]
 67%|██████▋   | 1580/2360 [2:24:10<1:10:16,  5.41s/it]
 67%|██████▋   | 1581/2360 [2:24:16<1:09:37,  5.36s/it]
 67%|██████▋   | 1582/2360 [2:24:21<1:09:58,  5.40s/it]
 67%|██████▋   | 1583/2360 [2:24:27<1:10:02,  5.41s/it]
 67%|██████▋   | 1584/2360 [2:24:32<1:09:33,  5.38s/it]
 67%|██████▋   | 1585/2360 [2:24:37<1:09:41,  5.39s/it]
 67%|██████▋   | 1586/2360 [2:24:43<1:09:04,  5.36s/it]
 67%|██████▋   | 1587/2360 [2:24:48<1:09:16,  5.38s/it]
 67%|██████▋   | 1588/2360 [2:24:53<1:08:56,  5.36s/it]
 67%|██████▋   | 1589/2360 [2:24:59<1:09:18,  5.39s/it]
 67%|██████▋   | 1590/2360 [2:25:04<1:09:22,  5.41s/it]
 67%|██████▋   | 1591/2360 [2:25:10<1:08:55,  5.38s/it]
 67%|██████▋   | 1592/2360 [2:25:15<1:09:02,  5.39s/it]
 68%|██████▊   | 1593/2360 [2:25:20<1:08:37,  5.37s/it]
 68%|██████▊   | 1594/2360 [2:25:26<1:08:44,  5.38s/it]
 68%|██████▊   | 1595/2360 [2:25:31<1:08:38,  5.38s/it]
 68%|██████▊   | 1596/2360 [2:25:36<1:08:27,  5.38s/it]
 68%|██████▊   | 1597/2360 [2:25:42<1:08:22,  5.38s/it]
 68%|██████▊   | 1598/2360 [2:25:47<1:08:30,  5.39s/it]
 68%|██████▊   | 1599/2360 [2:25:53<1:08:07,  5.37s/it]
 68%|██████▊   | 1600/2360 [2:25:58<1:08:15,  5.39s/it]
 68%|██████▊   | 1601/2360 [2:26:03<1:07:51,  5.36s/it]
 68%|██████▊   | 1602/2360 [2:26:09<1:08:13,  5.40s/it]
 68%|██████▊   | 1603/2360 [2:26:14<1:08:05,  5.40s/it]
 68%|██████▊   | 1604/2360 [2:26:20<1:07:51,  5.39s/it]
 68%|██████▊   | 1605/2360 [2:26:25<1:07:46,  5.39s/it]
 68%|██████▊   | 1606/2360 [2:26:30<1:07:35,  5.38s/it]
 68%|██████▊   | 1607/2360 [2:26:36<1:07:41,  5.39s/it]
 68%|██████▊   | 1608/2360 [2:26:41<1:07:16,  5.37s/it]
 68%|██████▊   | 1609/2360 [2:26:46<1:07:14,  5.37s/it]
 68%|██████▊   | 1610/2360 [2:26:52<1:07:35,  5.41s/it]
 68%|██████▊   | 1611/2360 [2:26:57<1:07:07,  5.38s/it]
 68%|██████▊   | 1612/2360 [2:27:03<1:07:04,  5.38s/it]
 68%|██████▊   | 1613/2360 [2:27:08<1:06:54,  5.37s/it]
 68%|██████▊   | 1614/2360 [2:27:13<1:07:01,  5.39s/it]
 68%|██████▊   | 1615/2360 [2:27:19<1:06:55,  5.39s/it]
 68%|██████▊   | 1616/2360 [2:27:24<1:06:43,  5.38s/it]
 69%|██████▊   | 1617/2360 [2:27:30<1:06:37,  5.38s/it]
 69%|██████▊   | 1618/2360 [2:27:35<1:06:56,  5.41s/it]
 69%|██████▊   | 1619/2360 [2:27:40<1:06:18,  5.37s/it]
 69%|██████▊   | 1620/2360 [2:27:46<1:06:38,  5.40s/it]
 69%|██████▊   | 1621/2360 [2:27:51<1:06:01,  5.36s/it]
 69%|██████▊   | 1622/2360 [2:27:56<1:06:11,  5.38s/it]
 69%|██████▉   | 1623/2360 [2:28:02<1:06:28,  5.41s/it]
 69%|██████▉   | 1624/2360 [2:28:07<1:06:00,  5.38s/it]
 69%|██████▉   | 1625/2360 [2:28:13<1:05:55,  5.38s/it]
 69%|██████▉   | 1626/2360 [2:28:18<1:05:34,  5.36s/it]
 69%|██████▉   | 1627/2360 [2:28:23<1:05:56,  5.40s/it]
 69%|██████▉   | 1628/2360 [2:28:29<1:05:21,  5.36s/it]
 69%|██████▉   | 1629/2360 [2:28:34<1:05:43,  5.39s/it]
 69%|██████▉   | 1630/2360 [2:28:40<1:05:37,  5.39s/it]
 69%|██████▉   | 1631/2360 [2:28:45<1:05:25,  5.39s/it]
 69%|██████▉   | 1632/2360 [2:28:50<1:05:31,  5.40s/it]
 69%|██████▉   | 1633/2360 [2:28:56<1:04:55,  5.36s/it]
 69%|██████▉   | 1634/2360 [2:29:01<1:05:04,  5.38s/it]
 69%|██████▉   | 1635/2360 [2:29:07<1:05:22,  5.41s/it]
 69%|██████▉   | 1636/2360 [2:29:12<1:04:55,  5.38s/it]
 69%|██████▉   | 1637/2360 [2:29:17<1:04:49,  5.38s/it]
 69%|██████▉   | 1638/2360 [2:29:23<1:05:07,  5.41s/it]
 69%|██████▉   | 1639/2360 [2:29:28<1:04:29,  5.37s/it]
 69%|██████▉   | 1640/2360 [2:29:33<1:04:37,  5.39s/it]
 70%|██████▉   | 1641/2360 [2:29:39<1:04:26,  5.38s/it]
 70%|██████▉   | 1642/2360 [2:29:44<1:04:32,  5.39s/it]
 70%|██████▉   | 1643/2360 [2:29:50<1:04:36,  5.41s/it]
 70%|██████▉   | 1644/2360 [2:29:55<1:03:59,  5.36s/it]
 70%|█████�(0,)
It 1652, sqrt loss 0.006549, Val sim-RMS 0.02557, Time Loss: 97.7%, data: 0.5%, val: 1.8%,  5.5 sec/batch
��▉   | 1645/2360 [2:30:00<1:04:09,  5.38s/it]
 70%|██████▉   | 1646/2360 [2:30:06<1:03:48,  5.36s/it]
 70%|██████▉   | 1647/2360 [2:30:11<1:04:08,  5.40s/it]
 70%|██████▉   | 1648/2360 [2:30:16<1:03:33,  5.36s/it]
 70%|██████▉   | 1649/2360 [2:30:22<1:03:43,  5.38s/it]
 70%|██████▉   | 1650/2360 [2:30:27<1:03:50,  5.39s/it]
 70%|██████▉   | 1651/2360 [2:30:33<1:03:38,  5.39s/it]
 70%|███████   | 1652/2360 [2:31:02<2:27:42, 12.52s/it]
 70%|███████   | 1653/2360 [2:31:07<2:01:52, 10.34s/it]
 70%|███████   | 1654/2360 [2:31:12<1:44:21,  8.87s/it]
 70%|███████   | 1655/2360 [2:31:18<1:32:04,  7.84s/it]
 70%|███████   | 1656/2360 [2:31:23<1:23:13,  7.09s/it]
 70%|███████   | 1657/2360 [2:31:29<1:17:14,  6.59s/it]
 70%|███████   | 1658/2360 [2:31:34<1:13:03,  6.24s/it]
 70%|███████   | 1659/2360 [2:31:39<1:09:30,  5.95s/it]
 70%|███████   | 1660/2360 [2:31:45<1:07:46,  5.81s/it]
 70%|███████   | 1661/2360 [2:31:50<1:05:45,  5.65s/it]
 70%|███████   | 1662/2360 [2:31:56<1:05:06,  5.60s/it]
 70%|███████   | 1663/2360 [2:32:01<1:04:16,  5.53s/it]
 71%|███████   | 1664/2360 [2:32:06<1:03:34,  5.48s/it]
 71%|███████   | 1665/2360 [2:32:12<1:03:19,  5.47s/it]
 71%|███████   | 1666/2360 [2:32:17<1:02:30,  5.40s/it]
 71%|███████   | 1667/2360 [2:32:23<1:02:38,  5.42s/it]
 71%|███████   | 1668/2360 [2:32:28<1:01:58,  5.37s/it]
 71%|███████   | 1669/2360 [2:32:33<1:02:05,  5.39s/it]
 71%|███████   | 1670/2360 [2:32:39<1:02:20,  5.42s/it]
 71%|███████   | 1671/2360 [2:32:44<1:01:42,  5.37s/it]
 71%|███████   | 1672/2360 [2:32:49<1:01:59,  5.41s/it]
 71%|███████   | 1673/2360 [2:32:55<1:01:33,  5.38s/it]
 71%|███████   | 1674/2360 [2:33:00<1:01:37,  5.39s/it]
 71%|███████   | 1675/2360 [2:33:06<1:01:30,  5.39s/it]
 71%|███████   | 1676/2360 [2:33:11<1:01:19,  5.38s/it]
 71%|███████   | 1677/2360 [2:33:16<1:01:24,  5.39s/it]
 71%|███████   | 1678/2360 [2:33:22<1:01:28,  5.41s/it]
 71%|███████   | 1679/2360 [2:33:27<1:00:52,  5.36s/it]
 71%|███████   | 1680/2360 [2:33:33<1:01:12,  5.40s/it]
 71%|███████   | 1681/2360 [2:33:38<1:00:38,  5.36s/it]
 71%|███████▏  | 1682/2360 [2:33:43<1:00:58,  5.40s/it]
 71%|███████▏  | 1683/2360 [2:33:49<1:00:51,  5.39s/it]
 71%|███████▏  | 1684/2360 [2:33:54<1:00:39,  5.38s/it]
 71%|███████▏  | 1685/2360 [2:33:59<1:00:34,  5.38s/it]
 71%|███████▏  | 1686/2360 [2:34:05<1:00:24,  5.38s/it]
 71%|███████▏  | 1687/2360 [2:34:10<1:00:20,  5.38s/it]
 72%|███████▏  | 1688/2360 [2:34:16<1:00:11,  5.37s/it]
 72%|███████▏  | 1689/2360 [2:34:21<1:00:07,  5.38s/it]
 72%|███████▏  | 1690/2360 [2:34:26<1:00:22,  5.41s/it]
 72%|███████▏  | 1691/2360 [2:34:32<59:48,  5.36s/it]  
 72%|███████▏  | 1692/2360 [2:34:37<1:00:06,  5.40s/it]
 72%|███████▏  | 1693/2360 [2:34:42<59:44,  5.37s/it]  
 72%|███████▏  | 1694/2360 [2:34:48<59:47,  5.39s/it]
 72%|███████▏  | 1695/2360 [2:34:53<59:40,  5.38s/it]
 72%|███████▏  | 1696/2360 [2:34:59<59:30,  5.38s/it]
 72%|███████▏  | 1697/2360 [2:35:04<59:35,  5.39s/it]
 72%|███████▏  | 1698/2360 [2:35:09<59:38,  5.41s/it]
 72%|███████▏  | 1699/2360 [2:35:15<59:03,  5.36s/it]
 72%|███████▏  | 1700/2360 [2:35:20<59:22,  5.40s/it]
 72%|███████▏  | 1701/2360 [2:35:26<58:58,  5.37s/it]
 72%|███████▏  | 1702/2360 [2:35:31<59:05,  5.39s/it]
 72%|███████▏  | 1703/2360 [2:35:36<58:59,  5.39s/it]
 72%|███████▏  | 1704/2360 [2:35:42<58:48,  5.38s/it]
 72%|███████▏  | 1705/2360 [2:35:47<58:43,  5.38s/it]
 72%|███████▏  | 1706/2360 [2:35:52<58:33,  5.37s/it]
 72%|███████▏  | 1707/2360 [2:35:58<58:29,  5.37s/it]
 72%|███████▏  | 1708/2360 [2:36:03<58:21,  5.37s/it]
 72%|███████▏  | 1709/2360 [2:36:09<58:16,  5.37s/it]
 72%|███████▏  | 1710/2360 [2:36:14<58:32,  5.40s/it]
 72%|███████▎  | 1711/2360 [2:36:19<58:08,  5.38s/it]
 73%|███████▎  | 1712/2360 [2:36:25<58:14,  5.39s/it]
 73%|███████▎  | 1713/2360 [2:36:30<57:51,  5.37s/it]
 73%|███████▎  | 1714/2360 [2:36:35<57:47,  5.37s/it]
 73%|███████▎  | 1715/2360 [2:36:41<57:55,  5.39s/it]
 73%|███████▎  | 1716/2360 [2:36:46<57:45,  5.38s/it]
 73%|███████▎  | 1717/2360 [2:36:52<57:50,  5.40s/it]
 73%|███████▎  | 1718/2360 [2:36:57<57:43,  5.39s/it]
 73%|███████▎  | 1719/2360 [2:37:02<57:31,  5.38s/it]
 73%|███████▎  | 1720/2360 [2:37:08<57:26,  5.38s/it]
 73%|███████▎  | 1721/2360 [2:37:13<57:07,  5.36s/it]
 73%|███████▎  | 1722/2360 [2:37:19<57:15,  5.38s/it]
 73%|███████▎  | 1723/2360 [2:37:24<57:20,  5.40s/it]
 73%|███████▎  | 1724/2360 [2:37:29<56:58,  5.37s/it]
 73%|███████▎  | 1725/2360 [2:37:35<57:04,  5.39s/it]
 73%|███████▎  | 1726/2360 [2:37:40<56:43,  5.37s/it]
 73%|███████▎  | 1727/2360 [2:37:46<56:59,  5.40s/it]
 73%|███████▎  | 1728/2360 [2:37:51<56:28,  5.36s/it]
 73%|███████▎  | 1729/2360 [2:37:56<56:45,  5.40s/it]
 73%|███████▎  | 1730/2360 [2:38:02<56:36,  5.39s/it]
 73%|███████▎  | 1731/2360 [2:38:07<56:16,  5.37s/it]
 73%|███████▎  | 1732/2360 [2:38:12<56:32,  5.40s/it]
 73%|███████▎  | 1733/2360 [2:38:18<56:00,  5.36s/it]
 73%|███████▎  | 1734/2360 [2:38:23<56:07,  5.38s/it]
 74%|███████▎  | 1735/2360 [2:38:29<56:12,  5.40s/it]
 74%|███████▎  | 1736/2360 [2:38:34<56:00,  5.38s/it]
 74%|███████▎  | 1737/2360 [2:38:39<55:54,  5.38s/it]
 74%|███████▎  | 1738/2360 [2:38:45<55:58,  5.40s/it]
 74%|███████▎  | 1739/2360 [2:38:50<55:35,  5.37s/it]
 74%|███████▎  | 1740/2360 [2:38:56<55:51,  5.41s/it]
 74%|███████▍  | 1741/2360 [2:39:01<55:18,  5.36s/it]
 74%|███████▍  | 1742/2360 [2:39:06<55:34,  5.40s/it]
 74%|███████▍  | 1743/2360 [2:39:12<55:28,  5.39s/it]
 74%|███████▍  | 1744/2360 [2:39:17<55:16,  5.38s/it]
 74%|███████▍  | 1745/2360 [2:39:22<55:10,  5.38s/it]
 74%|███████▍  | 1746/2360 [2:39:28<55:01,  5.38s/it]
 74%|███████▍  | 1747/2360 [2:39:33<54:56,  5.38s/it]
 74%|███████▍  | 1748/2360 [2:39:39<54:47,  5.37s/it]
 74%|███████▍  | 1749/2360 [2:39:44<54:42,  5.37s/it]
 74%|███████▍  | 1750/2360 [2:39:49<54:57,  5.41s/it]
 74%|███████▍  | 1751/2360 [2:39:55<54:35,  5.38s/it]
 74%|███████▍  | 1752/2360 [2:40:00<54:39,  5.39s/it]
 74%|███████▍  | 1753/2360 [2:40:05<54:09,  5.35s/it]
 74%|███████▍  | 1754/2360 [2:40:11<54:26,  5.39s/it]
 74%|███████▍  | 1755/2360 [2:40:16<54:27,  5.40s/it]
 74%|███████▍  | 1756/2360 [2:40:22<54:05,  5.37s/it]
 74%|███████▍  | 1757/2360 [2:40:27<54:09,  5.39s/it]
 74%|███████▍  | 1758/2360 [2:40:32<54:03,  5.39s/it]
 75%|███████▍  | 1759/2360 [2:40:38<53:44,  5.36s/it]
 75%|███████▍  | 1760/2360 [2:40:43<54:00,  5.40s/it]
 75%|███████▍  | 1761/2360 [2:40:48<53:28,  5.36s/it]
 75%|███████▍  | 1762/2360 [2:40:54<53:45,  5.39s/it]
 75%|███████▍  | 1763/2360 [2:40:59<53:37,  5.39s/it]
 75%|███████▍  | 1764/2360 [2:41:05<53:26,  5.38s/it]
 75%|███████▍  | 1765/2360 [2:41:10<53:22,  5.38s/it]
 75%|███████▍  | 1766/2360 [2:41:15<53:12,  5.38s/it]
 75%|███████▍  | 1767/2360 [2:41:21<53:09,  5.38s/it]
 75%|███████▍  | 1768/2360 [2:41:26<52:51,  5.36s/it]
 75%|███████▍  | 1769/2360 [2:41:32<53:06,  5.39s/it]
 75%|███████▌  | 1770/2360 [2:41:37<52:59,  5.39s/it]
 75%|███████▌  | 1771/2360 [2:41:42<52:49,  5.38s/it]
 75%|███████▌  | 1772/2360 [2:41:48<52:45,  5.38s/it]
 75%|███████▌  | 1773/2360 [2:41:53<52:26,  5.36s/it]
 75%|███████▌  | 1774/2360 [2:41:58<52:41,  5.40s/it]
 75%|███████▌  | 1775/2360 [2:42:04<52:42,  5.41s/it]
 75%|███████▌  | 1776/2360 [2:42:09<52:18,  5.37s/it]
 75%|███████▌  | 1777/2360 [2:42:15<52:13,  5.37s/it]
 75%|███████▌  | 1778/2360 [2:42:20<52:26,  5.41s/it]
 75%|███████▌  | 1779/2360 [2:42:25<52:03,  5.38s/it]
 75%|███████▌  | 1780/2360 [2:42:31<51:59,  5.38s/it]
 75%|███████▌  | 1781/2360 [2:42:36<51:42,  5.36s/it]
 76%|███████▌  | 1782/2360 [2:42:42<51:58,  5.40s/it]
 76%|███████▌  | 1783/2360 [2:42:47<51:59,  5.41s/it]
 76%|███████▌  | 1784/2360 [2:42:52<51:37,  5.38s/it]
 76%|███████▌  | 1785/2360 [2:42:58<51:42,  5.39s/it]
 76%|███████▌  | 1786/2360 [2:43:03<51:21,  5.37s/it]
 76%|███████▌  | 1787/2360 [2:43:08<51:27,  5.39s/it]
 76%|███████▌  | 1788/2360 [2:43:14<51:09,  5.37s/it]
 76%|███████▌  | 1789/2360 [2:43:19<51:05,  5.37s/it]
 76%|███████▌  | 1790/2360 [2:43:25<51:12,  5.39s/it]
 76%|███████▌  | 1791/2360 [2:43:30<51:00,  5.38s/it]
 76%|███████▌  | 1792/2360 [2:43:35<51:04,  5.40s/it]
 76%|███████▌  | 1793/2360 [2:43:41<50:44,  5.37s/it]
 76%|███████▌  | 1794/2360 [2:43:46<50:48,  5.39s/it]
 76%|███████▌  | 1795/2360 [2:43:52<50:42,  5.39s/it]
 76%|███████▌  | 1796/2360 [2:43:57<50:32,  5.38s/it]
 76%|███████▌  | 1797/2360 [2:44:02<50:27,  5.38s/it]
 76%|███████▌  | 1798/2360 [2:44:08<50:39,  5.41s/it]
 76%|███████▌  | 1799/2360 [2:44:13<50:18,  5.38s/it]
 76%|███████▋  | 1800/2360 [2:44:18<50:21,  5.40s/it]
 76%|███████▋  | 1801/2360 [2:44:24<49:52,  5.35s/it]
 76%|███████▋  | 1802/2360 [2:44:29<50:08,  5.39s/it]
 76%|███████▋  | 1803/2360 [2:44:35<50:02,  5.39s/it]
 76%|███████▋  | 1804/2360 [2:44:40<49:51,  5.38s/it]
 76%|███████▋  | 1805/2360 [2:44:45<49:55,  5.40s/it]
 77%|███████▋  | 1806/2360 [2:44:51<49:34,  5.37s/it]
 77%|███████▋  | 1807/2360 [2:44:56<49:39,  5.39s/it]
 77%|███████▋  | 1808/2360 [2:45:01<49:20,  5.36s/it]
 77%|███████▋  | 1809/2360 [2:45:07<49:17,  5.37s/it]
 77%|███████▋  | 1810/2360 [2:45:12<49:30,  5.40s/it]
 77%|███████▋  | 1811/2360 [2:45:18<49:01,  5.36s/it]
 77%|███████▋  | 1812/2360 [2:45:23<49:08,  5.38s/it]
 77%|███████▋  | 1813/2360 [2:45:28<48:59,  5.37s/it]
 77%|███████▋  | 1814/2360 [2:45:34<48:54,  5.37s/it]
 77%|███████▋  | 1815/2360 [2:45:39<48:57,  5.39s/it]
 77%|███████▋  | 1816/2360 [2:45:45<48:47,  5.38s/it]
 77%|███████▋  | 1817/2360 [2:45:50<48:48,  5.39s/it]
 77%|███████▋  | 1818/2360 [2:45:55<48:50,  5.41s/it]
 77%|███████▋  | 1819/2360 [2:46:01<48:21,  5.36s/it]
 77%|███████▋  | 1820/2360 [2:46:06<48:27,  5.38s/it]
 77%|███████▋  | 1821/2360 [2:46:11<48:10,  5.36s/it]
 77%|███████▋  | 1822/2360 [2:46:17<48:23,  5.40s/it]
 77%|███████▋  | 1823/2360 [2:46:22<48:24,  5.41s/it]
 77%|███████▋  | 1824/2360 [2:46:28<47:54,  5.36s/it]
 77%|███████▋  | 1825/2360 [2:46:33<48:00,  5.38s/it]
 77%|███████▋  | 1826/2360 [2:46:38<47:51,  5.38s/it]
 77%|███████▋  | 1827/2360 [2:46:44<47:45,  5.38s/it]
 77%|███████▋  | 1828/2360 [2:46:49<47:36,  5.37s/it]
 78%|███████▊  | 1829/2360 [2:46:54<47:32,  5.37s/it]
 78%|███████▊  | 1830/2360 [2:47:00<47:36,  5.39s/it]
 78%|███████▊  | 1831/2360 [2:47:05<47:25,  5.38s/it]
 78%|███████▊  | 1832/2360 [2:47:11<47:28,  5.39s/it]
 78%|███████▊  | 1833/2360 [2:47:16<47:08,  5.37s/it]
 78%|███████▊  | 1834/2360 [2:47:21<47:10,  5.38s/it]
 78%|███████▊  | 1835/2360 [2:47:27<47:12,  5.40s/it]
 78%|███████▊  | 1836/2360 [2:47:32<46:45,  5.35s/it]
 78%|███████▊  | 1837/2360 [2:47:37<46:51,  5.38s/it]
 78%|███████▊  | 1838/2360 [2:47:43<46:56,  5.40s/it]
 78%|███████▊  | 1839/2360 [2:47:48<46:45,  5.39s/it]
 78%|███████▊  | 1840/2360 [2:47:54<46:40,  5.39s/it]
 78%|███████▊  | 1841/2360 [2:47:59<46:23,  5.36s/it]
 78%|███████▊  | 1842/2360 [2:48:04<46:36,  5.40s/it]
 78%|███████▊  | 1843/2360 [2:48:10<46:29,  5.40s/it]
 78%|███████▊  | 1844/2360 [2:48:15<46:19,  5.39s/it]
 78%|███████▊  | 1845/2360 [2:48:21<46:14,  5.39s/it]
 78%|███████▊  | 1846/2360 [2:48:26<45:58,  5.37s/it]
 78%|███████▊  | 1847/2360 [2:48:31<46:04,  5.39s/it]
 78%|███████▊  | 1848/2360 [2:48:37<45:46,  5.36s/it]
 78%|███████▊  | 1849/2360 [2:48:42<45:50,  5.38s/it]
 78%|███████▊  | 1850/2360 [2:48:48<45:52,  5.40s/it]
 78%|███████▊  | 1851/2360 [2:48:53<45:41,  5.39s/it]
 78%|███████▊  | 1852/2360 [2:48:58<45:43,  5.40s/it]
 79%|███████▊  | 1853/2360 [2:49:04<45:16,  5.36s/it]
 79%|███████▊  | 1854/2360 [2:49:09<45:29,  5.39s/it]
 79%|███████▊  | 1855/2360 [2:49:15<45:30,  5.41s/it]
 79%|███████▊  | 1856/2360 [2:49:20<45:02,  5.36s/it]
 79%|███████▊  | 1857/2360 [2:49:25<45:06,  5.38s/it]
 79%|███████▊  | 1858/2360 [2:49:31<45:16,  5.41s/it]
 79%|███████▉  | 1859/2360 [2:49:36<44:55,  5.38s/it]
 79%|███████▉  | 1860/2360 [2:49:41<44:50,  5.38s/it]
 79%|███████▉  | 1861/2360 [2:49:47<44:41,  5.37s/it]
 79%|███████▉  | 1862/2360 [2:49:52<44:37,  5.38s/it]
 79%|███████▉  | 1863/2360 [2:49:58<44:41,  5.40s/it]
 79%|███████▉  | 1864/2360 [2:50:03<44:31,  5.39s/it]
 79%|███████▉  | 1865/2360 [2:50:08<44:25,  5.39s/it]
 79%|███████▉  | 1866/2360 [2:50:14<44:09,  5.36s/it]
 79%|███████▉  | 1867/2360 [2:50:19<44:22,  5.40s/it]
 79%|███████▉  | 1868/2360 [2:50:24<44:03,  5.37s/it]
 79%|███████▉  | 1869/2360 [2:50:30<43:58,  5.37s/it]
 79%|███████▉  | 1870/2360 [2:50:35<44:09,  5.41s/it]
 79%|███████▉  | 1871/2360 [2:50:41<43:50,  5.38s/it]
 79%|███████▉  | 1872/2360 [2:50:46<43:45,  5.38s/it]
 79%|███████▉  | 1873/2360 [2:50:51<43:29,  5.36s/it]
 79%|███████▉  | 1874/2360 [2:50:57<43:33,  5.38s/it]
 79%|███████▉  | 1875/2360 [2:51:02<43:35,  5.39s/it]
 79%|███████▉  | 1876/2360 [2:51:07<43:18,  5.37s/it]
 80%|███████▉  | 1877/2360 [2:51:13<43:28,  5.40s/it]
 80%|███████▉  | 1878/2360 [2:51:18<43:28,  5.41s/it]
 (0,)
It 1888, sqrt loss 0.008062, Val sim-RMS 0.02438, Time Loss: 97.7%, data: 0.5%, val: 1.8%,  5.5 sec/batch
80%|███████▉  | 1879/2360 [2:51:24<43:09,  5.38s/it]
 80%|███████▉  | 1880/2360 [2:51:29<43:03,  5.38s/it]
 80%|███████▉  | 1881/2360 [2:51:34<42:54,  5.38s/it]
 80%|███████▉  | 1882/2360 [2:51:40<42:57,  5.39s/it]
 80%|███████▉  | 1883/2360 [2:51:45<42:50,  5.39s/it]
 80%|███████▉  | 1884/2360 [2:51:51<42:34,  5.37s/it]
 80%|███████▉  | 1885/2360 [2:51:56<42:38,  5.39s/it]
 80%|███████▉  | 1886/2360 [2:52:01<42:22,  5.36s/it]
 80%|███████▉  | 1887/2360 [2:52:07<42:34,  5.40s/it]
 80%|████████  | 1888/2360 [2:52:36<1:38:19, 12.50s/it]
 80%|████████  | 1889/2360 [2:52:41<1:21:21, 10.37s/it]
 80%|████████  | 1890/2360 [2:52:47<1:09:42,  8.90s/it]
 80%|████████  | 1891/2360 [2:52:52<1:01:02,  7.81s/it]
 80%|████████  | 1892/2360 [2:52:57<55:26,  7.11s/it]  
 80%|████████  | 1893/2360 [2:53:03<51:18,  6.59s/it]
 80%|████████  | 1894/2360 [2:53:08<48:20,  6.22s/it]
 80%|████████  | 1895/2360 [2:53:14<46:23,  5.99s/it]
 80%|████████  | 1896/2360 [2:53:19<44:43,  5.78s/it]
 80%|████████  | 1897/2360 [2:53:24<43:47,  5.68s/it]
 80%|████████  | 1898/2360 [2:53:30<43:09,  5.61s/it]
 80%|████████  | 1899/2360 [2:53:35<42:15,  5.50s/it]
 81%|████████  | 1900/2360 [2:53:41<42:07,  5.49s/it]
 81%|████████  | 1901/2360 [2:53:46<41:29,  5.42s/it]
 81%|████████  | 1902/2360 [2:53:51<41:31,  5.44s/it]
 81%|████████  | 1903/2360 [2:53:57<41:07,  5.40s/it]
 81%|████████  | 1904/2360 [2:54:02<41:06,  5.41s/it]
 81%|████████  | 1905/2360 [2:54:07<40:57,  5.40s/it]
 81%|████████  | 1906/2360 [2:54:13<40:46,  5.39s/it]
 81%|████████  | 1907/2360 [2:54:18<40:39,  5.39s/it]
 81%|████████  | 1908/2360 [2:54:23<40:30,  5.38s/it]
 81%|████████  | 1909/2360 [2:54:29<40:25,  5.38s/it]
 81%|████████  | 1910/2360 [2:54:34<40:34,  5.41s/it]
 81%|████████  | 1911/2360 [2:54:40<40:15,  5.38s/it]
 81%|████████  | 1912/2360 [2:54:45<40:09,  5.38s/it]
 81%|████████  | 1913/2360 [2:54:50<39:55,  5.36s/it]
 81%|████████  | 1914/2360 [2:54:56<39:58,  5.38s/it]
 81%|████████  | 1915/2360 [2:55:01<40:00,  5.40s/it]
 81%|████████  | 1916/2360 [2:55:07<39:50,  5.38s/it]
 81%|████████  | 1917/2360 [2:55:12<39:45,  5.38s/it]
 81%|████████▏ | 1918/2360 [2:55:17<39:46,  5.40s/it]
 81%|████████▏ | 1919/2360 [2:55:23<39:35,  5.39s/it]
 81%|████████▏ | 1920/2360 [2:55:28<39:29,  5.39s/it]
 81%|████████▏ | 1921/2360 [2:55:33<39:14,  5.36s/it]
 81%|████████▏ | 1922/2360 [2:55:39<39:18,  5.38s/it]
 81%|████████▏ | 1923/2360 [2:55:44<39:25,  5.41s/it]
 82%|████████▏ | 1924/2360 [2:55:50<38:59,  5.37s/it]
 82%|████████▏ | 1925/2360 [2:55:55<39:10,  5.40s/it]
 82%|████████▏ | 1926/2360 [2:56:00<38:53,  5.38s/it]
 82%|████████▏ | 1927/2360 [2:56:06<38:55,  5.39s/it]
 82%|████████▏ | 1928/2360 [2:56:11<38:32,  5.35s/it]
 82%|████████▏ | 1929/2360 [2:56:17<38:43,  5.39s/it]
 82%|████████▏ | 1930/2360 [2:56:22<38:43,  5.40s/it]
 82%|████████▏ | 1931/2360 [2:56:27<38:26,  5.38s/it]
 82%|████████▏ | 1932/2360 [2:56:33<38:26,  5.39s/it]
 82%|████████▏ | 1933/2360 [2:56:38<38:05,  5.35s/it]
 82%|████████▏ | 1934/2360 [2:56:43<38:09,  5.37s/it]
 82%|████████▏ | 1935/2360 [2:56:49<38:18,  5.41s/it]
 82%|████████▏ | 1936/2360 [2:56:54<37:53,  5.36s/it]
 82%|████████▏ | 1937/2360 [2:57:00<37:56,  5.38s/it]
 82%|████████▏ | 1938/2360 [2:57:05<38:03,  5.41s/it]
 82%|████████▏ | 1939/2360 [2:57:10<37:44,  5.38s/it]
 82%|████████▏ | 1940/2360 [2:57:16<37:46,  5.40s/it]
 82%|████████▏ | 1941/2360 [2:57:21<37:23,  5.35s/it]
 82%|████████▏ | 1942/2360 [2:57:27<37:34,  5.39s/it]
 82%|████████▏ | 1943/2360 [2:57:32<37:28,  5.39s/it]
 82%|████████▏ | 1944/2360 [2:57:37<37:18,  5.38s/it]
 82%|████████▏ | 1945/2360 [2:57:43<37:13,  5.38s/it]
 82%|████████▏ | 1946/2360 [2:57:48<37:04,  5.37s/it]
 82%|████████▎ | 1947/2360 [2:57:53<36:59,  5.37s/it]
 83%|████████▎ | 1948/2360 [2:57:59<36:46,  5.36s/it]
 83%|████████▎ | 1949/2360 [2:58:04<36:51,  5.38s/it]
 83%|████████▎ | 1950/2360 [2:58:10<36:52,  5.40s/it]
 83%|████████▎ | 1951/2360 [2:58:15<36:42,  5.38s/it]
 83%|████████▎ | 1952/2360 [2:58:20<36:42,  5.40s/it]
 83%|████████▎ | 1953/2360 [2:58:26<36:26,  5.37s/it]
 83%|████████▎ | 1954/2360 [2:58:31<36:20,  5.37s/it]
 83%|████████▎ | 1955/2360 [2:58:36<36:22,  5.39s/it]
 83%|████████▎ | 1956/2360 [2:58:42<36:14,  5.38s/it]
 83%|████████▎ | 1957/2360 [2:58:47<36:14,  5.40s/it]
 83%|████████▎ | 1958/2360 [2:58:53<36:07,  5.39s/it]
 83%|████████▎ | 1959/2360 [2:58:58<35:52,  5.37s/it]
 83%|████████▎ | 1960/2360 [2:59:03<35:55,  5.39s/it]
 83%|████████▎ | 1961/2360 [2:59:09<35:41,  5.37s/it]
 83%|████████▎ | 1962/2360 [2:59:14<35:43,  5.39s/it]
 83%|████████▎ | 1963/2360 [2:59:20<35:50,  5.42s/it]
 83%|████████▎ | 1964/2360 [2:59:25<35:26,  5.37s/it]
 83%|████████▎ | 1965/2360 [2:59:30<35:34,  5.40s/it]
 83%|████████▎ | 1966/2360 [2:59:36<35:18,  5.38s/it]
 83%|████████▎ | 1967/2360 [2:59:41<35:13,  5.38s/it]
 83%|████████▎ | 1968/2360 [2:59:46<35:06,  5.37s/it]
 83%|████████▎ | 1969/2360 [2:59:52<35:01,  5.38s/it]
 83%|████████▎ | 1970/2360 [2:59:57<35:03,  5.39s/it]
 84%|████████▎ | 1971/2360 [3:00:03<34:47,  5.37s/it]
 84%|████████▎ | 1972/2360 [3:00:08<34:55,  5.40s/it]
 84%|████████▎ | 1973/2360 [3:00:13<34:33,  5.36s/it]
 84%|████████▎ | 1974/2360 [3:00:19<34:35,  5.38s/it]
 84%|████████▎ | 1975/2360 [3:00:24<34:36,  5.39s/it]
 84%|████████▎ | 1976/2360 [3:00:30<34:27,  5.38s/it]
 84%|████████▍ | 1977/2360 [3:00:35<34:21,  5.38s/it]
 84%|████████▍ | 1978/2360 [3:00:40<34:28,  5.42s/it]
 84%|████████▍ | 1979/2360 [3:00:46<34:05,  5.37s/it]
 84%|████████▍ | 1980/2360 [3:00:51<34:13,  5.40s/it]
 84%|████████▍ | 1981/2360 [3:00:56<33:51,  5.36s/it]
 84%|████████▍ | 1982/2360 [3:01:02<33:54,  5.38s/it]
 84%|████████▍ | 1983/2360 [3:01:07<34:00,  5.41s/it]
 84%|████████▍ | 1984/2360 [3:01:13<33:38,  5.37s/it]
 84%|████████▍ | 1985/2360 [3:01:18<33:45,  5.40s/it]
 84%|████████▍ | 1986/2360 [3:01:23<33:23,  5.36s/it]
 84%|████████▍ | 1987/2360 [3:01:29<33:32,  5.39s/it]
 84%|████████▍ | 1988/2360 [3:01:34<33:12,  5.36s/it]
 84%|████████▍ | 1989/2360 [3:01:40<33:15,  5.38s/it]
 84%|████████▍ | 1990/2360 [3:01:45<33:21,  5.41s/it]
 84%|████████▍ | 1991/2360 [3:01:50<32:58,  5.36s/it]
 84%|████████▍ | 1992/2360 [3:01:56<33:06,  5.40s/it]
 84%|████████▍ | 1993/2360 [3:02:01<32:45,  5.36s/it]
 84%|████████▍ | 1994/2360 [3:02:06<32:53,  5.39s/it]
 85%|████████▍ | 1995/2360 [3:02:12<32:52,  5.41s/it]
 85%|████████▍ | 1996/2360 [3:02:17<32:36,  5.38s/it]
 85%|████████▍ | 1997/2360 [3:02:23<32:37,  5.39s/it]
 85%|████████▍ | 1998/2360 [3:02:28<32:31,  5.39s/it]
 85%|████████▍ | 1999/2360 [3:02:33<32:22,  5.38s/it]
 85%|████████▍ | 2000/2360 [3:02:39<32:22,  5.40s/it]
 85%|████████▍ | 2001/2360 [3:02:44<32:08,  5.37s/it]
 85%|████████▍ | 2002/2360 [3:02:50<32:04,  5.37s/it]
 85%|████████▍ | 2003/2360 [3:02:55<32:10,  5.41s/it]
 85%|████████▍ | 2004/2360 [3:03:00<31:49,  5.36s/it]
 85%|████████▍ | 2005/2360 [3:03:06<31:51,  5.38s/it]
 85%|████████▌ | 2006/2360 [3:03:11<31:43,  5.38s/it]
 85%|████████▌ | 2007/2360 [3:03:16<31:38,  5.38s/it]
 85%|████████▌ | 2008/2360 [3:03:22<31:25,  5.36s/it]
 85%|████████▌ | 2009/2360 [3:03:27<31:27,  5.38s/it]
 85%|████████▌ | 2010/2360 [3:03:33<31:33,  5.41s/it]
 85%|████████▌ | 2011/2360 [3:03:38<31:17,  5.38s/it]
 85%|████████▌ | 2012/2360 [3:03:43<31:12,  5.38s/it]
 85%|████████▌ | 2013/2360 [3:03:49<30:59,  5.36s/it]
 85%|████████▌ | 2014/2360 [3:03:54<31:00,  5.38s/it]
 85%|████████▌ | 2015/2360 [3:04:00<31:06,  5.41s/it]
 85%|████████▌ | 2016/2360 [3:04:05<30:45,  5.37s/it]
 85%|████████▌ | 2017/2360 [3:04:10<30:51,  5.40s/it]
 86%|████████▌ | 2018/2360 [3:04:16<30:45,  5.40s/it]
 86%|████████▌ | 2019/2360 [3:04:21<30:36,  5.38s/it]
 86%|████████▌ | 2020/2360 [3:04:26<30:30,  5.38s/it]
 86%|████████▌ | 2021/2360 [3:04:32<30:17,  5.36s/it]
 86%|████████▌ | 2022/2360 [3:04:37<30:18,  5.38s/it]
 86%|████████▌ | 2023/2360 [3:04:43<30:24,  5.41s/it]
 86%|████████▌ | 2024/2360 [3:04:48<30:03,  5.37s/it]
 86%|████████▌ | 2025/2360 [3:04:53<30:09,  5.40s/it]
 86%|████████▌ | 2026/2360 [3:04:59<29:54,  5.37s/it]
 86%|████████▌ | 2027/2360 [3:05:04<29:54,  5.39s/it]
 86%|████████▌ | 2028/2360 [3:05:09<29:37,  5.35s/it]
 86%|████████▌ | 2029/2360 [3:05:15<29:38,  5.37s/it]
 86%|████████▌ | 2030/2360 [3:05:20<29:39,  5.39s/it]
 86%|████████▌ | 2031/2360 [3:05:26<29:26,  5.37s/it]
 86%|████████▌ | 2032/2360 [3:05:31<29:27,  5.39s/it]
 86%|████████▌ | 2033/2360 [3:05:36<29:19,  5.38s/it]
 86%|████████▌ | 2034/2360 [3:05:42<29:13,  5.38s/it]
 86%|████████▌ | 2035/2360 [3:05:47<29:14,  5.40s/it]
 86%|████████▋ | 2036/2360 [3:05:52<28:59,  5.37s/it]
 86%|████████▋ | 2037/2360 [3:05:58<29:00,  5.39s/it]
 86%|████████▋ | 2038/2360 [3:06:03<28:59,  5.40s/it]
 86%|████████▋ | 2039/2360 [3:06:09<28:45,  5.38s/it]
 86%|████████▋ | 2040/2360 [3:06:14<28:50,  5.41s/it]
 86%|████████▋ | 2041/2360 [3:06:19<28:30,  5.36s/it]
 87%|████████▋ | 2042/2360 [3:06:25<28:36,  5.40s/it]
 87%|████████▋ | 2043/2360 [3:06:30<28:29,  5.39s/it]
 87%|████████▋ | 2044/2360 [3:06:36<28:21,  5.38s/it]
 87%|████████▋ | 2045/2360 [3:06:41<28:15,  5.38s/it]
 87%|████████▋ | 2046/2360 [3:06:46<28:08,  5.38s/it]
 87%|████████▋ | 2047/2360 [3:06:52<28:07,  5.39s/it]
 87%|████████▋ | 2048/2360 [3:06:57<27:54,  5.37s/it]
 87%|████████▋ | 2049/2360 [3:07:02<27:50,  5.37s/it]
 87%|████████▋ | 2050/2360 [3:07:08<27:55,  5.40s/it]
 87%|████████▋ | 2051/2360 [3:07:13<27:36,  5.36s/it]
 87%|████████▋ | 2052/2360 [3:07:19<27:37,  5.38s/it]
 87%|████████▋ | 2053/2360 [3:07:24<27:25,  5.36s/it]
 87%|████████▋ | 2054/2360 [3:07:29<27:30,  5.39s/it]
 87%|████████▋ | 2055/2360 [3:07:35<27:23,  5.39s/it]
 87%|████████▋ | 2056/2360 [3:07:40<27:10,  5.36s/it]
 87%|████████▋ | 2057/2360 [3:07:46<27:11,  5.38s/it]
 87%|████████▋ | 2058/2360 [3:07:51<27:14,  5.41s/it]
 87%|████████▋ | 2059/2360 [3:07:56<26:55,  5.37s/it]
 87%|████████▋ | 2060/2360 [3:08:02<26:55,  5.39s/it]
 87%|████████▋ | 2061/2360 [3:08:07<26:43,  5.36s/it]
 87%|████████▋ | 2062/2360 [3:08:12<26:44,  5.38s/it]
 87%|████████▋ | 2063/2360 [3:08:18<26:48,  5.42s/it]
 87%|████████▋ | 2064/2360 [3:08:23<26:29,  5.37s/it]
 88%|████████▊ | 2065/2360 [3:08:29<26:34,  5.40s/it]
 88%|████████▊ | 2066/2360 [3:08:34<26:19,  5.37s/it]
 88%|████████▊ | 2067/2360 [3:08:39<26:20,  5.39s/it]
 88%|████████▊ | 2068/2360 [3:08:45<26:02,  5.35s/it]
 88%|████████▊ | 2069/2360 [3:08:50<26:08,  5.39s/it]
 88%|████████▊ | 2070/2360 [3:08:56<26:02,  5.39s/it]
 88%|████████▊ | 2071/2360 [3:09:01<25:54,  5.38s/it]
 88%|████████▊ | 2072/2360 [3:09:06<25:53,  5.39s/it]
 88%|████████▊ | 2073/2360 [3:09:12<25:40,  5.37s/it]
 88%|████████▊ | 2074/2360 [3:09:17<25:35,  5.37s/it]
 88%|████████▊ | 2075/2360 [3:09:22<25:35,  5.39s/it]
 88%|████████▊ | 2076/2360 [3:09:28<25:28,  5.38s/it]
 88%|████████▊ | 2077/2360 [3:09:33<25:22,  5.38s/it]
 88%|████████▊ | 2078/2360 [3:09:39<25:25,  5.41s/it]
 88%|████████▊ | 2079/2360 [3:09:44<25:11,  5.38s/it]
 88%|████████▊ | 2080/2360 [3:09:49<25:10,  5.40s/it]
 88%|████████▊ | 2081/2360 [3:09:55<24:57,  5.37s/it]
 88%|████████▊ | 2082/2360 [3:10:00<24:53,  5.37s/it]
 88%|████████▊ | 2083/2360 [3:10:06<24:57,  5.40s/it]
 88%|████████▊ | 2084/2360 [3:10:11<24:39,  5.36s/it]
 88%|████████▊ | 2085/2360 [3:10:16<24:40,  5.38s/it]
 88%|████████▊ | 2086/2360 [3:10:22<24:32,  5.38s/it]
 88%|████████▊ | 2087/2360 [3:10:27<24:28,  5.38s/it]
 88%|████████▊ | 2088/2360 [3:10:32<24:21,  5.37s/it]
 89%|████████▊ | 2089/2360 [3:10:38<24:16,  5.38s/it]
 89%|████████▊ | 2090/2360 [3:10:43<24:20,  5.41s/it]
 89%|████████▊ | 2091/2360 [3:10:49<24:02,  5.36s/it]
 89%|████████▊ | 2092/2360 [3:10:54<24:02,  5.38s/it]
 89%|████████▊ | 2093/2360 [3:10:59<23:55,  5.38s/it]
 89%|████████▊ | 2094/2360 [3:11:05<23:53,  5.39s/it]
 89%|████████▉ | 2095/2360 [3:11:10<23:52,  5.40s/it]
 89%|████████▉ | 2096/2360 [3:11:15<23:39,  5.38s/it]
 89%|████████▉ | 2097/2360 [3:11:21<23:34,  5.38s/it]
 89%|████████▉ | 2098/2360 [3:11:26<23:37,  5.41s/it]
 89%|████████▉ | 2099/2360 [3:11:32<23:24,  5.38s/it]
 89%|████████▉ | 2100/2360 [3:11:37<23:23,  5.40s/it]
 89%|████████▉ | 2101/2360 [3:11:42<23:11,  5.37s/it]
 89%|████████▉ | 2102/2360 [3:11:48<23:10,  5.39s/it]
 89%|████████▉ | 2103/2360 [3:11:53<23:04,  5.39s/it]
 89%|████████▉ | 2104/2360 [3:11:59<22:53,  5.37s/it]
 89%|████████▉ | 2105/2360 [3:12:04<22:57,  5.40s/it]
 89%|████████▉ | 2106/2360 [3:12:09<22:41,  5.36s/it]
 89%|████████▉ | 2107/2360 [3:12:15<22:44,  5.39s/it]
 89%|████████▉ | 2108/2360 [3:12:20<22:29,  5.35s/it]
 89%|████████▉ | 2109/2360 [3:12:25<22:32,  5.39s/it]
 89%|████████▉ | 2110/2360 [3:12:31<22:26,  5.39s/it]
 89%|████████▉ | 2111/2360 [3:12:36<22:15,  5.36s/it]
 89%|████████▉ | 2112/2360 [3:12:42<22:15,  5.38s/it]
 90%|████████▉ | 2113/2360 [3:12:47<22:08,  5.38s/it]
 90%|████████▉ | 2114/2360 [3:12:52<22:06,  5.39s/it]
 90%|████████▉ | 2115/2360 [3:12:58<22:00,  5.39s/it]
 90%|████████▉ | 2116/2360 [3:13:03<21:52,  5.38s/it]
 90%|████████▉ | 2117/2360 [3:13:09<21:47,  5.38s/it]
 90%|████████▉ | 2118/2360 [3:13:14<21:46,  5.40s/it]
 90%|████████▉ | 2119/2360 [3:13:19<21:38,  5.39s/it]
 90%|████████▉ | 2120/2360 [3:13:25<21:36,  5.40s/it]
 90%|████████▉ | 2121/2360 [3:13:30(0,)
It 2124, sqrt loss 0.01402, Val sim-RMS 0.03885, Time Loss: 97.7%, data: 0.5%, val: 1.8%,  5.5 sec/batch
<21:20,  5.36s/it]
 90%|████████▉ | 2122/2360 [3:13:35<21:20,  5.38s/it]
 90%|████████▉ | 2123/2360 [3:13:41<21:19,  5.40s/it]
 90%|█████████ | 2124/2360 [3:14:10<49:05, 12.48s/it]
 90%|█████████ | 2125/2360 [3:14:15<40:36, 10.37s/it]
 90%|█████████ | 2126/2360 [3:14:21<34:27,  8.83s/it]
 90%|█████████ | 2127/2360 [3:14:26<30:20,  7.81s/it]
 90%|█████████ | 2128/2360 [3:14:31<27:18,  7.06s/it]
 90%|█████████ | 2129/2360 [3:14:37<25:21,  6.59s/it]
 90%|█████████ | 2130/2360 [3:14:42<23:55,  6.24s/it]
 90%|█████████ | 2131/2360 [3:14:47<22:42,  5.95s/it]
 90%|█████████ | 2132/2360 [3:14:53<22:00,  5.79s/it]
 90%|█████████ | 2133/2360 [3:14:58<21:26,  5.67s/it]
 90%|█████████ | 2134/2360 [3:15:04<21:00,  5.58s/it]
 90%|█████████ | 2135/2360 [3:15:09<20:45,  5.53s/it]
 91%|█████████ | 2136/2360 [3:15:14<20:27,  5.48s/it]
 91%|█████████ | 2137/2360 [3:15:20<20:18,  5.46s/it]
 91%|█████████ | 2138/2360 [3:15:25<20:07,  5.44s/it]
 91%|█████████ | 2139/2360 [3:15:31<19:56,  5.42s/it]
 91%|█████████ | 2140/2360 [3:15:36<19:49,  5.41s/it]
 91%|█████████ | 2141/2360 [3:15:41<19:37,  5.38s/it]
 91%|█████████ | 2142/2360 [3:15:47<19:38,  5.41s/it]
 91%|█████████ | 2143/2360 [3:15:52<19:35,  5.42s/it]
 91%|█████████ | 2144/2360 [3:15:57<19:20,  5.37s/it]
 91%|█████████ | 2145/2360 [3:16:03<19:22,  5.40s/it]
 91%|█████████ | 2146/2360 [3:16:08<19:10,  5.38s/it]
 91%|█████████ | 2147/2360 [3:16:14<19:08,  5.39s/it]
 91%|█████████ | 2148/2360 [3:16:19<18:58,  5.37s/it]
 91%|█████████ | 2149/2360 [3:16:24<18:57,  5.39s/it]
 91%|█████████ | 2150/2360 [3:16:30<18:54,  5.40s/it]
 91%|█████████ | 2151/2360 [3:16:35<18:43,  5.38s/it]
 91%|█████████ | 2152/2360 [3:16:41<18:41,  5.39s/it]
 91%|█████████ | 2153/2360 [3:16:46<18:30,  5.37s/it]
 91%|█████████▏| 2154/2360 [3:16:51<18:29,  5.39s/it]
 91%|█████████▏| 2155/2360 [3:16:57<18:23,  5.39s/it]
 91%|█████████▏| 2156/2360 [3:17:02<18:14,  5.36s/it]
 91%|█████████▏| 2157/2360 [3:17:08<18:15,  5.40s/it]
 91%|█████████▏| 2158/2360 [3:17:13<18:12,  5.41s/it]
 91%|█████████▏| 2159/2360 [3:17:18<17:58,  5.36s/it]
 92%|█████████▏| 2160/2360 [3:17:24<17:59,  5.40s/it]
 92%|█████████▏| 2161/2360 [3:17:29<17:48,  5.37s/it]
 92%|█████████▏| 2162/2360 [3:17:34<17:43,  5.37s/it]
 92%|█████████▏| 2163/2360 [3:17:40<17:42,  5.39s/it]
 92%|█████████▏| 2164/2360 [3:17:45<17:31,  5.37s/it]
 92%|█████████▏| 2165/2360 [3:17:51<17:33,  5.40s/it]
 92%|█████████▏| 2166/2360 [3:17:56<17:22,  5.37s/it]
 92%|█████████▏| 2167/2360 [3:18:01<17:20,  5.39s/it]
 92%|█████████▏| 2168/2360 [3:18:07<17:07,  5.35s/it]
 92%|█████████▏| 2169/2360 [3:18:12<17:09,  5.39s/it]
 92%|█████████▏| 2170/2360 [3:18:18<17:03,  5.39s/it]
 92%|█████████▏| 2171/2360 [3:18:23<16:56,  5.38s/it]
 92%|█████████▏| 2172/2360 [3:18:28<16:51,  5.38s/it]
 92%|█████████▏| 2173/2360 [3:18:34<16:42,  5.36s/it]
 92%|█████████▏| 2174/2360 [3:18:39<16:43,  5.39s/it]
 92%|█████████▏| 2175/2360 [3:18:44<16:39,  5.41s/it]
 92%|█████████▏| 2176/2360 [3:18:50<16:26,  5.36s/it]
 92%|█████████▏| 2177/2360 [3:18:55<16:27,  5.40s/it]
 92%|█████████▏| 2178/2360 [3:19:01<16:21,  5.39s/it]
 92%|█████████▏| 2179/2360 [3:19:06<16:14,  5.38s/it]
 92%|█████████▏| 2180/2360 [3:19:11<16:09,  5.38s/it]
 92%|█████████▏| 2181/2360 [3:19:17<15:59,  5.36s/it]
 92%|█████████▏| 2182/2360 [3:19:22<16:00,  5.40s/it]
 92%|█████████▎| 2183/2360 [3:19:28<15:54,  5.39s/it]
 93%|█████████▎| 2184/2360 [3:19:33<15:44,  5.37s/it]
 93%|█████████▎| 2185/2360 [3:19:38<15:42,  5.39s/it]
 93%|█████████▎| 2186/2360 [3:19:44<15:35,  5.38s/it]
 93%|█████████▎| 2187/2360 [3:19:49<15:33,  5.40s/it]
 93%|█████████▎| 2188/2360 [3:19:54<15:23,  5.37s/it]
 93%|█████████▎| 2189/2360 [3:20:00<15:21,  5.39s/it]
 93%|█████████▎| 2190/2360 [3:20:05<15:15,  5.39s/it]
 93%|█████████▎| 2191/2360 [3:20:11<15:09,  5.38s/it]
 93%|█████████▎| 2192/2360 [3:20:16<15:06,  5.39s/it]
 93%|█████████▎| 2193/2360 [3:20:21<14:53,  5.35s/it]
 93%|█████████▎| 2194/2360 [3:20:27<14:54,  5.39s/it]
 93%|█████████▎| 2195/2360 [3:20:32<14:48,  5.38s/it]
 93%|█████████▎| 2196/2360 [3:20:37<14:39,  5.36s/it]
 93%|█████████▎| 2197/2360 [3:20:43<14:39,  5.40s/it]
 93%|█████████▎| 2198/2360 [3:20:48<14:33,  5.39s/it]
 93%|█████████▎| 2199/2360 [3:20:54<14:24,  5.37s/it]
 93%|█████████▎| 2200/2360 [3:20:59<14:21,  5.39s/it]
 93%|█████████▎| 2201/2360 [3:21:04<14:12,  5.36s/it]
 93%|█████████▎| 2202/2360 [3:21:10<14:12,  5.40s/it]
 93%|█████████▎| 2203/2360 [3:21:15<14:09,  5.41s/it]
 93%|█████████▎| 2204/2360 [3:21:21<13:59,  5.38s/it]
 93%|█████████▎| 2205/2360 [3:21:26<13:54,  5.38s/it]
 93%|█████████▎| 2206/2360 [3:21:31<13:47,  5.38s/it]
 94%|█████████▎| 2207/2360 [3:21:37<13:43,  5.38s/it]
 94%|█████████▎| 2208/2360 [3:21:42<13:34,  5.36s/it]
 94%|█████████▎| 2209/2360 [3:21:47<13:32,  5.38s/it]
 94%|█████████▎| 2210/2360 [3:21:53<13:31,  5.41s/it]
 94%|█████████▎| 2211/2360 [3:21:58<13:19,  5.36s/it]
 94%|█████████▎| 2212/2360 [3:22:04<13:16,  5.38s/it]
 94%|█████████▍| 2213/2360 [3:22:09<13:10,  5.38s/it]
 94%|█████████▍| 2214/2360 [3:22:14<13:06,  5.39s/it]
 94%|█████████▍| 2215/2360 [3:22:20<13:03,  5.40s/it]
 94%|█████████▍| 2216/2360 [3:22:25<12:51,  5.36s/it]
 94%|█████████▍| 2217/2360 [3:22:30<12:49,  5.38s/it]
 94%|█████████▍| 2218/2360 [3:22:36<12:48,  5.41s/it]
 94%|█████████▍| 2219/2360 [3:22:41<12:38,  5.38s/it]
 94%|█████████▍| 2220/2360 [3:22:47<12:35,  5.40s/it]
 94%|█████████▍| 2221/2360 [3:22:52<12:26,  5.37s/it]
 94%|█████████▍| 2222/2360 [3:22:57<12:23,  5.39s/it]
 94%|█████████▍| 2223/2360 [3:23:03<12:17,  5.39s/it]
 94%|█████████▍| 2224/2360 [3:23:08<12:11,  5.38s/it]
 94%|█████████▍| 2225/2360 [3:23:14<12:06,  5.38s/it]
 94%|█████████▍| 2226/2360 [3:23:19<12:00,  5.37s/it]
 94%|█████████▍| 2227/2360 [3:23:24<11:55,  5.38s/it]
 94%|█████████▍| 2228/2360 [3:23:30<11:49,  5.37s/it]
 94%|█████████▍| 2229/2360 [3:23:35<11:44,  5.37s/it]
 94%|█████████▍| 2230/2360 [3:23:40<11:41,  5.39s/it]
 95%|█████████▍| 2231/2360 [3:23:46<11:32,  5.37s/it]
 95%|█████████▍| 2232/2360 [3:23:51<11:29,  5.39s/it]
 95%|█████████▍| 2233/2360 [3:23:57<11:21,  5.37s/it]
 95%|█████████▍| 2234/2360 [3:24:02<11:20,  5.40s/it]
 95%|█████████▍| 2235/2360 [3:24:07<11:16,  5.41s/it]
 95%|█████████▍| 2236/2360 [3:24:13<11:07,  5.38s/it]
 95%|█████████▍| 2237/2360 [3:24:18<11:01,  5.38s/it]
 95%|█████████▍| 2238/2360 [3:24:24<11:00,  5.41s/it]
 95%|█████████▍| 2239/2360 [3:24:29<10:49,  5.37s/it]
 95%|█████████▍| 2240/2360 [3:24:34<10:46,  5.39s/it]
 95%|█████████▍| 2241/2360 [3:24:40<10:38,  5.36s/it]
 95%|█████████▌| 2242/2360 [3:24:45<10:35,  5.39s/it]
 95%|█████████▌| 2243/2360 [3:24:50<10:32,  5.40s/it]
 95%|█████████▌| 2244/2360 [3:24:56<10:23,  5.37s/it]
 95%|█████████▌| 2245/2360 [3:25:01<10:21,  5.41s/it]
 95%|█████████▌| 2246/2360 [3:25:07<10:11,  5.36s/it]
 95%|█████████▌| 2247/2360 [3:25:12<10:09,  5.40s/it]
 95%|█████████▌| 2248/2360 [3:25:17<09:59,  5.36s/it]
 95%|█████████▌| 2249/2360 [3:25:23<09:56,  5.38s/it]
 95%|█████████▌| 2250/2360 [3:25:28<09:54,  5.41s/it]
 95%|█████████▌| 2251/2360 [3:25:33<09:46,  5.38s/it]
 95%|█████████▌| 2252/2360 [3:25:39<09:40,  5.38s/it]
 95%|█████████▌| 2253/2360 [3:25:44<09:34,  5.37s/it]
 96%|█████████▌| 2254/2360 [3:25:50<09:31,  5.39s/it]
 96%|█████████▌| 2255/2360 [3:25:55<09:27,  5.40s/it]
 96%|█████████▌| 2256/2360 [3:26:00<09:17,  5.36s/it]
 96%|█████████▌| 2257/2360 [3:26:06<09:13,  5.38s/it]
 96%|█████████▌| 2258/2360 [3:26:11<09:10,  5.39s/it]
 96%|█████████▌| 2259/2360 [3:26:17<09:02,  5.37s/it]
 96%|█████████▌| 2260/2360 [3:26:22<08:58,  5.39s/it]
 96%|█████████▌| 2261/2360 [3:26:27<08:52,  5.38s/it]
 96%|█████████▌| 2262/2360 [3:26:33<08:47,  5.38s/it]
 96%|█████████▌| 2263/2360 [3:26:38<08:45,  5.41s/it]
 96%|█████████▌| 2264/2360 [3:26:43<08:36,  5.38s/it]
 96%|█████████▌| 2265/2360 [3:26:49<08:31,  5.38s/it]
 96%|█████████▌| 2266/2360 [3:26:54<08:25,  5.38s/it]
 96%|█████████▌| 2267/2360 [3:27:00<08:21,  5.39s/it]
 96%|█████████▌| 2268/2360 [3:27:05<08:12,  5.35s/it]
 96%|█████████▌| 2269/2360 [3:27:10<08:10,  5.39s/it]
 96%|█████████▌| 2270/2360 [3:27:16<08:05,  5.39s/it]
 96%|█████████▌| 2271/2360 [3:27:21<07:58,  5.38s/it]
 96%|█████████▋| 2272/2360 [3:27:27<07:53,  5.38s/it]
 96%|█████████▋| 2273/2360 [3:27:32<07:46,  5.36s/it]
 96%|█████████▋| 2274/2360 [3:27:37<07:42,  5.38s/it]
 96%|█████████▋| 2275/2360 [3:27:43<07:40,  5.41s/it]
 96%|█████████▋| 2276/2360 [3:27:48<07:30,  5.37s/it]
 96%|█████████▋| 2277/2360 [3:27:53<07:27,  5.39s/it]
 97%|█████████▋| 2278/2360 [3:27:59<07:23,  5.40s/it]
 97%|█████████▋| 2279/2360 [3:28:04<07:16,  5.39s/it]
 97%|█████████▋| 2280/2360 [3:28:10<07:12,  5.40s/it]
 97%|█████████▋| 2281/2360 [3:28:15<07:03,  5.36s/it]
 97%|█████████▋| 2282/2360 [3:28:20<06:59,  5.38s/it]
 97%|█████████▋| 2283/2360 [3:28:26<06:55,  5.40s/it]
 97%|█████████▋| 2284/2360 [3:28:31<06:49,  5.39s/it]
 97%|█████████▋| 2285/2360 [3:28:37<06:45,  5.40s/it]
 97%|█████████▋| 2286/2360 [3:28:42<06:36,  5.36s/it]
 97%|█████████▋| 2287/2360 [3:28:47<06:32,  5.38s/it]
 97%|█████████▋| 2288/2360 [3:28:53<06:25,  5.36s/it]
 97%|█████████▋| 2289/2360 [3:28:58<06:22,  5.39s/it]
 97%|█████████▋| 2290/2360 [3:29:04<06:18,  5.41s/it]
 97%|█████████▋| 2291/2360 [3:29:09<06:11,  5.38s/it]
 97%|█████████▋| 2292/2360 [3:29:14<06:05,  5.38s/it]
 97%|█████████▋| 2293/2360 [3:29:20<05:58,  5.36s/it]
 97%|█████████▋| 2294/2360 [3:29:25<05:55,  5.39s/it]
 97%|█████████▋| 2295/2360 [3:29:30<05:50,  5.39s/it]
 97%|█████████▋| 2296/2360 [3:29:36<05:43,  5.37s/it]
 97%|█████████▋| 2297/2360 [3:29:41<05:39,  5.39s/it]
 97%|█████████▋| 2298/2360 [3:29:47<05:35,  5.42s/it]
 97%|█████████▋| 2299/2360 [3:29:52<05:27,  5.37s/it]
 97%|█████████▋| 2300/2360 [3:29:57<05:24,  5.41s/it]
 98%|█████████▊| 2301/2360 [3:30:03<05:16,  5.36s/it]
 98%|█████████▊| 2302/2360 [3:30:08<05:12,  5.38s/it]
 98%|█████████▊| 2303/2360 [3:30:13<05:07,  5.40s/it]
 98%|█████████▊| 2304/2360 [3:30:19<05:01,  5.39s/it]
 98%|█████████▊| 2305/2360 [3:30:24<04:56,  5.39s/it]
 98%|█████████▊| 2306/2360 [3:30:30<04:50,  5.38s/it]
 98%|█████████▊| 2307/2360 [3:30:35<04:45,  5.38s/it]
 98%|█████████▊| 2308/2360 [3:30:40<04:38,  5.36s/it]
 98%|█████████▊| 2309/2360 [3:30:46<04:34,  5.38s/it]
 98%|█████████▊| 2310/2360 [3:30:51<04:29,  5.40s/it]
 98%|█████████▊| 2311/2360 [3:30:57<04:23,  5.38s/it]
 98%|█████████▊| 2312/2360 [3:31:02<04:18,  5.38s/it]
 98%|█████████▊| 2313/2360 [3:31:07<04:11,  5.36s/it]
 98%|█████████▊| 2314/2360 [3:31:13<04:07,  5.38s/it]
 98%|█████████▊| 2315/2360 [3:31:18<04:03,  5.41s/it]
 98%|█████████▊| 2316/2360 [3:31:23<03:56,  5.37s/it]
 98%|█████████▊| 2317/2360 [3:31:29<03:52,  5.40s/it]
 98%|█████████▊| 2318/2360 [3:31:34<03:47,  5.41s/it]
 98%|█████████▊| 2319/2360 [3:31:40<03:39,  5.37s/it]
 98%|█████████▊| 2320/2360 [3:31:45<03:36,  5.40s/it]
 98%|█████████▊| 2321/2360 [3:31:50<03:29,  5.36s/it]
 98%|█████████▊| 2322/2360 [3:31:56<03:25,  5.40s/it]
 98%|█████████▊| 2323/2360 [3:32:01<03:20,  5.41s/it]
 98%|█████████▊| 2324/2360 [3:32:07<03:13,  5.38s/it]
 99%|█████████▊| 2325/2360 [3:32:12<03:08,  5.39s/it]
 99%|█████████▊| 2326/2360 [3:32:17<03:02,  5.37s/it]
 99%|█████████▊| 2327/2360 [3:32:23<02:57,  5.37s/it]
 99%|█████████▊| 2328/2360 [3:32:28<02:51,  5.36s/it]
 99%|█████████▊| 2329/2360 [3:32:33<02:46,  5.38s/it]
 99%|█████████▊| 2330/2360 [3:32:39<02:42,  5.41s/it]
 99%|█████████▉| 2331/2360 [3:32:44<02:35,  5.36s/it]
 99%|█████████▉| 2332/2360 [3:32:50<02:30,  5.38s/it]
 99%|█████████▉| 2333/2360 [3:32:55<02:24,  5.36s/it]
 99%|█████████▉| 2334/2360 [3:33:00<02:19,  5.38s/it]
 99%|█████████▉| 2335/2360 [3:33:06<02:14,  5.40s/it]
 99%|█████████▉| 2336/2360 [3:33:11<02:09,  5.39s/it]
 99%|█████████▉| 2337/2360 [3:33:16<02:03,  5.38s/it]
 99%|█████████▉| 2338/2360 [3:33:22<01:58,  5.40s/it]
 99%|█████████▉| 2339/2360 [3:33:27<01:52,  5.37s/it]
 99%|█████████▉| 2340/2360 [3:33:33<01:48,  5.40s/it]
 99%|█████████▉| 2341/2360 [3:33:38<01:42,  5.38s/it]
 99%|█████████▉| 2342/2360 [3:33:43<01:36,  5.38s/it]
 99%|█████████▉| 2343/2360 [3:33:49<01:31,  5.39s/it]
 99%|█████████▉| 2344/2360 [3:33:54<01:25,  5.37s/it]
 99%|█████████▉| 2345/2360 [3:34:00<01:21,  5.41s/it]
 99%|█████████▉| 2346/2360 [3:34:05<01:15,  5.36s/it]
 99%|█████████▉| 2347/2360 [3:34:10<01:10,  5.40s/it]
 99%|█████████▉| 2348/2360 [3:34:16<01:04,  5.36s/it]
100%|█████████▉| 2349/2360 [3:34:21<00:59,  5.39s/it]
100%|█████████▉| 2350/2360 [3:34:26<00:53,  5.39s/it]
100%|█████████▉| 2351/2360 [3:34:32<00:48,  5.38s/it]
100%|█████████▉| 2352/2360 [3:34:37<00:43,  5.38s/it]
100%|█████████▉| 2353/2360 [3:34:43<00:37,  5.38s/it]
100%|█████████▉| 2354/2360 [3:34:48<00:32,  5.39s/it]
100%|█████████▉| 2355/2360 [3:34:53<00:26,  5.39s/it]
100%|█████████▉| 2356/2360 [3:34:59<00:21,  5.38s/it]
100%|█████████▉| 2357/2360 [3:35:04<00:16, (0,)
It 2360, sqrt loss 0.01295, Val sim-RMS 0.1143, Time Loss: 97.7%, data: 0.5%, val: 1.8%,  5.5 sec/batch
 5.39s/it]
100%|█████████▉| 2358/2360 [3:35:10<00:10,  5.41s/it]
100%|█████████▉| 2359/2360 [3:35:15<00:05,  5.36s/it]
100%|██████████| 2360/2360 [3:35:44<00:00, 12.56s/it]
100%|██████████| 2360/2360 [3:35:44<00:00,  5.49s/it]
/dataB1/dirk_van_den_berg/conda-envs/GraduationProject/lib/python3.11/site-packages/deepSI/fit_systems/fit_system.py:501: FutureWarning: You are using `torch.load` with `weights_only=False` (the current default value), which uses the default pickle module implicitly. It is possible to construct malicious pickle data which will execute arbitrary code during unpickling (See https://github.com/pytorch/pytorch/blob/main/SECURITY.md#untrusted-models for more details). In a future release, the default value for `weights_only` will be flipped to `True`. This limits the functions that could be executed during unpickling. Arbitrary objects will no longer be allowed to be loaded via this mode unless they are explicitly allowlisted by the user via `torch.serialization.add_safe_globals`. We recommend you start setting `weights_only=True` for any use case where you don't have full control of the loaded file. Please open an issue on GitHub for any issues related to this experimental feature.
  self.__dict__ = torch.load(file)
Loaded model with best known validation sim-RMS of 0.002114 which happened on epoch 0 (epoch_id=0.00)
  [epoch    0]  bestfit=0.00211  R2_linmap: delta_a=+0.1768  vdelta_a=+0.0662

Training complete. Best validation sim-RMS: 0.002114
Saved model: /dataB1/dirk_van_den_berg/repos/LPV-LFR-Baseline-Augmentation/scripts/gantry/../../simulations/gantry_subnet/multisine_linear_map/gantry_67921

=== Sim-NRMS comparison: augmented model vs baseline FP ===
  X1:  augmented=0.0432  baseline_FP=0.0034  improvement=-1156.9%
  X2:  augmented=0.0402  baseline_FP=0.0031  improvement=-1185.1%
  Y :  augmented=0.0017  baseline_FP=0.0037  improvement=+53.5%

=== ANN latent state RMS ===
  x[6]: enc=0.0000e+00
  x[7]: enc=0.0000e+00

=== x_logical-initialised simulation skipped (no state data) ===
Saved results: gantry_results_67921.npz

=== State recovery diagnostic (D-053) ===
  2658 windows (stride 3), na=nb=25, encoder=default
  channel   R2_raw      R2_linmap   R2_raw_lag1
  q1         +1.0000     +1.0000     +1.0000
  q2         +0.9878     +0.9928     +0.9715
  q3         +1.0000     +1.0000     +1.0000
  dq1        +0.9999     +0.9999     +0.9998
  dq2        +0.9553     +0.9747     +0.9496
  dq3        +0.9987     +0.9989     +0.9989
  R2_linmap ~ 1 & R2_raw low -> basis rotation;
  R2_linmap low              -> information absent from encoder state;
  R2_raw_lag1 > R2_raw       -> encoder aligned to k-1 (one-sample lag)

=== Augmented state R2 vs saved GT (delta_a/vdelta_a from mat file) ===
  state             R2_raw   R2_linmap  note
  delta_a       -3.7487     +0.1768  (mat file)
  vdelta_a      -2.7653     +0.0662  (FD estimate)
  R2_linmap ~ 1 -> augmented state captured MSD dynamics
  R2_linmap ~ 0 -> augmented state did not learn delta_a
Saved state recovery diagnostic: gantry_state_recovery_67921.npz

=== Gradient norms (single batch, post-training) ===
  encoder             : 7.4935e-03
  hfn                 : 5.6215e-02
