job_id=69399
node_list=blade4
cpus_per_task=4
cuda_visible_devices=<unset>
Wed Jul  8 07:36:12 PM CEST 2026
=== CPU info ===
CPU(s):                                  64
On-line CPU(s) list:                     0-63
Model name:                              AMD EPYC 7742 64-Core Processor
Thread(s) per core:                      1
Core(s) per socket:                      64
Socket(s):                               1
NUMA node0 CPU(s):                       0-63
=== gantry_optuna CPU ===
Gym has been unmaintained since 2022 and does not support NumPy 2.0 amongst other critical functionality.
Please upgrade to Gymnasium, the maintained drop-in replacement of Gym, or contact the authors of your software and request that they upgrade.
Users of this version of Gym should be able to simply replace 'import gym' with 'import gymnasium as gym' in the vast majority of cases.
See the migration guide at https://gymnasium.farama.org/introduction/migration_guide/ for additional information.
Data dir (augmentation): /dataB1/dirk_van_den_berg/repos/LPV-LFR-Baseline-Augmentation/data/gantry/matlab/trajectory/augmentation
Loaded val augmented GT: x_logical=(48000, 6)  delta_a std=2.186e-05 m  vdelta_a std=2.160e-02 m/s
Loaded 14 train, 4 val, 4 test trajectories
  T1: 48000 samples  (T1_standstill_Ym30.mat)
  T2: 48000 samples  (T2_standstill_Ym15.mat)
  T3: 48000 samples  (T3_standstill_Y000.mat)
  T4: 48000 samples  (T4_standstill_Yp15.mat)
  T5: 48000 samples  (T5_standstill_Yp30.mat)
  T6: 48000 samples  (T6_ysweep_slow.mat)
  T7: 48000 samples  (T7_ysweep_fast.mat)
  T8: 48000 samples  (T8_ysweep_xmix.mat)
  T9: 48000 samples  (T9_aprbs_30.mat)
  T10: 48000 samples  (T10_aprbs_60.mat)
  T11: 48000 samples  (T11_aprbs_100.mat)
  T12: 48000 samples  (T12_aprbs_yaw.mat)
  T13: 48000 samples  (T13_lissajous.mat)
  T14: 48000 samples  (T14_lissajous_yaw.mat)
Search validation: 8000 samples (cropped from 192000 over 4 files)
[I 2026-07-08 19:36:26,499] A new study created in RDB with name: gantry_lr_nf_search

Optuna lr+nf search 'gantry_lr_nf_search' — 30 trials, lr in [1e-08,1e-05], nf in [200,1600] step 200, stride=100


======================================================================
Trial 0:  lr=1.329e-07  nf=1600  (routing=(0, 1, 2, 3, 4, 5, 6, 7), stride=100)
======================================================================
WARNING: baseline_states.npz not found, using finite-diff states for normalization
Model already initilized (init_model_done=True), skipping initilizing of the model, the norm and the creation of the optimizer
Size of the training array =  240.6 MB
N_training_samples = 6496, batch_size = 256, N_batch_updates_per_epoch = 25
    [nf-probe] train nf-RMS=1.6674e-04   val nf-RMS=1.2572e-04 [m]  (@nf=1600)
(0,)
Initial Validation sim-RMS= 8.014968e-05

  0%|          | 0/125 [00:00<?, ?it/s]
  1%|          | 1/125 [00:22<46:33, 22.53s/it]
  2%|▏         | 2/125 [00:44<45:53, 22.38s/it]
  2%|▏         | 3/125 [01:07<45:23, 22.33s/it]
  3%|▎         | 4/125 [01:29<44:59, 22.31s/it]
  4%|▍         | 5/125 [01:51<44:45, 22.38s/it]
  5%|▍         | 6/125 [02:13<44:09, 22.27s/it]
  6%|▌         | 7/125 [02:36<43:46, 22.26s/it]
  6%|▋         | 8/125 [02:58<43:25, 22.27s/it]
  7%|▋         | 9/125 [03:20<43:11, 22.34s/it]
  8%|▊         | 10/125 [03:43<42:39, 22.26s/it]
  9%|▉         | 11/125 [04:05<42:17, 22.26s/it]
 10%|▉         | 12/125 [04:27<41:50, 22.22s/it]
 10%|█         | 13/125 [04:49<41:31, 22.24s/it]
 11%|█         | 14/125 [05:12<41:18, 22.33s/it]
 12%|█▏        | 15/125 [05:34<40:53, 22.30s/it]
 13%|█▎        | 16/125 [05:56<40:18, 22.19s/it]
 14%|█▎        | 17/125 [06:18<40:00, 22.23s/it]
 14%|█▍        | 18/125 [06:40<39:40, 22.25s/it]
 15%|█▌        | 19/125 [07:03<39:20, 22.27s/it]
 16%|█▌        [nf-probe] train nf-RMS=1.6803e-04   val nf-RMS=1.2284e-04 [m]  (@nf=1600)
(0,)
It   25, sqrt loss 0.002589, Val sim-RMS 0.0003016, Time Loss: 93.5%, data: 0.7%, val: 5.8%, 23.6 sec/batch
    | 20/125 [07:25<38:53, 22.22s/it]
 17%|█▋        | 21/125 [07:47<38:33, 22.25s/it]
 18%|█▊        | 22/125 [08:10<38:14, 22.28s/it]
 18%|█▊        | 23/125 [08:32<37:47, 22.23s/it]
 19%|█▉        | 24/125 [08:54<37:26, 22.25s/it]
 20%|██        | 25/125 [09:50<54:06, 32.47s/it]
 21%|██        | 26/125 [10:12<48:21, 29.31s/it]
 22%|██▏       | 27/125 [10:35<44:24, 27.19s/it]
 22%|██▏       | 28/125 [10:57<41:33, 25.71s/it]
 23%|██▎       | 29/125 [11:19<39:29, 24.69s/it]
 24%|██▍       | 30/125 [11:41<37:52, 23.92s/it]
 25%|██▍       | 31/125 [12:03<36:42, 23.43s/it]
 26%|██▌       | 32/125 [12:26<35:47, 23.09s/it]
 26%|██▋       | 33/125 [12:48<35:09, 22.93s/it]
 27%|██▋       | 34/125 [13:10<34:19, 22.63s/it]
 28%|██▊       | 35/125 [13:33<33:48, 22.54s/it]
 29%|██▉       | 36/125 [13:55<33:19, 22.47s/it]
 30%|██▉       | 37/125 [14:17<32:47, 22.36s/it]
 30%|███       | 38/125 [14:40<32:28, 22.40s/it]
 31%|█    [nf-probe] train nf-RMS=1.6653e-04   val nf-RMS=1.1996e-04 [m]  (@nf=1600)
(0,)
It   50, sqrt loss 0.002552, Val sim-RMS 0.0004972, Time Loss: 93.5%, data: 0.8%, val: 5.8%, 23.6 sec/batch
██       | 39/125 [15:02<31:58, 22.31s/it]
 32%|███▏      | 40/125 [15:24<31:32, 22.26s/it]
 33%|███▎      | 41/125 [15:46<31:09, 22.26s/it]
 34%|███▎      | 42/125 [16:08<30:48, 22.28s/it]
 34%|███▍      | 43/125 [16:31<30:27, 22.29s/it]
 35%|███▌      | 44/125 [16:53<30:01, 22.24s/it]
 36%|███▌      | 45/125 [17:15<29:40, 22.25s/it]
 37%|███▋      | 46/125 [17:37<29:19, 22.27s/it]
 38%|███▊      | 47/125 [18:00<28:58, 22.29s/it]
 38%|███▊      | 48/125 [18:22<28:32, 22.25s/it]
 39%|███▉      | 49/125 [18:44<28:10, 22.24s/it]
 40%|████      | 50/125 [19:40<40:34, 32.46s/it]
 41%|████      | 51/125 [20:02<36:08, 29.30s/it]
 42%|████▏     | 52/125 [20:25<33:10, 27.26s/it]
 42%|████▏     | 53/125 [20:47<30:50, 25.70s/it]
 43%|████▎     | 54/125 [21:09<29:12, 24.68s/it]
 44%|████▍     | 55/125 [21:31<27:55, 23.93s/it]
 45%|████▍     | 56/125 [21:54<26:59, 23.46s/it]
 46%|████▌     | 57/125 [22:16<26:16, 23.18s/it]
 46%|████▋     | 58/125 [22:38<25:27, 22.80s/it]
 47%|████▋     | 59/125 [23:00<24:55, 22.66s/it]
 48%|████▊     | 60/125 [23:23<24:30, 22.62s/it]
 49%|████▉     | 61/125 [23:45<23:58, 22.47s/it]
 50%|████▉     | 62/125 [24:07<23:28, 22.35s/it]
 50%|█████     | 63/125 [24:29<23:04, 22.33s/it]
 51%|█████     | 64/125 [24:52<22:41, 22.32s/it]
 52%|█████▏    | 65/125 [25:14<22:16, 22.27s/it]
 53%|█████▎    | 66/125 [25:36<21:57, 22.33s/it]
 54%|█████▎    | 67/125 [25:58<21:29, 22.24s/it]
 54%|█████▍    | 68/125 [26:21<21:09, 22.26s/it]
 55%|█████▌    | 69/125 [26:43<20:44, 22.23s/it]
 56%|█████▌    | 70/125 [27:05<20:23, 22.25s/it]
 57%|█████▋    | 71/125 [27:28<20:05, 22.33s/it]
 58%|█████▊    | 72/125 [27:50<19:36, 22.21s/it]
 58%|█████▊    | 73/125 [28:12<19:19, 22.30s/it]
     [nf-probe] train nf-RMS=1.6824e-04   val nf-RMS=1.2320e-04 [m]  (@nf=1600)
(0,)
It   75, sqrt loss 0.002539, Val sim-RMS 0.0003602, Time Loss: 93.5%, data: 0.7%, val: 5.8%, 23.6 sec/batch
59%|█████▉    | 74/125 [28:34<18:53, 22.22s/it]
 60%|██████    | 75/125 [29:30<26:59, 32.39s/it]
 61%|██████    | 76/125 [29:52<23:54, 29.28s/it]
 62%|██████▏   | 77/125 [30:15<21:44, 27.19s/it]
 62%|██████▏   | 78/125 [30:37<20:09, 25.73s/it]
 63%|██████▎   | 79/125 [30:59<18:56, 24.70s/it]
 64%|██████▍   | 80/125 [31:22<18:00, 24.01s/it]
 65%|██████▍   | 81/125 [31:44<17:11, 23.44s/it]
 66%|██████▌   | 82/125 [32:06<16:31, 23.05s/it]
 66%|██████▋   | 83/125 [32:28<16:01, 22.88s/it]
 67%|██████▋   | 84/125 [32:51<15:30, 22.69s/it]
 68%|██████▊   | 85/125 [33:13<15:00, 22.52s/it]
 69%|██████▉   | 86/125 [33:35<14:36, 22.47s/it]
 70%|██████▉   | 87/125 [33:58<14:14, 22.48s/it]
 70%|███████   | 88/125 [34:20<13:50, 22.44s/it]
 71%|███████   | 89/125 [34:42<13:24, 22.35s/it]
 72%|██████    [nf-probe] train nf-RMS=1.7252e-04   val nf-RMS=1.2378e-04 [m]  (@nf=1600)
(0,)
It  100, sqrt loss 0.002529, Val sim-RMS 0.0003105, Time Loss: 93.6%, data: 0.7%, val: 5.8%, 23.6 sec/batch
█▏  | 90/125 [35:04<12:59, 22.27s/it]
 73%|███████▎  | 91/125 [35:27<12:39, 22.35s/it]
 74%|███████▎  | 92/125 [35:49<12:17, 22.34s/it]
 74%|███████▍  | 93/125 [36:11<11:53, 22.28s/it]
 75%|███████▌  | 94/125 [36:33<11:28, 22.22s/it]
 76%|███████▌  | 95/125 [36:55<11:06, 22.23s/it]
 77%|███████▋  | 96/125 [37:18<10:43, 22.20s/it]
 78%|███████▊  | 97/125 [37:40<10:24, 22.29s/it]
 78%|███████▊  | 98/125 [38:02<10:00, 22.23s/it]
 79%|███████▉  | 99/125 [38:25<09:38, 22.26s/it]
 80%|████████  | 100/125 [39:21<13:30, 32.40s/it]
 81%|████████  | 101/125 [39:43<11:43, 29.31s/it]
 82%|████████▏ | 102/125 [40:05<10:25, 27.21s/it]
 82%|████████▏ | 103/125 [40:27<09:25, 25.69s/it]
 83%|████████▎ | 104/125 [40:50<08:39, 24.73s/it]
 84%|████████▍ | 105/125 [41:12<07:59, 23.96s/it]
 85%|████████▍ | 106/125 [41:34<07:25, 23.45s/it]
 86%|████████▌ | 107/125 [41:56<06:55, 23.06s/it]
 86%|████████▋ | 108/125 [42:19<06:28, 22.85s/it]
 87%|████████▋ | 109/125 [42:41<06:04, 22.75s/it]
 88%|████████▊ | 110/125 [43:03<05:37, 22.51s/it]
 89%|████████▉ | 111/125 [43:25<05:14, 22.45s/it]
 90%|████████▉ | 112/125 [43:48<04:52, 22.47s/it]
 90%|█████████ | 113/125 [44:10<04:29, 22.43s/it]
 91%|█████████ | 114/125 [44:32<04:04, 22.27s/it]
 92%|█████████▏| 115/125 [44:54<03:42, 22.28s/it]
 93%|█████████▎| 116/125 [45:17<03:20, 22.31s/it]
 94%|█████████▎| 117/125 [45:39<02:58, 22.26s/it]
 94%|█████████▍| 118/125 [46:02<02:36, 22.34s/it]
 95%|█████████▌| 119/125 [46:24<02:13, 22.28s/it]
 96%|█████████▌| 120/125 [46:46<01:    [nf-probe] train nf-RMS=1.6766e-04   val nf-RMS=1.2052e-04 [m]  (@nf=1600)
(0,)
It  125, sqrt loss 0.002523, Val sim-RMS 0.0004058, Time Loss: 93.6%, data: 0.7%, val: 5.8%, 23.6 sec/batch
51, 22.36s/it]
 97%|█████████▋| 121/125 [47:08<01:28, 22.24s/it]
 98%|█████████▊| 122/125 [47:30<01:06, 22.25s/it]
 98%|█████████▊| 123/125 [47:53<00:44, 22.27s/it]
 99%|█████████▉| 124/125 [48:15<00:22, 22.23s/it]
100%|██████████| 125/125 [49:11<00:00, 32.43s/it]
100%|██████████| 125/125 [49:11<00:00, 23.61s/it]
/dataB1/dirk_van_den_berg/conda-envs/GraduationProject/lib/python3.11/site-packages/deepSI/fit_systems/fit_system.py:501: FutureWarning: You are using `torch.load` with `weights_only=False` (the current default value), which uses the default pickle module implicitly. It is possible to construct malicious pickle data which will execute arbitrary code during unpickling (See https://github.com/pytorch/pytorch/blob/main/SECURITY.md#untrusted-models for more details). In a future release, the default value for `weights_only` will be flipped to `True`. This limits the functions that could be executed during unpickling. Arbitrary objects will no longer be allowed to be loaded via this mode unless they are explicitly allowlisted by the user via `torch.serialization.add_safe_globals`. We recommend you start setting `weights_only=True` for any use case where you don't have full control of the loaded file. Please open an issue on GitHub for any issues related to this experimental feature.
  self.__dict__ = torch.load(file)
Loaded model with best known validation sim-RMS of 8.015e-05 which happened on epoch 0 (epoch_id=0.00)
Model already initilized (init_model_done=True), skipping initilizing of the model, the norm and the creation of the optimizer
Size of the training array =  240.6 MB
N_training_samples = 6496, batch_size = 256, N_batch_updates_per_epoch = 25
    [nf-probe] train nf-RMS=1.6674e-04   val nf-RMS=1.2572e-04 [m]  (@nf=1600)
(0,)
Initial Validation sim-RMS= 8.014968e-05

  0%|          | 0/125 [00:00<?, ?it/s]
  1%|          | 1/125 [00:22<46:05, 22.31s/it]
  2%|▏         | 2/125 [00:44<45:29, 22.19s/it]
  2%|▏         | 3/125 [01:06<45:15, 22.26s/it]
  3%|▎         | 4/125 [01:28<44:50, 22.24s/it]
  4%|▍         | 5/125 [01:51<44:31, 22.26s/it]
  5%|▍         | 6/125 [02:13<44:11, 22.28s/it]
  6%|▌         | 7/125 [02:35<43:45, 22.25s/it]
  6%|▋         | 8/125 [02:58<43:22, 22.25s/it]
  7%|▋         | 9/125 [03:20<43:03, 22.27s/it]
  8%|▊         | 10/125 [03:42<42:49, 22.34s/it]
  9%|▉         | 11/125 [04:04<42:12, 22.21s/it]
 10%|▉         | 12/125 [04:27<41:51, 22.23s/it]
 10%|█         | 13/125 [04:49<41:31, 22.25s/it]
 11%|█         | 14/125 [05:11<41:12, 22.27s/it]
 12%|█▏        | 15/125 [05:33<40:45, 22.24s/it]
 13%|█▎        | 16/125 [05:56<40:22, 22.23s/it]
 14%|█▎        | 17/125 [06:18<40:03, 22.25s/it]
 14%|█▍        | 18/125 [06:40<39:43, 22.28s/it]
 15%|█▌        | 19/125 [07:02<39:15, 22.22s/it]
 16%|█▌        [nf-probe] train nf-RMS=1.6803e-04   val nf-RMS=1.2284e-04 [m]  (@nf=1600)
(0,)
It   25, sqrt loss 0.002589, Val sim-RMS 0.0003016, Time Loss: 93.5%, data: 0.7%, val: 5.8%, 23.6 sec/batch
    | 20/125 [07:25<38:56, 22.25s/it]
 17%|█▋        | 21/125 [07:47<38:31, 22.23s/it]
 18%|█▊        | 22/125 [08:09<38:18, 22.31s/it]
 18%|█▊        | 23/125 [08:31<37:50, 22.26s/it]
 19%|█▉        | 24/125 [08:54<37:30, 22.28s/it]
 20%|██        | 25/125 [09:50<54:07, 32.47s/it]
 21%|██        | 26/125 [10:12<48:24, 29.34s/it]
 22%|██▏       | 27/125 [10:34<44:27, 27.22s/it]
 22%|██▏       | 28/125 [10:57<41:37, 25.75s/it]
 23%|██▎       | 29/125 [11:19<39:28, 24.67s/it]
 24%|██▍       | 30/125 [11:41<37:55, 23.96s/it]
 25%|██▍       | 31/125 [12:04<36:51, 23.53s/it]
 26%|██▌       | 32/125 [12:25<35:42, 23.04s/it]
 26%|██▋       | 33/125 [12:48<35:04, 22.88s/it]
 27%|██▋       | 34/125 [13:10<34:25, 22.70s/it]
 28%|██▊       | 35/125 [13:32<33:42, 22.47s/it]
 29%|██▉       | 36/125 [13:54<33:14, 22.41s/it]
 30%|██▉       | 37/125 [14:17<32:48, 22.37s/it]
 30%|███       | 38/125 [14:39<32:24, 22.35s/it]
 31%|█    [nf-probe] train nf-RMS=1.6653e-04   val nf-RMS=1.1996e-04 [m]  (@nf=1600)
(0,)
It   50, sqrt loss 0.002552, Val sim-RMS 0.0004972, Time Loss: 93.6%, data: 0.7%, val: 5.7%, 23.6 sec/batch
██       | 39/125 [15:01<31:55, 22.28s/it]
 32%|███▏      | 40/125 [15:23<31:34, 22.29s/it]
 33%|███▎      | 41/125 [15:46<31:18, 22.36s/it]
 34%|███▎      | 42/125 [16:08<30:54, 22.34s/it]
 34%|███▍      | 43/125 [16:30<30:21, 22.21s/it]
 35%|███▌      | 44/125 [16:52<30:01, 22.24s/it]
 36%|███▌      | 45/125 [17:15<29:40, 22.26s/it]
 37%|███▋      | 46/125 [17:37<29:20, 22.29s/it]
 38%|███▊      | 47/125 [17:59<28:52, 22.21s/it]
 38%|███▊      | 48/125 [18:21<28:32, 22.24s/it]
 39%|███▉      | 49/125 [18:44<28:07, 22.21s/it]
 40%|████      | 50/125 [19:40<40:29, 32.39s/it]
 41%|████      | 51/125 [20:02<36:07, 29.29s/it]
 42%|████▏     | 52/125 [20:24<33:05, 27.20s/it]
 42%|████▏     | 53/125 [20:46<30:53, 25.74s/it]
 43%|████▎     | 54/125 [21:09<29:11, 24.66s/it]
 44%|████▍     | 55/125 [21:31<27:56, 23.95s/it]
 45%|████▍     | 56/125 [21:53<26:59, 23.47s/it]
 46%|████▌     | 57/125 [22:15<26:07, 23.06s/it]
 46%|████▋     | 58/125 [22:38<25:28, 22.82s/it]
 47%|████▋     | 59/125 [23:00<24:55, 22.65s/it]
 48%|████▊     | 60/125 [23:22<24:25, 22.54s/it]
 49%|████▉     | 61/125 [23:45<24:01, 22.53s/it]
 50%|████▉     | 62/125 [24:07<23:30, 22.39s/it]
 50%|█████     | 63/125 [24:29<23:07, 22.38s/it]
 51%|█████     | 64/125 [24:51<22:39, 22.29s/it]
 52%|█████▏    | 65/125 [25:14<22:21, 22.36s/it]
 53%|█████▎    | 66/125 [25:36<21:58, 22.35s/it]
 54%|█████▎    | 67/125 [25:58<21:28, 22.22s/it]
 54%|█████▍    | 68/125 [26:20<21:08, 22.25s/it]
 55%|█████▌    | 69/125 [26:43<20:47, 22.28s/it]
 56%|█████▌    | 70/125 [27:05<20:26, 22.30s/it]
 57%|█████▋    | 71/125 [27:27<20:01, 22.24s/it]
 58%|█████▊    | 72/125 [27:49<19:39, 22.26s/it]
 58%|█████▊    | 73/125 [28:12<19:18, 22.27s/it]
     [nf-probe] train nf-RMS=1.6824e-04   val nf-RMS=1.2320e-04 [m]  (@nf=1600)
(0,)
It   75, sqrt loss 0.002539, Val sim-RMS 0.0003602, Time Loss: 93.6%, data: 0.7%, val: 5.8%, 23.6 sec/batch
59%|█████▉    | 74/125 [28:34<18:54, 22.24s/it]
 60%|██████    | 75/125 [29:30<27:06, 32.52s/it]
 61%|██████    | 76/125 [29:53<24:03, 29.45s/it]
 62%|██████▏   | 77/125 [30:15<21:45, 27.20s/it]
 62%|██████▏   | 78/125 [30:37<20:09, 25.72s/it]
 63%|██████▎   | 79/125 [30:59<18:56, 24.70s/it]
 64%|██████▍   | 80/125 [31:21<17:59, 23.99s/it]
 65%|██████▍   | 81/125 [31:44<17:11, 23.43s/it]
 66%|██████▌   | 82/125 [32:06<16:33, 23.10s/it]
 66%|██████▋   | 83/125 [32:28<16:00, 22.87s/it]
 67%|██████▋   | 84/125 [32:51<15:31, 22.72s/it]
 68%|██████▊   | 85/125 [33:13<15:03, 22.60s/it]
 69%|██████▉   | 86/125 [33:35<14:35, 22.45s/it]
 70%|██████▉   | 87/125 [33:57<14:11, 22.42s/it]
 70%|███████   | 88/125 [34:20<13:46, 22.34s/it]
 71%|███████   | 89/125 [34:42<13:23, 22.33s/it]
 72%|██████    [nf-probe] train nf-RMS=1.7252e-04   val nf-RMS=1.2378e-04 [m]  (@nf=1600)
(0,)
It  100, sqrt loss 0.002529, Val sim-RMS 0.0003105, Time Loss: 93.6%, data: 0.7%, val: 5.8%, 23.6 sec/batch
█▏  | 90/125 [35:04<13:01, 22.33s/it]
 73%|███████▎  | 91/125 [35:26<12:37, 22.27s/it]
 74%|███████▎  | 92/125 [35:49<12:15, 22.28s/it]
 74%|███████▍  | 93/125 [36:11<11:55, 22.35s/it]
 75%|███████▌  | 94/125 [36:33<11:30, 22.29s/it]
 76%|███████▌  | 95/125 [36:55<11:07, 22.25s/it]
 77%|███████▋  | 96/125 [37:18<10:47, 22.34s/it]
 78%|███████▊  | 97/125 [37:40<10:23, 22.27s/it]
 78%|███████▊  | 98/125 [38:02<10:00, 22.23s/it]
 79%|███████▉  | 99/125 [38:25<09:38, 22.26s/it]
 80%|████████  | 100/125 [39:21<13:32, 32.51s/it]
 81%|████████  | 101/125 [39:43<11:45, 29.40s/it]
 82%|████████▏ | 102/125 [40:05<10:26, 27.22s/it]
 82%|████████▏ | 103/125 [40:28<09:26, 25.75s/it]
 83%|████████▎ | 104/125 [40:50<08:39, 24.74s/it]
 84%|████████▍ | 105/125 [41:12<08:00, 24.02s/it]
 85%|████████▍ | 106/125 [41:35<07:26, 23.52s/it]
 86%|████████▌ | 107/125 [41:57<06:55, 23.10s/it]
 86%|████████▋ | 108/125 [42:19<06:28, 22.86s/it]
 87%|████████▋ | 109/125 [42:41<06:03, 22.71s/it]
 88%|████████▊ | 110/125 [43:04<05:38, 22.54s/it]
 89%|████████▉ | 111/125 [43:26<05:14, 22.47s/it]
 90%|████████▉ | 112/125 [43:48<04:51, 22.42s/it]
 90%|█████████ | 113/125 [44:10<04:28, 22.38s/it]
 91%|█████████ | 114/125 [44:33<04:05, 22.32s/it]
 92%|█████████▏| 115/125 [44:55<03:43, 22.31s/it]
 93%|█████████▎| 116/125 [45:17<03:20, 22.30s/it]
 94%|█████████▎| 117/125 [45:40<02:58, 22.37s/it]
 94%|█████████▍| 118/125 [46:02<02:35, 22.24s/it]
 95%|█████████▌| 119/125 [46:24<02:13, 22.26s/it]
 96%|█████████▌| 120/125 [46:46<01:    [nf-probe] train nf-RMS=1.6766e-04   val nf-RMS=1.2052e-04 [m]  (@nf=1600)
(0,)
It  125, sqrt loss 0.002523, Val sim-RMS 0.0004058, Time Loss: 93.5%, data: 0.7%, val: 5.8%, 23.6 sec/batch
51, 22.26s/it]
 97%|█████████▋| 121/125 [47:09<01:29, 22.28s/it]
 98%|█████████▊| 122/125 [47:31<01:06, 22.24s/it]
 98%|█████████▊| 123/125 [47:53<00:44, 22.26s/it]
 99%|█████████▉| 124/125 [48:15<00:22, 22.28s/it]
100%|██████████| 125/125 [49:12<00:00, 32.56s/it]
100%|██████████| 125/125 [49:12<00:00, 23.62s/it]
Loaded model with best known validation sim-RMS of 8.015e-05 which happened on epoch 0 (epoch_id=0.00)
Model already initilized (init_model_done=True), skipping initilizing of the model, the norm and the creation of the optimizer
Size of the training array =  240.6 MB
N_training_samples = 6496, batch_size = 256, N_batch_updates_per_epoch = 25
    [nf-probe] train nf-RMS=1.6674e-04   val nf-RMS=1.2572e-04 [m]  (@nf=1600)
(0,)
Initial Validation sim-RMS= 8.014968e-05

  0%|          | 0/125 [00:00<?, ?it/s]
  1%|          | 1/125 [00:22<45:44, 22.13s/it]
  2%|▏         | 2/125 [00:44<45:19, 22.11s/it]
  2%|▏         | 3/125 [01:06<45:07, 22.19s/it]
  3%|▎         | 4/125 [01:28<44:43, 22.18s/it]
  4%|▍         | 5/125 [01:50<44:26, 22.22s/it]
  5%|▍         | 6/125 [02:13<44:09, 22.26s/it]
  6%|▌         | 7/125 [02:35<43:49, 22.28s/it]
  6%|▋         | 8/125 [02:57<43:21, 22.23s/it]
  7%|▋         | 9/125 [03:20<43:02, 22.26s/it]
  8%|▊         | 10/125 [03:42<42:41, 22.27s/it]
  9%|▉         | 11/125 [04:04<42:21, 22.30s/it]
 10%|▉         | 12/125 [04:26<41:54, 22.25s/it]
 10%|█         | 13/125 [04:49<41:33, 22.26s/it]
 11%|█         | 14/125 [05:11<41:13, 22.28s/it]
 12%|█▏        | 15/125 [05:33<40:52, 22.30s/it]
 13%|█▎        | 16/125 [05:55<40:24, 22.24s/it]
 14%|█▎        | 17/125 [06:18<40:10, 22.32s/it]
 14%|█▍        | 18/125 [06:40<39:40, 22.25s/it]
 15%|█▌        | 19/125 [07:02<39:14, 22.21s/it]
 16%|█▌        [nf-probe] train nf-RMS=1.6803e-04   val nf-RMS=1.2284e-04 [m]  (@nf=1600)
(0,)
It   25, sqrt loss 0.002589, Val sim-RMS 0.0003016, Time Loss: 93.5%, data: 0.7%, val: 5.8%, 23.6 sec/batch
    | 20/125 [07:24<38:54, 22.24s/it]
 17%|█▋        | 21/125 [07:47<38:41, 22.32s/it]
 18%|█▊        | 22/125 [08:09<38:05, 22.19s/it]
 18%|█▊        | 23/125 [08:31<37:53, 22.29s/it]
 19%|█▉        | 24/125 [08:54<37:32, 22.30s/it]
 20%|██        | 25/125 [09:50<54:10, 32.50s/it]
 21%|██        | 26/125 [10:12<48:23, 29.33s/it]
 22%|██▏       | 27/125 [10:34<44:26, 27.20s/it]
 22%|██▏       | 28/125 [10:57<41:36, 25.74s/it]
 23%|██▎       | 29/125 [11:19<39:38, 24.78s/it]
 24%|██▍       | 30/125 [11:41<37:59, 24.00s/it]
 25%|██▍       | 31/125 [12:03<36:41, 23.42s/it]
 26%|██▌       | 32/125 [12:26<35:46, 23.08s/it]
 26%|██▋       | 33/125 [12:48<35:01, 22.84s/it]
 27%|██▋       | 34/125 [13:10<34:19, 22.63s/it]
 28%|██▊       | 35/125 [13:32<33:47, 22.53s/it]
 29%|██▉       | 36/125 [13:55<33:19, 22.47s/it]
 30%|██▉       | 37/125 [14:17<32:53, 22.43s/it]
 30%|███       | 38/125 [14:39<32:23, 22.34s/it]
 31%|█    [nf-probe] train nf-RMS=1.6653e-04   val nf-RMS=1.1996e-04 [m]  (@nf=1600)
(0,)
It   50, sqrt loss 0.002552, Val sim-RMS 0.0004972, Time Loss: 93.5%, data: 0.7%, val: 5.8%, 23.6 sec/batch
██       | 39/125 [15:01<31:59, 22.33s/it]
 32%|███▏      | 40/125 [15:24<31:42, 22.38s/it]
 33%|███▎      | 41/125 [15:46<31:08, 22.24s/it]
 34%|███▎      | 42/125 [16:08<30:51, 22.31s/it]
 34%|███▍      | 43/125 [16:30<30:25, 22.26s/it]
 35%|███▌      | 44/125 [16:53<30:00, 22.23s/it]
 36%|███▌      | 45/125 [17:15<29:39, 22.25s/it]
 37%|███▋      | 46/125 [17:37<29:18, 22.26s/it]
 38%|███▊      | 47/125 [18:00<29:02, 22.33s/it]
 38%|███▊      | 48/125 [18:22<28:30, 22.22s/it]
 39%|███▉      | 49/125 [18:44<28:10, 22.24s/it]
 40%|████      | 50/125 [19:40<40:36, 32.49s/it]
 41%|████      | 51/125 [20:02<36:10, 29.33s/it]
 42%|████▏     | 52/125 [20:25<33:06, 27.22s/it]
 42%|████▏     | 53/125 [20:47<30:53, 25.74s/it]
 43%|████▎     | 54/125 [21:09<29:14, 24.71s/it]
 44%|████▍     | 55/125 [21:32<28:00, 24.00s/it]
 45%|████▍     | 56/125 [21:54<26:57, 23.44s/it]
 46%|████▌     | 57/125 [22:16<26:11, 23.11s/it]
 46%|████▋     | 58/125 [22:38<25:32, 22.88s/it]
 47%|████▋     | 59/125 [23:00<24:53, 22.63s/it]
 48%|████▊     | 60/125 [23:23<24:24, 22.53s/it]
 49%|████▉     | 61/125 [23:45<23:56, 22.45s/it]
 50%|████▉     | 62/125 [24:07<23:28, 22.35s/it]
 50%|█████     | 63/125 [24:29<23:05, 22.34s/it]
 51%|█████     | 64/125 [24:52<22:42, 22.34s/it]
 52%|█████▏    | 65/125 [25:14<22:16, 22.27s/it]
 53%|█████▎    | 66/125 [25:36<21:55, 22.29s/it]
 54%|█████▎    | 67/125 [25:58<21:32, 22.29s/it]
 54%|█████▍    | 68/125 [26:21<21:15, 22.37s/it]
 55%|█████▌    | 69/125 [26:43<20:45, 22.23s/it]
 56%|█████▌    | 70/125 [27:05<20:23, 22.25s/it]
 57%|█████▋    | 71/125 [27:28<20:05, 22.33s/it]
 58%|█████▊    | 72/125 [27:50<19:37, 22.21s/it]
 58%|█████▊    | 73/125 [28:12<19:15, 22.23s/it]
     [nf-probe] train nf-RMS=1.6824e-04   val nf-RMS=1.2320e-04 [m]  (@nf=1600)
(0,)
It   75, sqrt loss 0.002539, Val sim-RMS 0.0003602, Time Loss: 93.5%, data: 0.7%, val: 5.8%, 23.6 sec/batch
59%|█████▉    | 74/125 [28:34<18:55, 22.26s/it]
 60%|██████    | 75/125 [29:31<27:07, 32.55s/it]
 61%|██████    | 76/125 [29:53<23:58, 29.35s/it]
 62%|██████▏   | 77/125 [30:15<21:47, 27.24s/it]
 62%|██████▏   | 78/125 [30:37<20:10, 25.76s/it]
 63%|██████▎   | 79/125 [31:00<18:57, 24.73s/it]
 64%|██████▍   | 80/125 [31:22<17:56, 23.93s/it]
 65%|██████▍   | 81/125 [31:44<17:10, 23.43s/it]
 66%|██████▌   | 82/125 [32:06<16:32, 23.08s/it]
 66%|██████▋   | 83/125 [32:28<15:57, 22.81s/it]
 67%|██████▋   | 84/125 [32:51<15:28, 22.66s/it]
 68%|██████▊   | 85/125 [33:13<15:02, 22.56s/it]
 69%|██████▉   | 86/125 [33:35<14:35, 22.45s/it]
 70%|██████▉   | 87/125 [33:57<14:10, 22.39s/it]
 70%|███████   | 88/125 [34:20<13:49, 22.42s/it]
 71%|███████   | 89/125 [34:42<13:23, 22.33s/it]
 72%|██████    [nf-probe] train nf-RMS=1.7252e-04   val nf-RMS=1.2378e-04 [m]  (@nf=1600)
(0,)
It  100, sqrt loss 0.002529, Val sim-RMS 0.0003105, Time Loss: 93.5%, data: 0.7%, val: 5.8%, 23.6 sec/batch
█▏  | 90/125 [35:04<12:59, 22.28s/it]
 73%|███████▎  | 91/125 [35:27<12:37, 22.29s/it]
 74%|███████▎  | 92/125 [35:49<12:16, 22.30s/it]
 74%|███████▍  | 93/125 [36:11<11:52, 22.25s/it]
 75%|███████▌  | 94/125 [36:33<11:31, 22.32s/it]
 76%|███████▌  | 95/125 [36:56<11:07, 22.26s/it]
 77%|███████▋  | 96/125 [37:18<10:45, 22.26s/it]
 78%|███████▊  | 97/125 [37:40<10:22, 22.23s/it]
 78%|███████▊  | 98/125 [38:02<10:00, 22.25s/it]
 79%|███████▉  | 99/125 [38:25<09:39, 22.27s/it]
 80%|████████  | 100/125 [39:21<13:30, 32.41s/it]
 81%|████████  | 101/125 [39:43<11:43, 29.31s/it]
 82%|████████▏ | 102/125 [40:05<10:25, 27.21s/it]
 82%|████████▏ | 103/125 [40:27<09:25, 25.72s/it]
 83%|████████▎ | 104/125 [40:50<08:37, 24.65s/it]
 84%|████████▍ | 105/125 [41:12<07:58, 23.95s/it]
 85%|████████▍ | 106/125 [41:34<07:25, 23.44s/it]
 86%|████████▌ | 107/125 [41:56<06:55, 23.09s/it]
 86%|████████▋ | 108/125 [42:19<06:29, 22.92s/it]
 87%|████████▋ | 109/125 [42:41<06:02, 22.68s/it]
 88%|████████▊ | 110/125 [43:03<05:38, 22.57s/it]
 89%|████████▉ | 111/125 [43:25<05:14, 22.44s/it]
 90%|████████▉ | 112/125 [43:48<04:51, 22.41s/it]
 90%|█████████ | 113/125 [44:10<04:29, 22.44s/it]
 91%|█████████ | 114/125 [44:32<04:05, 22.34s/it]
 92%|█████████▏| 115/125 [44:55<03:42, 22.28s/it]
 93%|█████████▎| 116/125 [45:17<03:20, 22.29s/it]
 94%|█████████▎| 117/125 [45:39<02:58, 22.29s/it]
 94%|█████████▍| 118/125 [46:01<02:36, 22.29s/it]
 95%|█████████▌| 119/125 [46:24<02:13, 22.24s/it]
 96%|█████████▌| 120/125 [46:46<01:    [nf-probe] train nf-RMS=1.6766e-04   val nf-RMS=1.2052e-04 [m]  (@nf=1600)
(0,)
It  125, sqrt loss 0.002523, Val sim-RMS 0.0004058, Time Loss: 93.5%, data: 0.7%, val: 5.8%, 23.6 sec/batch
51, 22.26s/it]
 97%|█████████▋| 121/125 [47:08<01:29, 22.27s/it]
 98%|█████████▊| 122/125 [47:30<01:06, 22.28s/it]
 98%|█████████▊| 123/125 [47:53<00:44, 22.23s/it]
 99%|█████████▉| 124/125 [48:15<00:22, 22.24s/it]
100%|██████████| 125/125 [49:11<00:00, 32.51s/it]
100%|██████████| 125/125 [49:11<00:00, 23.61s/it]
Loaded model with best known validation sim-RMS of 8.015e-05 which happened on epoch 0 (epoch_id=0.00)
Model already initilized (init_model_done=True), skipping initilizing of the model, the norm and the creation of the optimizer
Size of the training array =  240.6 MB
N_training_samples = 6496, batch_size = 256, N_batch_updates_per_epoch = 25
    [nf-probe] train nf-RMS=1.6674e-04   val nf-RMS=1.2572e-04 [m]  (@nf=1600)
(0,)
Initial Validation sim-RMS= 8.014968e-05

  0%|          | 0/125 [00:00<?, ?it/s]
  1%|          | 1/125 [00:22<45:57, 22.24s/it]
  2%|▏         | 2/125 [00:44<45:13, 22.06s/it]
  2%|▏         | 3/125 [01:06<45:05, 22.18s/it]
  3%|▎         | 4/125 [01:28<44:47, 22.21s/it]
  4%|▍         | 5/125 [01:50<44:22, 22.19s/it]
  5%|▍         | 6/125 [02:13<44:03, 22.22s/it]
  6%|▌         | 7/125 [02:35<43:44, 22.24s/it]
  6%|▋         | 8/125 [02:57<43:19, 22.22s/it]
  7%|▋         | 9/125 [03:20<43:07, 22.31s/it]
  8%|▊         | 10/125 [03:42<42:35, 22.22s/it]
  9%|▉         | 11/125 [04:04<42:18, 22.27s/it]
 10%|▉         | 12/125 [04:26<41:48, 22.20s/it]
 10%|█         | 13/125 [04:48<41:30, 22.23s/it]
 11%|█         | 14/125 [05:11<41:07, 22.23s/it]
 12%|█▏        | 15/125 [05:33<40:47, 22.25s/it]
 13%|█▎        | 16/125 [05:55<40:21, 22.22s/it]
 14%|█▎        | 17/125 [06:17<40:02, 22.24s/it]
 14%|█▍        | 18/125 [06:40<39:42, 22.27s/it]
 15%|█▌        | 19/125 [07:02<39:20, 22.26s/it]
 16%|█▌        [nf-probe] train nf-RMS=1.6803e-04   val nf-RMS=1.2284e-04 [m]  (@nf=1600)
(0,)
It   25, sqrt loss 0.002589, Val sim-RMS 0.0003016, Time Loss: 93.5%, data: 0.8%, val: 5.8%, 23.6 sec/batch
    | 20/125 [07:24<38:51, 22.21s/it]
 17%|█▋        | 21/125 [07:46<38:31, 22.22s/it]
 18%|█▊        | 22/125 [08:09<38:11, 22.25s/it]
 18%|█▊        | 23/125 [08:31<37:50, 22.26s/it]
 19%|█▉        | 24/125 [08:53<37:29, 22.27s/it]
 20%|██        | 25/125 [09:49<54:07, 32.48s/it]
 21%|██        | 26/125 [10:12<48:26, 29.36s/it]
 22%|██▏       | 27/125 [10:34<44:24, 27.19s/it]
 22%|██▏       | 28/125 [10:56<41:33, 25.70s/it]
 23%|██▎       | 29/125 [11:18<39:29, 24.68s/it]
 24%|██▍       | 30/125 [11:41<37:57, 23.98s/it]
 25%|██▍       | 31/125 [12:03<36:41, 23.42s/it]
 26%|██▌       | 32/125 [12:25<35:45, 23.07s/it]
 26%|██▋       | 33/125 [12:47<35:00, 22.84s/it]
 27%|██▋       | 34/125 [13:10<34:24, 22.69s/it]
 28%|██▊       | 35/125 [13:32<33:45, 22.50s/it]
 29%|██▉       | 36/125 [13:54<33:18, 22.46s/it]
 30%|██▉       | 37/125 [14:16<32:45, 22.34s/it]
 30%|███       | 38/125 [14:38<32:22, 22.33s/it]
 31%|█    [nf-probe] train nf-RMS=1.6653e-04   val nf-RMS=1.1996e-04 [m]  (@nf=1600)
(0,)
It   50, sqrt loss 0.002552, Val sim-RMS 0.0004972, Time Loss: 93.4%, data: 0.8%, val: 5.8%, 23.6 sec/batch
██       | 39/125 [15:01<31:59, 22.32s/it]
 32%|███▏      | 40/125 [15:23<31:36, 22.31s/it]
 33%|███▎      | 41/125 [15:45<31:09, 22.25s/it]
 34%|███▎      | 42/125 [16:07<30:48, 22.27s/it]
 34%|███▍      | 43/125 [16:30<30:25, 22.26s/it]
 35%|███▌      | 44/125 [16:52<30:03, 22.27s/it]
 36%|███▌      | 45/125 [17:14<29:37, 22.22s/it]
 37%|███▋      | 46/125 [17:36<29:16, 22.24s/it]
 38%|███▊      | 47/125 [17:59<28:56, 22.26s/it]
 38%|███▊      | 48/125 [18:21<28:34, 22.27s/it]
 39%|███▉      | 49/125 [18:43<28:08, 22.22s/it]
 40%|████      | 50/125 [19:39<40:37, 32.50s/it]
 41%|████      | 51/125 [20:01<36:08, 29.30s/it]
 42%|████▏     | 52/125 [20:24<33:05, 27.20s/it]
 42%|████▏     | 53/125 [20:46<30:52, 25.73s/it]
 43%|████▎     | 54/125 [21:08<29:14, 24.71s/it]
 44%|████▍     | 55/125 [21:30<27:55, 23.94s/it]
 45%|████▍     | 56/125 [21:53<27:01, 23.50s/it]
 46%|████▌     | 57/125 [22:15<26:13, 23.14s/it]
 46%|████▋     | 58/125 [22:37<25:28, 22.81s/it]
 47%|████▋     | 59/125 [22:59<24:51, 22.60s/it]
 48%|████▊     | 60/125 [23:22<24:22, 22.51s/it]
 49%|████▉     | 61/125 [23:44<23:56, 22.44s/it]
 50%|████▉     | 62/125 [24:06<23:28, 22.36s/it]
 50%|█████     | 63/125 [24:29<23:08, 22.40s/it]
 51%|█████     | 64/125 [24:51<22:40, 22.31s/it]
 52%|█████▏    | 65/125 [25:13<22:15, 22.25s/it]
 53%|█████▎    | 66/125 [25:35<21:52, 22.25s/it]
 54%|█████▎    | 67/125 [25:57<21:33, 22.30s/it]
 54%|█████▍    | 68/125 [26:19<21:06, 22.22s/it]
 55%|█████▌    | 69/125 [26:42<20:41, 22.18s/it]
 56%|█████▌    | 70/125 [27:04<20:21, 22.21s/it]
 57%|█████▋    | 71/125 [27:26<20:00, 22.24s/it]
 58%|█████▊    | 72/125 [27:48<19:39, 22.26s/it]
 58%|█████▊    | 73/125 [28:11<19:15, 22.21s/it]
     [nf-probe] train nf-RMS=1.6824e-04   val nf-RMS=1.2320e-04 [m]  (@nf=1600)
(0,)
It   75, sqrt loss 0.002539, Val sim-RMS 0.0003602, Time Loss: 93.5%, data: 0.8%, val: 5.8%, 23.6 sec/batch
59%|█████▉    | 74/125 [28:33<18:53, 22.22s/it]
 60%|██████    | 75/125 [29:29<27:05, 32.50s/it]
 61%|██████    | 76/125 [29:51<23:56, 29.33s/it]
 62%|██████▏   | 77/125 [30:13<21:45, 27.21s/it]
 62%|██████▏   | 78/125 [30:36<20:08, 25.72s/it]
 63%|██████▎   | 79/125 [30:58<18:56, 24.70s/it]
 64%|██████▍   | 80/125 [31:20<17:59, 23.99s/it]
 65%|██████▍   | 81/125 [31:42<17:10, 23.41s/it]
 66%|██████▌   | 82/125 [32:05<16:31, 23.07s/it]
 66%|██████▋   | 83/125 [32:27<15:59, 22.84s/it]
 67%|██████▋   | 84/125 [32:49<15:27, 22.61s/it]
 68%|██████▊   | 85/125 [33:11<15:00, 22.51s/it]
 69%|██████▉   | 86/125 [33:33<14:33, 22.39s/it]
 70%|██████▉   | 87/125 [33:56<14:09, 22.36s/it]
 70%|███████   | 88/125 [34:18<13:46, 22.33s/it]
 71%|███████   | 89/125 [34:40<13:23, 22.33s/it]
 72%|██████    [nf-probe] train nf-RMS=1.7252e-04   val nf-RMS=1.2378e-04 [m]  (@nf=1600)
(0,)
It  100, sqrt loss 0.002529, Val sim-RMS 0.0003105, Time Loss: 93.5%, data: 0.8%, val: 5.8%, 23.6 sec/batch
█▏  | 90/125 [35:02<12:59, 22.27s/it]
 73%|███████▎  | 91/125 [35:25<12:39, 22.34s/it]
 74%|███████▎  | 92/125 [35:47<12:14, 22.26s/it]
 74%|███████▍  | 93/125 [36:09<11:52, 22.26s/it]
 75%|███████▌  | 94/125 [36:31<11:28, 22.22s/it]
 76%|███████▌  | 95/125 [36:54<11:07, 22.24s/it]
 77%|███████▋  | 96/125 [37:16<10:45, 22.25s/it]
 78%|███████▊  | 97/125 [37:38<10:21, 22.21s/it]
 78%|███████▊  | 98/125 [38:00<10:00, 22.24s/it]
 79%|███████▉  | 99/125 [38:23<09:38, 22.26s/it]
 80%|████████  | 100/125 [39:19<13:32, 32.49s/it]
 81%|████████  | 101/125 [39:41<11:44, 29.34s/it]
 82%|████████▏ | 102/125 [40:03<10:26, 27.22s/it]
 82%|████████▏ | 103/125 [40:26<09:26, 25.74s/it]
 83%|████████▎ | 104/125 [40:48<08:38, 24.71s/it]
 84%|████████▍ | 105/125 [41:10<07:58, 23.91s/it]
 85%|████████▍ | 106/125 [41:32<07:25, 23.43s/it]
 86%|████████▌ | 107/125 [41:54<06:54, 23.05s/it]
 86%|████████▋ | 108/125 [42:17<06:27, 22.82s/it]
 87%|████████▋ | 109/125 [42:39<06:02, 22.64s/it]
 88%|████████▊ | 110/125 [43:01<05:37, 22.53s/it]
 89%|████████▉ | 111/125 [43:24<05:15, 22.52s/it]
 90%|████████▉ | 112/125 [43:46<04:51, 22.39s/it]
 90%|█████████ | 113/125 [44:08<04:28, 22.40s/it]
 91%|█████████ | 114/125 [44:30<04:05, 22.31s/it]
 92%|█████████▏| 115/125 [44:52<03:42, 22.22s/it]
 93%|█████████▎| 116/125 [45:15<03:20, 22.24s/it]
 94%|█████████▎| 117/125 [45:37<02:57, 22.25s/it]
 94%|█████████▍| 118/125 [45:59<02:35, 22.21s/it]
 95%|█████████▌| 119/125 [46:21<02:13, 22.24s/it]
 96%|█████████▌| 120/125 [46:44<01:    [nf-probe] train nf-RMS=1.6766e-04   val nf-RMS=1.2052e-04 [m]  (@nf=1600)
(0,)
It  125, sqrt loss 0.002523, Val sim-RMS 0.0004058, Time Loss: 93.5%, data: 0.8%, val: 5.8%, 23.6 sec/batch
51, 22.25s/it]
 97%|█████████▋| 121/125 [47:06<01:28, 22.21s/it]
 98%|█████████▊| 122/125 [47:28<01:06, 22.22s/it]
 98%|█████████▊| 123/125 [47:50<00:44, 22.23s/it]
 99%|█████████▉| 124/125 [48:12<00:22, 22.25s/it]
100%|██████████| 125/125 [49:09<00:00, 32.44s/it]
100%|██████████| 125/125 [49:09<00:00, 23.59s/it]
Loaded model with best known validation sim-RMS of 8.015e-05 which happened on epoch 0 (epoch_id=0.00)
Trial 0: bestfit (val sim-RMS) = 0.000080
[I 2026-07-08 22:55:33,065] Trial 0 finished with value: 8.0149678979069e-05 and parameters: {'lr': 1.329291894316214e-07, 'nf': 1600}. Best is trial 0 with value: 8.0149678979069e-05.

======================================================================
Trial 1:  lr=1.570e-06  nf=1000  (routing=(0, 1, 2, 3, 4, 5, 6, 7), stride=100)
======================================================================
WARNING: baseline_states.npz not found, using finite-diff states for normalization
Model already initilized (init_model_done=True), skipping initilizing of the model, the norm and the creation of the optimizer
Size of the training array =  153.3 MB
N_training_samples = 6580, batch_size = 256, N_batch_updates_per_epoch = 25
    [nf-probe] train nf-RMS=9.3265e-05   val nf-RMS=5.7341e-05 [m]  (@nf=1000)
(0,)
Initial Validation sim-RMS= 8.014968e-05

  0%|          | 0/125 [00:00<?, ?it/s]
  1%|          | 1/125 [00:13<28:10, 13.63s/it]
  2%|▏         | 2/125 [00:27<27:57, 13.64s/it]
  2%|▏         | 3/125 [00:40<27:44, 13.64s/it]
  3%|▎         | 4/125 [00:54<27:29, 13.63s/it]
  4%|▍         | 5/125 [01:08<27:14, 13.62s/it]
  5%|▍         | 6/125 [01:21<27:00, 13.62s/it]
  6%|▌         | 7/125 [01:35<26:45, 13.61s/it]
  6%|▋         | 8/125 [01:48<26:31, 13.60s/it]
  7%|▋         | 9/125 [02:02<26:24, 13.66s/it]
  8%|▊         | 10/125 [02:16<26:09, 13.65s/it]
  9%|▉         | 11/125 [02:29<25:54, 13.63s/it]
 10%|▉         | 12/125 [02:43<25:38, 13.62s/it]
 10%|█         | 13/125 [02:57<25:24, 13.61s/it]
 11%|█         | 14/125 [03:10<25:14, 13.64s/it]
 12%|█▏        | 15/125 [03:24<25:00, 13.64s/it]
 13%|█▎        | 16/125 [03:38<24:44, 13.62s/it]
 14%|█▎        | 17/125 [03:51<24:30, 13.61s/it]
 14%|█▍        | 18/125 [04:05<24:17, 13.62s/it]
 15%|█▌        | 19/125 [04:18<24:03, 13.62s/it]
 16%|█▌        [nf-probe] train nf-RMS=8.5204e-05   val nf-RMS=5.4630e-05 [m]  (@nf=1000)
(0,)
It   25, sqrt loss 0.002333, Val sim-RMS 0.000652, Time Loss: 91.2%, data: 0.7%, val: 8.1%, 14.8 sec/batch
    | 20/125 [04:32<23:48, 13.61s/it]
 17%|█▋        | 21/125 [04:46<23:39, 13.65s/it]
 18%|█▊        | 22/125 [04:59<23:28, 13.67s/it]
 18%|█▊        | 23/125 [05:13<23:08, 13.61s/it]
 19%|█▉        | 24/125 [05:27<22:54, 13.61s/it]
 20%|██        | 25/125 [06:10<37:37, 22.57s/it]
 21%|██        | 26/125 [06:23<32:44, 19.84s/it]
 22%|██▏       | 27/125 [06:37<29:21, 17.97s/it]
 22%|██▏       | 28/125 [06:51<27:00, 16.71s/it]
 23%|██▎       | 29/125 [07:04<25:14, 15.78s/it]
 24%|██▍       | 30/125 [07:18<23:57, 15.13s/it]
 25%|██▍       | 31/125 [07:32<22:58, 14.66s/it]
 26%|██▌       | 32/125 [07:45<22:17, 14.39s/it]
 26%|██▋       | 33/125 [07:59<21:41, 14.15s/it]
 27%|██▋       | 34/125 [08:13<21:12, 13.98s/it]
 28%|██▊       | 35/125 [08:26<20:51, 13.90s/it]
 29%|██▉       | 36/125 [08:40<20:26, 13.79s/it]
 30%|██▉       | 37/125 [08:53<20:08, 13.73s/it]
 30%|███       | 38/125 [09:07<19:50, 13.69s/it]
 31%|█    [nf-probe] train nf-RMS=1.0343e-04   val nf-RMS=5.9403e-05 [m]  (@nf=1000)
(0,)
It   50, sqrt loss 0.001891, Val sim-RMS 0.0004838, Time Loss: 91.2%, data: 0.7%, val: 8.1%, 14.8 sec/batch
██       | 39/125 [09:21<19:35, 13.66s/it]
 32%|███▏      | 40/125 [09:34<19:22, 13.68s/it]
 33%|███▎      | 41/125 [09:48<19:07, 13.66s/it]
 34%|███▎      | 42/125 [10:02<18:52, 13.64s/it]
 34%|███▍      | 43/125 [10:15<18:37, 13.63s/it]
 35%|███▌      | 44/125 [10:29<18:23, 13.62s/it]
 36%|███▌      | 45/125 [10:42<18:09, 13.62s/it]
 37%|███▋      | 46/125 [10:56<17:55, 13.61s/it]
 38%|███▊      | 47/125 [11:10<17:44, 13.65s/it]
 38%|███▊      | 48/125 [11:23<17:32, 13.68s/it]
 39%|███▉      | 49/125 [11:37<17:14, 13.61s/it]
 40%|████      | 50/125 [12:20<28:13, 22.58s/it]
 41%|████      | 51/125 [12:34<24:31, 19.88s/it]
 42%|████▏     | 52/125 [12:48<21:53, 18.00s/it]
 42%|████▏     | 53/125 [13:01<19:58, 16.65s/it]
 43%|████▎     | 54/125 [13:15<18:40, 15.78s/it]
 44%|████▍     | 55/125 [13:28<17:39, 15.13s/it]
 45%|████▍     | 56/125 [13:42<16:52, 14.68s/it]
 46%|████▌     | 57/125 [13:56<16:16, 14.35s/it]
 46%|████▋     | 58/125 [14:09<15:47, 14.14s/it]
 47%|████▋     | 59/125 [14:23<15:22, 13.98s/it]
 48%|████▊     | 60/125 [14:37<15:03, 13.90s/it]
 49%|████▉     | 61/125 [14:50<14:43, 13.81s/it]
 50%|████▉     | 62/125 [15:04<14:26, 13.76s/it]
 50%|█████     | 63/125 [15:17<14:08, 13.68s/it]
 51%|█████     | 64/125 [15:31<13:56, 13.71s/it]
 52%|█████▏    | 65/125 [15:45<13:40, 13.68s/it]
 53%|█████▎    | 66/125 [15:58<13:25, 13.65s/it]
 54%|█████▎    | 67/125 [16:12<13:11, 13.64s/it]
 54%|█████▍    | 68/125 [16:25<12:55, 13.61s/it]
 55%|█████▌    | 69/125 [16:39<12:41, 13.61s/it]
 56%|█████▌    | 70/125 [16:53<12:32, 13.68s/it]
 57%|█████▋    | 71/125 [17:06<12:15, 13.62s/it]
 58%|█████▊    | 72/125 [17:20<12:01, 13.61s/it]
 58%|█████▊    | 73/125 [17:34<11:47, 13.61s/it]
     [nf-probe] train nf-RMS=9.0210e-05   val nf-RMS=5.4018e-05 [m]  (@nf=1000)
(0,)
It   75, sqrt loss 0.001834, Val sim-RMS 0.0008037, Time Loss: 91.2%, data: 0.7%, val: 8.1%, 14.8 sec/batch
59%|█████▉    | 74/125 [17:47<11:33, 13.60s/it]
 60%|██████    | 75/125 [18:31<18:50, 22.60s/it]
 61%|██████    | 76/125 [18:44<16:14, 19.90s/it]
 62%|██████▏   | 77/125 [18:58<14:24, 18.01s/it]
 62%|██████▏   | 78/125 [19:12<13:04, 16.69s/it]
 63%|██████▎   | 79/125 [19:25<12:04, 15.76s/it]
 64%|██████▍   | 80/125 [19:39<11:19, 15.10s/it]
 65%|██████▍   | 81/125 [19:53<10:46, 14.70s/it]
 66%|██████▌   | 82/125 [20:06<10:17, 14.37s/it]
 66%|██████▋   | 83/125 [20:20<09:53, 14.13s/it]
 67%|██████▋   | 84/125 [20:33<09:32, 13.96s/it]
 68%|██████▊   | 85/125 [20:47<09:13, 13.85s/it]
 69%|██████▉   | 86/125 [21:01<08:58, 13.80s/it]
 70%|██████▉   | 87/125 [21:14<08:42, 13.76s/it]
 70%|███████   | 88/125 [21:28<08:28, 13.75s/it]
 71%|███████   | 89/125 [21:41<08:11, 13.66s/it]
 72%|██████    [nf-probe] train nf-RMS=8.9168e-05   val nf-RMS=5.5235e-05 [m]  (@nf=1000)
(0,)
It  100, sqrt loss 0.001816, Val sim-RMS 0.0007393, Time Loss: 91.2%, data: 0.7%, val: 8.1%, 14.8 sec/batch
█▏  | 90/125 [21:55<07:57, 13.64s/it]
 73%|███████▎  | 91/125 [22:09<07:43, 13.63s/it]
 74%|███████▎  | 92/125 [22:22<07:29, 13.62s/it]
 74%|███████▍  | 93/125 [22:36<07:15, 13.61s/it]
 75%|███████▌  | 94/125 [22:49<07:01, 13.60s/it]
 76%|███████▌  | 95/125 [23:03<06:47, 13.59s/it]
 77%|███████▋  | 96/125 [23:17<06:35, 13.65s/it]
 78%|███████▊  | 97/125 [23:30<06:21, 13.63s/it]
 78%|███████▊  | 98/125 [23:44<06:07, 13.63s/it]
 79%|███████▉  | 99/125 [23:57<05:53, 13.61s/it]
 80%|████████  | 100/125 [24:41<09:25, 22.61s/it]
 81%|████████  | 101/125 [24:55<07:58, 19.92s/it]
 82%|████████▏ | 102/125 [25:08<06:54, 18.02s/it]
 82%|████████▏ | 103/125 [25:22<06:07, 16.70s/it]
 83%|████████▎ | 104/125 [25:36<05:31, 15.77s/it]
 84%|████████▍ | 105/125 [25:49<05:02, 15.12s/it]
 85%|████████▍ | 106/125 [26:03<04:38, 14.67s/it]
 86%|████████▌ | 107/125 [26:16<04:19, 14.39s/it]
 86%|████████▋ | 108/125 [26:30<03:59, 14.12s/it]
 87%|████████▋ | 109/125 [26:44<03:44, 14.00s/it]
 88%|████████▊ | 110/125 [26:57<03:27, 13.84s/it]
 89%|████████▉ | 111/125 [27:11<03:12, 13.77s/it]
 90%|████████▉ | 112/125 [27:24<02:58, 13.72s/it]
 90%|█████████ | 113/125 [27:38<02:45, 13.77s/it]
 91%|█████████ | 114/125 [27:52<02:30, 13.68s/it]
 92%|█████████▏| 115/125 [28:05<02:16, 13.66s/it]
 93%|█████████▎| 116/125 [28:19<02:02, 13.63s/it]
 94%|█████████▎| 117/125 [28:32<01:48, 13.62s/it]
 94%|█████████▍| 118/125 [28:46<01:35, 13.61s/it]
 95%|█████████▌| 119/125 [29:00<01:21, 13.65s/it]
 96%|█████████▌| 120/125 [29:13<01:    [nf-probe] train nf-RMS=8.6681e-05   val nf-RMS=5.6656e-05 [m]  (@nf=1000)
(0,)
It  125, sqrt loss 0.001796, Val sim-RMS 0.0007329, Time Loss: 91.2%, data: 0.7%, val: 8.1%, 14.8 sec/batch
08, 13.64s/it]
 97%|█████████▋| 121/125 [29:27<00:54, 13.66s/it]
 98%|█████████▊| 122/125 [29:41<00:40, 13.61s/it]
 98%|█████████▊| 123/125 [29:54<00:27, 13.65s/it]
 99%|█████████▉| 124/125 [30:08<00:13, 13.59s/it]
100%|██████████| 125/125 [30:51<00:00, 22.53s/it]
100%|██████████| 125/125 [30:51<00:00, 14.81s/it]
Loaded model with best known validation sim-RMS of 8.015e-05 which happened on epoch 0 (epoch_id=0.00)
Model already initilized (init_model_done=True), skipping initilizing of the model, the norm and the creation of the optimizer
Size of the training array =  153.3 MB
N_training_samples = 6580, batch_size = 256, N_batch_updates_per_epoch = 25
    [nf-probe] train nf-RMS=9.3265e-05   val nf-RMS=5.7341e-05 [m]  (@nf=1000)
(0,)
Initial Validation sim-RMS= 8.014968e-05

  0%|          | 0/125 [00:00<?, ?it/s]
  1%|          | 1/125 [00:13<27:53, 13.50s/it]
  2%|▏         | 2/125 [00:27<28:10, 13.74s/it]
  2%|▏         | 3/125 [00:40<27:44, 13.64s/it]
  3%|▎         | 4/125 [00:54<27:31, 13.65s/it]
  4%|▍         | 5/125 [01:08<27:21, 13.68s/it]
  5%|▍         | 6/125 [01:21<27:01, 13.63s/it]
  6%|▌         | 7/125 [01:35<26:47, 13.63s/it]
  6%|▋         | 8/125 [01:49<26:34, 13.63s/it]
  7%|▋         | 9/125 [02:02<26:26, 13.67s/it]
  8%|▊         | 10/125 [02:16<26:11, 13.67s/it]
  9%|▉         | 11/125 [02:30<25:56, 13.65s/it]
 10%|▉         | 12/125 [02:43<25:43, 13.66s/it]
 10%|█         | 13/125 [02:57<25:28, 13.65s/it]
 11%|█         | 14/125 [03:11<25:14, 13.65s/it]
 12%|█▏        | 15/125 [03:24<25:05, 13.69s/it]
 13%|█▎        | 16/125 [03:38<24:55, 13.72s/it]
 14%|█▎        | 17/125 [03:52<24:38, 13.69s/it]
 14%|█▍        | 18/125 [04:05<24:19, 13.64s/it]
 15%|█▌        | 19/125 [04:19<24:06, 13.64s/it]
 16%|█▌        [nf-probe] train nf-RMS=8.5204e-05   val nf-RMS=5.4630e-05 [m]  (@nf=1000)
(0,)
It   25, sqrt loss 0.002333, Val sim-RMS 0.000652, Time Loss: 91.2%, data: 0.7%, val: 8.1%, 14.9 sec/batch
    | 20/125 [04:33<23:51, 13.64s/it]
 17%|█▋        | 21/125 [04:46<23:42, 13.68s/it]
 18%|█▊        | 22/125 [05:00<23:28, 13.68s/it]
 18%|█▊        | 23/125 [05:14<23:14, 13.67s/it]
 19%|█▉        | 24/125 [05:27<23:00, 13.67s/it]
 20%|██        | 25/125 [06:11<37:53, 22.73s/it]
 21%|██        | 26/125 [06:25<32:56, 19.96s/it]
 22%|██▏       | 27/125 [06:38<29:30, 18.07s/it]
 22%|██▏       | 28/125 [06:52<27:12, 16.83s/it]
 23%|██▎       | 29/125 [07:06<25:23, 15.87s/it]
 24%|██▍       | 30/125 [07:19<24:00, 15.16s/it]
 25%|██▍       | 31/125 [07:33<23:01, 14.70s/it]
 26%|██▌       | 32/125 [07:47<22:18, 14.39s/it]
 26%|██▋       | 33/125 [08:00<21:42, 14.16s/it]
 27%|██▋       | 34/125 [08:14<21:17, 14.04s/it]
 28%|██▊       | 35/125 [08:28<20:52, 13.92s/it]
 29%|██▉       | 36/125 [08:42<20:34, 13.87s/it]
 30%|██▉       | 37/125 [08:55<20:10, 13.76s/it]
 30%|███       | 38/125 [09:09<19:56, 13.75s/it]
 31%|█    [nf-probe] train nf-RMS=1.0343e-04   val nf-RMS=5.9403e-05 [m]  (@nf=1000)
(0,)
It   50, sqrt loss 0.001891, Val sim-RMS 0.0004838, Time Loss: 91.3%, data: 0.6%, val: 8.1%, 14.9 sec/batch
██       | 39/125 [09:22<19:36, 13.68s/it]
 32%|███▏      | 40/125 [09:36<19:21, 13.67s/it]
 33%|███▎      | 41/125 [09:50<19:07, 13.66s/it]
 34%|███▎      | 42/125 [10:03<18:52, 13.65s/it]
 34%|███▍      | 43/125 [10:17<18:39, 13.65s/it]
 35%|███▌      | 44/125 [10:31<18:32, 13.74s/it]
 36%|███▌      | 45/125 [10:44<18:14, 13.68s/it]
 37%|███▋      | 46/125 [10:58<17:59, 13.66s/it]
 38%|███▊      | 47/125 [11:12<17:47, 13.69s/it]
 38%|███▊      | 48/125 [11:25<17:32, 13.67s/it]
 39%|███▉      | 49/125 [11:39<17:13, 13.60s/it]
 40%|████      | 50/125 [12:23<28:26, 22.75s/it]
 41%|████      | 51/125 [12:36<24:38, 19.97s/it]
 42%|████▏     | 52/125 [12:50<21:58, 18.06s/it]
 42%|████▏     | 53/125 [13:04<20:04, 16.73s/it]
 43%|████▎     | 54/125 [13:17<18:41, 15.79s/it]
 44%|████▍     | 55/125 [13:31<17:39, 15.13s/it]
 45%|████▍     | 56/125 [13:44<16:52, 14.68s/it]
 46%|████▌     | 57/125 [13:58<16:22, 14.45s/it]
 46%|████▋     | 58/125 [14:12<15:49, 14.17s/it]
 47%|████▋     | 59/125 [14:25<15:24, 14.01s/it]
 48%|████▊     | 60/125 [14:39<15:04, 13.91s/it]
 49%|████▉     | 61/125 [14:53<14:45, 13.83s/it]
 50%|████▉     | 62/125 [15:07<14:29, 13.80s/it]
 50%|█████     | 63/125 [15:20<14:10, 13.72s/it]
 51%|█████     | 64/125 [15:34<13:55, 13.69s/it]
 52%|█████▏    | 65/125 [15:47<13:40, 13.67s/it]
 53%|█████▎    | 66/125 [16:01<13:27, 13.69s/it]
 54%|█████▎    | 67/125 [16:15<13:15, 13.72s/it]
 54%|█████▍    | 68/125 [16:28<13:00, 13.69s/it]
 55%|█████▌    | 69/125 [16:42<12:43, 13.64s/it]
 56%|█████▌    | 70/125 [16:56<12:29, 13.63s/it]
 57%|█████▋    | 71/125 [17:09<12:18, 13.67s/it]
 58%|█████▊    | 72/125 [17:23<12:03, 13.65s/it]
 58%|█████▊    | 73/125 [17:37<11:49, 13.65s/it]
     [nf-probe] train nf-RMS=9.0210e-05   val nf-RMS=5.4018e-05 [m]  (@nf=1000)
(0,)
It   75, sqrt loss 0.001834, Val sim-RMS 0.0008037, Time Loss: 91.3%, data: 0.6%, val: 8.1%, 14.9 sec/batch
59%|█████▉    | 74/125 [17:50<11:35, 13.64s/it]
 60%|██████    | 75/125 [18:34<18:55, 22.72s/it]
 61%|██████    | 76/125 [18:48<16:17, 19.96s/it]
 62%|██████▏   | 77/125 [19:01<14:26, 18.06s/it]
 62%|██████▏   | 78/125 [19:15<13:08, 16.78s/it]
 63%|██████▎   | 79/125 [19:29<12:08, 15.84s/it]
 64%|██████▍   | 80/125 [19:42<11:24, 15.22s/it]
 65%|██████▍   | 81/125 [19:56<10:47, 14.71s/it]
 66%|██████▌   | 82/125 [20:10<10:18, 14.39s/it]
 66%|██████▋   | 83/125 [20:23<09:55, 14.17s/it]
 67%|██████▋   | 84/125 [20:37<09:34, 14.01s/it]
 68%|██████▊   | 85/125 [20:51<09:15, 13.90s/it]
 69%|██████▉   | 86/125 [21:04<08:58, 13.81s/it]
 70%|██████▉   | 87/125 [21:18<08:44, 13.80s/it]
 70%|███████   | 88/125 [21:31<08:27, 13.71s/it]
 71%|███████   | 89/125 [21:45<08:12, 13.69s/it]
 72%|██████    [nf-probe] train nf-RMS=8.9168e-05   val nf-RMS=5.5235e-05 [m]  (@nf=1000)
(0,)
It  100, sqrt loss 0.001816, Val sim-RMS 0.0007393, Time Loss: 91.2%, data: 0.6%, val: 8.1%, 14.9 sec/batch
█▏  | 90/125 [21:59<08:00, 13.72s/it]
 73%|███████▎  | 91/125 [22:13<07:47, 13.75s/it]
 74%|███████▎  | 92/125 [22:26<07:32, 13.72s/it]
 74%|███████▍  | 93/125 [22:40<07:18, 13.70s/it]
 75%|███████▌  | 94/125 [22:54<07:03, 13.65s/it]
 76%|███████▌  | 95/125 [23:07<06:49, 13.64s/it]
 77%|███████▋  | 96/125 [23:21<06:36, 13.69s/it]
 78%|███████▊  | 97/125 [23:35<06:22, 13.67s/it]
 78%|███████▊  | 98/125 [23:48<06:08, 13.65s/it]
 79%|███████▉  | 99/125 [24:02<05:54, 13.64s/it]
 80%|████████  | 100/125 [24:46<09:27, 22.72s/it]
 81%|████████  | 101/125 [24:59<07:58, 19.95s/it]
 82%|████████▏ | 102/125 [25:13<06:56, 18.09s/it]
 82%|████████▏ | 103/125 [25:26<06:07, 16.72s/it]
 83%|████████▎ | 104/125 [25:40<05:31, 15.79s/it]
 84%|████████▍ | 105/125 [25:54<05:03, 15.20s/it]
 85%|████████▍ | 106/125 [26:08<04:40, 14.77s/it]
 86%|████████▌ | 107/125 [26:21<04:19, 14.39s/it]
 86%|████████▋ | 108/125 [26:35<04:00, 14.15s/it]
 87%|████████▋ | 109/125 [26:48<03:43, 14.00s/it]
 88%|████████▊ | 110/125 [27:02<03:28, 13.88s/it]
 89%|████████▉ | 111/125 [27:16<03:13, 13.84s/it]
 90%|████████▉ | 112/125 [27:29<02:59, 13.78s/it]
 90%|█████████ | 113/125 [27:43<02:44, 13.73s/it]
 91%|█████████ | 114/125 [27:57<02:30, 13.70s/it]
 92%|█████████▏| 115/125 [28:10<02:16, 13.69s/it]
 93%|█████████▎| 116/125 [28:24<02:02, 13.66s/it]
 94%|█████████▎| 117/125 [28:38<01:49, 13.66s/it]
 94%|█████████▍| 118/125 [28:51<01:36, 13.74s/it]
 95%|█████████▌| 119/125 [29:05<01:22, 13.67s/it]
 96%|█████████▌| 120/125 [29:19<01:    [nf-probe] train nf-RMS=8.6681e-05   val nf-RMS=5.6656e-05 [m]  (@nf=1000)
(0,)
It  125, sqrt loss 0.001796, Val sim-RMS 0.0007329, Time Loss: 91.2%, data: 0.6%, val: 8.1%, 14.9 sec/batch
08, 13.65s/it]
 97%|█████████▋| 121/125 [29:32<00:54, 13.69s/it]
 98%|█████████▊| 122/125 [29:46<00:40, 13.64s/it]
 98%|█████████▊| 123/125 [29:59<00:27, 13.63s/it]
 99%|█████████▉| 124/125 [30:13<00:13, 13.64s/it]
100%|██████████| 125/125 [30:57<00:00, 22.72s/it]
100%|██████████| 125/125 [30:57<00:00, 14.86s/it]
Loaded model with best known validation sim-RMS of 8.015e-05 which happened on epoch 0 (epoch_id=0.00)
Model already initilized (init_model_done=True), skipping initilizing of the model, the norm and the creation of the optimizer
Size of the training array =  153.3 MB
N_training_samples = 6580, batch_size = 256, N_batch_updates_per_epoch = 25
    [nf-probe] train nf-RMS=9.3265e-05   val nf-RMS=5.7341e-05 [m]  (@nf=1000)
(0,)
Initial Validation sim-RMS= 8.014968e-05

  0%|          | 0/125 [00:00<?, ?it/s]
  1%|          | 1/125 [00:13<27:56, 13.52s/it]
  2%|▏         | 2/125 [00:27<28:01, 13.67s/it]
  2%|▏         | 3/125 [00:41<27:51, 13.70s/it]
  3%|▎         | 4/125 [00:54<27:28, 13.63s/it]
  4%|▍         | 5/125 [01:08<27:15, 13.63s/it]
  5%|▍         | 6/125 [01:21<27:04, 13.65s/it]
  6%|▌         | 7/125 [01:35<26:50, 13.65s/it]
  6%|▋         | 8/125 [01:49<26:34, 13.63s/it]
  7%|▋         | 9/125 [02:02<26:22, 13.64s/it]
  8%|▊         | 10/125 [02:16<26:13, 13.69s/it]
  9%|▉         | 11/125 [02:30<26:03, 13.71s/it]
 10%|▉         | 12/125 [02:43<25:41, 13.65s/it]
 10%|█         | 13/125 [02:57<25:28, 13.65s/it]
 11%|█         | 14/125 [03:11<25:19, 13.69s/it]
 12%|█▏        | 15/125 [03:24<25:04, 13.68s/it]
 13%|█▎        | 16/125 [03:38<24:50, 13.67s/it]
 14%|█▎        | 17/125 [03:52<24:30, 13.61s/it]
 14%|█▍        | 18/125 [04:05<24:17, 13.62s/it]
 15%|█▌        | 19/125 [04:19<24:02, 13.61s/it]
 16%|█▌        [nf-probe] train nf-RMS=8.5204e-05   val nf-RMS=5.4630e-05 [m]  (@nf=1000)
(0,)
It   25, sqrt loss 0.002333, Val sim-RMS 0.000652, Time Loss: 91.3%, data: 0.6%, val: 8.1%, 14.9 sec/batch
    | 20/125 [04:33<23:53, 13.65s/it]
 17%|█▋        | 21/125 [04:46<23:40, 13.66s/it]
 18%|█▊        | 22/125 [05:00<23:25, 13.65s/it]
 18%|█▊        | 23/125 [05:13<23:12, 13.65s/it]
 19%|█▉        | 24/125 [05:27<22:58, 13.65s/it]
 20%|██        | 25/125 [06:11<37:50, 22.71s/it]
 21%|██        | 26/125 [06:25<32:56, 19.97s/it]
 22%|██▏       | 27/125 [06:38<29:31, 18.08s/it]
 22%|██▏       | 28/125 [06:52<27:04, 16.75s/it]
 23%|██▎       | 29/125 [07:06<25:22, 15.86s/it]
 24%|██▍       | 30/125 [07:19<23:59, 15.16s/it]
 25%|██▍       | 31/125 [07:33<23:05, 14.74s/it]
 26%|██▌       | 32/125 [07:47<22:20, 14.41s/it]
 26%|██▋       | 33/125 [08:00<21:44, 14.18s/it]
 27%|██▋       | 34/125 [08:14<21:19, 14.06s/it]
 28%|██▊       | 35/125 [08:28<20:51, 13.90s/it]
 29%|██▉       | 36/125 [08:41<20:32, 13.85s/it]
 30%|██▉       | 37/125 [08:55<20:09, 13.74s/it]
 30%|███       | 38/125 [09:09<19:56, 13.75s/it]
 31%|█    [nf-probe] train nf-RMS=1.0343e-04   val nf-RMS=5.9403e-05 [m]  (@nf=1000)
(0,)
It   50, sqrt loss 0.001891, Val sim-RMS 0.0004838, Time Loss: 91.3%, data: 0.5%, val: 8.1%, 14.9 sec/batch
██       | 39/125 [09:22<19:40, 13.72s/it]
 32%|███▏      | 40/125 [09:36<19:28, 13.75s/it]
 33%|███▎      | 41/125 [09:49<19:08, 13.67s/it]
 34%|███▎      | 42/125 [10:03<18:53, 13.66s/it]
 34%|███▍      | 43/125 [10:17<18:38, 13.64s/it]
 35%|███▌      | 44/125 [10:30<18:24, 13.64s/it]
 36%|███▌      | 45/125 [10:44<18:13, 13.67s/it]
 37%|███▋      | 46/125 [10:58<17:56, 13.63s/it]
 38%|███▊      | 47/125 [11:11<17:43, 13.63s/it]
 38%|███▊      | 48/125 [11:25<17:29, 13.63s/it]
 39%|███▉      | 49/125 [11:38<17:15, 13.63s/it]
 40%|████      | 50/125 [12:22<28:24, 22.73s/it]
 41%|████      | 51/125 [12:36<24:36, 19.96s/it]
 42%|████▏     | 52/125 [12:50<21:58, 18.06s/it]
 42%|████▏     | 53/125 [13:03<20:04, 16.73s/it]
 43%|████▎     | 54/125 [13:17<18:41, 15.79s/it]
 44%|████▍     | 55/125 [13:31<17:43, 15.19s/it]
 45%|████▍     | 56/125 [13:44<16:55, 14.72s/it]
 46%|████▌     | 57/125 [13:58<16:18, 14.39s/it]
 46%|████▋     | 58/125 [14:12<15:51, 14.20s/it]
 47%|████▋     | 59/125 [14:25<15:27, 14.05s/it]
 48%|████▊     | 60/125 [14:39<15:08, 13.97s/it]
 49%|████▉     | 61/125 [14:53<14:46, 13.84s/it]
 50%|████▉     | 62/125 [15:06<14:28, 13.79s/it]
 50%|█████     | 63/125 [15:20<14:12, 13.75s/it]
 51%|█████     | 64/125 [15:34<13:57, 13.72s/it]
 52%|█████▏    | 65/125 [15:47<13:42, 13.70s/it]
 53%|█████▎    | 66/125 [16:01<13:29, 13.73s/it]
 54%|█████▎    | 67/125 [16:15<13:12, 13.66s/it]
 54%|█████▍    | 68/125 [16:28<13:00, 13.70s/it]
 55%|█████▌    | 69/125 [16:42<12:43, 13.64s/it]
 56%|█████▌    | 70/125 [16:56<12:34, 13.72s/it]
 57%|█████▋    | 71/125 [17:09<12:19, 13.69s/it]
 58%|█████▊    | 72/125 [17:23<12:05, 13.68s/it]
 58%|█████▊    | 73/125 [17:37<11:48, 13.63s/it]
     [nf-probe] train nf-RMS=9.0210e-05   val nf-RMS=5.4018e-05 [m]  (@nf=1000)
(0,)
It   75, sqrt loss 0.001834, Val sim-RMS 0.0008037, Time Loss: 91.3%, data: 0.6%, val: 8.1%, 14.9 sec/batch
59%|█████▉    | 74/125 [17:50<11:35, 13.63s/it]
 60%|██████    | 75/125 [18:34<18:54, 22.69s/it]
 61%|██████    | 76/125 [18:48<16:19, 19.98s/it]
 62%|██████▏   | 77/125 [19:01<14:28, 18.08s/it]
 62%|██████▏   | 78/125 [19:15<13:07, 16.75s/it]
 63%|██████▎   | 79/125 [19:29<12:07, 15.82s/it]
 64%|██████▍   | 80/125 [19:42<11:21, 15.15s/it]
 65%|██████▍   | 81/125 [19:56<10:46, 14.70s/it]
 66%|██████▌   | 82/125 [20:09<10:18, 14.37s/it]
 66%|██████▋   | 83/125 [20:23<09:55, 14.18s/it]
 67%|██████▋   | 84/125 [20:37<09:32, 13.97s/it]
 68%|██████▊   | 85/125 [20:50<09:16, 13.91s/it]
 69%|██████▉   | 86/125 [21:04<08:59, 13.83s/it]
 70%|██████▉   | 87/125 [21:18<08:43, 13.77s/it]
 70%|███████   | 88/125 [21:31<08:29, 13.77s/it]
 71%|███████   | 89/125 [21:45<08:13, 13.70s/it]
 72%|██████    [nf-probe] train nf-RMS=8.9168e-05   val nf-RMS=5.5235e-05 [m]  (@nf=1000)
(0,)
It  100, sqrt loss 0.001816, Val sim-RMS 0.0007393, Time Loss: 91.3%, data: 0.6%, val: 8.1%, 14.9 sec/batch
█▏  | 90/125 [21:59<07:58, 13.68s/it]
 73%|███████▎  | 91/125 [22:13<07:47, 13.75s/it]
 74%|███████▎  | 92/125 [22:26<07:31, 13.68s/it]
 74%|███████▍  | 93/125 [22:40<07:18, 13.71s/it]
 75%|███████▌  | 94/125 [22:53<07:04, 13.69s/it]
 76%|███████▌  | 95/125 [23:07<06:50, 13.67s/it]
 77%|███████▋  | 96/125 [23:21<06:36, 13.66s/it]
 78%|███████▊  | 97/125 [23:34<06:21, 13.62s/it]
 78%|███████▊  | 98/125 [23:48<06:10, 13.71s/it]
 79%|███████▉  | 99/125 [24:02<05:54, 13.65s/it]
 80%|████████  | 100/125 [24:46<09:27, 22.71s/it]
 81%|████████  | 101/125 [24:59<07:58, 19.95s/it]
 82%|████████▏ | 102/125 [25:13<06:56, 18.09s/it]
 82%|████████▏ | 103/125 [25:26<06:07, 16.71s/it]
 83%|████████▎ | 104/125 [25:40<05:32, 15.83s/it]
 84%|████████▍ | 105/125 [25:54<05:02, 15.14s/it]
 85%|████████▍ | 106/125 [26:07<04:39, 14.73s/it]
 86%|████████▌ | 107/125 [26:21<04:19, 14.40s/it]
 86%|████████▋ | 108/125 [26:35<04:01, 14.18s/it]
 87%|████████▋ | 109/125 [26:48<03:44, 14.06s/it]
 88%|████████▊ | 110/125 [27:02<03:29, 13.94s/it]
 89%|████████▉ | 111/125 [27:16<03:13, 13.82s/it]
 90%|████████▉ | 112/125 [27:29<02:58, 13.76s/it]
 90%|█████████ | 113/125 [27:43<02:45, 13.76s/it]
 91%|█████████ | 114/125 [27:57<02:31, 13.74s/it]
 92%|█████████▏| 115/125 [28:10<02:17, 13.71s/it]
 93%|█████████▎| 116/125 [28:24<02:03, 13.73s/it]
 94%|█████████▎| 117/125 [28:38<01:49, 13.66s/it]
 94%|█████████▍| 118/125 [28:51<01:35, 13.65s/it]
 95%|█████████▌| 119/125 [29:05<01:21, 13.65s/it]
 96%|█████████▌| 120/125 [29:19<01:    [nf-probe] train nf-RMS=8.6681e-05   val nf-RMS=5.6656e-05 [m]  (@nf=1000)
(0,)
It  125, sqrt loss 0.001796, Val sim-RMS 0.0007329, Time Loss: 91.3%, data: 0.5%, val: 8.1%, 14.9 sec/batch
08, 13.70s/it]
 97%|█████████▋| 121/125 [29:33<00:54, 13.72s/it]
 98%|█████████▊| 122/125 [29:46<00:41, 13.67s/it]
 98%|█████████▊| 123/125 [30:00<00:27, 13.70s/it]
 99%|█████████▉| 124/125 [30:13<00:13, 13.65s/it]
100%|██████████| 125/125 [30:57<00:00, 22.72s/it]
100%|██████████| 125/125 [30:57<00:00, 14.86s/it]
Loaded model with best known validation sim-RMS of 8.015e-05 which happened on epoch 0 (epoch_id=0.00)
Model already initilized (init_model_done=True), skipping initilizing of the model, the norm and the creation of the optimizer
Size of the training array =  153.3 MB
N_training_samples = 6580, batch_size = 256, N_batch_updates_per_epoch = 25
    [nf-probe] train nf-RMS=9.3265e-05   val nf-RMS=5.7341e-05 [m]  (@nf=1000)
(0,)
Initial Validation sim-RMS= 8.014968e-05

  0%|          | 0/125 [00:00<?, ?it/s]
  1%|          | 1/125 [00:13<27:52, 13.49s/it]
  2%|▏         | 2/125 [00:27<27:58, 13.65s/it]
  2%|▏         | 3/125 [00:40<27:43, 13.64s/it]
  3%|▎         | 4/125 [00:54<27:30, 13.64s/it]
  4%|▍         | 5/125 [01:08<27:16, 13.63s/it]
  5%|▍         | 6/125 [01:21<27:07, 13.68s/it]
  6%|▌         | 7/125 [01:35<26:46, 13.62s/it]
  6%|▋         | 8/125 [01:49<26:40, 13.68s/it]
  7%|▋         | 9/125 [02:02<26:25, 13.67s/it]
  8%|▊         | 10/125 [02:16<26:10, 13.66s/it]
  9%|▉         | 11/125 [02:30<25:55, 13.65s/it]
 10%|▉         | 12/125 [02:43<25:47, 13.69s/it]
 10%|█         | 13/125 [02:57<25:26, 13.63s/it]
 11%|█         | 14/125 [03:10<25:12, 13.62s/it]
 12%|█▏        | 15/125 [03:24<25:02, 13.66s/it]
 13%|█▎        | 16/125 [03:38<24:42, 13.60s/it]
 14%|█▎        | 17/125 [03:51<24:33, 13.65s/it]
 14%|█▍        | 18/125 [04:05<24:21, 13.66s/it]
 15%|█▌        | 19/125 [04:19<24:07, 13.66s/it]
 16%|█▌        [nf-probe] train nf-RMS=8.5204e-05   val nf-RMS=5.4630e-05 [m]  (@nf=1000)
(0,)
It   25, sqrt loss 0.002333, Val sim-RMS 0.000652, Time Loss: 91.3%, data: 0.6%, val: 8.0%, 14.8 sec/batch
    | 20/125 [04:32<23:53, 13.65s/it]
 17%|█▋        | 21/125 [04:46<23:43, 13.69s/it]
 18%|█▊        | 22/125 [05:00<23:24, 13.64s/it]
 18%|█▊        | 23/125 [05:13<23:10, 13.64s/it]
 19%|█▉        | 24/125 [05:27<23:05, 13.72s/it]
 20%|██        | 25/125 [06:11<37:44, 22.64s/it]
 21%|██        | 26/125 [06:24<32:50, 19.90s/it]
 22%|██▏       | 27/125 [06:38<29:25, 18.02s/it]
 22%|██▏       | 28/125 [06:52<27:03, 16.74s/it]
 23%|██▎       | 29/125 [07:05<25:12, 15.76s/it]
 24%|██▍       | 30/125 [07:19<23:59, 15.15s/it]
 25%|██▍       | 31/125 [07:32<23:01, 14.69s/it]
 26%|██▌       | 32/125 [07:46<22:12, 14.33s/it]
 26%|██▋       | 33/125 [08:00<21:42, 14.16s/it]
 27%|██▋       | 34/125 [08:13<21:13, 13.99s/it]
 28%|██▊       | 35/125 [08:27<20:49, 13.88s/it]
 29%|██▉       | 36/125 [08:41<20:28, 13.80s/it]
 30%|██▉       | 37/125 [08:54<20:09, 13.75s/it]
 30%|███       | 38/125 [09:08<19:52, 13.70s/it]
 31%|█    [nf-probe] train nf-RMS=1.0343e-04   val nf-RMS=5.9403e-05 [m]  (@nf=1000)
(0,)
It   50, sqrt loss 0.001891, Val sim-RMS 0.0004838, Time Loss: 91.3%, data: 0.6%, val: 8.1%, 14.8 sec/batch
██       | 39/125 [09:22<19:43, 13.76s/it]
 32%|███▏      | 40/125 [09:35<19:26, 13.72s/it]
 33%|███▎      | 41/125 [09:49<19:06, 13.65s/it]
 34%|███▎      | 42/125 [10:02<18:52, 13.64s/it]
 34%|███▍      | 43/125 [10:16<18:41, 13.68s/it]
 35%|███▌      | 44/125 [10:30<18:23, 13.62s/it]
 36%|███▌      | 45/125 [10:43<18:10, 13.63s/it]
 37%|███▋      | 46/125 [10:57<18:01, 13.69s/it]
 38%|███▊      | 47/125 [11:11<17:48, 13.70s/it]
 38%|███▊      | 48/125 [11:24<17:33, 13.68s/it]
 39%|███▉      | 49/125 [11:38<17:15, 13.62s/it]
 40%|████      | 50/125 [12:22<28:20, 22.67s/it]
 41%|████      | 51/125 [12:35<24:33, 19.91s/it]
 42%|████▏     | 52/125 [12:49<21:58, 18.06s/it]
 42%|████▏     | 53/125 [13:02<20:02, 16.69s/it]
 43%|████▎     | 54/125 [13:16<18:39, 15.76s/it]
 44%|████▍     | 55/125 [13:30<17:44, 15.20s/it]
 45%|████▍     | 56/125 [13:43<16:53, 14.69s/it]
 46%|████▌     | 57/125 [13:57<16:17, 14.37s/it]
 46%|████▋     | 58/125 [14:11<15:47, 14.14s/it]
 47%|████▋     | 59/125 [14:24<15:26, 14.04s/it]
 48%|████▊     | 60/125 [14:38<15:04, 13.91s/it]
 49%|████▉     | 61/125 [14:52<14:44, 13.83s/it]
 50%|████▉     | 62/125 [15:05<14:27, 13.77s/it]
 50%|█████     | 63/125 [15:19<14:10, 13.72s/it]
 51%|█████     | 64/125 [15:33<13:55, 13.70s/it]
 52%|█████▏    | 65/125 [15:46<13:40, 13.68s/it]
 53%|█████▎    | 66/125 [16:00<13:25, 13.66s/it]
 54%|█████▎    | 67/125 [16:14<13:13, 13.68s/it]
 54%|█████▍    | 68/125 [16:27<13:01, 13.71s/it]
 55%|█████▌    | 69/125 [16:41<12:46, 13.68s/it]
 56%|█████▌    | 70/125 [16:55<12:31, 13.66s/it]
 57%|█████▋    | 71/125 [17:08<12:17, 13.66s/it]
 58%|█████▊    | 72/125 [17:22<12:03, 13.65s/it]
 58%|█████▊    | 73/125 [17:35<11:49, 13.65s/it]
     [nf-probe] train nf-RMS=9.0210e-05   val nf-RMS=5.4018e-05 [m]  (@nf=1000)
(0,)
It   75, sqrt loss 0.001834, Val sim-RMS 0.0008037, Time Loss: 91.4%, data: 0.6%, val: 8.1%, 14.8 sec/batch
59%|█████▉    | 74/125 [17:49<11:33, 13.59s/it]
 60%|██████    | 75/125 [18:33<18:54, 22.69s/it]
 61%|██████    | 76/125 [18:46<16:16, 19.92s/it]
 62%|██████▏   | 77/125 [19:00<14:27, 18.07s/it]
 62%|██████▏   | 78/125 [19:14<13:04, 16.70s/it]
 63%|██████▎   | 79/125 [19:27<12:05, 15.77s/it]
 64%|██████▍   | 80/125 [19:41<11:20, 15.12s/it]
 65%|██████▍   | 81/125 [19:54<10:45, 14.67s/it]
 66%|██████▌   | 82/125 [20:08<10:17, 14.36s/it]
 66%|██████▋   | 83/125 [20:22<09:55, 14.17s/it]
 67%|██████▋   | 84/125 [20:35<09:32, 13.97s/it]
 68%|██████▊   | 85/125 [20:49<09:18, 13.95s/it]
 69%|██████▉   | 86/125 [21:03<08:58, 13.81s/it]
 70%|██████▉   | 87/125 [21:16<08:43, 13.79s/it]
 70%|███████   | 88/125 [21:30<08:26, 13.70s/it]
 71%|███████   | 89/125 [21:44<08:13, 13.71s/it]
 72%|██████    [nf-probe] train nf-RMS=8.9168e-05   val nf-RMS=5.5235e-05 [m]  (@nf=1000)
(0,)
It  100, sqrt loss 0.001816, Val sim-RMS 0.0007393, Time Loss: 91.3%, data: 0.6%, val: 8.1%, 14.8 sec/batch
█▏  | 90/125 [21:57<07:57, 13.64s/it]
 73%|███████▎  | 91/125 [22:11<07:44, 13.67s/it]
 74%|███████▎  | 92/125 [22:25<07:31, 13.69s/it]
 74%|███████▍  | 93/125 [22:38<07:16, 13.63s/it]
 75%|███████▌  | 94/125 [22:52<07:02, 13.63s/it]
 76%|███████▌  | 95/125 [23:05<06:48, 13.63s/it]
 77%|███████▋  | 96/125 [23:19<06:35, 13.62s/it]
 78%|███████▊  | 97/125 [23:33<06:23, 13.71s/it]
 78%|███████▊  | 98/125 [23:46<06:08, 13.64s/it]
 79%|███████▉  | 99/125 [24:00<05:54, 13.63s/it]
 80%|████████  | 100/125 [24:44<09:26, 22.68s/it]
 81%|████████  | 101/125 [24:57<07:58, 19.96s/it]
 82%|████████▏ | 102/125 [25:11<06:54, 18.01s/it]
 82%|████████▏ | 103/125 [25:24<06:07, 16.69s/it]
 83%|████████▎ | 104/125 [25:38<05:32, 15.85s/it]
 84%|████████▍ | 105/125 [25:52<05:03, 15.19s/it]
 85%|████████▍ | 106/125 [26:05<04:38, 14.68s/it]
 86%|████████▌ | 107/125 [26:19<04:18, 14.37s/it]
 86%|████████▋ | 108/125 [26:33<04:00, 14.14s/it]
 87%|████████▋ | 109/125 [26:46<03:43, 13.99s/it]
 88%|████████▊ | 110/125 [27:00<03:28, 13.91s/it]
 89%|████████▉ | 111/125 [27:14<03:13, 13.82s/it]
 90%|████████▉ | 112/125 [27:27<02:58, 13.75s/it]
 90%|█████████ | 113/125 [27:41<02:43, 13.67s/it]
 91%|█████████ | 114/125 [27:55<02:31, 13.74s/it]
 92%|█████████▏| 115/125 [28:08<02:16, 13.67s/it]
 93%|█████████▎| 116/125 [28:22<02:02, 13.66s/it]
 94%|█████████▎| 117/125 [28:36<01:49, 13.69s/it]
 94%|█████████▍| 118/125 [28:49<01:35, 13.62s/it]
 95%|█████████▌| 119/125 [29:03<01:21, 13.61s/it]
 96%|█████████▌| 120/125 [29:16<01:    [nf-probe] train nf-RMS=8.6681e-05   val nf-RMS=5.6656e-05 [m]  (@nf=1000)
(0,)
It  125, sqrt loss 0.001796, Val sim-RMS 0.0007329, Time Loss: 91.3%, data: 0.6%, val: 8.1%, 14.8 sec/batch
08, 13.67s/it]
 97%|█████████▋| 121/125 [29:30<00:54, 13.66s/it]
 98%|█████████▊| 122/125 [29:44<00:40, 13.65s/it]
 98%|█████████▊| 123/125 [29:57<00:27, 13.69s/it]
 99%|█████████▉| 124/125 [30:11<00:13, 13.63s/it]
100%|██████████| 125/125 [30:55<00:00, 22.68s/it]
100%|██████████| 125/125 [30:55<00:00, 14.84s/it]
Loaded model with best known validation sim-RMS of 8.015e-05 which happened on epoch 0 (epoch_id=0.00)
Trial 1: bestfit (val sim-RMS) = 0.000080
[I 2026-07-09 01:01:36,396] Trial 1 finished with value: 8.0149678979069e-05 and parameters: {'lr': 1.5702970884055366e-06, 'nf': 1000}. Best is trial 0 with value: 8.0149678979069e-05.

======================================================================
Trial 2:  lr=2.938e-08  nf=400  (routing=(0, 1, 2, 3, 4, 5, 6, 7), stride=100)
======================================================================
WARNING: baseline_states.npz not found, using finite-diff states for normalization
Model already initilized (init_model_done=True), skipping initilizing of the model, the norm and the creation of the optimizer
Size of the training array =  63.8 MB
N_training_samples = 6664, batch_size = 256, N_batch_updates_per_epoch = 26
    [nf-probe] train nf-RMS=4.3441e-05   val nf-RMS=3.1844e-05 [m]  (@nf=400)
(0,)
Initial Validation sim-RMS= 8.014968e-05

  0%|          | 0/130 [00:00<?, ?it/s]
  1%|          | 1/130 [00:05<11:15,  5.24s/it]
  2%|▏         | 2/130 [00:10<11:26,  5.36s/it]
  2%|▏         | 3/130 [00:16<11:19,  5.35s/it]
  3%|▎         | 4/130 [00:21<11:16,  5.37s/it]
  4%|▍         | 5/130 [00:26<11:07,  5.34s/it]
  5%|▍         | 6/130 [00:32<11:07,  5.38s/it]
  5%|▌         | 7/130 [00:37<11:00,  5.37s/it]
  6%|▌         | 8/130 [00:42<10:50,  5.33s/it]
  7%|▋         | 9/130 [00:48<10:50,  5.38s/it]
  8%|▊         | 10/130 [00:53<10:47,  5.40s/it]
  8%|▊         | 11/130 [00:58<10:38,  5.36s/it]
  9%|▉         | 12/130 [01:04<10:30,  5.34s/it]
 10%|█         | 13/130 [01:09<10:28,  5.38s/it]
 11%|█         | 14/130 [01:15<10:24,  5.38s/it]
 12%|█▏        | 15/130 [01:20<10:17,  5.37s/it]
 12%|█▏        | 16/130 [01:25<10:10,  5.35s/it]
 13%|█▎        | 17/130 [01:31<10:08,  5.38s/it]
 14%|█▍        | 18/130 [01:36<10:05,  5.40s/it]
 15%|█▍        | 19/130 [01:41<09:54,  5.36s/it]
 15%|█▌        [nf-probe] train nf-RMS=4.3393e-05   val nf-RMS=3.1233e-05 [m]  (@nf=400)
(0,)
It   26, sqrt loss 0.001174, Val sim-RMS 0.0003831, Time Loss: 83.9%, data: 0.3%, val: 15.8%,  6.4 sec/batch
    | 20/130 [01:47<09:48,  5.35s/it]
 16%|█▌        | 21/130 [01:52<09:46,  5.38s/it]
 17%|█▋        | 22/130 [01:58<09:38,  5.35s/it]
 18%|█▊        | 23/130 [02:03<09:35,  5.38s/it]
 18%|█▊        | 24/130 [02:08<09:32,  5.40s/it]
 19%|█▉        | 25/130 [02:14<09:22,  5.35s/it]
 20%|██        | 26/130 [02:45<22:58, 13.25s/it]
 21%|██        | 27/130 [02:51<18:37, 10.85s/it]
 22%|██▏       | 28/130 [02:56<15:43,  9.25s/it]
 22%|██▏       | 29/130 [03:01<13:34,  8.06s/it]
 23%|██▎       | 30/130 [03:07<12:07,  7.28s/it]
 24%|██▍       | 31/130 [03:12<11:01,  6.68s/it]
 25%|██▍       | 32/130 [03:17<10:12,  6.25s/it]
 25%|██▌       | 33/130 [03:23<09:44,  6.02s/it]
 26%|██▌       | 34/130 [03:28<09:20,  5.84s/it]
 27%|██▋       | 35/130 [03:34<09:00,  5.69s/it]
 28%|██▊       | 36/130 [03:39<08:42,  5.56s/it]
 28%|██▊       | 37/130 [03:44<08:33,  5.52s/it]
 29%|██▉       | 38/130 [03:50<08:27,  5.52s/it]
 30%|█�    [nf-probe] train nf-RMS=4.3084e-05   val nf-RMS=3.1714e-05 [m]  (@nf=400)
(0,)
It   52, sqrt loss 0.001173, Val sim-RMS 0.0008772, Time Loss: 83.9%, data: 0.2%, val: 15.8%,  6.4 sec/batch
�█       | 39/130 [03:55<08:14,  5.44s/it]
 31%|███       | 40/130 [04:00<08:06,  5.41s/it]
 32%|███▏      | 41/130 [04:06<08:02,  5.42s/it]
 32%|███▏      | 42/130 [04:11<07:57,  5.43s/it]
 33%|███▎      | 43/130 [04:17<07:48,  5.39s/it]
 34%|███▍      | 44/130 [04:22<07:40,  5.36s/it]
 35%|███▍      | 45/130 [04:27<07:38,  5.39s/it]
 35%|███▌      | 46/130 [04:33<07:30,  5.36s/it]
 36%|███▌      | 47/130 [04:38<07:27,  5.39s/it]
 37%|███▋      | 48/130 [04:44<07:23,  5.41s/it]
 38%|███▊      | 49/130 [04:49<07:14,  5.37s/it]
 38%|███▊      | 50/130 [04:54<07:11,  5.40s/it]
 39%|███▉      | 51/130 [05:00<07:02,  5.35s/it]
 40%|████      | 52/130 [05:31<17:13, 13.25s/it]
 41%|████      | 53/130 [05:36<13:55, 10.85s/it]
 42%|████▏     | 54/130 [05:42<11:42,  9.24s/it]
 42%|████▏     | 55/130 [05:47<10:04,  8.06s/it]
 43%|████▎     | 56/130 [05:53<08:57,  7.26s/it]
 44%|████▍     | 57/130 [05:58<08:07,  6.68s/it]
 45%|████▍     | 58/130 [06:03<07:31,  6.27s/it]
 45%|████▌     | 59/130 [06:09<07:07,  6.02s/it]
 46%|████▌     | 60/130 [06:14<06:49,  5.85s/it]
 47%|████▋     | 61/130 [06:19<06:31,  5.67s/it]
 48%|████▊     | 62/130 [06:25<06:18,  5.56s/it]
 48%|████▊     | 63/130 [06:30<06:10,  5.53s/it]
 49%|████▉     | 64/130 [06:35<06:00,  5.46s/it]
 50%|█████     | 65/130 [06:41<05:54,  5.45s/it]
 51%|█████     | 66/130 [06:46<05:49,  5.47s/it]
 52%|█████▏    | 67/130 [06:52<05:41,  5.42s/it]
 52%|█████▏    | 68/130 [06:57<05:32,  5.36s/it]
 53%|█████▎    | 69/130 [07:02<05:29,  5.40s/it]
 54%|█████▍    | 70/130 [07:08<05:22,  5.37s/it]
 55%|█████▍    | 71/130 [07:13<05:17,  5.38s/it]
 55%|█████▌    | 72/130 [07:19<05:13,  5.40s/it]
 56%|█████▌    | 73/130 [07:24<05:06,  5.37s/it]
 57%|██�    [nf-probe] train nf-RMS=4.2793e-05   val nf-RMS=3.1607e-05 [m]  (@nf=400)
(0,)
It   78, sqrt loss 0.001172, Val sim-RMS 0.001174, Time Loss: 83.9%, data: 0.3%, val: 15.8%,  6.4 sec/batch
�██▋    | 74/130 [07:29<05:02,  5.41s/it]
 58%|█████▊    | 75/130 [07:35<04:55,  5.37s/it]
 58%|█████▊    | 76/130 [07:40<04:50,  5.38s/it]
 59%|█████▉    | 77/130 [07:45<04:44,  5.37s/it]
 60%|██████    | 78/130 [08:17<11:26, 13.20s/it]
 61%|██████    | 79/130 [08:22<09:11, 10.82s/it]
 62%|██████▏   | 80/130 [08:28<07:41,  9.22s/it]
 62%|██████▏   | 81/130 [08:33<06:34,  8.05s/it]
 63%|██████▎   | 82/130 [08:38<05:46,  7.21s/it]
 64%|██████▍   | 83/130 [08:44<05:13,  6.68s/it]
 65%|██████▍   | 84/130 [08:49<04:51,  6.33s/it]
 65%|██████▌   | 85/130 [08:54<04:30,  6.00s/it]
 66%|██████▌   | 86/130 [09:00<04:15,  5.81s/it]
 67%|██████▋   | 87/130 [09:05<04:05,  5.70s/it]
 68%|██████▊   | 88/130 [09:10<03:53,  5.56s/it]
 68%|██████▊   | 89/130 [09:16<03:47,  5.54s/it]
 69%|██████▉   | 90/130 [09    [nf-probe] train nf-RMS=4.2963e-05   val nf-RMS=3.1424e-05 [m]  (@nf=400)
(0,)
It  104, sqrt loss 0.00117, Val sim-RMS 0.001383, Time Loss: 83.9%, data: 0.3%, val: 15.8%,  6.4 sec/batch
:21<03:40,  5.52s/it]
 70%|███████   | 91/130 [09:27<03:32,  5.45s/it]
 71%|███████   | 92/130 [09:32<03:25,  5.40s/it]
 72%|███████▏  | 93/130 [09:37<03:20,  5.41s/it]
 72%|███████▏  | 94/130 [09:43<03:13,  5.37s/it]
 73%|███████▎  | 95/130 [09:48<03:08,  5.39s/it]
 74%|███████▍  | 96/130 [09:54<03:04,  5.42s/it]
 75%|███████▍  | 97/130 [09:59<02:57,  5.37s/it]
 75%|███████▌  | 98/130 [10:04<02:52,  5.39s/it]
 76%|███████▌  | 99/130 [10:10<02:46,  5.36s/it]
 77%|███████▋  | 100/130 [10:15<02:41,  5.39s/it]
 78%|███████▊  | 101/130 [10:20<02:35,  5.37s/it]
 78%|███████▊  | 102/130 [10:26<02:31,  5.40s/it]
 79%|███████▉  | 103/130 [10:31<02:25,  5.38s/it]
 80%|████████  | 104/130 [11:03<05:44, 13.25s/it]
 81%|████████  | 105/130 [11:08<04:31, 10.85s/it]
 82%|████████▏ | 106/130 [11:14<03:41,  9.24s/it]
 82%|████████▏ | 107/130 [11:19<03:05,  8.06s/it]
 83%|████████▎ | 108/130 [11:24<02:40,  7.27s/it]
 84%|████████▍ | 109/130 [11:30<02:20,  6.69s/it]
 85%|████████▍ | 110/130 [11:35<02:05,  6.27s/it]
 85%|████████▌ | 111/130 [11:40<01:54,  6.01s/it]
 86%|████████▌ | 112/130 [11:46<01:44,  5.81s/it]
 87%|████████▋ | 113/130 [11:51<01:36,  5.69s/it]
 88%|████████▊ | 114/130 [11:56<01:29,  5.61s/it]
 88%|████████▊ | 115/130 [12:02<01:22,  5.52s/it]
 89%|████████▉ | 116/130 [12:07<01:16,  5.46s/it]
 90%|█████████ | 117/130 [12:13<01:10,  5.45s/it]
 91%|█████████ | 118/130 [12:18<01:05,  5.42s/it]
 92%|█████████▏| 119/130 [12:23<00:59,  5.41s/it]
 92%|█████████▏| 120/130 [12:29<00:54,  5.44s/it]
 93%|██████�    [nf-probe] train nf-RMS=4.2821e-05   val nf-RMS=3.0607e-05 [m]  (@nf=400)
(0,)
It  130, sqrt loss 0.00117, Val sim-RMS 0.001428, Time Loss: 83.9%, data: 0.3%, val: 15.8%,  6.4 sec/batch
�██▎| 121/130 [12:34<00:48,  5.40s/it]
 94%|█████████▍| 122/130 [12:40<00:43,  5.42s/it]
 95%|█████████▍| 123/130 [12:45<00:37,  5.38s/it]
 95%|█████████▌| 124/130 [12:50<00:32,  5.40s/it]
 96%|█████████▌| 125/130 [12:56<00:26,  5.35s/it]
 97%|█████████▋| 126/130 [13:01<00:21,  5.38s/it]
 98%|█████████▊| 127/130 [13:06<00:16,  5.35s/it]
 98%|█████████▊| 128/130 [13:12<00:10,  5.35s/it]
 99%|█████████▉| 129/130 [13:17<00:05,  5.38s/it]
100%|██████████| 130/130 [13:49<00:00, 13.26s/it]
100%|██████████| 130/130 [13:49<00:00,  6.38s/it]
Loaded model with best known validation sim-RMS of 8.015e-05 which happened on epoch 0 (epoch_id=0.00)
Model already initilized (init_model_done=True), skipping initilizing of the model, the norm and the creation of the optimizer
Size of the training array =  63.8 MB
N_training_samples = 6664, batch_size = 256, N_batch_updates_per_epoch = 26
    [nf-probe] train nf-RMS=4.3441e-05   val nf-RMS=3.1844e-05 [m]  (@nf=400)
(0,)
Initial Validation sim-RMS= 8.014968e-05

  0%|          | 0/130 [00:00<?, ?it/s]
  1%|          | 1/130 [00:05<11:16,  5.24s/it]
  2%|▏         | 2/130 [00:10<11:27,  5.37s/it]
  2%|▏         | 3/130 [00:15<11:17,  5.33s/it]
  3%|▎         | 4/130 [00:21<11:10,  5.32s/it]
  4%|▍         | 5/130 [00:26<11:10,  5.37s/it]
  5%|▍         | 6/130 [00:32<11:11,  5.41s/it]
  5%|▌         | 7/130 [00:37<10:59,  5.36s/it]
  6%|▌         | 8/130 [00:42<10:51,  5.34s/it]
  7%|▋         | 9/130 [00:48<10:49,  5.37s/it]
  8%|▊         | 10/130 [00:53<10:41,  5.35s/it]
  8%|▊         | 11/130 [00:58<10:39,  5.38s/it]
  9%|▉         | 12/130 [01:04<10:37,  5.40s/it]
 10%|█         | 13/130 [01:09<10:28,  5.37s/it]
 11%|█         | 14/130 [01:15<10:20,  5.35s/it]
 12%|█▏        | 15/130 [01:20<10:18,  5.37s/it]
 12%|█▏        | 16/130 [01:25<10:10,  5.35s/it]
 13%|█▎        | 17/130 [01:31<10:07,  5.38s/it]
 14%|█▍        | 18/130 [01:36<10:04,  5.40s/it]
 15%|█▍        | 19/130 [01:41<09:56,  5.37s/it]
 15%|█▌        [nf-probe] train nf-RMS=4.3393e-05   val nf-RMS=3.1233e-05 [m]  (@nf=400)
(0,)
It   26, sqrt loss 0.001174, Val sim-RMS 0.0003831, Time Loss: 83.3%, data: 0.7%, val: 16.0%,  6.4 sec/batch
    | 20/130 [01:47<09:53,  5.39s/it]
 16%|█▌        | 21/130 [01:52<09:44,  5.37s/it]
 17%|█▋        | 22/130 [01:58<09:42,  5.39s/it]
 18%|█▊        | 23/130 [02:03<09:34,  5.37s/it]
 18%|█▊        | 24/130 [02:08<09:31,  5.39s/it]
 19%|█▉        | 25/130 [02:14<09:23,  5.36s/it]
 20%|██        | 26/130 [02:46<23:05, 13.32s/it]
 21%|██        | 27/130 [02:51<18:42, 10.90s/it]
 22%|██▏       | 28/130 [02:56<15:44,  9.26s/it]
 22%|██▏       | 29/130 [03:02<13:37,  8.09s/it]
 23%|██▎       | 30/130 [03:07<12:08,  7.28s/it]
 24%|██▍       | 31/130 [03:12<11:01,  6.69s/it]
 25%|██▍       | 32/130 [03:18<10:14,  6.27s/it]
 25%|██▌       | 33/130 [03:23<09:45,  6.03s/it]
 26%|██▌       | 34/130 [03:28<09:16,  5.80s/it]
 27%|██▋       | 35/130 [03:34<09:00,  5.69s/it]
 28%|██▊       | 36/130 [03:39<08:48,  5.62s/it]
 28%|██▊       | 37/130 [03:45<08:33,  5.52s/it]
 29%|██▉       | 38/130 [03:50<08:21,  5.45s/it]
 30%|█�    [nf-probe] train nf-RMS=4.3084e-05   val nf-RMS=3.1714e-05 [m]  (@nf=400)
(0,)
It   52, sqrt loss 0.001173, Val sim-RMS 0.0008772, Time Loss: 83.4%, data: 0.7%, val: 15.9%,  6.4 sec/batch
�█       | 39/130 [03:55<08:17,  5.46s/it]
 31%|███       | 40/130 [04:01<08:06,  5.40s/it]
 32%|███▏      | 41/130 [04:06<08:02,  5.43s/it]
 32%|███▏      | 42/130 [04:11<07:56,  5.42s/it]
 33%|███▎      | 43/130 [04:17<07:48,  5.38s/it]
 34%|███▍      | 44/130 [04:22<07:44,  5.40s/it]
 35%|███▍      | 45/130 [04:28<07:36,  5.37s/it]
 35%|███▌      | 46/130 [04:33<07:33,  5.40s/it]
 36%|███▌      | 47/130 [04:38<07:25,  5.37s/it]
 37%|███▋      | 48/130 [04:44<07:22,  5.39s/it]
 38%|███▊      | 49/130 [04:49<07:14,  5.36s/it]
 38%|███▊      | 50/130 [04:54<07:08,  5.36s/it]
 39%|███▉      | 51/130 [05:00<07:03,  5.37s/it]
 40%|████      | 52/130 [05:32<17:16, 13.29s/it]
 41%|████      | 53/130 [05:37<13:58, 10.89s/it]
 42%|████▏     | 54/130 [05:42<11:42,  9.25s/it]
 42%|████▏     | 55/130 [05:48<10:04,  8.06s/it]
 43%|████▎     | 56/130 [05:53<08:55,  7.23s/it]
 44%|████▍     | 57/130 [05:58<08:08,  6.69s/it]
 45%|████▍     | 58/130 [06:04<07:31,  6.27s/it]
 45%|████▌     | 59/130 [06:09<07:08,  6.04s/it]
 46%|████▌     | 60/130 [06:14<06:49,  5.85s/it]
 47%|████▋     | 61/130 [06:20<06:32,  5.69s/it]
 48%|████▊     | 62/130 [06:25<06:18,  5.57s/it]
 48%|████▊     | 63/130 [06:31<06:11,  5.55s/it]
 49%|████▉     | 64/130 [06:36<06:00,  5.46s/it]
 50%|█████     | 65/130 [06:41<05:54,  5.46s/it]
 51%|█████     | 66/130 [06:47<05:49,  5.46s/it]
 52%|█████▏    | 67/130 [06:52<05:40,  5.41s/it]
 52%|█████▏    | 68/130 [06:57<05:36,  5.43s/it]
 53%|█████▎    | 69/130 [07:03<05:28,  5.38s/it]
 54%|█████▍    | 70/130 [07:08<05:24,  5.41s/it]
 55%|█████▍    | 71/130 [07:14<05:16,  5.37s/it]
 55%|█████▌    | 72/130 [07:19<05:13,  5.40s/it]
 56%|█████▌    | 73/130 [07:24<05:05,  5.37s/it]
 57%|██�    [nf-probe] train nf-RMS=4.2793e-05   val nf-RMS=3.1607e-05 [m]  (@nf=400)
(0,)
It   78, sqrt loss 0.001172, Val sim-RMS 0.001174, Time Loss: 83.4%, data: 0.7%, val: 16.0%,  6.4 sec/batch
�██▋    | 74/130 [07:30<04:59,  5.34s/it]
 58%|█████▊    | 75/130 [07:35<04:55,  5.37s/it]
 58%|█████▊    | 76/130 [07:40<04:51,  5.40s/it]
 59%|█████▉    | 77/130 [07:46<04:44,  5.37s/it]
 60%|██████    | 78/130 [08:18<11:32, 13.32s/it]
 61%|██████    | 79/130 [08:23<09:16, 10.91s/it]
 62%|██████▏   | 80/130 [08:28<07:42,  9.26s/it]
 62%|██████▏   | 81/130 [08:34<06:36,  8.08s/it]
 63%|██████▎   | 82/130 [08:39<05:49,  7.28s/it]
 64%|██████▍   | 83/130 [08:44<05:14,  6.69s/it]
 65%|██████▍   | 84/130 [08:50<04:48,  6.27s/it]
 65%|██████▌   | 85/130 [08:55<04:31,  6.02s/it]
 66%|██████▌   | 86/130 [09:00<04:15,  5.81s/it]
 67%|██████▋   | 87/130 [09:06<04:05,  5.70s/it]
 68%|██████▊   | 88/130 [09:11<03:54,  5.58s/it]
 68%|██████▊   | 89/130 [09:17<03:47,  5.54s/it]
 69%|██████▉   | 90/130 [09    [nf-probe] train nf-RMS=4.2963e-05   val nf-RMS=3.1424e-05 [m]  (@nf=400)
(0,)
It  104, sqrt loss 0.00117, Val sim-RMS 0.001383, Time Loss: 83.4%, data: 0.6%, val: 15.9%,  6.4 sec/batch
:22<03:40,  5.51s/it]
 70%|███████   | 91/130 [09:27<03:32,  5.45s/it]
 71%|███████   | 92/130 [09:33<03:27,  5.45s/it]
 72%|███████▏  | 93/130 [09:38<03:20,  5.42s/it]
 72%|███████▏  | 94/130 [09:44<03:14,  5.42s/it]
 73%|███████▎  | 95/130 [09:49<03:08,  5.38s/it]
 74%|███████▍  | 96/130 [09:54<03:03,  5.41s/it]
 75%|███████▍  | 97/130 [10:00<02:57,  5.38s/it]
 75%|███████▌  | 98/130 [10:05<02:51,  5.35s/it]
 76%|███████▌  | 99/130 [10:10<02:46,  5.38s/it]
 77%|███████▋  | 100/130 [10:16<02:42,  5.41s/it]
 78%|███████▊  | 101/130 [10:21<02:36,  5.39s/it]
 78%|███████▊  | 102/130 [10:26<02:30,  5.36s/it]
 79%|███████▉  | 103/130 [10:32<02:24,  5.37s/it]
 80%|████████  | 104/130 [11:04<05:46, 13.32s/it]
 81%|████████  | 105/130 [11:09<04:32, 10.90s/it]
 82%|████████▏ | 106/130 [11:14<03:41,  9.22s/it]
 82%|████████▏ | 107/130 [11:20<03:05,  8.08s/it]
 83%|████████▎ | 108/130 [11:25<02:40,  7.29s/it]
 84%|████████▍ | 109/130 [11:30<02:20,  6.70s/it]
 85%|████████▍ | 110/130 [11:36<02:05,  6.28s/it]
 85%|████████▌ | 111/130 [11:41<01:54,  6.03s/it]
 86%|████████▌ | 112/130 [11:47<01:44,  5.81s/it]
 87%|████████▋ | 113/130 [11:52<01:36,  5.70s/it]
 88%|████████▊ | 114/130 [11:57<01:30,  5.64s/it]
 88%|████████▊ | 115/130 [12:03<01:22,  5.53s/it]
 89%|████████▉ | 116/130 [12:08<01:17,  5.50s/it]
 90%|█████████ | 117/130 [12:13<01:10,  5.44s/it]
 91%|█████████ | 118/130 [12:19<01:05,  5.44s/it]
 92%|█████████▏| 119/130 [12:24<00:59,  5.41s/it]
 92%|█████████▏| 120/130 [12:30<00:54,  5.41s/it]
 93%|██████�    [nf-probe] train nf-RMS=4.2821e-05   val nf-RMS=3.0607e-05 [m]  (@nf=400)
(0,)
It  130, sqrt loss 0.00117, Val sim-RMS 0.001428, Time Loss: 83.4%, data: 0.6%, val: 16.0%,  6.4 sec/batch
�██▎| 121/130 [12:35<00:48,  5.37s/it]
 94%|█████████▍| 122/130 [12:40<00:42,  5.37s/it]
 95%|█████████▍| 123/130 [12:46<00:37,  5.37s/it]
 95%|█████████▌| 124/130 [12:51<00:32,  5.41s/it]
 96%|█████████▌| 125/130 [12:56<00:26,  5.36s/it]
 97%|█████████▋| 126/130 [13:02<00:21,  5.34s/it]
 98%|█████████▊| 127/130 [13:07<00:16,  5.39s/it]
 98%|█████████▊| 128/130 [13:13<00:10,  5.40s/it]
 99%|█████████▉| 129/130 [13:18<00:05,  5.37s/it]
100%|██████████| 130/130 [13:50<00:00, 13.32s/it]
100%|██████████| 130/130 [13:50<00:00,  6.39s/it]
Loaded model with best known validation sim-RMS of 8.015e-05 which happened on epoch 0 (epoch_id=0.00)
Model already initilized (init_model_done=True), skipping initilizing of the model, the norm and the creation of the optimizer
Size of the training array =  63.8 MB
N_training_samples = 6664, batch_size = 256, N_batch_updates_per_epoch = 26
    [nf-probe] train nf-RMS=4.3441e-05   val nf-RMS=3.1844e-05 [m]  (@nf=400)
(0,)
Initial Validation sim-RMS= 8.014968e-05

  0%|          | 0/130 [00:00<?, ?it/s]
  1%|          | 1/130 [00:05<11:17,  5.25s/it]
  2%|▏         | 2/130 [00:10<11:26,  5.36s/it]
  2%|▏         | 3/130 [00:15<11:17,  5.33s/it]
  3%|▎         | 4/130 [00:21<11:17,  5.38s/it]
  4%|▍         | 5/130 [00:26<11:08,  5.35s/it]
  5%|▍         | 6/130 [00:32<11:07,  5.39s/it]
  5%|▌         | 7/130 [00:37<10:58,  5.36s/it]
  6%|▌         | 8/130 [00:42<10:51,  5.34s/it]
  7%|▋         | 9/130 [00:48<10:51,  5.39s/it]
  8%|▊         | 10/130 [00:53<10:43,  5.36s/it]
  8%|▊         | 11/130 [00:58<10:39,  5.37s/it]
  9%|▉         | 12/130 [01:04<10:36,  5.40s/it]
 10%|█         | 13/130 [01:09<10:28,  5.37s/it]
 11%|█         | 14/130 [01:15<10:25,  5.39s/it]
 12%|█▏        | 15/130 [01:20<10:17,  5.37s/it]
 12%|█▏        | 16/130 [01:25<10:14,  5.39s/it]
 13%|█▎        | 17/130 [01:31<10:06,  5.37s/it]
 14%|█▍        | 18/130 [01:36<10:04,  5.39s/it]
 15%|█▍        | 19/130 [01:42<09:55,  5.37s/it]
 15%|█▌        [nf-probe] train nf-RMS=4.3393e-05   val nf-RMS=3.1233e-05 [m]  (@nf=400)
(0,)
It   26, sqrt loss 0.001174, Val sim-RMS 0.0003831, Time Loss: 83.4%, data: 0.7%, val: 15.9%,  6.4 sec/batch
    | 20/130 [01:47<09:48,  5.35s/it]
 16%|█▌        | 21/130 [01:52<09:46,  5.38s/it]
 17%|█▋        | 22/130 [01:58<09:43,  5.40s/it]
 18%|█▊        | 23/130 [02:03<09:34,  5.37s/it]
 18%|█▊        | 24/130 [02:08<09:28,  5.36s/it]
 19%|█▉        | 25/130 [02:14<09:24,  5.37s/it]
 20%|██        | 26/130 [02:46<23:07, 13.34s/it]
 21%|██        | 27/130 [02:51<18:43, 10.91s/it]
 22%|██▏       | 28/130 [02:56<15:40,  9.22s/it]
 22%|██▏       | 29/130 [03:02<13:37,  8.09s/it]
 23%|██▎       | 30/130 [03:07<12:10,  7.30s/it]
 24%|██▍       | 31/130 [03:12<11:03,  6.70s/it]
 25%|██▍       | 32/130 [03:18<10:15,  6.28s/it]
 25%|██▌       | 33/130 [03:23<09:45,  6.03s/it]
 26%|██▌       | 34/130 [03:29<09:19,  5.83s/it]
 27%|██▋       | 35/130 [03:34<09:01,  5.70s/it]
 28%|██▊       | 36/130 [03:39<08:48,  5.63s/it]
 28%|██▊       | 37/130 [03:45<08:35,  5.55s/it]
 29%|██▉       | 38/130 [03:50<08:26,  5.51s/it]
 30%|█�    [nf-probe] train nf-RMS=4.3084e-05   val nf-RMS=3.1714e-05 [m]  (@nf=400)
(0,)
It   52, sqrt loss 0.001173, Val sim-RMS 0.0008772, Time Loss: 83.4%, data: 0.6%, val: 16.0%,  6.4 sec/batch
�█       | 39/130 [03:55<08:15,  5.45s/it]
 31%|███       | 40/130 [04:01<08:10,  5.45s/it]
 32%|███▏      | 41/130 [04:06<08:01,  5.41s/it]
 32%|███▏      | 42/130 [04:12<07:56,  5.42s/it]
 33%|███▎      | 43/130 [04:17<07:48,  5.38s/it]
 34%|███▍      | 44/130 [04:22<07:42,  5.37s/it]
 35%|███▍      | 45/130 [04:28<07:37,  5.38s/it]
 35%|███▌      | 46/130 [04:33<07:33,  5.40s/it]
 36%|███▌      | 47/130 [04:39<07:26,  5.38s/it]
 37%|███▋      | 48/130 [04:44<07:18,  5.35s/it]
 38%|███▊      | 49/130 [04:49<07:15,  5.38s/it]
 38%|███▊      | 50/130 [04:55<07:13,  5.42s/it]
 39%|███▉      | 51/130 [05:00<07:05,  5.38s/it]
 40%|████      | 52/130 [05:32<17:19, 13.33s/it]
 41%|████      | 53/130 [05:37<13:59, 10.90s/it]
 42%|████▏     | 54/130 [05:43<11:44,  9.27s/it]
 42%|████▏     | 55/130 [05:48<10:07,  8.09s/it]
 43%|████▎     | 56/130 [05:53<08:57,  7.26s/it]
 44%|████▍     | 57/130 [05:59<08:10,  6.72s/it]
 45%|████▍     | 58/130 [06:04<07:31,  6.28s/it]
 45%|████▌     | 59/130 [06:09<07:07,  6.03s/it]
 46%|████▌     | 60/130 [06:15<06:49,  5.85s/it]
 47%|████▋     | 61/130 [06:20<06:32,  5.69s/it]
 48%|████▊     | 62/130 [06:26<06:22,  5.63s/it]
 48%|████▊     | 63/130 [06:31<06:09,  5.51s/it]
 49%|████▉     | 64/130 [06:36<06:03,  5.51s/it]
 50%|█████     | 65/130 [06:42<05:53,  5.44s/it]
 51%|█████     | 66/130 [06:47<05:48,  5.45s/it]
 52%|█████▏    | 67/130 [06:52<05:40,  5.41s/it]
 52%|█████▏    | 68/130 [06:58<05:34,  5.39s/it]
 53%|█████▎    | 69/130 [07:03<05:28,  5.39s/it]
 54%|█████▍    | 70/130 [07:09<05:24,  5.41s/it]
 55%|█████▍    | 71/130 [07:14<05:17,  5.38s/it]
 55%|█████▌    | 72/130 [07:19<05:10,  5.35s/it]
 56%|█████▌    | 73/130 [07:25<05:06,  5.38s/it]
 57%|██�    [nf-probe] train nf-RMS=4.2793e-05   val nf-RMS=3.1607e-05 [m]  (@nf=400)
(0,)
It   78, sqrt loss 0.001172, Val sim-RMS 0.001174, Time Loss: 83.4%, data: 0.6%, val: 15.9%,  6.4 sec/batch
�██▋    | 74/130 [07:30<05:02,  5.40s/it]
 58%|█████▊    | 75/130 [07:35<04:55,  5.37s/it]
 58%|█████▊    | 76/130 [07:41<04:48,  5.35s/it]
 59%|█████▉    | 77/130 [07:46<04:45,  5.38s/it]
 60%|██████    | 78/130 [08:18<11:34, 13.36s/it]
 61%|██████    | 79/130 [08:23<09:17, 10.93s/it]
 62%|██████▏   | 80/130 [08:29<07:41,  9.24s/it]
 62%|██████▏   | 81/130 [08:34<06:36,  8.10s/it]
 63%|██████▎   | 82/130 [08:39<05:48,  7.26s/it]
 64%|██████▍   | 83/130 [08:45<05:15,  6.72s/it]
 65%|██████▍   | 84/130 [08:50<04:51,  6.34s/it]
 65%|██████▌   | 85/130 [08:56<04:31,  6.04s/it]
 66%|██████▌   | 86/130 [09:01<04:17,  5.85s/it]
 67%|██████▋   | 87/130 [09:06<04:04,  5.70s/it]
 68%|██████▊   | 88/130 [09:12<03:55,  5.61s/it]
 68%|██████▊   | 89/130 [09:17<03:46,  5.53s/it]
 69%|██████▉   | 90/130 [09    [nf-probe] train nf-RMS=4.2963e-05   val nf-RMS=3.1424e-05 [m]  (@nf=400)
(0,)
It  104, sqrt loss 0.00117, Val sim-RMS 0.001383, Time Loss: 83.5%, data: 0.6%, val: 15.9%,  6.4 sec/batch
:23<03:39,  5.50s/it]
 70%|███████   | 91/130 [09:28<03:32,  5.45s/it]
 71%|███████   | 92/130 [09:33<03:24,  5.39s/it]
 72%|███████▏  | 93/130 [09:39<03:20,  5.41s/it]
 72%|███████▏  | 94/130 [09:44<03:15,  5.43s/it]
 73%|███████▎  | 95/130 [09:49<03:08,  5.39s/it]
 74%|███████▍  | 96/130 [09:55<03:02,  5.36s/it]
 75%|███████▍  | 97/130 [10:00<02:57,  5.38s/it]
 75%|███████▌  | 98/130 [10:06<02:52,  5.41s/it]
 76%|███████▌  | 99/130 [10:11<02:47,  5.39s/it]
 77%|███████▋  | 100/130 [10:16<02:40,  5.35s/it]
 78%|███████▊  | 101/130 [10:22<02:35,  5.38s/it]
 78%|███████▊  | 102/130 [10:27<02:31,  5.40s/it]
 79%|███████▉  | 103/130 [10:32<02:24,  5.37s/it]
 80%|████████  | 104/130 [11:04<05:45, 13.29s/it]
 81%|████████  | 105/130 [11:10<04:33, 10.92s/it]
 82%|████████▏ | 106/130 [11:15<03:41,  9.23s/it]
 82%|████████▏ | 107/130 [11:20<03:06,  8.11s/it]
 83%|████████▎ | 108/130 [11:26<02:40,  7.30s/it]
 84%|████████▍ | 109/130 [11:31<02:21,  6.72s/it]
 85%|████████▍ | 110/130 [11:37<02:06,  6.32s/it]
 85%|████████▌ | 111/130 [11:42<01:54,  6.03s/it]
 86%|████████▌ | 112/130 [11:47<01:45,  5.85s/it]
 87%|████████▋ | 113/130 [11:53<01:36,  5.68s/it]
 88%|████████▊ | 114/130 [11:58<01:29,  5.62s/it]
 88%|████████▊ | 115/130 [12:03<01:22,  5.52s/it]
 89%|████████▉ | 116/130 [12:09<01:16,  5.45s/it]
 90%|█████████ | 117/130 [12:14<01:10,  5.45s/it]
 91%|█████████ | 118/130 [12:20<01:05,  5.46s/it]
 92%|█████████▏| 119/130 [12:25<00:59,  5.41s/it]
 92%|█████████▏| 120/130 [12:30<00:53,  5.38s/it]
 93%|██████�    [nf-probe] train nf-RMS=4.2821e-05   val nf-RMS=3.0607e-05 [m]  (@nf=400)
(0,)
It  130, sqrt loss 0.00117, Val sim-RMS 0.001428, Time Loss: 83.5%, data: 0.6%, val: 15.9%,  6.4 sec/batch
�██▎| 121/130 [12:36<00:48,  5.42s/it]
 94%|█████████▍| 122/130 [12:41<00:43,  5.41s/it]
 95%|█████████▍| 123/130 [12:46<00:37,  5.38s/it]
 95%|█████████▌| 124/130 [12:52<00:32,  5.37s/it]
 96%|█████████▌| 125/130 [12:57<00:26,  5.38s/it]
 97%|█████████▋| 126/130 [13:03<00:21,  5.41s/it]
 98%|█████████▊| 127/130 [13:08<00:16,  5.37s/it]
 98%|█████████▊| 128/130 [13:13<00:10,  5.37s/it]
 99%|█████████▉| 129/130 [13:19<00:05,  5.38s/it]
100%|██████████| 130/130 [13:51<00:00, 13.31s/it]
100%|██████████| 130/130 [13:51<00:00,  6.39s/it]
Loaded model with best known validation sim-RMS of 8.015e-05 which happened on epoch 0 (epoch_id=0.00)
Model already initilized (init_model_done=True), skipping initilizing of the model, the norm and the creation of the optimizer
Size of the training array =  63.8 MB
N_training_samples = 6664, batch_size = 256, N_batch_updates_per_epoch = 26
    [nf-probe] train nf-RMS=4.3441e-05   val nf-RMS=3.1844e-05 [m]  (@nf=400)
(0,)
Initial Validation sim-RMS= 8.014968e-05

  0%|          | 0/130 [00:00<?, ?it/s]
  1%|          | 1/130 [00:05<11:17,  5.25s/it]
  2%|▏         | 2/130 [00:10<11:27,  5.37s/it]
  2%|▏         | 3/130 [00:15<11:17,  5.34s/it]
  3%|▎         | 4/130 [00:21<11:18,  5.38s/it]
  4%|▍         | 5/130 [00:26<11:09,  5.36s/it]
  5%|▍         | 6/130 [00:32<11:03,  5.35s/it]
  5%|▌         | 7/130 [00:37<11:00,  5.37s/it]
  6%|▌         | 8/130 [00:42<10:57,  5.39s/it]
  7%|▋         | 9/130 [00:48<10:48,  5.36s/it]
  8%|▊         | 10/130 [00:53<10:46,  5.39s/it]
  8%|▊         | 11/130 [00:58<10:38,  5.36s/it]
  9%|▉         | 12/130 [01:04<10:37,  5.40s/it]
 10%|█         | 13/130 [01:09<10:26,  5.36s/it]
 11%|█         | 14/130 [01:15<10:19,  5.34s/it]
 12%|█▏        | 15/130 [01:20<10:17,  5.37s/it]
 12%|█▏        | 16/130 [01:25<10:15,  5.40s/it]
 13%|█▎        | 17/130 [01:31<10:06,  5.37s/it]
 14%|█▍        | 18/130 [01:36<09:58,  5.35s/it]
 15%|█▍        | 19/130 [01:42<09:58,  5.39s/it]
 15%|█▌        [nf-probe] train nf-RMS=4.3393e-05   val nf-RMS=3.1233e-05 [m]  (@nf=400)
(0,)
It   26, sqrt loss 0.001174, Val sim-RMS 0.0003831, Time Loss: 83.4%, data: 0.7%, val: 16.0%,  6.4 sec/batch
    | 20/130 [01:47<09:53,  5.39s/it]
 16%|█▌        | 21/130 [01:52<09:44,  5.36s/it]
 17%|█▋        | 22/130 [01:58<09:36,  5.34s/it]
 18%|█▊        | 23/130 [02:03<09:34,  5.37s/it]
 18%|█▊        | 24/130 [02:08<09:32,  5.40s/it]
 19%|█▉        | 25/130 [02:14<09:23,  5.37s/it]
 20%|██        | 26/130 [02:45<23:01, 13.29s/it]
 21%|██        | 27/130 [02:51<18:44, 10.92s/it]
 22%|██▏       | 28/130 [02:56<15:41,  9.23s/it]
 22%|██▏       | 29/130 [03:02<13:37,  8.09s/it]
 23%|██▎       | 30/130 [03:07<12:10,  7.30s/it]
 24%|██▍       | 31/130 [03:12<11:03,  6.70s/it]
 25%|██▍       | 32/130 [03:18<10:21,  6.34s/it]
 25%|██▌       | 33/130 [03:23<09:43,  6.02s/it]
 26%|██▌       | 34/130 [03:29<09:21,  5.85s/it]
 27%|██▋       | 35/130 [03:34<09:00,  5.68s/it]
 28%|██▊       | 36/130 [03:39<08:47,  5.61s/it]
 28%|██▊       | 37/130 [03:45<08:33,  5.52s/it]
 29%|██▉       | 38/130 [03:50<08:21,  5.45s/it]
 30%|█�    [nf-probe] train nf-RMS=4.3084e-05   val nf-RMS=3.1714e-05 [m]  (@nf=400)
(0,)
It   52, sqrt loss 0.001173, Val sim-RMS 0.0008772, Time Loss: 83.4%, data: 0.7%, val: 16.0%,  6.4 sec/batch
�█       | 39/130 [03:55<08:16,  5.45s/it]
 31%|███       | 40/130 [04:01<08:12,  5.47s/it]
 32%|███▏      | 41/130 [04:06<08:00,  5.40s/it]
 32%|███▏      | 42/130 [04:11<07:52,  5.37s/it]
 33%|███▎      | 43/130 [04:17<07:49,  5.39s/it]
 34%|███▍      | 44/130 [04:22<07:45,  5.41s/it]
 35%|███▍      | 45/130 [04:28<07:37,  5.38s/it]
 35%|███▌      | 46/130 [04:33<07:29,  5.35s/it]
 36%|███▌      | 47/130 [04:38<07:26,  5.38s/it]
 37%|███▋      | 48/130 [04:44<07:22,  5.40s/it]
 38%|███▊      | 49/130 [04:49<07:15,  5.37s/it]
 38%|███▊      | 50/130 [04:54<07:07,  5.35s/it]
 39%|███▉      | 51/130 [05:00<07:04,  5.38s/it]
 40%|████      | 52/130 [05:32<17:20, 13.34s/it]
 41%|████      | 53/130 [05:37<13:59, 10.91s/it]
 42%|████▏     | 54/130 [05:42<11:44,  9.27s/it]
 42%|████▏     | 55/130 [05:48<10:05,  8.07s/it]
 43%|████▎     | 56/130 [05:53<08:59,  7.29s/it]
 44%|████▍     | 57/130 [05:58<08:08,  6.69s/it]
 45%|████▍     | 58/130 [06:04<07:34,  6.31s/it]
 45%|████▌     | 59/130 [06:09<07:06,  6.01s/it]
 46%|████▌     | 60/130 [06:15<06:48,  5.84s/it]
 47%|████▋     | 61/130 [06:20<06:31,  5.68s/it]
 48%|████▊     | 62/130 [06:25<06:18,  5.57s/it]
 48%|████▊     | 63/130 [06:31<06:10,  5.53s/it]
 49%|████▉     | 64/130 [06:36<06:04,  5.52s/it]
 50%|█████     | 65/130 [06:41<05:53,  5.44s/it]
 51%|█████     | 66/130 [06:47<05:45,  5.39s/it]
 52%|█████▏    | 67/130 [06:52<05:40,  5.41s/it]
 52%|█████▏    | 68/130 [06:58<05:36,  5.42s/it]
 53%|█████▎    | 69/130 [07:03<05:28,  5.38s/it]
 54%|█████▍    | 70/130 [07:08<05:21,  5.36s/it]
 55%|█████▍    | 71/130 [07:14<05:17,  5.38s/it]
 55%|█████▌    | 72/130 [07:19<05:13,  5.40s/it]
 56%|█████▌    | 73/130 [07:24<05:06,  5.38s/it]
 57%|██�    [nf-probe] train nf-RMS=4.2793e-05   val nf-RMS=3.1607e-05 [m]  (@nf=400)
(0,)
It   78, sqrt loss 0.001172, Val sim-RMS 0.001174, Time Loss: 83.4%, data: 0.7%, val: 15.9%,  6.4 sec/batch
�██▋    | 74/130 [07:30<05:00,  5.37s/it]
 58%|█████▊    | 75/130 [07:35<04:56,  5.39s/it]
 58%|█████▊    | 76/130 [07:40<04:48,  5.35s/it]
 59%|█████▉    | 77/130 [07:46<04:45,  5.38s/it]
 60%|██████    | 78/130 [08:18<11:33, 13.33s/it]
 61%|██████    | 79/130 [08:23<09:16, 10.92s/it]
 62%|██████▏   | 80/130 [08:29<07:43,  9.27s/it]
 62%|██████▏   | 81/130 [08:34<06:36,  8.09s/it]
 63%|██████▎   | 82/130 [08:39<05:49,  7.29s/it]
 64%|██████▍   | 83/130 [08:45<05:14,  6.69s/it]
 65%|██████▍   | 84/130 [08:50<04:50,  6.32s/it]
 65%|██████▌   | 85/130 [08:55<04:30,  6.02s/it]
 66%|██████▌   | 86/130 [09:01<04:15,  5.81s/it]
 67%|██████▋   | 87/130 [09:06<04:05,  5.71s/it]
 68%|██████▊   | 88/130 [09:12<03:56,  5.63s/it]
 68%|██████▊   | 89/130 [09:17<03:46,  5.53s/it]
 69%|██████▉   | 90/130 [09    [nf-probe] train nf-RMS=4.2963e-05   val nf-RMS=3.1424e-05 [m]  (@nf=400)
(0,)
It  104, sqrt loss 0.00117, Val sim-RMS 0.001383, Time Loss: 83.5%, data: 0.6%, val: 15.9%,  6.4 sec/batch
:22<03:37,  5.45s/it]
 70%|███████   | 91/130 [09:28<03:32,  5.45s/it]
 71%|███████   | 92/130 [09:33<03:27,  5.45s/it]
 72%|███████▏  | 93/130 [09:38<03:20,  5.42s/it]
 72%|███████▏  | 94/130 [09:44<03:13,  5.38s/it]
 73%|███████▎  | 95/130 [09:49<03:08,  5.39s/it]
 74%|███████▍  | 96/130 [09:55<03:03,  5.41s/it]
 75%|███████▍  | 97/130 [10:00<02:57,  5.38s/it]
 75%|███████▌  | 98/130 [10:05<02:51,  5.35s/it]
 76%|███████▌  | 99/130 [10:11<02:46,  5.38s/it]
 77%|███████▋  | 100/130 [10:16<02:40,  5.36s/it]
 78%|███████▊  | 101/130 [10:21<02:36,  5.39s/it]
 78%|███████▊  | 102/130 [10:27<02:31,  5.40s/it]
 79%|███████▉  | 103/130 [10:32<02:25,  5.37s/it]
 80%|████████  | 104/130 [11:04<05:45, 13.28s/it]
 81%|████████  | 105/130 [11:09<04:31, 10.87s/it]
 82%|████████▏ | 106/130 [11:15<03:41,  9.25s/it]
 82%|████████▏ | 107/130 [11:20<03:05,  8.06s/it]
 83%|████████▎ | 108/130 [11:25<02:40,  7.28s/it]
 84%|████████▍ | 109/130 [11:31<02:20,  6.70s/it]
 85%|████████▍ | 110/130 [11:36<02:05,  6.26s/it]
 85%|████████▌ | 111/130 [11:41<01:54,  6.02s/it]
 86%|████████▌ | 112/130 [11:47<01:45,  5.85s/it]
 87%|████████▋ | 113/130 [11:52<01:36,  5.69s/it]
 88%|████████▊ | 114/130 [11:57<01:29,  5.58s/it]
 88%|████████▊ | 115/130 [12:03<01:22,  5.53s/it]
 89%|████████▉ | 116/130 [12:08<01:17,  5.51s/it]
 90%|█████████ | 117/130 [12:14<01:10,  5.44s/it]
 91%|█████████ | 118/130 [12:19<01:04,  5.40s/it]
 92%|█████████▏| 119/130 [12:24<00:59,  5.41s/it]
 92%|█████████▏| 120/130 [12:30<00:54,  5.43s/it]
 93%|██████�    [nf-probe] train nf-RMS=4.2821e-05   val nf-RMS=3.0607e-05 [m]  (@nf=400)
(0,)
It  130, sqrt loss 0.00117, Val sim-RMS 0.001428, Time Loss: 83.4%, data: 0.6%, val: 15.9%,  6.4 sec/batch
�██▎| 121/130 [12:35<00:48,  5.39s/it]
 94%|█████████▍| 122/130 [12:40<00:42,  5.36s/it]
 95%|█████████▍| 123/130 [12:46<00:37,  5.39s/it]
 95%|█████████▌| 124/130 [12:51<00:32,  5.36s/it]
 96%|█████████▌| 125/130 [12:57<00:26,  5.39s/it]
 97%|█████████▋| 126/130 [13:02<00:21,  5.41s/it]
 98%|█████████▊| 127/130 [13:07<00:16,  5.37s/it]
 98%|█████████▊| 128/130 [13:13<00:10,  5.40s/it]
 99%|█████████▉| 129/130 [13:18<00:05,  5.37s/it]
100%|██████████| 130/130 [13:50<00:00, 13.33s/it]
100%|██████████| 130/130 [13:50<00:00,  6.39s/it]
Loaded model with best known validation sim-RMS of 8.015e-05 which happened on epoch 0 (epoch_id=0.00)
Trial 2: bestfit (val sim-RMS) = 0.000080
[I 2026-07-09 01:59:30,414] Trial 2 finished with value: 8.0149678979069e-05 and parameters: {'lr': 2.938027938703534e-08, 'nf': 400}. Best is trial 0 with value: 8.0149678979069e-05.

======================================================================
Trial 3:  lr=1.494e-08  nf=1400  (routing=(0, 1, 2, 3, 4, 5, 6, 7), stride=100)
======================================================================
WARNING: baseline_states.npz not found, using finite-diff states for normalization
Model already initilized (init_model_done=True), skipping initilizing of the model, the norm and the creation of the optimizer
Size of the training array =  211.7 MB
N_training_samples = 6524, batch_size = 256, N_batch_updates_per_epoch = 25
    [nf-probe] train nf-RMS=1.1852e-04   val nf-RMS=9.7945e-05 [m]  (@nf=1400)
(0,)
Initial Validation sim-RMS= 8.014968e-05

  0%|          | 0/125 [00:00<?, ?it/s]
  1%|          | 1/125 [00:18<38:56, 18.84s/it]
  2%|▏         | 2/125 [00:38<39:04, 19.06s/it]
  2%|▏         | 3/125 [00:57<38:55, 19.14s/it]
  3%|▎         | 4/125 [01:16<38:32, 19.11s/it]
  4%|▍         | 5/125 [01:35<38:25, 19.22s/it]
  5%|▍         | 6/125 [01:54<37:53, 19.10s/it]
  6%|▌         | 7/125 [02:13<37:40, 19.16s/it]
  6%|▋         | 8/125 [02:32<37:17, 19.12s/it]
  7%|▋         | 9/125 [02:52<37:01, 19.15s/it]
  8%|▊         | 10/125 [03:11<36:38, 19.12s/it]
  9%|▉         | 11/125 [03:30<36:20, 19.13s/it]
 10%|▉         | 12/125 [03:49<36:04, 19.15s/it]
 10%|█         | 13/125 [04:08<35:42, 19.13s/it]
 11%|█         | 14/125 [04:27<35:24, 19.14s/it]
 12%|█▏        | 15/125 [04:47<35:08, 19.17s/it]
 13%|█▎        | 16/125 [05:06<34:43, 19.12s/it]
 14%|█▎        | 17/125 [05:25<34:28, 19.16s/it]
 14%|█▍        | 18/125 [05:44<34:10, 19.16s/it]
 15%|█▌        | 19/125 [06:03<33:46, 19.12s/it]
 16%|█▌        [nf-probe] train nf-RMS=1.1333e-04   val nf-RMS=9.5247e-05 [m]  (@nf=1400)
(0,)
########## New lowest validation loss achieved ########### sim-RMS = 7.042926154099405e-05
It   25, sqrt loss 0.002371, Val sim-RMS 7.043e-05, Time Loss: 92.8%, data: 0.8%, val: 6.4%, 20.4 sec/batch
    | 20/125 [06:22<33:29, 19.14s/it]
 17%|█▋        | 21/125 [06:41<33:13, 19.17s/it]
 18%|█▊        | 22/125 [07:00<32:50, 19.13s/it]
 18%|█▊        | 23/125 [07:20<32:33, 19.15s/it]
 19%|█▉        | 24/125 [07:39<32:17, 19.18s/it]
 20%|██        | 25/125 [08:31<48:16, 28.96s/it]
 21%|██        | 26/125 [08:50<42:47, 25.93s/it]
 22%|██▏       | 27/125 [09:09<39:02, 23.90s/it]
 22%|██▏       | 28/125 [09:28<36:15, 22.43s/it]
 23%|██▎       | 29/125 [09:47<34:24, 21.50s/it]
 24%|██▍       | 30/125 [10:06<32:51, 20.75s/it]
 25%|██▍       | 31/125 [10:25<31:41, 20.23s/it]
 26%|██▌       | 32/125 [10:44<30:52, 19.92s/it]
 26%|██▋       | 33/125 [11:03<30:12, 19.70s/it]
 27%|██▋       | 34/125 [11:23<29:39, 19.55s/it]
 28%|██▊       | 35/125 [11:42<29:09, 19.44s/it]
 29%|██▉       | 36/125 [12:01<28:40, 19.33s/it]
 30%|██▉       | 37/125 [12:20<28:12, 19.23s/it]
 30%|███       | 38/125 [12:39<27:51, 19.22s/it]
 31%|█    [nf-probe] train nf-RMS=1.1460e-04   val nf-RMS=9.8530e-05 [m]  (@nf=1400)
(0,)
It   50, sqrt loss 0.002352, Val sim-RMS 0.0001109, Time Loss: 92.9%, data: 0.7%, val: 6.4%, 20.4 sec/batch
██       | 39/125 [12:58<27:31, 19.20s/it]
 32%|███▏      | 40/125 [13:17<27:11, 19.20s/it]
 33%|███▎      | 41/125 [13:37<26:51, 19.18s/it]
 34%|███▎      | 42/125 [13:56<26:28, 19.14s/it]
 34%|███▍      | 43/125 [14:15<26:07, 19.11s/it]
 35%|███▌      | 44/125 [14:34<25:50, 19.14s/it]
 36%|███▌      | 45/125 [14:53<25:32, 19.16s/it]
 37%|███▋      | 46/125 [15:12<25:10, 19.13s/it]
 38%|███▊      | 47/125 [15:31<24:53, 19.14s/it]
 38%|███▊      | 48/125 [15:50<24:34, 19.16s/it]
 39%|███▉      | 49/125 [16:10<24:17, 19.17s/it]
 40%|████      | 50/125 [17:01<36:07, 28.90s/it]
 41%|████      | 51/125 [17:20<32:02, 25.97s/it]
 42%|████▏     | 52/125 [17:39<29:00, 23.84s/it]
 42%|████▏     | 53/125 [17:59<27:00, 22.50s/it]
 43%|████▎     | 54/125 [18:18<25:26, 21.51s/it]
 44%|████▍     | 55/125 [18:37<24:09, 20.70s/it]
 45%|████▍     | 56/125 [18:56<23:15, 20.23s/it]
 46%|████▌     | 57/125 [19:15<22:35, 19.94s/it]
 46%|████▋     | 58/125 [19:34<21:58, 19.68s/it]
 47%|████▋     | 59/125 [19:53<21:29, 19.53s/it]
 48%|████▊     | 60/125 [20:13<21:03, 19.43s/it]
 49%|████▉     | 61/125 [20:32<20:35, 19.31s/it]
 50%|████▉     | 62/125 [20:51<20:14, 19.28s/it]
 50%|█████     | 63/125 [21:10<19:53, 19.26s/it]
 51%|█████     | 64/125 [21:29<19:30, 19.19s/it]
 52%|█████▏    | 65/125 [21:48<19:11, 19.20s/it]
 53%|█████▎    | 66/125 [22:07<18:53, 19.20s/it]
 54%|█████▎    | 67/125 [22:26<18:30, 19.15s/it]
 54%|█████▍    | 68/125 [22:46<18:13, 19.18s/it]
 55%|█████▌    | 69/125 [23:05<17:53, 19.18s/it]
 56%|█████▌    | 70/125 [23:24<17:31, 19.13s/it]
 57%|█████▋    | 71/125 [23:43<17:14, 19.15s/it]
 58%|█████▊    | 72/125 [24:02<16:56, 19.17s/it]
 58%|█████▊    | 73/125 [24:22<16:37, 19.19s/it]
     [nf-probe] train nf-RMS=1.1487e-04   val nf-RMS=9.8994e-05 [m]  (@nf=1400)
(0,)
It   75, sqrt loss 0.002351, Val sim-RMS 0.0001771, Time Loss: 92.9%, data: 0.7%, val: 6.4%, 20.4 sec/batch
59%|█████▉    | 74/125 [24:41<16:18, 19.19s/it]
 60%|██████    | 75/125 [25:32<24:05, 28.91s/it]
 61%|██████    | 76/125 [25:51<21:11, 25.95s/it]
 62%|██████▏   | 77/125 [26:10<19:06, 23.88s/it]
 62%|██████▏   | 78/125 [26:29<17:34, 22.43s/it]
 63%|██████▎   | 79/125 [26:49<16:29, 21.52s/it]
 64%|██████▍   | 80/125 [27:08<15:34, 20.77s/it]
 65%|██████▍   | 81/125 [27:27<14:50, 20.24s/it]
 66%|██████▌   | 82/125 [27:46<14:17, 19.94s/it]
 66%|██████▋   | 83/125 [28:05<13:46, 19.69s/it]
 67%|██████▋   | 84/125 [28:24<13:19, 19.50s/it]
 68%|██████▊   | 85/125 [28:43<12:56, 19.40s/it]
 69%|██████▉   | 86/125 [29:03<12:34, 19.34s/it]
 70%|██████▉   | 87/125 [29:22<12:11, 19.25s/it]
 70%|███████   | 88/125 [29:41<11:51, 19.23s/it]
 71%|███████   | 89/125 [30:00<11:30, 19.18s/it]
 72%|██████    [nf-probe] train nf-RMS=1.1297e-04   val nf-RMS=9.4750e-05 [m]  (@nf=1400)
(0,)
It  100, sqrt loss 0.00235, Val sim-RMS 0.0001692, Time Loss: 92.9%, data: 0.7%, val: 6.4%, 20.4 sec/batch
█▏  | 90/125 [30:19<11:12, 19.20s/it]
 73%|███████▎  | 91/125 [30:38<10:50, 19.14s/it]
 74%|███████▎  | 92/125 [30:57<10:32, 19.15s/it]
 74%|███████▍  | 93/125 [31:16<10:11, 19.12s/it]
 75%|███████▌  | 94/125 [31:36<09:55, 19.20s/it]
 76%|███████▌  | 95/125 [31:55<09:33, 19.11s/it]
 77%|███████▋  | 96/125 [32:14<09:14, 19.14s/it]
 78%|███████▊  | 97/125 [32:33<08:56, 19.17s/it]
 78%|███████▊  | 98/125 [32:52<08:36, 19.14s/it]
 79%|███████▉  | 99/125 [33:11<08:17, 19.15s/it]
 80%|████████  | 100/125 [34:03<12:03, 28.93s/it]
 81%|████████  | 101/125 [34:22<10:24, 26.02s/it]
 82%|████████▏ | 102/125 [34:41<09:09, 23.88s/it]
 82%|████████▏ | 103/125 [35:01<08:14, 22.49s/it]
 83%|████████▎ | 104/125 [35:20<07:30, 21.44s/it]
 84%|████████▍ | 105/125 [35:39<06:55, 20.77s/it]
 85%|████████▍ | 106/125 [35:58<06:25, 20.31s/it]
 86%|████████▌ | 107/125 [36:17<05:58, 19.94s/it]
 86%|████████▋ | 108/125 [36:36<05:34, 19.68s/it]
 87%|████████▋ | 109/125 [36:55<05:11, 19.49s/it]
 88%|████████▊ | 110/125 [37:14<04:51, 19.41s/it]
 89%|████████▉ | 111/125 [37:34<04:30, 19.36s/it]
 90%|████████▉ | 112/125 [37:53<04:10, 19.26s/it]
 90%|█████████ | 113/125 [38:12<03:51, 19.29s/it]
 91%|█████████ | 114/125 [38:31<03:31, 19.22s/it]
 92%|█████████▏| 115/125 [38:50<03:11, 19.16s/it]
 93%|█████████▎| 116/125 [39:09<02:52, 19.13s/it]
 94%|█████████▎| 117/125 [39:28<02:33, 19.15s/it]
 94%|█████████▍| 118/125 [39:47<02:13, 19.12s/it]
 95%|█████████▌| 119/125 [40:07<01:54, 19.14s/it]
 96%|█████████▌| 120/125 [40:26<01:    [nf-probe] train nf-RMS=1.1427e-04   val nf-RMS=9.6896e-05 [m]  (@nf=1400)
(0,)
It  125, sqrt loss 0.002333, Val sim-RMS 0.0002543, Time Loss: 92.9%, data: 0.7%, val: 6.4%, 20.4 sec/batch
35, 19.15s/it]
 97%|█████████▋| 121/125 [40:45<01:16, 19.10s/it]
 98%|█████████▊| 122/125 [41:04<00:57, 19.13s/it]
 98%|█████████▊| 123/125 [41:23<00:38, 19.11s/it]
 99%|█████████▉| 124/125 [41:42<00:19, 19.13s/it]
100%|██████████| 125/125 [42:34<00:00, 28.93s/it]
100%|██████████| 125/125 [42:34<00:00, 20.44s/it]
Loaded model with best known validation sim-RMS of 7.043e-05 which happened on epoch 25 (epoch_id=1.00)
Model already initilized (init_model_done=True), skipping initilizing of the model, the norm and the creation of the optimizer
Size of the training array =  211.7 MB
N_training_samples = 6524, batch_size = 256, N_batch_updates_per_epoch = 25
    [nf-probe] train nf-RMS=1.1333e-04   val nf-RMS=9.5247e-05 [m]  (@nf=1400)
(0,)
Initial Validation sim-RMS= 7.042926e-05

  0%|          | 0/125 [00:00<?, ?it/s]
  1%|          | 1/125 [00:19<39:19, 19.02s/it]
  2%|▏         | 2/125 [00:38<39:03, 19.05s/it]
  2%|▏         | 3/125 [00:57<38:45, 19.06s/it]
  3%|▎         | 4/125 [01:16<38:46, 19.22s/it]
  4%|▍         | 5/125 [01:35<38:20, 19.17s/it]
  5%|▍         | 6/125 [01:54<37:57, 19.14s/it]
  6%|▌         | 7/125 [02:14<37:48, 19.23s/it]
  6%|▋         | 8/125 [02:33<37:17, 19.12s/it]
  7%|▋         | 9/125 [02:52<37:01, 19.15s/it]
  8%|▊         | 10/125 [03:11<36:40, 19.13s/it]
  9%|▉         | 11/125 [03:30<36:30, 19.22s/it]
 10%|▉         | 12/125 [03:49<36:00, 19.12s/it]
 10%|█         | 13/125 [04:09<35:46, 19.17s/it]
 11%|█         | 14/125 [04:28<35:24, 19.14s/it]
 12%|█▏        | 15/125 [04:47<35:15, 19.23s/it]
 13%|█▎        | 16/125 [05:06<34:46, 19.14s/it]
 14%|█▎        | 17/125 [05:25<34:31, 19.18s/it]
 14%|█▍        | 18/125 [05:44<34:09, 19.15s/it]
 15%|█▌        | 19/125 [06:04<33:52, 19.18s/it]
 16%|█▌        [nf-probe] train nf-RMS=1.1371e-04   val nf-RMS=9.6106e-05 [m]  (@nf=1400)
(0,)
########## New lowest validation loss achieved ########### sim-RMS = 6.57711352687329e-05
It   25, sqrt loss 0.00236, Val sim-RMS 6.577e-05, Time Loss: 92.9%, data: 0.6%, val: 6.4%, 20.5 sec/batch
    | 20/125 [06:23<33:29, 19.14s/it]
 17%|█▋        | 21/125 [06:42<33:13, 19.17s/it]
 18%|█▊        | 22/125 [07:01<32:57, 19.20s/it]
 18%|█▊        | 23/125 [07:20<32:40, 19.22s/it]
 19%|█▉        | 24/125 [07:39<32:17, 19.19s/it]
 20%|██        | 25/125 [08:32<48:25, 29.05s/it]
 21%|██        | 26/125 [08:51<43:00, 26.06s/it]
 22%|██▏       | 27/125 [09:10<39:08, 23.97s/it]
 22%|██▏       | 28/125 [09:29<36:34, 22.62s/it]
 23%|██▎       | 29/125 [09:48<34:30, 21.57s/it]
 24%|██▍       | 30/125 [10:08<33:04, 20.88s/it]
 25%|██▍       | 31/125 [10:27<31:51, 20.34s/it]
 26%|██▌       | 32/125 [10:46<31:02, 20.03s/it]
 26%|██▋       | 33/125 [11:05<30:16, 19.74s/it]
 27%|██▋       | 34/125 [11:24<29:38, 19.54s/it]
 28%|██▊       | 35/125 [11:44<29:14, 19.50s/it]
 29%|██▉       | 36/125 [12:03<28:44, 19.38s/it]
 30%|██▉       | 37/125 [12:22<28:16, 19.28s/it]
 30%|███       | 38/125 [12:41<27:56, 19.27s/it]
 31%|█    [nf-probe] train nf-RMS=1.1491e-04   val nf-RMS=9.8769e-05 [m]  (@nf=1400)
(0,)
It   50, sqrt loss 0.002346, Val sim-RMS 0.0001855, Time Loss: 93.0%, data: 0.6%, val: 6.4%, 20.5 sec/batch
██       | 39/125 [13:00<27:32, 19.22s/it]
 32%|███▏      | 40/125 [13:19<27:11, 19.19s/it]
 33%|███▎      | 41/125 [13:38<26:53, 19.20s/it]
 34%|███▎      | 42/125 [13:58<26:35, 19.22s/it]
 34%|███▍      | 43/125 [14:17<26:16, 19.23s/it]
 35%|███▌      | 44/125 [14:36<25:53, 19.18s/it]
 36%|███▌      | 45/125 [14:55<25:37, 19.21s/it]
 37%|███▋      | 46/125 [15:14<25:14, 19.17s/it]
 38%|███▊      | 47/125 [15:34<24:57, 19.20s/it]
 38%|███▊      | 48/125 [15:53<24:39, 19.21s/it]
 39%|███▉      | 49/125 [16:12<24:12, 19.12s/it]
 40%|████      | 50/125 [17:04<36:16, 29.02s/it]
 41%|████      | 51/125 [17:23<32:02, 25.99s/it]
 42%|████▏     | 52/125 [17:42<29:08, 23.95s/it]
 42%|████▏     | 53/125 [18:01<27:03, 22.55s/it]
 43%|████▎     | 54/125 [18:20<25:26, 21.50s/it]
 44%|████▍     | 55/125 [18:39<24:16, 20.81s/it]
 45%|████▍     | 56/125 [18:59<23:23, 20.34s/it]
 46%|████▌     | 57/125 [19:18<22:41, 20.03s/it]
 46%|████▋     | 58/125 [19:37<22:02, 19.74s/it]
 47%|████▋     | 59/125 [19:56<21:32, 19.59s/it]
 48%|████▊     | 60/125 [20:15<21:03, 19.44s/it]
 49%|████▉     | 61/125 [20:35<20:39, 19.37s/it]
 50%|████▉     | 62/125 [20:54<20:18, 19.34s/it]
 50%|█████     | 63/125 [21:13<19:54, 19.27s/it]
 51%|█████     | 64/125 [21:32<19:34, 19.26s/it]
 52%|█████▏    | 65/125 [21:51<19:15, 19.25s/it]
 53%|█████▎    | 66/125 [22:11<18:53, 19.20s/it]
 54%|█████▎    | 67/125 [22:30<18:33, 19.21s/it]
 54%|█████▍    | 68/125 [22:49<18:15, 19.23s/it]
 55%|█████▌    | 69/125 [23:08<17:54, 19.19s/it]
 56%|█████▌    | 70/125 [23:27<17:35, 19.20s/it]
 57%|█████▋    | 71/125 [23:47<17:17, 19.21s/it]
 58%|█████▊    | 72/125 [24:06<16:56, 19.17s/it]
 58%|█████▊    | 73/125 [24:25<16:38, 19.20s/it]
     [nf-probe] train nf-RMS=1.1484e-04   val nf-RMS=9.9036e-05 [m]  (@nf=1400)
(0,)
It   75, sqrt loss 0.002346, Val sim-RMS 0.0002334, Time Loss: 92.9%, data: 0.7%, val: 6.4%, 20.5 sec/batch
59%|█████▉    | 74/125 [24:44<16:20, 19.22s/it]
 60%|██████    | 75/125 [25:36<24:14, 29.10s/it]
 61%|██████    | 76/125 [25:55<21:15, 26.04s/it]
 62%|██████▏   | 77/125 [26:14<19:11, 23.99s/it]
 62%|██████▏   | 78/125 [26:34<17:38, 22.51s/it]
 63%|██████▎   | 79/125 [26:53<16:30, 21.53s/it]
 64%|██████▍   | 80/125 [27:12<15:38, 20.86s/it]
 65%|██████▍   | 81/125 [27:31<14:54, 20.32s/it]
 66%|██████▌   | 82/125 [27:50<14:19, 19.99s/it]
 66%|██████▋   | 83/125 [28:10<13:49, 19.75s/it]
 67%|██████▋   | 84/125 [28:29<13:24, 19.61s/it]
 68%|██████▊   | 85/125 [28:48<12:57, 19.43s/it]
 69%|██████▉   | 86/125 [29:07<12:36, 19.39s/it]
 70%|██████▉   | 87/125 [29:26<12:12, 19.29s/it]
 70%|███████   | 88/125 [29:46<11:55, 19.34s/it]
 71%|███████   | 89/125 [30:05<11:33, 19.26s/it]
 72%|██████    [nf-probe] train nf-RMS=1.1299e-04   val nf-RMS=9.4615e-05 [m]  (@nf=1400)
(0,)
It  100, sqrt loss 0.002346, Val sim-RMS 0.000212, Time Loss: 92.9%, data: 0.7%, val: 6.4%, 20.5 sec/batch
█▏  | 90/125 [30:24<11:12, 19.21s/it]
 73%|███████▎  | 91/125 [30:43<10:53, 19.23s/it]
 74%|███████▎  | 92/125 [31:03<10:36, 19.30s/it]
 74%|███████▍  | 93/125 [31:21<10:13, 19.18s/it]
 75%|███████▌  | 94/125 [31:41<09:55, 19.21s/it]
 76%|███████▌  | 95/125 [32:00<09:36, 19.22s/it]
 77%|███████▋  | 96/125 [32:19<09:16, 19.19s/it]
 78%|███████▊  | 97/125 [32:38<08:57, 19.20s/it]
 78%|███████▊  | 98/125 [32:58<08:39, 19.22s/it]
 79%|███████▉  | 99/125 [33:17<08:18, 19.18s/it]
 80%|████████  | 100/125 [34:09<12:05, 29.01s/it]
 81%|████████  | 101/125 [34:28<10:26, 26.08s/it]
 82%|████████▏ | 102/125 [34:47<09:11, 23.99s/it]
 82%|████████▏ | 103/125 [35:06<08:15, 22.52s/it]
 83%|████████▎ | 104/125 [35:25<07:32, 21.56s/it]
 84%|████████▍ | 105/125 [35:44<06:56, 20.82s/it]
 85%|████████▍ | 106/125 [36:04<06:27, 20.40s/it]
 86%|████████▌ | 107/125 [36:23<05:59, 19.96s/it]
 86%|████████▋ | 108/125 [36:42<05:35, 19.75s/it]
 87%|████████▋ | 109/125 [37:01<05:12, 19.56s/it]
 88%|████████▊ | 110/125 [37:20<04:52, 19.48s/it]
 89%|████████▉ | 111/125 [37:40<04:30, 19.36s/it]
 90%|████████▉ | 112/125 [37:59<04:11, 19.33s/it]
 90%|█████████ | 113/125 [38:18<03:51, 19.25s/it]
 91%|█████████ | 114/125 [38:37<03:31, 19.26s/it]
 92%|█████████▏| 115/125 [38:56<03:12, 19.21s/it]
 93%|█████████▎| 116/125 [39:16<02:53, 19.23s/it]
 94%|█████████▎| 117/125 [39:35<02:33, 19.18s/it]
 94%|█████████▍| 118/125 [39:54<02:14, 19.26s/it]
 95%|█████████▌| 119/125 [40:13<01:55, 19.21s/it]
 96%|█████████▌| 120/125 [40:32<01:    [nf-probe] train nf-RMS=1.1418e-04   val nf-RMS=9.6679e-05 [m]  (@nf=1400)
(0,)
It  125, sqrt loss 0.00233, Val sim-RMS 0.0002921, Time Loss: 92.9%, data: 0.7%, val: 6.4%, 20.5 sec/batch
36, 19.21s/it]
 97%|█████████▋| 121/125 [40:51<01:16, 19.11s/it]
 98%|█████████▊| 122/125 [41:11<00:57, 19.19s/it]
 98%|█████████▊| 123/125 [41:30<00:38, 19.15s/it]
 99%|█████████▉| 124/125 [41:49<00:19, 19.13s/it]
100%|██████████| 125/125 [42:41<00:00, 29.02s/it]
100%|██████████| 125/125 [42:41<00:00, 20.49s/it]
Loaded model with best known validation sim-RMS of 6.577e-05 which happened on epoch 25 (epoch_id=2.00)
Model already initilized (init_model_done=True), skipping initilizing of the model, the norm and the creation of the optimizer
Size of the training array =  211.7 MB
N_training_samples = 6524, batch_size = 256, N_batch_updates_per_epoch = 25
    [nf-probe] train nf-RMS=1.1371e-04   val nf-RMS=9.6106e-05 [m]  (@nf=1400)
(0,)
Initial Validation sim-RMS= 6.5771135e-05

  0%|          | 0/125 [00:00<?, ?it/s]
  1%|          | 1/125 [00:19<39:20, 19.04s/it]
  2%|▏         | 2/125 [00:38<39:17, 19.17s/it]
  2%|▏         | 3/125 [00:57<39:03, 19.21s/it]
  3%|▎         | 4/125 [01:16<38:37, 19.15s/it]
  4%|▍         | 5/125 [01:35<38:21, 19.18s/it]
  5%|▍         | 6/125 [01:54<37:50, 19.08s/it]
  6%|▌         | 7/125 [02:14<37:44, 19.19s/it]
  6%|▋         | 8/125 [02:33<37:24, 19.18s/it]
  7%|▋         | 9/125 [02:52<37:00, 19.14s/it]
  8%|▊         | 10/125 [03:11<36:44, 19.17s/it]
  9%|▉         | 11/125 [03:30<36:23, 19.15s/it]
 10%|▉         | 12/125 [03:49<36:07, 19.18s/it]
 10%|█         | 13/125 [04:09<35:44, 19.15s/it]
 11%|█         | 14/125 [04:28<35:27, 19.17s/it]
 12%|█▏        | 15/125 [04:47<35:11, 19.19s/it]
 13%|█▎        | 16/125 [05:06<34:46, 19.14s/it]
 14%|█▎        | 17/125 [05:25<34:30, 19.17s/it]
 14%|█▍        | 18/125 [05:45<34:14, 19.20s/it]
 15%|█▌        | 19/125 [06:04<33:51, 19.16s/it]
 16%|█▌        [nf-probe] train nf-RMS=1.1407e-04   val nf-RMS=9.6487e-05 [m]  (@nf=1400)
(0,)
It   25, sqrt loss 0.002354, Val sim-RMS 0.0001377, Time Loss: 92.9%, data: 0.7%, val: 6.4%, 20.5 sec/batch
    | 20/125 [06:23<33:33, 19.18s/it]
 17%|█▋        | 21/125 [06:42<33:15, 19.19s/it]
 18%|█▊        | 22/125 [07:01<32:53, 19.16s/it]
 18%|█▊        | 23/125 [07:21<32:40, 19.22s/it]
 19%|█▉        | 24/125 [07:40<32:23, 19.24s/it]
 20%|██        | 25/125 [08:32<48:23, 29.03s/it]
 21%|██        | 26/125 [08:51<42:51, 25.98s/it]
 22%|██▏       | 27/125 [09:10<39:12, 24.00s/it]
 22%|██▏       | 28/125 [09:29<36:24, 22.52s/it]
 23%|██▎       | 29/125 [09:48<34:28, 21.55s/it]
 24%|██▍       | 30/125 [10:07<32:52, 20.76s/it]
 25%|██▍       | 31/125 [10:26<31:48, 20.30s/it]
 26%|██▌       | 32/125 [10:46<30:59, 20.00s/it]
 26%|██▋       | 33/125 [11:05<30:18, 19.77s/it]
 27%|██▋       | 34/125 [11:24<29:39, 19.55s/it]
 28%|██▊       | 35/125 [11:43<29:07, 19.42s/it]
 29%|██▉       | 36/125 [12:02<28:43, 19.37s/it]
 30%|██▉       | 37/125 [12:21<28:16, 19.28s/it]
 30%|███       | 38/125 [12:41<27:56, 19.28s/it]
 31%|█    [nf-probe] train nf-RMS=1.1497e-04   val nf-RMS=9.8668e-05 [m]  (@nf=1400)
(0,)
It   50, sqrt loss 0.002342, Val sim-RMS 0.000243, Time Loss: 92.9%, data: 0.7%, val: 6.4%, 20.5 sec/batch
██       | 39/125 [13:00<27:37, 19.28s/it]
 32%|███▏      | 40/125 [13:19<27:09, 19.18s/it]
 33%|███▎      | 41/125 [13:38<26:56, 19.25s/it]
 34%|███▎      | 42/125 [13:57<26:33, 19.20s/it]
 34%|███▍      | 43/125 [14:17<26:12, 19.18s/it]
 35%|███▌      | 44/125 [14:36<25:54, 19.19s/it]
 36%|███▌      | 45/125 [14:55<25:37, 19.22s/it]
 37%|███▋      | 46/125 [15:14<25:14, 19.17s/it]
 38%|███▊      | 47/125 [15:33<24:53, 19.15s/it]
 38%|███▊      | 48/125 [15:52<24:35, 19.16s/it]
 39%|███▉      | 49/125 [16:12<24:17, 19.17s/it]
 40%|████      | 50/125 [17:04<36:17, 29.03s/it]
 41%|████      | 51/125 [17:22<32:02, 25.98s/it]
 42%|████▏     | 52/125 [17:42<29:12, 24.00s/it]
 42%|████▏     | 53/125 [18:01<27:01, 22.52s/it]
 43%|████▎     | 54/125 [18:20<25:29, 21.55s/it]
 44%|████▍     | 55/125 [18:39<24:12, 20.75s/it]
 45%|████▍     | 56/125 [18:58<23:19, 20.28s/it]
 46%|████▌     | 57/125 [19:17<22:37, 19.97s/it]
 46%|████▋     | 58/125 [19:37<21:59, 19.69s/it]
 47%|████▋     | 59/125 [19:56<21:31, 19.56s/it]
 48%|████▊     | 60/125 [20:15<21:02, 19.42s/it]
 49%|████▉     | 61/125 [20:34<20:39, 19.37s/it]
 50%|████▉     | 62/125 [20:53<20:15, 19.30s/it]
 50%|█████     | 63/125 [21:13<19:55, 19.29s/it]
 51%|█████     | 64/125 [21:32<19:36, 19.28s/it]
 52%|█████▏    | 65/125 [21:51<19:13, 19.23s/it]
 53%|█████▎    | 66/125 [22:10<18:51, 19.18s/it]
 54%|█████▎    | 67/125 [22:29<18:33, 19.21s/it]
 54%|█████▍    | 68/125 [22:49<18:15, 19.22s/it]
 55%|█████▌    | 69/125 [23:08<17:52, 19.15s/it]
 56%|█████▌    | 70/125 [23:27<17:31, 19.11s/it]
 57%|█████▋    | 71/125 [23:46<17:14, 19.15s/it]
 58%|█████▊    | 72/125 [24:05<16:54, 19.13s/it]
 58%|█████▊    | 73/125 [24:24<16:36, 19.16s/it]
     [nf-probe] train nf-RMS=1.1465e-04   val nf-RMS=9.8832e-05 [m]  (@nf=1400)
(0,)
It   75, sqrt loss 0.002343, Val sim-RMS 0.0002789, Time Loss: 92.9%, data: 0.6%, val: 6.4%, 20.5 sec/batch
59%|█████▉    | 74/125 [24:44<16:21, 19.24s/it]
 60%|██████    | 75/125 [25:35<24:12, 29.04s/it]
 61%|██████    | 76/125 [25:54<21:13, 25.99s/it]
 62%|██████▏   | 77/125 [26:14<19:09, 23.96s/it]
 62%|██████▏   | 78/125 [26:33<17:39, 22.54s/it]
 63%|██████▎   | 79/125 [26:52<16:30, 21.53s/it]
 64%|██████▍   | 80/125 [27:11<15:35, 20.79s/it]
 65%|██████▍   | 81/125 [27:30<14:56, 20.37s/it]
 66%|██████▌   | 82/125 [27:50<14:21, 20.03s/it]
 66%|██████▋   | 83/125 [28:09<13:47, 19.70s/it]
 67%|██████▋   | 84/125 [28:28<13:24, 19.63s/it]
 68%|██████▊   | 85/125 [28:47<12:56, 19.42s/it]
 69%|██████▉   | 86/125 [29:06<12:35, 19.37s/it]
 70%|██████▉   | 87/125 [29:25<12:12, 19.29s/it]
 70%|███████   | 88/125 [29:45<11:53, 19.29s/it]
 71%|███████   | 89/125 [30:04<11:32, 19.22s/it]
 72%|██████    [nf-probe] train nf-RMS=1.1300e-04   val nf-RMS=9.4492e-05 [m]  (@nf=1400)
(0,)
It  100, sqrt loss 0.002343, Val sim-RMS 0.0002506, Time Loss: 92.9%, data: 0.6%, val: 6.4%, 20.5 sec/batch
█▏  | 90/125 [30:23<11:11, 19.18s/it]
 73%|███████▎  | 91/125 [30:42<10:54, 19.25s/it]
 74%|███████▎  | 92/125 [31:01<10:35, 19.25s/it]
 74%|███████▍  | 93/125 [31:20<10:12, 19.15s/it]
 75%|███████▌  | 94/125 [31:40<09:54, 19.18s/it]
 76%|███████▌  | 95/125 [31:59<09:34, 19.15s/it]
 77%|███████▋  | 96/125 [32:18<09:16, 19.18s/it]
 78%|███████▊  | 97/125 [32:37<08:57, 19.21s/it]
 78%|███████▊  | 98/125 [32:56<08:38, 19.22s/it]
 79%|███████▉  | 99/125 [33:15<08:18, 19.17s/it]
 80%|████████  | 100/125 [34:08<12:06, 29.06s/it]
 81%|████████  | 101/125 [34:27<10:24, 26.01s/it]
 82%|████████▏ | 102/125 [34:46<09:11, 23.97s/it]
 82%|████████▏ | 103/125 [35:05<08:16, 22.57s/it]
 83%|████████▎ | 104/125 [35:24<07:33, 21.60s/it]
 84%|████████▍ | 105/125 [35:43<06:55, 20.78s/it]
 85%|████████▍ | 106/125 [36:02<06:26, 20.32s/it]
 86%|████████▌ | 107/125 [36:22<06:00, 20.05s/it]
 86%|████████▋ | 108/125 [36:41<05:35, 19.71s/it]
 87%|████████▋ | 109/125 [37:00<05:13, 19.57s/it]
 88%|████████▊ | 110/125 [37:19<04:51, 19.41s/it]
 89%|████████▉ | 111/125 [37:38<04:30, 19.36s/it]
 90%|████████▉ | 112/125 [37:58<04:11, 19.32s/it]
 90%|█████████ | 113/125 [38:17<03:50, 19.24s/it]
 91%|█████████ | 114/125 [38:36<03:31, 19.24s/it]
 92%|█████████▏| 115/125 [38:55<03:11, 19.14s/it]
 93%|█████████▎| 116/125 [39:14<02:52, 19.17s/it]
 94%|█████████▎| 117/125 [39:33<02:33, 19.19s/it]
 94%|█████████▍| 118/125 [39:52<02:14, 19.15s/it]
 95%|█████████▌| 119/125 [40:12<01:55, 19.17s/it]
 96%|█████████▌| 120/125 [40:31<01:    [nf-probe] train nf-RMS=1.1408e-04   val nf-RMS=9.6499e-05 [m]  (@nf=1400)
(0,)
It  125, sqrt loss 0.002327, Val sim-RMS 0.0003259, Time Loss: 92.9%, data: 0.6%, val: 6.4%, 20.5 sec/batch
35, 19.15s/it]
 97%|█████████▋| 121/125 [40:50<01:16, 19.18s/it]
 98%|█████████▊| 122/125 [41:09<00:57, 19.15s/it]
 98%|█████████▊| 123/125 [41:28<00:38, 19.17s/it]
 99%|█████████▉| 124/125 [41:47<00:19, 19.18s/it]
100%|██████████| 125/125 [42:39<00:00, 29.06s/it]
100%|██████████| 125/125 [42:39<00:00, 20.48s/it]
Loaded model with best known validation sim-RMS of 6.577e-05 which happened on epoch 0 (epoch_id=2.00)
Model already initilized (init_model_done=True), skipping initilizing of the model, the norm and the creation of the optimizer
Size of the training array =  211.7 MB
N_training_samples = 6524, batch_size = 256, N_batch_updates_per_epoch = 25
    [nf-probe] train nf-RMS=1.1371e-04   val nf-RMS=9.6106e-05 [m]  (@nf=1400)
(0,)
Initial Validation sim-RMS= 6.5771135e-05

  0%|          | 0/125 [00:00<?, ?it/s]
  1%|          | 1/125 [00:18<39:01, 18.88s/it]
  2%|▏         | 2/125 [00:38<39:07, 19.08s/it]
  2%|▏         | 3/125 [00:57<38:58, 19.17s/it]
  3%|▎         | 4/125 [01:16<38:44, 19.21s/it]
  4%|▍         | 5/125 [01:35<38:13, 19.11s/it]
  5%|▍         | 6/125 [01:54<37:59, 19.16s/it]
  6%|▌         | 7/125 [02:14<37:43, 19.18s/it]
  6%|▋         | 8/125 [02:33<37:22, 19.16s/it]
  7%|▋         | 9/125 [02:52<37:05, 19.18s/it]
  8%|▊         | 10/125 [03:11<36:48, 19.20s/it]
  9%|▉         | 11/125 [03:30<36:29, 19.21s/it]
 10%|▉         | 12/125 [03:50<36:07, 19.18s/it]
 10%|█         | 13/125 [04:09<35:44, 19.15s/it]
 11%|█         | 14/125 [04:28<35:28, 19.17s/it]
 12%|█▏        | 15/125 [04:47<35:06, 19.15s/it]
 13%|█▎        | 16/125 [05:06<34:57, 19.24s/it]
 14%|█▎        | 17/125 [05:25<34:32, 19.19s/it]
 14%|█▍        | 18/125 [05:45<34:15, 19.21s/it]
 15%|█▌        | 19/125 [06:04<33:45, 19.11s/it]
 16%|█▌        [nf-probe] train nf-RMS=1.1407e-04   val nf-RMS=9.6487e-05 [m]  (@nf=1400)
(0,)
It   25, sqrt loss 0.002354, Val sim-RMS 0.0001377, Time Loss: 93.0%, data: 0.6%, val: 6.4%, 20.5 sec/batch
    | 20/125 [06:23<33:30, 19.15s/it]
 17%|█▋        | 21/125 [06:42<33:14, 19.18s/it]
 18%|█▊        | 22/125 [07:01<32:52, 19.15s/it]
 18%|█▊        | 23/125 [07:21<32:42, 19.24s/it]
 19%|█▉        | 24/125 [07:39<32:12, 19.14s/it]
 20%|██        | 25/125 [08:31<48:19, 29.00s/it]
 21%|██        | 26/125 [08:51<42:54, 26.00s/it]
 22%|██▏       | 27/125 [09:10<39:09, 23.98s/it]
 22%|██▏       | 28/125 [09:29<36:27, 22.56s/it]
 23%|██▎       | 29/125 [09:48<34:30, 21.57s/it]
 24%|██▍       | 30/125 [10:07<32:52, 20.76s/it]
 25%|██▍       | 31/125 [10:26<31:48, 20.30s/it]
 26%|██▌       | 32/125 [10:45<30:53, 19.93s/it]
 26%|██▋       | 33/125 [11:05<30:14, 19.72s/it]
 27%|██▋       | 34/125 [11:24<29:36, 19.52s/it]
 28%|██▊       | 35/125 [11:43<29:09, 19.44s/it]
 29%|██▉       | 36/125 [12:02<28:39, 19.32s/it]
 30%|██▉       | 37/125 [12:21<28:18, 19.30s/it]
 30%|███       | 38/125 [12:40<27:57, 19.28s/it]
 31%|█    [nf-probe] train nf-RMS=1.1497e-04   val nf-RMS=9.8668e-05 [m]  (@nf=1400)
(0,)
It   50, sqrt loss 0.002342, Val sim-RMS 0.000243, Time Loss: 93.0%, data: 0.7%, val: 6.4%, 20.5 sec/batch
██       | 39/125 [13:00<27:32, 19.22s/it]
 32%|███▏      | 40/125 [13:19<27:13, 19.22s/it]
 33%|███▎      | 41/125 [13:38<26:55, 19.23s/it]
 34%|███▎      | 42/125 [13:57<26:31, 19.17s/it]
 34%|███▍      | 43/125 [14:16<26:16, 19.22s/it]
 35%|███▌      | 44/125 [14:36<25:53, 19.18s/it]
 36%|███▌      | 45/125 [14:55<25:32, 19.16s/it]
 37%|███▋      | 46/125 [15:14<25:14, 19.18s/it]
 38%|███▊      | 47/125 [15:33<24:57, 19.19s/it]
 38%|███▊      | 48/125 [15:52<24:35, 19.16s/it]
 39%|███▉      | 49/125 [16:12<24:22, 19.24s/it]
 40%|████      | 50/125 [17:03<36:13, 28.98s/it]
 41%|████      | 51/125 [17:23<32:08, 26.06s/it]
 42%|████▏     | 52/125 [17:41<29:06, 23.92s/it]
 42%|████▏     | 53/125 [18:01<26:58, 22.47s/it]
 43%|████▎     | 54/125 [18:20<25:25, 21.49s/it]
 44%|████▍     | 55/125 [18:39<24:17, 20.83s/it]
 45%|████▍     | 56/125 [18:58<23:20, 20.30s/it]
 46%|████▌     | 57/125 [19:17<22:38, 19.98s/it]
 46%|████▋     | 58/125 [19:36<22:00, 19.71s/it]
 47%|████▋     | 59/125 [19:55<21:27, 19.51s/it]
 48%|████▊     | 60/125 [20:15<21:02, 19.42s/it]
 49%|████▉     | 61/125 [20:34<20:39, 19.37s/it]
 50%|████▉     | 62/125 [20:53<20:14, 19.28s/it]
 50%|█████     | 63/125 [21:12<19:54, 19.27s/it]
 51%|█████     | 64/125 [21:31<19:31, 19.21s/it]
 52%|█████▏    | 65/125 [21:51<19:13, 19.22s/it]
 53%|█████▎    | 66/125 [22:10<18:51, 19.17s/it]
 54%|█████▎    | 67/125 [22:29<18:36, 19.25s/it]
 54%|█████▍    | 68/125 [22:48<18:11, 19.16s/it]
 55%|█████▌    | 69/125 [23:07<17:54, 19.19s/it]
 56%|█████▌    | 70/125 [23:26<17:33, 19.15s/it]
 57%|█████▋    | 71/125 [23:46<17:15, 19.17s/it]
 58%|█████▊    | 72/125 [24:05<16:59, 19.24s/it]
 58%|█████▊    | 73/125 [24:24<16:35, 19.14s/it]
     [nf-probe] train nf-RMS=1.1465e-04   val nf-RMS=9.8832e-05 [m]  (@nf=1400)
(0,)
It   75, sqrt loss 0.002343, Val sim-RMS 0.0002789, Time Loss: 92.9%, data: 0.7%, val: 6.4%, 20.5 sec/batch
59%|█████▉    | 74/125 [24:43<16:20, 19.22s/it]
 60%|██████    | 75/125 [25:35<24:10, 29.02s/it]
 61%|██████    | 76/125 [25:54<21:15, 26.02s/it]
 62%|██████▏   | 77/125 [26:13<19:08, 23.94s/it]
 62%|██████▏   | 78/125 [26:32<17:38, 22.53s/it]
 63%|██████▎   | 79/125 [26:51<16:27, 21.48s/it]
 64%|██████▍   | 80/125 [27:11<15:36, 20.82s/it]
 65%|██████▍   | 81/125 [27:30<14:53, 20.31s/it]
 66%|██████▌   | 82/125 [27:49<14:20, 20.00s/it]
 66%|██████▋   | 83/125 [28:08<13:48, 19.73s/it]
 67%|██████▋   | 84/125 [28:28<13:23, 19.59s/it]
 68%|██████▊   | 85/125 [28:47<12:57, 19.43s/it]
 69%|██████▉   | 86/125 [29:06<12:35, 19.38s/it]
 70%|██████▉   | 87/125 [29:25<12:15, 19.35s/it]
 70%|███████   | 88/125 [29:44<11:52, 19.26s/it]
 71%|███████   | 89/125 [30:03<11:31, 19.21s/it]
 72%|██████    [nf-probe] train nf-RMS=1.1300e-04   val nf-RMS=9.4492e-05 [m]  (@nf=1400)
(0,)
It  100, sqrt loss 0.002343, Val sim-RMS 0.0002506, Time Loss: 92.9%, data: 0.7%, val: 6.4%, 20.5 sec/batch
█▏  | 90/125 [30:23<11:12, 19.22s/it]
 73%|███████▎  | 91/125 [30:42<10:51, 19.18s/it]
 74%|███████▎  | 92/125 [31:01<10:33, 19.20s/it]
 74%|███████▍  | 93/125 [31:20<10:13, 19.17s/it]
 75%|███████▌  | 94/125 [31:39<09:54, 19.19s/it]
 76%|███████▌  | 95/125 [31:58<09:34, 19.15s/it]
 77%|███████▋  | 96/125 [32:17<09:16, 19.18s/it]
 78%|███████▊  | 97/125 [32:37<08:57, 19.19s/it]
 78%|███████▊  | 98/125 [32:56<08:37, 19.16s/it]
 79%|███████▉  | 99/125 [33:15<08:18, 19.19s/it]
 80%|████████  | 100/125 [34:07<12:06, 29.07s/it]
 81%|████████  | 101/125 [34:26<10:25, 26.06s/it]
 82%|████████▏ | 102/125 [34:45<09:12, 24.02s/it]
 82%|████████▏ | 103/125 [35:04<08:14, 22.48s/it]
 83%|████████▎ | 104/125 [35:24<07:32, 21.56s/it]
 84%|████████▍ | 105/125 [35:43<06:56, 20.81s/it]
 85%|████████▍ | 106/125 [36:02<06:26, 20.35s/it]
 86%|████████▌ | 107/125 [36:21<05:59, 19.96s/it]
 86%|████████▋ | 108/125 [36:40<05:34, 19.70s/it]
 87%|████████▋ | 109/125 [36:59<05:12, 19.51s/it]
 88%|████████▊ | 110/125 [37:19<04:51, 19.43s/it]
 89%|████████▉ | 111/125 [37:38<04:31, 19.37s/it]
 90%|████████▉ | 112/125 [37:57<04:10, 19.28s/it]
 90%|█████████ | 113/125 [38:16<03:51, 19.27s/it]
 91%|█████████ | 114/125 [38:35<03:31, 19.22s/it]
 92%|█████████▏| 115/125 [38:54<03:12, 19.22s/it]
 93%|█████████▎| 116/125 [39:13<02:52, 19.18s/it]
 94%|█████████▎| 117/125 [39:33<02:33, 19.19s/it]
 94%|█████████▍| 118/125 [39:52<02:14, 19.16s/it]
 95%|█████████▌| 119/125 [40:11<01:55, 19.17s/it]
 96%|█████████▌| 120/125 [40:30<01:    [nf-probe] train nf-RMS=1.1408e-04   val nf-RMS=9.6499e-05 [m]  (@nf=1400)
(0,)
It  125, sqrt loss 0.002327, Val sim-RMS 0.0003259, Time Loss: 92.9%, data: 0.7%, val: 6.4%, 20.5 sec/batch
35, 19.18s/it]
 97%|█████████▋| 121/125 [40:49<01:16, 19.15s/it]
 98%|█████████▊| 122/125 [41:09<00:57, 19.17s/it]
 98%|█████████▊| 123/125 [41:28<00:38, 19.14s/it]
 99%|█████████▉| 124/125 [41:47<00:19, 19.15s/it]
100%|██████████| 125/125 [42:39<00:00, 29.03s/it]
100%|██████████| 125/125 [42:39<00:00, 20.47s/it]
Loaded model with best known validation sim-RMS of 6.577e-05 which happened on epoch 0 (epoch_id=2.00)
Trial 3: bestfit (val sim-RMS) = 0.000066
[I 2026-07-09 04:52:21,662] Trial 3 finished with value: 6.57711352687329e-05 and parameters: {'lr': 1.4936568554617624e-08, 'nf': 1400}. Best is trial 3 with value: 6.57711352687329e-05.

======================================================================
Trial 4:  lr=6.358e-07  nf=1200  (routing=(0, 1, 2, 3, 4, 5, 6, 7), stride=100)
======================================================================
WARNING: baseline_states.npz not found, using finite-diff states for normalization
Model already initilized (init_model_done=True), skipping initilizing of the model, the norm and the creation of the optimizer
Size of the training array =  182.7 MB
N_training_samples = 6552, batch_size = 256, N_batch_updates_per_epoch = 25
    [nf-probe] train nf-RMS=1.2672e-04   val nf-RMS=6.2870e-05 [m]  (@nf=1200)
(0,)
Initial Validation sim-RMS= 8.014968e-05

  0%|          | 0/125 [00:00<?, ?it/s]
  1%|          | 1/125 [00:16<33:26, 16.18s/it]
  2%|▏         | 2/125 [00:32<33:30, 16.35s/it]
  2%|▏         | 3/125 [00:49<33:21, 16.41s/it]
  3%|▎         | 4/125 [01:05<33:00, 16.37s/it]
  4%|▍         | 5/125 [01:21<32:41, 16.34s/it]
  5%|▍         | 6/125 [01:38<32:22, 16.33s/it]
  6%|▌         | 7/125 [01:54<32:16, 16.41s/it]
  6%|▋         | 8/125 [02:10<31:57, 16.39s/it]
  7%|▋         | 9/125 [02:27<31:44, 16.42s/it]
  8%|▊         | 10/125 [02:43<31:18, 16.33s/it]
  9%|▉         | 11/125 [02:59<31:00, 16.32s/it]
 10%|▉         | 12/125 [03:16<30:48, 16.36s/it]
 10%|█         | 13/125 [03:32<30:30, 16.35s/it]
 11%|█         | 14/125 [03:48<30:13, 16.33s/it]
 12%|█▏        | 15/125 [04:05<29:55, 16.32s/it]
 13%|█▎        | 16/125 [04:21<29:49, 16.42s/it]
 14%|█▎        | 17/125 [04:38<29:29, 16.39s/it]
 14%|█▍        | 18/125 [04:54<29:15, 16.40s/it]
 15%|█▌        | 19/125 [05:10<28:51, 16.33s/it]
 16%|█▌        [nf-probe] train nf-RMS=1.1821e-04   val nf-RMS=5.8079e-05 [m]  (@nf=1200)
(0,)
It   25, sqrt loss 0.002185, Val sim-RMS 0.0003342, Time Loss: 92.4%, data: 0.5%, val: 7.1%, 17.6 sec/batch
    | 20/125 [05:27<28:33, 16.32s/it]
 17%|█▋        | 21/125 [05:43<28:22, 16.37s/it]
 18%|█▊        | 22/125 [06:00<28:08, 16.39s/it]
 18%|█▊        | 23/125 [06:16<27:43, 16.31s/it]
 19%|█▉        | 24/125 [06:32<27:30, 16.34s/it]
 20%|██        | 25/125 [07:20<42:52, 25.72s/it]
 21%|██        | 26/125 [07:36<37:51, 22.94s/it]
 22%|██▏       | 27/125 [07:52<34:07, 20.89s/it]
 22%|██▏       | 28/125 [08:09<31:36, 19.55s/it]
 23%|██▎       | 29/125 [08:25<29:44, 18.58s/it]
 24%|██▍       | 30/125 [08:41<28:19, 17.89s/it]
 25%|██▍       | 31/125 [08:58<27:21, 17.46s/it]
 26%|██▌       | 32/125 [09:14<26:32, 17.13s/it]
 26%|██▋       | 33/125 [09:30<25:52, 16.88s/it]
 27%|██▋       | 34/125 [09:47<25:24, 16.75s/it]
 28%|██▊       | 35/125 [10:03<24:56, 16.62s/it]
 29%|██▉       | 36/125 [10:19<24:30, 16.53s/it]
 30%|██▉       | 37/125 [10:36<24:11, 16.49s/it]
 30%|███       | 38/125 [10:52<23:53, 16.48s/it]
 31%|█    [nf-probe] train nf-RMS=1.2064e-04   val nf-RMS=5.6018e-05 [m]  (@nf=1200)
(0,)
It   50, sqrt loss  0.0021, Val sim-RMS 0.0005346, Time Loss: 92.3%, data: 0.5%, val: 7.1%, 17.6 sec/batch
██       | 39/125 [11:09<23:32, 16.43s/it]
 32%|███▏      | 40/125 [11:25<23:16, 16.43s/it]
 33%|███▎      | 41/125 [11:41<22:52, 16.34s/it]
 34%|███▎      | 42/125 [11:58<22:42, 16.41s/it]
 34%|███▍      | 43/125 [12:14<22:23, 16.38s/it]
 35%|███▌      | 44/125 [12:30<22:04, 16.35s/it]
 36%|███▌      | 45/125 [12:47<21:47, 16.34s/it]
 37%|███▋      | 46/125 [13:03<21:30, 16.34s/it]
 38%|███▊      | 47/125 [13:19<21:17, 16.38s/it]
 38%|███▊      | 48/125 [13:36<20:59, 16.35s/it]
 39%|███▉      | 49/125 [13:52<20:44, 16.38s/it]
 40%|████      | 50/125 [14:40<32:11, 25.75s/it]
 41%|████      | 51/125 [14:56<28:15, 22.91s/it]
 42%|████▏     | 52/125 [15:12<25:24, 20.89s/it]
 42%|████▏     | 53/125 [15:29<23:31, 19.60s/it]
 43%|████▎     | 54/125 [15:45<21:57, 18.56s/it]
 44%|████▍     | 55/125 [16:02<20:57, 17.97s/it]
 45%|████▍     | 56/125 [16:18<20:05, 17.48s/it]
 46%|████▌     | 57/125 [16:34<19:28, 17.18s/it]
 46%|████▋     | 58/125 [16:51<18:50, 16.87s/it]
 47%|████▋     | 59/125 [17:07<18:21, 16.70s/it]
 48%|████▊     | 60/125 [17:23<17:57, 16.58s/it]
 49%|████▉     | 61/125 [17:40<17:38, 16.54s/it]
 50%|████▉     | 62/125 [17:56<17:20, 16.52s/it]
 50%|█████     | 63/125 [18:12<16:59, 16.45s/it]
 51%|█████     | 64/125 [18:29<16:44, 16.46s/it]
 52%|█████▏    | 65/125 [18:45<16:24, 16.41s/it]
 53%|█████▎    | 66/125 [19:01<16:07, 16.39s/it]
 54%|█████▎    | 67/125 [19:18<15:51, 16.41s/it]
 54%|█████▍    | 68/125 [19:34<15:36, 16.43s/it]
 55%|█████▌    | 69/125 [19:51<15:17, 16.39s/it]
 56%|█████▌    | 70/125 [20:07<15:02, 16.41s/it]
 57%|█████▋    | 71/125 [20:23<14:41, 16.33s/it]
 58%|█████▊    | 72/125 [20:40<14:24, 16.31s/it]
 58%|█████▊    | 73/125 [20:56<14:07, 16.30s/it]
     [nf-probe] train nf-RMS=1.1215e-04   val nf-RMS=5.5940e-05 [m]  (@nf=1200)
(0,)
It   75, sqrt loss 0.002076, Val sim-RMS 0.0008184, Time Loss: 92.4%, data: 0.5%, val: 7.1%, 17.6 sec/batch
59%|█████▉    | 74/125 [21:12<13:53, 16.35s/it]
 60%|██████    | 75/125 [22:00<21:25, 25.71s/it]
 61%|██████    | 76/125 [22:16<18:43, 22.94s/it]
 62%|██████▏   | 77/125 [22:33<16:45, 20.95s/it]
 62%|██████▏   | 78/125 [22:49<15:16, 19.50s/it]
 63%|██████▎   | 79/125 [23:05<14:15, 18.59s/it]
 64%|██████▍   | 80/125 [23:22<13:25, 17.91s/it]
 65%|██████▍   | 81/125 [23:38<12:50, 17.52s/it]
 66%|██████▌   | 82/125 [23:54<12:15, 17.10s/it]
 66%|██████▋   | 83/125 [24:11<11:50, 16.92s/it]
 67%|██████▋   | 84/125 [24:27<11:27, 16.77s/it]
 68%|██████▊   | 85/125 [24:44<11:05, 16.63s/it]
 69%|██████▉   | 86/125 [25:00<10:42, 16.48s/it]
 70%|██████▉   | 87/125 [25:16<10:28, 16.53s/it]
 70%|███████   | 88/125 [25:32<10:07, 16.42s/it]
 71%|███████   | 89/125 [25:49<09:51, 16.44s/it]
 72%|██████    [nf-probe] train nf-RMS=1.1841e-04   val nf-RMS=5.7974e-05 [m]  (@nf=1200)
(0,)
It  100, sqrt loss 0.002062, Val sim-RMS 0.0009357, Time Loss: 92.4%, data: 0.5%, val: 7.1%, 17.6 sec/batch
█▏  | 90/125 [26:05<09:35, 16.44s/it]
 73%|███████▎  | 91/125 [26:22<09:17, 16.40s/it]
 74%|███████▎  | 92/125 [26:38<09:01, 16.41s/it]
 74%|███████▍  | 93/125 [26:54<08:43, 16.37s/it]
 75%|███████▌  | 94/125 [27:11<08:28, 16.41s/it]
 76%|███████▌  | 95/125 [27:27<08:09, 16.33s/it]
 77%|███████▋  | 96/125 [27:43<07:54, 16.37s/it]
 78%|███████▊  | 97/125 [28:00<07:37, 16.35s/it]
 78%|███████▊  | 98/125 [28:16<07:21, 16.34s/it]
 79%|███████▉  | 99/125 [28:33<07:05, 16.38s/it]
 80%|████████  | 100/125 [29:20<10:43, 25.75s/it]
 81%|████████  | 101/125 [29:36<09:08, 22.87s/it]
 82%|████████▏ | 102/125 [29:53<08:01, 20.95s/it]
 82%|████████▏ | 103/125 [30:09<07:11, 19.60s/it]
 83%|████████▎ | 104/125 [30:26<06:30, 18.61s/it]
 84%|████████▍ | 105/125 [30:42<05:59, 17.97s/it]
 85%|████████▍ | 106/125 [30:58<05:31, 17.43s/it]
 86%|████████▌ | 107/125 [31:15<05:07, 17.09s/it]
 86%|████████▋ | 108/125 [31:31<04:48, 16.95s/it]
 87%|████████▋ | 109/125 [31:47<04:27, 16.71s/it]
 88%|████████▊ | 110/125 [32:04<04:10, 16.67s/it]
 89%|████████▉ | 111/125 [32:20<03:51, 16.52s/it]
 90%|████████▉ | 112/125 [32:36<03:34, 16.50s/it]
 90%|█████████ | 113/125 [32:53<03:17, 16.48s/it]
 91%|█████████ | 114/125 [33:09<03:00, 16.37s/it]
 92%|█████████▏| 115/125 [33:25<02:43, 16.39s/it]
 93%|█████████▎| 116/125 [33:42<02:27, 16.36s/it]
 94%|█████████▎| 117/125 [33:58<02:11, 16.38s/it]
 94%|█████████▍| 118/125 [34:15<01:54, 16.40s/it]
 95%|█████████▌| 119/125 [34:31<01:37, 16.33s/it]
 96%|█████████▌| 120/125 [34:47<01:    [nf-probe] train nf-RMS=1.2155e-04   val nf-RMS=5.8081e-05 [m]  (@nf=1200)
(0,)
It  125, sqrt loss 0.002052, Val sim-RMS 0.0008389, Time Loss: 92.4%, data: 0.5%, val: 7.1%, 17.6 sec/batch
21, 16.36s/it]
 97%|█████████▋| 121/125 [35:04<01:05, 16.34s/it]
 98%|█████████▊| 122/125 [35:20<00:49, 16.37s/it]
 98%|█████████▊| 123/125 [35:36<00:32, 16.31s/it]
 99%|█████████▉| 124/125 [35:53<00:16, 16.34s/it]
100%|██████████| 125/125 [36:40<00:00, 25.71s/it]
100%|██████████| 125/125 [36:40<00:00, 17.61s/it]
Loaded model with best known validation sim-RMS of 8.015e-05 which happened on epoch 0 (epoch_id=0.00)
Model already initilized (init_model_done=True), skipping initilizing of the model, the norm and the creation of the optimizer
Size of the training array =  182.7 MB
N_training_samples = 6552, batch_size = 256, N_batch_updates_per_epoch = 25
    [nf-probe] train nf-RMS=1.2672e-04   val nf-RMS=6.2870e-05 [m]  (@nf=1200)
(0,)
Initial Validation sim-RMS= 8.014968e-05

  0%|          | 0/125 [00:00<?, ?it/s]
  1%|          | 1/125 [00:16<33:47, 16.35s/it]
  2%|▏         | 2/125 [00:32<33:26, 16.32s/it]
  2%|▏         | 3/125 [00:49<33:21, 16.41s/it]
  3%|▎         | 4/125 [01:05<33:08, 16.44s/it]
  4%|▍         | 5/125 [01:22<32:49, 16.41s/it]
  5%|▍         | 6/125 [01:38<32:35, 16.43s/it]
  6%|▌         | 7/125 [01:54<32:10, 16.36s/it]
  6%|▋         | 8/125 [02:11<31:59, 16.40s/it]
  7%|▋         | 9/125 [02:27<31:40, 16.39s/it]
  8%|▊         | 10/125 [02:43<31:27, 16.41s/it]
  9%|▉         | 11/125 [03:00<31:08, 16.39s/it]
 10%|▉         | 12/125 [03:16<30:49, 16.37s/it]
 10%|█         | 13/125 [03:33<30:37, 16.41s/it]
 11%|█         | 14/125 [03:49<30:19, 16.39s/it]
 12%|█▏        | 15/125 [04:05<30:00, 16.37s/it]
 13%|█▎        | 16/125 [04:22<29:53, 16.45s/it]
 14%|█▎        | 17/125 [04:38<29:28, 16.38s/it]
 14%|█▍        | 18/125 [04:55<29:21, 16.46s/it]
 15%|█▌        | 19/125 [05:11<28:54, 16.37s/it]
 16%|█▌        [nf-probe] train nf-RMS=1.1821e-04   val nf-RMS=5.8079e-05 [m]  (@nf=1200)
(0,)
It   25, sqrt loss 0.002185, Val sim-RMS 0.0003342, Time Loss: 92.2%, data: 0.6%, val: 7.2%, 17.7 sec/batch
    | 20/125 [05:28<28:48, 16.46s/it]
 17%|█▋        | 21/125 [05:44<28:22, 16.37s/it]
 18%|█▊        | 22/125 [06:00<28:05, 16.36s/it]
 18%|█▊        | 23/125 [06:17<27:48, 16.36s/it]
 19%|█▉        | 24/125 [06:33<27:35, 16.39s/it]
 20%|██        | 25/125 [07:21<43:06, 25.86s/it]
 21%|██        | 26/125 [07:37<37:57, 23.00s/it]
 22%|██▏       | 27/125 [07:54<34:18, 21.00s/it]
 22%|██▏       | 28/125 [08:10<31:45, 19.65s/it]
 23%|██▎       | 29/125 [08:26<29:50, 18.65s/it]
 24%|██▍       | 30/125 [08:43<28:29, 18.00s/it]
 25%|██▍       | 31/125 [08:59<27:24, 17.50s/it]
 26%|██▌       | 32/125 [09:16<26:33, 17.14s/it]
 26%|██▋       | 33/125 [09:32<25:57, 16.93s/it]
 27%|██▋       | 34/125 [09:48<25:24, 16.76s/it]
 28%|██▊       | 35/125 [10:05<24:55, 16.62s/it]
 29%|██▉       | 36/125 [10:21<24:30, 16.53s/it]
 30%|██▉       | 37/125 [10:37<24:12, 16.51s/it]
 30%|███       | 38/125 [10:54<23:51, 16.46s/it]
 31%|█    [nf-probe] train nf-RMS=1.2064e-04   val nf-RMS=5.6018e-05 [m]  (@nf=1200)
(0,)
It   50, sqrt loss  0.0021, Val sim-RMS 0.0005346, Time Loss: 92.2%, data: 0.6%, val: 7.2%, 17.7 sec/batch
██       | 39/125 [11:10<23:35, 16.46s/it]
 32%|███▏      | 40/125 [11:27<23:16, 16.42s/it]
 33%|███▎      | 41/125 [11:43<22:56, 16.39s/it]
 34%|███▎      | 42/125 [12:00<22:47, 16.47s/it]
 34%|███▍      | 43/125 [12:16<22:23, 16.38s/it]
 35%|███▌      | 44/125 [12:32<22:13, 16.46s/it]
 36%|███▌      | 45/125 [12:49<21:50, 16.39s/it]
 37%|███▋      | 46/125 [13:05<21:37, 16.42s/it]
 38%|███▊      | 47/125 [13:21<21:18, 16.40s/it]
 38%|███▊      | 48/125 [13:38<21:04, 16.42s/it]
 39%|███▉      | 49/125 [13:54<20:45, 16.39s/it]
 40%|████      | 50/125 [14:42<32:17, 25.84s/it]
 41%|████      | 51/125 [14:58<28:17, 22.94s/it]
 42%|████▏     | 52/125 [15:15<25:33, 21.00s/it]
 42%|████▏     | 53/125 [15:31<23:31, 19.60s/it]
 43%|████▎     | 54/125 [15:48<22:06, 18.68s/it]
 44%|████▍     | 55/125 [16:04<20:58, 17.98s/it]
 45%|████▍     | 56/125 [16:20<20:06, 17.49s/it]
 46%|████▌     | 57/125 [16:37<19:28, 17.18s/it]
 46%|████▋     | 58/125 [16:53<18:54, 16.93s/it]
 47%|████▋     | 59/125 [17:09<18:25, 16.75s/it]
 48%|████▊     | 60/125 [17:26<18:04, 16.68s/it]
 49%|████▉     | 61/125 [17:42<17:40, 16.57s/it]
 50%|████▉     | 62/125 [17:59<17:23, 16.56s/it]
 50%|█████     | 63/125 [18:15<17:05, 16.54s/it]
 51%|█████     | 64/125 [18:31<16:42, 16.44s/it]
 52%|█████▏    | 65/125 [18:48<16:27, 16.45s/it]
 53%|█████▎    | 66/125 [19:04<16:09, 16.42s/it]
 54%|█████▎    | 67/125 [19:21<15:51, 16.40s/it]
 54%|█████▍    | 68/125 [19:37<15:36, 16.42s/it]
 55%|█████▌    | 69/125 [19:53<15:18, 16.40s/it]
 56%|█████▌    | 70/125 [20:10<15:00, 16.37s/it]
 57%|█████▋    | 71/125 [20:26<14:45, 16.41s/it]
 58%|█████▊    | 72/125 [20:43<14:28, 16.38s/it]
 58%|█████▊    | 73/125 [20:59<14:11, 16.37s/it]
     [nf-probe] train nf-RMS=1.1215e-04   val nf-RMS=5.5940e-05 [m]  (@nf=1200)
(0,)
It   75, sqrt loss 0.002076, Val sim-RMS 0.0008184, Time Loss: 92.2%, data: 0.7%, val: 7.2%, 17.7 sec/batch
59%|█████▉    | 74/125 [21:15<13:56, 16.40s/it]
 60%|██████    | 75/125 [22:03<21:32, 25.85s/it]
 61%|██████    | 76/125 [22:20<18:46, 23.00s/it]
 62%|██████▏   | 77/125 [22:36<16:47, 20.99s/it]
 62%|██████▏   | 78/125 [22:53<15:25, 19.69s/it]
 63%|██████▎   | 79/125 [23:09<14:17, 18.64s/it]
 64%|██████▍   | 80/125 [23:25<13:29, 17.99s/it]
 65%|██████▍   | 81/125 [23:42<12:51, 17.54s/it]
 66%|██████▌   | 82/125 [23:58<12:17, 17.14s/it]
 66%|██████▋   | 83/125 [24:14<11:51, 16.94s/it]
 67%|██████▋   | 84/125 [24:31<11:26, 16.76s/it]
 68%|██████▊   | 85/125 [24:47<11:08, 16.72s/it]
 69%|██████▉   | 86/125 [25:04<10:46, 16.57s/it]
 70%|██████▉   | 87/125 [25:20<10:26, 16.50s/it]
 70%|███████   | 88/125 [25:36<10:09, 16.48s/it]
 71%|███████   | 89/125 [25:53<09:53, 16.48s/it]
 72%|██████    [nf-probe] train nf-RMS=1.1841e-04   val nf-RMS=5.7974e-05 [m]  (@nf=1200)
(0,)
It  100, sqrt loss 0.002062, Val sim-RMS 0.0009357, Time Loss: 92.2%, data: 0.6%, val: 7.1%, 17.7 sec/batch
█▏  | 90/125 [26:09<09:35, 16.43s/it]
 73%|███████▎  | 91/125 [26:26<09:17, 16.40s/it]
 74%|███████▎  | 92/125 [26:42<09:02, 16.43s/it]
 74%|███████▍  | 93/125 [26:58<08:43, 16.36s/it]
 75%|███████▌  | 94/125 [27:15<08:30, 16.46s/it]
 76%|███████▌  | 95/125 [27:31<08:11, 16.37s/it]
 77%|███████▋  | 96/125 [27:48<07:57, 16.45s/it]
 78%|███████▊  | 97/125 [28:04<07:38, 16.38s/it]
 78%|███████▊  | 98/125 [28:20<07:23, 16.42s/it]
 79%|███████▉  | 99/125 [28:37<07:06, 16.40s/it]
 80%|████████  | 100/125 [29:25<10:44, 25.80s/it]
 81%|████████  | 101/125 [29:41<09:12, 23.00s/it]
 82%|████████▏ | 102/125 [29:57<08:01, 20.96s/it]
 82%|████████▏ | 103/125 [30:14<07:10, 19.58s/it]
 83%|████████▎ | 104/125 [30:30<06:30, 18.60s/it]
 84%|████████▍ | 105/125 [30:46<06:00, 18.01s/it]
 85%|████████▍ | 106/125 [31:03<05:31, 17.47s/it]
 86%|████████▌ | 107/125 [31:19<05:09, 17.18s/it]
 86%|████████▋ | 108/125 [31:36<04:47, 16.92s/it]
 87%|████████▋ | 109/125 [31:52<04:27, 16.73s/it]
 88%|████████▊ | 110/125 [32:08<04:10, 16.71s/it]
 89%|████████▉ | 111/125 [32:25<03:52, 16.58s/it]
 90%|████████▉ | 112/125 [32:41<03:34, 16.51s/it]
 90%|█████████ | 113/125 [32:57<03:17, 16.45s/it]
 91%|█████████ | 114/125 [33:14<03:00, 16.41s/it]
 92%|█████████▏| 115/125 [33:30<02:44, 16.43s/it]
 93%|█████████▎| 116/125 [33:47<02:27, 16.44s/it]
 94%|█████████▎| 117/125 [34:03<02:11, 16.41s/it]
 94%|█████████▍| 118/125 [34:19<01:54, 16.42s/it]
 95%|█████████▌| 119/125 [34:36<01:38, 16.35s/it]
 96%|█████████▌| 120/125 [34:52<01:    [nf-probe] train nf-RMS=1.2155e-04   val nf-RMS=5.8081e-05 [m]  (@nf=1200)
(0,)
It  125, sqrt loss 0.002052, Val sim-RMS 0.0008389, Time Loss: 92.3%, data: 0.6%, val: 7.1%, 17.6 sec/batch
22, 16.43s/it]
 97%|█████████▋| 121/125 [35:08<01:05, 16.35s/it]
 98%|█████████▊| 122/125 [35:25<00:49, 16.39s/it]
 98%|█████████▊| 123/125 [35:41<00:32, 16.42s/it]
 99%|█████████▉| 124/125 [35:58<00:16, 16.40s/it]
100%|██████████| 125/125 [36:46<00:00, 25.86s/it]
100%|██████████| 125/125 [36:46<00:00, 17.65s/it]
Loaded model with best known validation sim-RMS of 8.015e-05 which happened on epoch 0 (epoch_id=0.00)
Model already initilized (init_model_done=True), skipping initilizing of the model, the norm and the creation of the optimizer
Size of the training array =  182.7 MB
N_training_samples = 6552, batch_size = 256, N_batch_updates_per_epoch = 25
    [nf-probe] train nf-RMS=1.2672e-04   val nf-RMS=6.2870e-05 [m]  (@nf=1200)
(0,)
Initial Validation sim-RMS= 8.014968e-05

  0%|          | 0/125 [00:00<?, ?it/s]
  1%|          | 1/125 [00:16<33:28, 16.20s/it]
  2%|▏         | 2/125 [00:32<33:20, 16.26s/it]
  2%|▏         | 3/125 [00:48<33:16, 16.36s/it]
  3%|▎         | 4/125 [01:05<32:58, 16.35s/it]
  4%|▍         | 5/125 [01:21<32:48, 16.40s/it]
  5%|▍         | 6/125 [01:38<32:29, 16.39s/it]
  6%|▌         | 7/125 [01:54<32:17, 16.42s/it]
  6%|▋         | 8/125 [02:10<31:57, 16.39s/it]
  7%|▋         | 9/125 [02:27<31:39, 16.38s/it]
  8%|▊         | 10/125 [02:43<31:27, 16.41s/it]
  9%|▉         | 11/125 [03:00<31:13, 16.44s/it]
 10%|▉         | 12/125 [03:16<30:53, 16.40s/it]
 10%|█         | 13/125 [03:33<30:39, 16.42s/it]
 11%|█         | 14/125 [03:49<30:19, 16.39s/it]
 12%|█▏        | 15/125 [04:05<30:01, 16.37s/it]
 13%|█▎        | 16/125 [04:22<29:42, 16.35s/it]
 14%|█▎        | 17/125 [04:38<29:26, 16.35s/it]
 14%|█▍        | 18/125 [04:54<29:13, 16.38s/it]
 15%|█▌        | 19/125 [05:11<28:55, 16.38s/it]
 16%|█▌        [nf-probe] train nf-RMS=1.1821e-04   val nf-RMS=5.8079e-05 [m]  (@nf=1200)
(0,)
It   25, sqrt loss 0.002185, Val sim-RMS 0.0003342, Time Loss: 92.1%, data: 0.7%, val: 7.2%, 17.6 sec/batch
    | 20/125 [05:27<28:42, 16.40s/it]
 17%|█▋        | 21/125 [05:44<28:24, 16.39s/it]
 18%|█▊        | 22/125 [06:00<28:12, 16.43s/it]
 18%|█▊        | 23/125 [06:16<27:53, 16.40s/it]
 19%|█▉        | 24/125 [06:33<27:35, 16.39s/it]
 20%|██        | 25/125 [07:21<43:05, 25.85s/it]
 21%|██        | 26/125 [07:37<37:57, 23.00s/it]
 22%|██▏       | 27/125 [07:54<34:22, 21.04s/it]
 22%|██▏       | 28/125 [08:10<31:45, 19.64s/it]
 23%|██▎       | 29/125 [08:26<29:50, 18.66s/it]
 24%|██▍       | 30/125 [08:43<28:26, 17.96s/it]
 25%|██▍       | 31/125 [08:59<27:26, 17.51s/it]
 26%|██▌       | 32/125 [09:15<26:35, 17.16s/it]
 26%|██▋       | 33/125 [09:32<26:04, 17.00s/it]
 27%|██▋       | 34/125 [09:48<25:28, 16.80s/it]
 28%|██▊       | 35/125 [10:05<24:59, 16.66s/it]
 29%|██▉       | 36/125 [10:21<24:34, 16.57s/it]
 30%|██▉       | 37/125 [10:37<24:12, 16.50s/it]
 30%|███       | 38/125 [10:54<23:51, 16.45s/it]
 31%|█    [nf-probe] train nf-RMS=1.2064e-04   val nf-RMS=5.6018e-05 [m]  (@nf=1200)
(0,)
It   50, sqrt loss  0.0021, Val sim-RMS 0.0005346, Time Loss: 92.2%, data: 0.7%, val: 7.1%, 17.7 sec/batch
██       | 39/125 [11:10<23:40, 16.51s/it]
 32%|███▏      | 40/125 [11:27<23:15, 16.41s/it]
 33%|███▎      | 41/125 [11:43<23:00, 16.44s/it]
 34%|███▎      | 42/125 [11:59<22:41, 16.41s/it]
 34%|███▍      | 43/125 [12:16<22:23, 16.39s/it]
 35%|███▌      | 44/125 [12:32<22:14, 16.47s/it]
 36%|███▌      | 45/125 [12:49<21:55, 16.44s/it]
 37%|███▋      | 46/125 [13:05<21:36, 16.41s/it]
 38%|███▊      | 47/125 [13:21<21:18, 16.40s/it]
 38%|███▊      | 48/125 [13:38<21:04, 16.43s/it]
 39%|███▉      | 49/125 [13:54<20:47, 16.41s/it]
 40%|████      | 50/125 [14:42<32:17, 25.83s/it]
 41%|████      | 51/125 [14:59<28:20, 22.98s/it]
 42%|████▏     | 52/125 [15:15<25:32, 20.99s/it]
 42%|████▏     | 53/125 [15:31<23:30, 19.59s/it]
 43%|████▎     | 54/125 [15:48<22:01, 18.61s/it]
 44%|████▍     | 55/125 [16:04<21:01, 18.02s/it]
 45%|████▍     | 56/125 [16:20<20:05, 17.47s/it]
 46%|████▌     | 57/125 [16:37<19:28, 17.19s/it]
 46%|████▋     | 58/125 [16:53<18:54, 16.93s/it]
 47%|████▋     | 59/125 [17:10<18:28, 16.79s/it]
 48%|████▊     | 60/125 [17:26<18:05, 16.70s/it]
 49%|████▉     | 61/125 [17:43<17:41, 16.59s/it]
 50%|████▉     | 62/125 [17:59<17:20, 16.52s/it]
 50%|█████     | 63/125 [18:15<17:03, 16.50s/it]
 51%|█████     | 64/125 [18:32<16:42, 16.44s/it]
 52%|█████▏    | 65/125 [18:48<16:25, 16.42s/it]
 53%|█████▎    | 66/125 [19:04<16:09, 16.44s/it]
 54%|█████▎    | 67/125 [19:21<15:51, 16.41s/it]
 54%|█████▍    | 68/125 [19:37<15:36, 16.42s/it]
 55%|█████▌    | 69/125 [19:53<15:15, 16.35s/it]
 56%|█████▌    | 70/125 [20:10<15:01, 16.40s/it]
 57%|█████▋    | 71/125 [20:26<14:44, 16.38s/it]
 58%|█████▊    | 72/125 [20:43<14:30, 16.42s/it]
 58%|█████▊    | 73/125 [20:59<14:12, 16.40s/it]
     [nf-probe] train nf-RMS=1.1215e-04   val nf-RMS=5.5940e-05 [m]  (@nf=1200)
(0,)
It   75, sqrt loss 0.002076, Val sim-RMS 0.0008184, Time Loss: 92.2%, data: 0.6%, val: 7.1%, 17.7 sec/batch
59%|█████▉    | 74/125 [21:16<14:01, 16.49s/it]
 60%|██████    | 75/125 [22:04<21:33, 25.88s/it]
 61%|██████    | 76/125 [22:20<18:45, 22.97s/it]
 62%|██████▏   | 77/125 [22:36<16:46, 20.98s/it]
 62%|██████▏   | 78/125 [22:53<15:25, 19.69s/it]
 63%|██████▎   | 79/125 [23:09<14:17, 18.64s/it]
 64%|██████▍   | 80/125 [23:26<13:29, 17.99s/it]
 65%|██████▍   | 81/125 [23:42<12:50, 17.50s/it]
 66%|██████▌   | 82/125 [23:58<12:17, 17.16s/it]
 66%|██████▋   | 83/125 [24:15<11:52, 16.97s/it]
 67%|██████▋   | 84/125 [24:31<11:28, 16.78s/it]
 68%|██████▊   | 85/125 [24:48<11:08, 16.70s/it]
 69%|██████▉   | 86/125 [25:04<10:47, 16.61s/it]
 70%|██████▉   | 87/125 [25:21<10:29, 16.58s/it]
 70%|███████   | 88/125 [25:37<10:12, 16.55s/it]
 71%|███████   | 89/125 [25:53<09:51, 16.44s/it]
 72%|██████    [nf-probe] train nf-RMS=1.1841e-04   val nf-RMS=5.7974e-05 [m]  (@nf=1200)
(0,)
It  100, sqrt loss 0.002062, Val sim-RMS 0.0009357, Time Loss: 92.2%, data: 0.6%, val: 7.1%, 17.7 sec/batch
█▏  | 90/125 [26:10<09:34, 16.41s/it]
 73%|███████▎  | 91/125 [26:26<09:20, 16.48s/it]
 74%|███████▎  | 92/125 [26:42<09:01, 16.40s/it]
 74%|███████▍  | 93/125 [26:59<08:46, 16.44s/it]
 75%|███████▌  | 94/125 [27:15<08:30, 16.45s/it]
 76%|███████▌  | 95/125 [27:32<08:11, 16.37s/it]
 77%|███████▋  | 96/125 [27:48<07:55, 16.41s/it]
 78%|███████▊  | 97/125 [28:04<07:38, 16.38s/it]
 78%|███████▊  | 98/125 [28:21<07:24, 16.46s/it]
 79%|███████▉  | 99/125 [28:37<07:05, 16.38s/it]
 80%|████████  | 100/125 [29:25<10:47, 25.89s/it]
 81%|████████  | 101/125 [29:42<09:11, 22.98s/it]
 82%|████████▏ | 102/125 [29:58<08:02, 20.99s/it]
 82%|████████▏ | 103/125 [30:15<07:13, 19.69s/it]
 83%|████████▎ | 104/125 [30:31<06:32, 18.69s/it]
 84%|████████▍ | 105/125 [30:47<05:59, 17.99s/it]
 85%|████████▍ | 106/125 [31:03<05:31, 17.44s/it]
 86%|████████▌ | 107/125 [31:20<05:08, 17.15s/it]
 86%|████████▋ | 108/125 [31:36<04:47, 16.92s/it]
 87%|████████▋ | 109/125 [31:53<04:28, 16.80s/it]
 88%|████████▊ | 110/125 [32:09<04:09, 16.66s/it]
 89%|████████▉ | 111/125 [32:25<03:51, 16.57s/it]
 90%|████████▉ | 112/125 [32:42<03:35, 16.56s/it]
 90%|█████████ | 113/125 [32:58<03:17, 16.49s/it]
 91%|█████████ | 114/125 [33:15<03:00, 16.44s/it]
 92%|█████████▏| 115/125 [33:31<02:44, 16.45s/it]
 93%|█████████▎| 116/125 [33:47<02:27, 16.41s/it]
 94%|█████████▎| 117/125 [34:04<02:11, 16.43s/it]
 94%|█████████▍| 118/125 [34:20<01:54, 16.40s/it]
 95%|█████████▌| 119/125 [34:37<01:38, 16.47s/it]
 96%|█████████▌| 120/125 [34:53<01:    [nf-probe] train nf-RMS=1.2155e-04   val nf-RMS=5.8081e-05 [m]  (@nf=1200)
(0,)
It  125, sqrt loss 0.002052, Val sim-RMS 0.0008389, Time Loss: 92.2%, data: 0.6%, val: 7.1%, 17.7 sec/batch
21, 16.40s/it]
 97%|█████████▋| 121/125 [35:09<01:05, 16.38s/it]
 98%|█████████▊| 122/125 [35:26<00:49, 16.46s/it]
 98%|█████████▊| 123/125 [35:42<00:32, 16.38s/it]
 99%|█████████▉| 124/125 [35:59<00:16, 16.45s/it]
100%|██████████| 125/125 [36:47<00:00, 25.80s/it]
100%|██████████| 125/125 [36:47<00:00, 17.66s/it]
Loaded model with best known validation sim-RMS of 8.015e-05 which happened on epoch 0 (epoch_id=0.00)
Model already initilized (init_model_done=True), skipping initilizing of the model, the norm and the creation of the optimizer
Size of the training array =  182.7 MB
N_training_samples = 6552, batch_size = 256, N_batch_updates_per_epoch = 25
    [nf-probe] train nf-RMS=1.2672e-04   val nf-RMS=6.2870e-05 [m]  (@nf=1200)
(0,)
Initial Validation sim-RMS= 8.014968e-05

  0%|          | 0/125 [00:00<?, ?it/s]
  1%|          | 1/125 [00:16<33:48, 16.36s/it]
  2%|▏         | 2/125 [00:32<33:28, 16.33s/it]
  2%|▏         | 3/125 [00:49<33:13, 16.34s/it]
  3%|▎         | 4/125 [01:05<33:11, 16.46s/it]
  4%|▍         | 5/125 [01:21<32:44, 16.37s/it]
  5%|▍         | 6/125 [01:38<32:38, 16.46s/it]
  6%|▌         | 7/125 [01:54<32:10, 16.36s/it]
  6%|▋         | 8/125 [02:10<31:52, 16.35s/it]
  7%|▋         | 9/125 [02:27<31:35, 16.34s/it]
  8%|▊         | 10/125 [02:43<31:30, 16.44s/it]
  9%|▉         | 11/125 [03:00<31:03, 16.35s/it]
 10%|▉         | 12/125 [03:16<30:52, 16.40s/it]
 10%|█         | 13/125 [03:33<30:40, 16.43s/it]
 11%|█         | 14/125 [03:49<30:21, 16.41s/it]
 12%|█▏        | 15/125 [04:05<30:03, 16.39s/it]
 13%|█▎        | 16/125 [04:22<29:45, 16.38s/it]
 14%|█▎        | 17/125 [04:38<29:28, 16.37s/it]
 14%|█▍        | 18/125 [04:55<29:14, 16.40s/it]
 15%|█▌        | 19/125 [05:11<28:56, 16.39s/it]
 16%|█▌        [nf-probe] train nf-RMS=1.1821e-04   val nf-RMS=5.8079e-05 [m]  (@nf=1200)
(0,)
It   25, sqrt loss 0.002185, Val sim-RMS 0.0003342, Time Loss: 92.3%, data: 0.6%, val: 7.2%, 17.7 sec/batch
    | 20/125 [05:27<28:44, 16.42s/it]
 17%|█▋        | 21/125 [05:44<28:30, 16.45s/it]
 18%|█▊        | 22/125 [06:00<28:10, 16.41s/it]
 18%|█▊        | 23/125 [06:17<27:55, 16.43s/it]
 19%|█▉        | 24/125 [06:33<27:36, 16.40s/it]
 20%|██        | 25/125 [07:21<43:05, 25.85s/it]
 21%|██        | 26/125 [07:37<37:51, 22.95s/it]
 22%|██▏       | 27/125 [07:53<34:14, 20.96s/it]
 22%|██▏       | 28/125 [08:10<31:43, 19.62s/it]
 23%|██▎       | 29/125 [08:26<29:49, 18.64s/it]
 24%|██▍       | 30/125 [08:43<28:29, 17.99s/it]
 25%|██▍       | 31/125 [08:59<27:24, 17.49s/it]
 26%|██▌       | 32/125 [09:16<26:39, 17.20s/it]
 26%|██▋       | 33/125 [09:32<25:58, 16.94s/it]
 27%|██▋       | 34/125 [09:48<25:29, 16.81s/it]
 28%|██▊       | 35/125 [10:05<24:59, 16.67s/it]
 29%|██▉       | 36/125 [10:21<24:38, 16.61s/it]
 30%|██▉       | 37/125 [10:37<24:10, 16.48s/it]
 30%|███       | 38/125 [10:54<23:58, 16.54s/it]
 31%|█    [nf-probe] train nf-RMS=1.2064e-04   val nf-RMS=5.6018e-05 [m]  (@nf=1200)
(0,)
It   50, sqrt loss  0.0021, Val sim-RMS 0.0005346, Time Loss: 92.3%, data: 0.5%, val: 7.1%, 17.7 sec/batch
██       | 39/125 [11:10<23:33, 16.43s/it]
 32%|███▏      | 40/125 [11:27<23:17, 16.45s/it]
 33%|███▎      | 41/125 [11:43<22:59, 16.42s/it]
 34%|███▎      | 42/125 [11:59<22:40, 16.40s/it]
 34%|███▍      | 43/125 [12:16<22:26, 16.42s/it]
 35%|███▌      | 44/125 [12:32<22:13, 16.46s/it]
 36%|███▌      | 45/125 [12:49<21:53, 16.42s/it]
 37%|███▋      | 46/125 [13:05<21:34, 16.39s/it]
 38%|███▊      | 47/125 [13:22<21:21, 16.42s/it]
 38%|███▊      | 48/125 [13:38<21:02, 16.39s/it]
 39%|███▉      | 49/125 [13:54<20:44, 16.38s/it]
 40%|████      | 50/125 [14:42<32:18, 25.85s/it]
 41%|████      | 51/125 [15:00<28:57, 23.48s/it]
 42%|████▏     | 52/125 [15:17<26:02, 21.40s/it]
 42%|████▏     | 53/125 [15:33<23:52, 19.89s/it]
 43%|████▎     | 54/125 [15:50<22:20, 18.88s/it]
 44%|████▍     | 55/125 [16:06<21:12, 18.18s/it]
 45%|████▍     | 56/125 [16:23<20:16, 17.63s/it]
 46%|████▌     | 57/125 [16:39<19:35, 17.29s/it]
 46%|████▋     | 58/125 [16:55<18:59, 17.01s/it]
 47%|████▋     | 59/125 [17:12<18:33, 16.87s/it]
 48%|████▊     | 60/125 [17:28<18:03, 16.67s/it]
 49%|████▉     | 61/125 [17:44<17:41, 16.58s/it]
 50%|████▉     | 62/125 [18:01<17:25, 16.60s/it]
 50%|█████     | 63/125 [18:17<17:01, 16.48s/it]
 51%|█████     | 64/125 [18:34<16:46, 16.50s/it]
 52%|█████▏    | 65/125 [18:50<16:29, 16.50s/it]
 53%|█████▎    | 66/125 [19:07<16:11, 16.46s/it]
 54%|█████▎    | 67/125 [19:23<15:53, 16.44s/it]
 54%|█████▍    | 68/125 [19:40<15:38, 16.47s/it]
 55%|█████▌    | 69/125 [19:56<15:17, 16.39s/it]
 56%|█████▌    | 70/125 [20:12<15:03, 16.42s/it]
 57%|█████▋    | 71/125 [20:29<14:46, 16.41s/it]
 58%|█████▊    | 72/125 [20:45<14:31, 16.44s/it]
 58%|█████▊    | 73/125 [21:02<14:13, 16.41s/it]
     [nf-probe] train nf-RMS=1.1215e-04   val nf-RMS=5.5940e-05 [m]  (@nf=1200)
(0,)
It   75, sqrt loss 0.002076, Val sim-RMS 0.0008184, Time Loss: 92.3%, data: 0.6%, val: 7.1%, 17.7 sec/batch
59%|█████▉    | 74/125 [21:18<13:58, 16.44s/it]
 60%|██████    | 75/125 [22:06<21:36, 25.93s/it]
 61%|██████    | 76/125 [22:23<18:50, 23.06s/it]
 62%|██████▏   | 77/125 [22:39<16:52, 21.10s/it]
 62%|██████▏   | 78/125 [22:55<15:25, 19.69s/it]
 63%|██████▎   | 79/125 [23:12<14:19, 18.69s/it]
 64%|██████▍   | 80/125 [23:28<13:27, 17.95s/it]
 65%|██████▍   | 81/125 [23:45<12:50, 17.52s/it]
 66%|██████▌   | 82/125 [24:01<12:18, 17.17s/it]
 66%|██████▋   | 83/125 [24:18<11:55, 17.02s/it]
 67%|██████▋   | 84/125 [24:34<11:28, 16.80s/it]
 68%|██████▊   | 85/125 [24:50<11:08, 16.71s/it]
 69%|██████▉   | 86/125 [25:07<10:47, 16.61s/it]
 70%|██████▉   | 87/125 [25:23<10:30, 16.58s/it]
 70%|███████   | 88/125 [25:40<10:12, 16.56s/it]
 71%|███████   | 89/125 [25:56<09:53, 16.50s/it]
 72%|██████    [nf-probe] train nf-RMS=1.1841e-04   val nf-RMS=5.7974e-05 [m]  (@nf=1200)
(0,)
It  100, sqrt loss 0.002062, Val sim-RMS 0.0009357, Time Loss: 92.3%, data: 0.5%, val: 7.1%, 17.7 sec/batch
█▏  | 90/125 [26:12<09:34, 16.40s/it]
 73%|███████▎  | 91/125 [26:29<09:20, 16.48s/it]
 74%|███████▎  | 92/125 [26:45<09:01, 16.40s/it]
 74%|███████▍  | 93/125 [27:02<08:47, 16.47s/it]
 75%|███████▌  | 94/125 [27:18<08:29, 16.45s/it]
 76%|███████▌  | 95/125 [27:35<08:12, 16.43s/it]
 77%|███████▋  | 96/125 [27:51<07:56, 16.42s/it]
 78%|███████▊  | 97/125 [28:08<07:40, 16.44s/it]
 78%|███████▊  | 98/125 [28:24<07:24, 16.47s/it]
 79%|███████▉  | 99/125 [28:40<07:06, 16.40s/it]
 80%|████████  | 100/125 [29:28<10:47, 25.89s/it]
 81%|████████  | 101/125 [29:45<09:13, 23.07s/it]
 82%|████████▏ | 102/125 [30:01<08:04, 21.05s/it]
 82%|████████▏ | 103/125 [30:18<07:12, 19.65s/it]
 83%|████████▎ | 104/125 [30:34<06:32, 18.71s/it]
 84%|████████▍ | 105/125 [30:51<06:00, 18.05s/it]
 85%|████████▍ | 106/125 [31:07<05:32, 17.49s/it]
 86%|████████▌ | 107/125 [31:23<05:08, 17.16s/it]
 86%|████████▋ | 108/125 [31:39<04:47, 16.91s/it]
 87%|████████▋ | 109/125 [31:56<04:28, 16.80s/it]
 88%|████████▊ | 110/125 [32:13<04:10, 16.72s/it]
 89%|████████▉ | 111/125 [32:29<03:53, 16.66s/it]
 90%|████████▉ | 112/125 [32:45<03:34, 16.52s/it]
 90%|█████████ | 113/125 [33:02<03:18, 16.52s/it]
 91%|█████████ | 114/125 [33:18<03:01, 16.48s/it]
 92%|█████████▏| 115/125 [33:35<02:44, 16.49s/it]
 93%|█████████▎| 116/125 [33:51<02:27, 16.40s/it]
 94%|█████████▎| 117/125 [34:07<02:11, 16.44s/it]
 94%|█████████▍| 118/125 [34:24<01:55, 16.46s/it]
 95%|█████████▌| 119/125 [34:40<01:38, 16.43s/it]
 96%|█████████▌| 120/125 [34:57<01:    [nf-probe] train nf-RMS=1.2155e-04   val nf-RMS=5.8081e-05 [m]  (@nf=1200)
(0,)
It  125, sqrt loss 0.002052, Val sim-RMS 0.0008389, Time Loss: 92.3%, data: 0.5%, val: 7.1%, 17.7 sec/batch
22, 16.46s/it]
 97%|█████████▋| 121/125 [35:13<01:05, 16.44s/it]
 98%|█████████▊| 122/125 [35:30<00:49, 16.42s/it]
 98%|█████████▊| 123/125 [35:46<00:32, 16.49s/it]
 99%|█████████▉| 124/125 [36:02<00:16, 16.41s/it]
100%|██████████| 125/125 [36:51<00:00, 25.91s/it]
100%|██████████| 125/125 [36:51<00:00, 17.69s/it]
Loaded model with best known validation sim-RMS of 8.015e-05 which happened on epoch 0 (epoch_id=0.00)
Trial 4: bestfit (val sim-RMS) = 0.000080
[I 2026-07-09 07:21:36,184] Trial 4 finished with value: 8.0149678979069e-05 and parameters: {'lr': 6.358358856676244e-07, 'nf': 1200}. Best is trial 3 with value: 6.57711352687329e-05.

======================================================================
Trial 5:  lr=1.153e-08  nf=1600  (routing=(0, 1, 2, 3, 4, 5, 6, 7), stride=100)
======================================================================
WARNING: baseline_states.npz not found, using finite-diff states for normalization
Model already initilized (init_model_done=True), skipping initilizing of the model, the norm and the creation of the optimizer
Size of the training array =  240.6 MB
N_training_samples = 6496, batch_size = 256, N_batch_updates_per_epoch = 25
    [nf-probe] train nf-RMS=1.6674e-04   val nf-RMS=1.2572e-04 [m]  (@nf=1600)
(0,)
Initial Validation sim-RMS= 8.014968e-05

  0%|          | 0/125 [00:00<?, ?it/s]
  1%|          | 1/125 [00:22<45:55, 22.22s/it]
  2%|▏         | 2/125 [00:44<45:15, 22.07s/it]
  2%|▏         | 3/125 [01:06<45:02, 22.15s/it]
  3%|▎         | 4/125 [01:28<44:32, 22.09s/it]
  4%|▍         | 5/125 [01:50<44:14, 22.12s/it]
  5%|▍         | 6/125 [02:12<43:55, 22.15s/it]
  6%|▌         | 7/125 [02:34<43:28, 22.11s/it]
  6%|▋         | 8/125 [02:56<43:08, 22.13s/it]
  7%|▋         | 9/125 [03:19<42:48, 22.14s/it]
  8%|▊         | 10/125 [03:41<42:22, 22.11s/it]
  9%|▉         | 11/125 [04:03<42:02, 22.13s/it]
 10%|▉         | 12/125 [04:25<41:42, 22.15s/it]
 10%|█         | 13/125 [04:47<41:21, 22.16s/it]
 11%|█         | 14/125 [05:09<40:56, 22.13s/it]
 12%|█▏        | 15/125 [05:32<40:36, 22.15s/it]
 13%|█▎        | 16/125 [05:54<40:15, 22.16s/it]
 14%|█▎        | 17/125 [06:16<39:49, 22.12s/it]
 14%|█▍        | 18/125 [06:38<39:27, 22.13s/it]
 15%|█▌        | 19/125 [07:00<39:06, 22.14s/it]
 16%|█▌        [nf-probe] train nf-RMS=1.7040e-04   val nf-RMS=1.2732e-04 [m]  (@nf=1600)
(0,)
It   25, sqrt loss  0.0026, Val sim-RMS 8.306e-05, Time Loss: 93.5%, data: 0.8%, val: 5.8%, 23.5 sec/batch
    | 20/125 [07:22<38:47, 22.16s/it]
 17%|█▋        | 21/125 [07:44<38:19, 22.11s/it]
 18%|█▊        | 22/125 [08:06<37:59, 22.14s/it]
 18%|█▊        | 23/125 [08:29<37:40, 22.16s/it]
 19%|█▉        | 24/125 [08:51<37:13, 22.12s/it]
 20%|██        | 25/125 [09:47<53:55, 32.35s/it]
 21%|██        | 26/125 [10:09<48:13, 29.23s/it]
 22%|██▏       | 27/125 [10:31<44:17, 27.11s/it]
 22%|██▏       | 28/125 [10:53<41:20, 25.57s/it]
 23%|██▎       | 29/125 [11:15<39:21, 24.60s/it]
 24%|██▍       | 30/125 [11:37<37:46, 23.85s/it]
 25%|██▍       | 31/125 [11:59<36:28, 23.29s/it]
 26%|██▌       | 32/125 [12:22<35:38, 23.00s/it]
 26%|██▋       | 33/125 [12:44<34:52, 22.75s/it]
 27%|██▋       | 34/125 [13:06<34:09, 22.52s/it]
 28%|██▊       | 35/125 [13:28<33:32, 22.36s/it]
 29%|██▉       | 36/125 [13:50<33:05, 22.31s/it]
 30%|██▉       | 37/125 [14:12<32:41, 22.29s/it]
 30%|███       | 38/125 [14:34<32:11, 22.21s/it]
 31%|█    [nf-probe] train nf-RMS=1.6835e-04   val nf-RMS=1.2515e-04 [m]  (@nf=1600)
(0,)
########## New lowest validation loss achieved ########### sim-RMS = 7.55435466999188e-05
It   50, sqrt loss 0.002588, Val sim-RMS 7.554e-05, Time Loss: 93.5%, data: 0.7%, val: 5.8%, 23.5 sec/batch
██       | 39/125 [14:56<31:48, 22.19s/it]
 32%|███▏      | 40/125 [15:19<31:26, 22.19s/it]
 33%|███▎      | 41/125 [15:41<30:59, 22.13s/it]
 34%|███▎      | 42/125 [16:03<30:42, 22.20s/it]
 34%|███▍      | 43/125 [16:25<30:20, 22.20s/it]
 35%|███▌      | 44/125 [16:47<29:49, 22.09s/it]
 36%|███▌      | 45/125 [17:09<29:28, 22.11s/it]
 37%|███▋      | 46/125 [17:31<29:05, 22.09s/it]
 38%|███▊      | 47/125 [17:53<28:44, 22.11s/it]
 38%|███▊      | 48/125 [18:16<28:23, 22.12s/it]
 39%|███▉      | 49/125 [18:38<28:07, 22.20s/it]
 40%|████      | 50/125 [19:34<40:25, 32.34s/it]
 41%|████      | 51/125 [19:56<35:59, 29.18s/it]
 42%|████▏     | 52/125 [20:18<33:00, 27.13s/it]
 42%|████▏     | 53/125 [20:40<30:41, 25.58s/it]
 43%|████▎     | 54/125 [21:02<29:04, 24.57s/it]
 44%|████▍     | 55/125 [21:24<27:45, 23.79s/it]
 45%|████▍     | 56/125 [21:46<26:47, 23.30s/it]
 46%|████▌     | 57/125 [22:09<26:05, 23.02s/it]
 46%|████▋     | 58/125 [22:31<25:21, 22.71s/it]
 47%|████▋     | 59/125 [22:53<24:47, 22.54s/it]
 48%|████▊     | 60/125 [23:15<24:13, 22.37s/it]
 49%|████▉     | 61/125 [23:37<23:51, 22.36s/it]
 50%|████▉     | 62/125 [23:59<23:24, 22.30s/it]
 50%|█████     | 63/125 [24:21<22:56, 22.20s/it]
 51%|█████     | 64/125 [24:44<22:33, 22.18s/it]
 52%|█████▏    | 65/125 [25:06<22:14, 22.24s/it]
 53%|█████▎    | 66/125 [25:28<21:50, 22.21s/it]
 54%|█████▎    | 67/125 [25:50<21:21, 22.09s/it]
 54%|█████▍    | 68/125 [26:12<21:03, 22.17s/it]
 55%|█████▌    | 69/125 [26:34<20:38, 22.11s/it]
 56%|█████▌    | 70/125 [26:57<20:20, 22.19s/it]
 57%|█████▋    | 71/125 [27:18<19:51, 22.07s/it]
 58%|█████▊    | 72/125 [27:40<19:31, 22.10s/it]
 58%|█████▊    | 73/125 [28:03<19:10, 22.12s/it]
     [nf-probe] train nf-RMS=1.6771e-04   val nf-RMS=1.2487e-04 [m]  (@nf=1600)
(0,)
It   75, sqrt loss 0.002577, Val sim-RMS 0.000128, Time Loss: 93.6%, data: 0.6%, val: 5.8%, 23.5 sec/batch
59%|█████▉    | 74/125 [28:25<18:46, 22.08s/it]
 60%|██████    | 75/125 [29:21<26:55, 32.32s/it]
 61%|██████    | 76/125 [29:43<23:51, 29.21s/it]
 62%|██████▏   | 77/125 [30:05<21:40, 27.10s/it]
 62%|██████▏   | 78/125 [30:27<20:01, 25.57s/it]
 63%|██████▎   | 79/125 [30:49<18:48, 24.54s/it]
 64%|██████▍   | 80/125 [31:11<17:52, 23.84s/it]
 65%|██████▍   | 81/125 [31:34<17:10, 23.41s/it]
 66%|██████▌   | 82/125 [31:56<16:26, 22.93s/it]
 66%|██████▋   | 83/125 [32:18<15:53, 22.70s/it]
 67%|██████▋   | 84/125 [32:40<15:24, 22.55s/it]
 68%|██████▊   | 85/125 [33:02<14:55, 22.38s/it]
 69%|██████▉   | 86/125 [33:24<14:30, 22.31s/it]
 70%|██████▉   | 87/125 [33:46<14:05, 22.25s/it]
 70%|███████   | 88/125 [34:09<13:44, 22.29s/it]
 71%|███████   | 89/125 [34:30<13:18, 22.18s/it]
 72%|██████    [nf-probe] train nf-RMS=1.7029e-04   val nf-RMS=1.2673e-04 [m]  (@nf=1600)
(0,)
It  100, sqrt loss 0.002573, Val sim-RMS 8.654e-05, Time Loss: 93.6%, data: 0.6%, val: 5.8%, 23.5 sec/batch
█▏  | 90/125 [34:53<12:56, 22.19s/it]
 73%|███████▎  | 91/125 [35:15<12:33, 22.17s/it]
 74%|███████▎  | 92/125 [35:37<12:11, 22.18s/it]
 74%|███████▍  | 93/125 [35:59<11:49, 22.19s/it]
 75%|███████▌  | 94/125 [36:21<11:26, 22.14s/it]
 76%|███████▌  | 95/125 [36:43<11:04, 22.14s/it]
 77%|███████▋  | 96/125 [37:06<10:42, 22.16s/it]
 78%|███████▊  | 97/125 [37:28<10:20, 22.17s/it]
 78%|███████▊  | 98/125 [37:50<09:58, 22.17s/it]
 79%|███████▉  | 99/125 [38:12<09:34, 22.12s/it]
 80%|████████  | 100/125 [39:08<13:28, 32.34s/it]
 81%|████████  | 101/125 [39:30<11:40, 29.18s/it]
 82%|████████▏ | 102/125 [39:52<10:23, 27.13s/it]
 82%|████████▏ | 103/125 [40:14<09:22, 25.58s/it]
 83%|████████▎ | 104/125 [40:36<08:35, 24.55s/it]
 84%|████████▍ | 105/125 [40:58<07:56, 23.83s/it]
 85%|████████▍ | 106/125 [41:21<07:23, 23.32s/it]
 86%|████████▌ | 107/125 [41:43<06:53, 22.97s/it]
 86%|████████▋ | 108/125 [42:05<06:26, 22.73s/it]
 87%|████████▋ | 109/125 [42:27<06:00, 22.56s/it]
 88%|████████▊ | 110/125 [42:49<05:37, 22.49s/it]
 89%|████████▉ | 111/125 [43:12<05:13, 22.40s/it]
 90%|████████▉ | 112/125 [43:34<04:49, 22.26s/it]
 90%|█████████ | 113/125 [43:56<04:26, 22.24s/it]
 91%|█████████ | 114/125 [44:18<04:03, 22.16s/it]
 92%|█████████▏| 115/125 [44:40<03:41, 22.18s/it]
 93%|█████████▎| 116/125 [45:02<03:19, 22.18s/it]
 94%|█████████▎| 117/125 [45:24<02:57, 22.18s/it]
 94%|█████████▍| 118/125 [45:46<02:34, 22.12s/it]
 95%|█████████▌| 119/125 [46:09<02:12, 22.14s/it]
 96%|█████████▌| 120/125 [46:31<01:    [nf-probe] train nf-RMS=1.6927e-04   val nf-RMS=1.2537e-04 [m]  (@nf=1600)
(0,)
It  125, sqrt loss 0.002567, Val sim-RMS 0.0001702, Time Loss: 93.6%, data: 0.6%, val: 5.8%, 23.5 sec/batch
50, 22.15s/it]
 97%|█████████▋| 121/125 [46:53<01:28, 22.17s/it]
 98%|█████████▊| 122/125 [47:15<01:06, 22.10s/it]
 98%|█████████▊| 123/125 [47:37<00:44, 22.18s/it]
 99%|█████████▉| 124/125 [47:59<00:22, 22.11s/it]
100%|██████████| 125/125 [48:55<00:00, 32.30s/it]
100%|██████████| 125/125 [48:55<00:00, 23.49s/it]
Loaded model with best known validation sim-RMS of 7.554e-05 which happened on epoch 50 (epoch_id=2.00)
Model already initilized (init_model_done=True), skipping initilizing of the model, the norm and the creation of the optimizer
Size of the training array =  240.6 MB
N_training_samples = 6496, batch_size = 256, N_batch_updates_per_epoch = 25
    [nf-probe] train nf-RMS=1.6835e-04   val nf-RMS=1.2515e-04 [m]  (@nf=1600)
(0,)
Initial Validation sim-RMS= 7.554355e-05

  0%|          | 0/125 [00:00<?, ?it/s]
  1%|          | 1/125 [00:22<45:33, 22.05s/it]
  2%|▏         | 2/125 [00:44<45:22, 22.14s/it]
  2%|▏         | 3/125 [01:06<44:57, 22.11s/it]
  3%|▎         | 4/125 [01:28<44:41, 22.16s/it]
  4%|▍         | 5/125 [01:50<44:21, 22.18s/it]
  5%|▍         | 6/125 [02:12<43:59, 22.18s/it]
  6%|▌         | 7/125 [02:35<43:33, 22.15s/it]
  6%|▋         | 8/125 [02:57<43:12, 22.16s/it]
  7%|▋         | 9/125 [03:19<42:53, 22.18s/it]
  8%|▊         | 10/125 [03:41<42:27, 22.15s/it]
  9%|▉         | 11/125 [04:03<42:15, 22.24s/it]
 10%|▉         | 12/125 [04:26<41:47, 22.19s/it]
 10%|█         | 13/125 [04:48<41:19, 22.14s/it]
 11%|█         | 14/125 [05:10<41:01, 22.17s/it]
 12%|█▏        | 15/125 [05:32<40:40, 22.19s/it]
 13%|█▎        | 16/125 [05:54<40:14, 22.16s/it]
 14%|█▎        | 17/125 [06:17<40:01, 22.24s/it]
 14%|█▍        | 18/125 [06:38<39:27, 22.12s/it]
 15%|█▌        | 19/125 [07:01<39:07, 22.14s/it]
 16%|█▌        [nf-probe] train nf-RMS=1.7011e-04   val nf-RMS=1.2732e-04 [m]  (@nf=1600)
(0,)
########## New lowest validation loss achieved ########### sim-RMS = 4.698154953075573e-05
It   25, sqrt loss 0.002579, Val sim-RMS 4.698e-05, Time Loss: 93.4%, data: 0.7%, val: 5.8%, 23.5 sec/batch
    | 20/125 [07:23<38:49, 22.18s/it]
 17%|█▋        | 21/125 [07:45<38:34, 22.26s/it]
 18%|█▊        | 22/125 [08:07<38:04, 22.18s/it]
 18%|█▊        | 23/125 [08:29<37:37, 22.13s/it]
 19%|█▉        | 24/125 [08:52<37:17, 22.15s/it]
 20%|██        | 25/125 [09:48<54:08, 32.49s/it]
 21%|██        | 26/125 [10:10<48:20, 29.30s/it]
 22%|██▏       | 27/125 [10:32<44:28, 27.22s/it]
 22%|██▏       | 28/125 [10:54<41:28, 25.66s/it]
 23%|██▎       | 29/125 [11:17<39:30, 24.69s/it]
 24%|██▍       | 30/125 [11:39<37:49, 23.89s/it]
 25%|██▍       | 31/125 [12:01<36:33, 23.33s/it]
 26%|██▌       | 32/125 [12:23<35:37, 22.98s/it]
 26%|██▋       | 33/125 [12:45<34:52, 22.74s/it]
 27%|██▋       | 34/125 [13:07<34:15, 22.59s/it]
 28%|██▊       | 35/125 [13:29<33:37, 22.42s/it]
 29%|██▉       | 36/125 [13:52<33:10, 22.36s/it]
 30%|██▉       | 37/125 [14:14<32:44, 22.33s/it]
 30%|███       | 38/125 [14:36<32:15, 22.25s/it]
 31%|█    [nf-probe] train nf-RMS=1.6827e-04   val nf-RMS=1.2486e-04 [m]  (@nf=1600)
(0,)
It   50, sqrt loss 0.002578, Val sim-RMS 0.0001606, Time Loss: 93.4%, data: 0.7%, val: 5.8%, 23.5 sec/batch
██       | 39/125 [14:58<31:51, 22.23s/it]
 32%|███▏      | 40/125 [15:20<31:28, 22.22s/it]
 33%|███▎      | 41/125 [15:43<31:06, 22.22s/it]
 34%|███▎      | 42/125 [16:05<30:40, 22.17s/it]
 34%|███▍      | 43/125 [16:27<30:20, 22.20s/it]
 35%|███▌      | 44/125 [16:49<29:57, 22.19s/it]
 36%|███▌      | 45/125 [17:11<29:37, 22.21s/it]
 37%|███▋      | 46/125 [17:33<29:10, 22.15s/it]
 38%|███▊      | 47/125 [17:56<28:48, 22.16s/it]
 38%|███▊      | 48/125 [18:18<28:27, 22.18s/it]
 39%|███▉      | 49/125 [18:40<28:02, 22.14s/it]
 40%|████      | 50/125 [19:36<40:31, 32.42s/it]
 41%|████      | 51/125 [19:58<36:08, 29.30s/it]
 42%|████▏     | 52/125 [20:21<33:05, 27.20s/it]
 42%|████▏     | 53/125 [20:43<30:46, 25.64s/it]
 43%|████▎     | 54/125 [21:05<29:07, 24.62s/it]
 44%|████▍     | 55/125 [21:27<27:52, 23.90s/it]
 45%|████▍     | 56/125 [21:49<26:55, 23.41s/it]
 46%|████▌     | 57/125 [22:11<26:02, 22.98s/it]
 46%|████▋     | 58/125 [22:34<25:24, 22.76s/it]
 47%|████▋     | 59/125 [22:56<24:47, 22.54s/it]
 48%|████▊     | 60/125 [23:18<24:19, 22.45s/it]
 49%|████▉     | 61/125 [23:40<23:51, 22.37s/it]
 50%|████▉     | 62/125 [24:02<23:26, 22.33s/it]
 50%|█████     | 63/125 [24:24<22:59, 22.25s/it]
 51%|█████     | 64/125 [24:46<22:35, 22.23s/it]
 52%|█████▏    | 65/125 [25:09<22:17, 22.28s/it]
 53%|█████▎    | 66/125 [25:31<21:47, 22.15s/it]
 54%|█████▎    | 67/125 [25:53<21:25, 22.16s/it]
 54%|█████▍    | 68/125 [26:15<21:04, 22.18s/it]
 55%|█████▌    | 69/125 [26:37<20:42, 22.19s/it]
 56%|█████▌    | 70/125 [26:59<20:18, 22.15s/it]
 57%|█████▋    | 71/125 [27:22<19:57, 22.17s/it]
 58%|█████▊    | 72/125 [27:44<19:36, 22.20s/it]
 58%|█████▊    | 73/125 [28:06<19:14, 22.21s/it]
     [nf-probe] train nf-RMS=1.6766e-04   val nf-RMS=1.2468e-04 [m]  (@nf=1600)
(0,)
It   75, sqrt loss 0.002571, Val sim-RMS 0.0002011, Time Loss: 93.5%, data: 0.7%, val: 5.8%, 23.5 sec/batch
59%|█████▉    | 74/125 [28:28<18:50, 22.16s/it]
 60%|██████    | 75/125 [29:25<27:03, 32.47s/it]
 61%|██████    | 76/125 [29:47<23:57, 29.34s/it]
 62%|██████▏   | 77/125 [30:09<21:45, 27.21s/it]
 62%|██████▏   | 78/125 [30:31<20:08, 25.72s/it]
 63%|██████▎   | 79/125 [30:53<18:51, 24.60s/it]
 64%|██████▍   | 80/125 [31:15<17:55, 23.90s/it]
 65%|██████▍   | 81/125 [31:38<17:08, 23.37s/it]
 66%|██████▌   | 82/125 [32:00<16:30, 23.03s/it]
 66%|██████▋   | 83/125 [32:22<15:57, 22.79s/it]
 67%|██████▋   | 84/125 [32:44<15:27, 22.61s/it]
 68%|██████▊   | 85/125 [33:06<14:57, 22.44s/it]
 69%|██████▉   | 86/125 [33:29<14:32, 22.38s/it]
 70%|██████▉   | 87/125 [33:51<14:08, 22.34s/it]
 70%|███████   | 88/125 [34:13<13:45, 22.32s/it]
 71%|███████   | 89/125 [34:35<13:20, 22.24s/it]
 72%|██████    [nf-probe] train nf-RMS=1.7050e-04   val nf-RMS=1.2654e-04 [m]  (@nf=1600)
(0,)
It  100, sqrt loss 0.002567, Val sim-RMS 0.0001478, Time Loss: 93.5%, data: 0.7%, val: 5.8%, 23.5 sec/batch
█▏  | 90/125 [34:57<12:57, 22.23s/it]
 73%|███████▎  | 91/125 [35:19<12:34, 22.18s/it]
 74%|███████▎  | 92/125 [35:42<12:12, 22.20s/it]
 74%|███████▍  | 93/125 [36:04<11:49, 22.17s/it]
 75%|███████▌  | 94/125 [36:26<11:27, 22.18s/it]
 76%|███████▌  | 95/125 [36:48<11:05, 22.18s/it]
 77%|███████▋  | 96/125 [37:10<10:43, 22.19s/it]
 78%|███████▊  | 97/125 [37:33<10:21, 22.20s/it]
 78%|███████▊  | 98/125 [37:55<10:01, 22.26s/it]
 79%|███████▉  | 99/125 [38:17<09:36, 22.18s/it]
 80%|████████  | 100/125 [39:13<13:32, 32.50s/it]
 81%|████████  | 101/125 [39:36<11:44, 29.37s/it]
 82%|████████▏ | 102/125 [39:58<10:25, 27.18s/it]
 82%|████████▏ | 103/125 [40:20<09:26, 25.74s/it]
 83%|████████▎ | 104/125 [40:42<08:37, 24.63s/it]
 84%|████████▍ | 105/125 [41:04<07:58, 23.91s/it]
 85%|████████▍ | 106/125 [41:27<07:24, 23.41s/it]
 86%|████████▌ | 107/125 [41:49<06:53, 23.00s/it]
 86%|████████▋ | 108/125 [42:11<06:26, 22.76s/it]
 87%|████████▋ | 109/125 [42:33<06:01, 22.60s/it]
 88%|████████▊ | 110/125 [42:55<05:38, 22.55s/it]
 89%|████████▉ | 111/125 [43:18<05:14, 22.45s/it]
 90%|████████▉ | 112/125 [43:40<04:50, 22.33s/it]
 90%|█████████ | 113/125 [44:02<04:27, 22.29s/it]
 91%|█████████ | 114/125 [44:24<04:05, 22.28s/it]
 92%|█████████▏| 115/125 [44:46<03:42, 22.20s/it]
 93%|█████████▎| 116/125 [45:09<03:20, 22.27s/it]
 94%|█████████▎| 117/125 [45:31<02:57, 22.20s/it]
 94%|█████████▍| 118/125 [45:53<02:35, 22.27s/it]
 95%|█████████▌| 119/125 [46:15<02:12, 22.15s/it]
 96%|█████████▌| 120/125 [46:37<01:    [nf-probe] train nf-RMS=1.6928e-04   val nf-RMS=1.2521e-04 [m]  (@nf=1600)
(0,)
It  125, sqrt loss 0.002562, Val sim-RMS 0.0002259, Time Loss: 93.5%, data: 0.7%, val: 5.8%, 23.5 sec/batch
50, 22.17s/it]
 97%|█████████▋| 121/125 [47:00<01:28, 22.25s/it]
 98%|█████████▊| 122/125 [47:21<01:06, 22.14s/it]
 98%|█████████▊| 123/125 [47:44<00:44, 22.17s/it]
 99%|█████████▉| 124/125 [48:06<00:22, 22.18s/it]
100%|██████████| 125/125 [49:02<00:00, 32.48s/it]
100%|██████████| 125/125 [49:02<00:00, 23.54s/it]
Loaded model with best known validation sim-RMS of 4.698e-05 which happened on epoch 25 (epoch_id=3.00)
Model already initilized (init_model_done=True), skipping initilizing of the model, the norm and the creation of the optimizer
Size of the training array =  240.6 MB
N_training_samples = 6496, batch_size = 256, N_batch_updates_per_epoch = 25
    [nf-probe] train nf-RMS=1.7011e-04   val nf-RMS=1.2732e-04 [m]  (@nf=1600)
(0,)
Initial Validation sim-RMS= 4.698155e-05

  0%|          | 0/125 [00:00<?, ?it/s]
  1%|          | 1/125 [00:21<45:11, 21.86s/it]
  2%|▏         | 2/125 [00:44<45:11, 22.04s/it]
  2%|▏         | 3/125 [01:06<45:00, 22.13s/it]
  3%|▎         | 4/125 [01:28<44:41, 22.16s/it]
  4%|▍         | 5/125 [01:50<44:23, 22.20s/it]
  5%|▍         | 6/125 [02:12<43:54, 22.14s/it]
  6%|▌         | 7/125 [02:35<43:37, 22.18s/it]
  6%|▋         | 8/125 [02:57<43:09, 22.13s/it]
  7%|▋         | 9/125 [03:19<42:49, 22.15s/it]
  8%|▊         | 10/125 [03:41<42:30, 22.18s/it]
  9%|▉         | 11/125 [04:03<42:13, 22.22s/it]
 10%|▉         | 12/125 [04:25<41:43, 22.15s/it]srun: error: blade4: task 0: User defined signal 1
