job_id=71167
node_list=blade4
cpus_per_task=4
cuda_visible_devices=<unset>
Tue Jul 14 06:51:55 PM CEST 2026
=== CPU info ===
CPU(s):                                  64
On-line CPU(s) list:                     0-63
Model name:                              AMD EPYC 7742 64-Core Processor
Thread(s) per core:                      1
Core(s) per socket:                      64
Socket(s):                               1
NUMA node0 CPU(s):                       0-63
=== gantry_interconnect_dynamic CPU ===
Gym has been unmaintained since 2022 and does not support NumPy 2.0 amongst other critical functionality.
Please upgrade to Gymnasium, the maintained drop-in replacement of Gym, or contact the authors of your software and request that they upgrade.
Users of this version of Gym should be able to simply replace 'import gym' with 'import gymnasium as gym' in the vast majority of cases.
See the migration guide at https://gymnasium.farama.org/introduction/migration_guide/ for additional information.
Data dir (augmentation): /dataB1/dirk_van_den_berg/repos/LPV-LFR-Baseline-Augmentation/data/gantry/matlab/trajectory/augmentation
Loaded val augmented GT: x_logical=(48000, 6)  delta_a std=2.186e-05 m  vdelta_a std=2.160e-02 m/s
Loaded 14 train, 4 val, 4 test trajectories
  T1: 48000 samples  (T1_standstill_Ym30.mat)
  T2: 48000 samples  (T2_standstill_Ym15.mat)
  T3: 48000 samples  (T3_standstill_Y000.mat)
  T4: 48000 samples  (T4_standstill_Yp15.mat)
  T5: 48000 samples  (T5_standstill_Yp30.mat)
  T6: 48000 samples  (T6_ysweep_slow.mat)
  T7: 48000 samples  (T7_ysweep_fast.mat)
  T8: 48000 samples  (T8_ysweep_xmix.mat)
  T9: 48000 samples  (T9_aprbs_30.mat)
  T10: 48000 samples  (T10_aprbs_60.mat)
  T11: 48000 samples  (T11_aprbs_100.mat)
  T12: 48000 samples  (T12_aprbs_yaw.mat)
  T13: 48000 samples  (T13_lissajous.mat)
  T14: 48000 samples  (T14_lissajous_yaw.mat)

Configuration:
  MODE:           augmentation
  ENCODER_INIT:   linear_map
  ANN_ACTIVATION: tanh
  JOINT_ESTIM:    False
  SNR (noise):    None (noiseless)
  save_dir:       /dataB1/dirk_van_den_berg/repos/LPV-LFR-Baseline-Augmentation/simulations/gantry_subnet/augmentation_linear_map/71167
  NF_SECONDS:     0.1
  na_nb (samples): 17  (4.25 ms)
  Sampling rate:  4000 Hz (D=5)
  Dtype:          float32

Default hyperparameters (may be overridden by checkpoint):
  NX_ANN: 2
  n_nodes_per_layer: 16
  n_hidden_layers: 2
  up_sample: 1
  nf: 400
  na_nb: 17
  batch_size: 256
  lr: 1e-07
  epochs: 20
WARNING: baseline_states.npz not found, using finite-diff states for normalization
[orth] data-derived states: 14 records, 671762 samples
[orth] jac 1000/6718  34.3 samples/s
[orth] jac 2000/6718  34.4 samples/s
[orth] jac 3000/6718  34.4 samples/s
[orth] jac 4000/6718  34.4 samples/s
[orth] jac 5000/6718  34.4 samples/s
[orth] jac 6000/6718  34.4 samples/s
[orth] jacobians: 195.5 s
[orth] SVD: rank 11 kept (sigma[10]/sigma[0]=2.64e-06)
[orth] cached penalty basis: /dataB1/dirk_van_den_berg/repos/LPV-LFR-Baseline-Augmentation/simulations/gantry_subnet/augmentation_linear_map/orth_cache/orth_04fdce928d32.npz

Training: nf=400  epochs=20  val=sim-RMS  NX_ANN=2
Model already initilized (init_model_done=True), skipping initilizing of the model, the norm and the creation of the optimizer
Size of the training array =  637.4 MB
N_training_samples = 66626, batch_size = 256, N_batch_updates_per_epoch = 260
    [nf-probe] train nf-RMS=3.8073e-05   val nf-RMS=4.3857e-05 [m]  (@nf=400)
    [joint-probe] combo-err n/a (theta frozen) | orth-frac n/a (ANN~0) | V_orth 0.000e+00 | param_loss 0.000e+00
(0,)
Initial Validation sim-RMS= 0.000166137600899674

  0%|          | 0/5200 [00:00<?, ?it/s]
  0%|          | 1/5200 [00:03<4:22:12,  3.03s/it]
  0%|          | 2/5200 [00:06<4:22:22,  3.03s/it]
  0%|          | 3/5200 [00:09<4:29:27,  3.11s/it]
  0%|          | 4/5200 [00:12<4:26:21,  3.08s/it]
  0%|          | 5/5200 [00:15<4:24:56,  3.06s/it]
  0%|          | 6/5200 [00:18<4:24:13,  3.05s/it]
  0%|          | 7/5200 [00:21<4:27:35,  3.09s/it]
  0%|          | 8/5200 [00:24<4:25:54,  3.07s/it]
  0%|          | 9/5200 [00:27<4:24:34,  3.06s/it]
  0%|          | 10/5200 [00:30<4:26:37,  3.08s/it]
  0%|          | 11/5200 [00:33<4:25:41,  3.07s/it]
  0%|          | 12/5200 [00:36<4:24:34,  3.06s/it]
  0%|          | 13/5200 [00:39<4:23:43,  3.05s/it]
  0%|          | 14/5200 [00:42<4:25:53,  3.08s/it]
  0%|          | 15/5200 [00:46<4:25:25,  3.07s/it]
  0%|          | 16/5200 [00:49<4:23:25,  3.05s/it]
  0%|          | 17/5200 [00:52<4:23:37,  3.05s/it]
  0%|          | 18/5200 [00:55<4:25:39,  3.08s/it]
  0%|          | 19/5200 [00:58<4:24:23,  3.06s/it]
  0%|          | 20/5200 [01:01<4:24:18,  3.06s/it]
  0%|          | 21/5200 [01:04<4:26:46,  3.09s/it]
  0%|          | 22/5200 [01:07<4:25:15,  3.07s/it]
  0%|          | 23/5200 [01:10<4:23:21,  3.05s/it]
  0%|          | 24/5200 [01:13<4:26:21,  3.09s/it]
  0%|          | 25/5200 [01:16<4:24:47,  3.07s/it]
  0%|          | 26/5200 [01:19<4:23:31,  3.06s/it]
  1%|          | 27/5200 [01:22<4:22:43,  3.05s/it]
  1%|          | 28/5200 [01:25<4:25:37,  3.08s/it]
  1%|          | 29/5200 [01:28<4:24:49,  3.07s/it]
  1%|          | 30/5200 [01:31<4:22:49,  3.05s/it]
  1%|          | 31/5200 [01:35<4:25:51,  3.09s/it]
  1%|          | 32/5200 [01:38<4:24:56,  3.08s/it]
  1%|          | 33/5200 [01:41<4:22:58,  3.05s/it]
  1%|          | 34/5200 [01:44<4:26:59,  3.10s/it]
  1%|          | 35/5200 [01:47<4:24:16,  3.07s/it]
  1%|          | 36/5200 [01:50<4:23:12,  3.06s/it]
  1%|          | 37/5200 [01:53<4:22:59,  3.06s/it]
  1%|          | 38/5200 [01:56<4:25:43,  3.09s/it]
  1%|          | 39/5200 [01:59<4:24:11,  3.07s/it]
  1%|          | 40/5200 [02:02<4:22:59,  3.06s/it]
  1%|          | 41/5200 [02:05<4:25:41,  3.09s/it]
  1%|          | 42/5200 [02:08<4:23:20,  3.06s/it]
  1%|          | 43/5200 [02:11<4:23:01,  3.06s/it]
  1%|          | 44/5200 [02:14<4:21:14,  3.04s/it]
  1%|          | 45/5200 [02:18<4:25:16,  3.09s/it]
  1%|          | 46/5200 [02:21<4:23:39,  3.07s/it]
  1%|          | 47/5200 [02:24<4:21:37,  3.05s/it]
  1%|          | 48/5200 [02:27<4:25:08,  3.09s/it]
  1%|          | 49/5200 [02:30<4:23:32,  3.07s/it]
  1%|          | 50/5200 [02:33<4:23:02,  3.06s/it]
  1%|          | 51/5200 [02:36<4:21:24,  3.05s/it]
  1%|          | 52/5200 [02:39<4:24:31,  3.08s/it]
  1%|          | 53/5200 [02:42<4:23:01,  3.07s/it]
  1%|          | 54/5200 [02:45<4:21:59,  3.05s/it]
  1%|          | 55/5200 [02:48<4:25:16,  3.09s/it]
  1%|          | 56/5200 [02:51<4:23:26,  3.07s/it]
  1%|          | 57/5200 [02:54<4:22:16,  3.06s/it]
  1%|          | 58/5200 [02:57<4:22:06,  3.06s/it]
  1%|          | 59/5200 [03:01<4:24:39,  3.09s/it]
  1%|          | 60/5200 [03:04<4:22:17,  3.06s/it]
  1%|          | 61/5200 [03:07<4:22:01,  3.06s/it]
  1%|          | 62/5200 [03:10<4:24:43,  3.09s/it]
  1%|          | 63/5200 [03:13<4:23:00,  3.07s/it]
  1%|          | 64/5200 [03:16<4:21:54,  3.06s/it]
  1%|▏         | 65/5200 [03:19<4:20:07,  3.04s/it]
  1%|▏         | 66/5200 [03:22<4:23:11,  3.08s/it]
  1%|▏         | 67/5200 [03:25<4:22:04,  3.06s/it]
  1%|▏         | 68/5200 [03:28<4:21:01,  3.05s/it]
  1%|▏         | 69/5200 [03:31<4:24:29,  3.09s/it]
  1%|▏         | 70/5200 [03:34<4:22:02,  3.06s/it]
  1%|▏         | 71/5200 [03:37<4:21:13,  3.06s/it]
  1%|▏         | 72/5200 [03:40<4:20:27,  3.05s/it]
  1%|▏         | 73/5200 [03:44<4:24:13,  3.09s/it]
  1%|▏         | 74/5200 [03:47<4:22:35,  3.07s/it]
  1%|▏         | 75/5200 [03:50<4:21:22,  3.06s/it]
  1%|▏         | 76/5200 [03:53<4:24:15,  3.09s/it]
  1%|▏         | 77/5200 [03:56<4:22:31,  3.07s/it]
  2%|▏         | 78/5200 [03:59<4:20:30,  3.05s/it]
  2%|▏         | 79/5200 [04:02<4:19:51,  3.04s/it]
  2%|▏         | 80/5200 [04:05<4:23:36,  3.09s/it]
  2%|▏         | 81/5200 [04:08<4:21:51,  3.07s/it]
  2%|▏         | 82/5200 [04:11<4:20:06,  3.05s/it]
  2%|▏         | 83/5200 [04:14<4:23:10,  3.09s/it]
  2%|▏         | 84/5200 [04:17<4:22:09,  3.07s/it]
  2%|▏         | 85/5200 [04:20<4:20:59,  3.06s/it]
  2%|▏         | 86/5200 [04:23<4:20:11,  3.05s/it]
  2%|▏         | 87/5200 [04:26<4:22:04,  3.08s/it]
  2%|▏         | 88/5200 [04:29<4:21:31,  3.07s/it]
  2%|▏         | 89/5200 [04:32<4:19:36,  3.05s/it]
  2%|▏         | 90/5200 [04:36<4:22:32,  3.08s/it]
  2%|▏         | 91/5200 [04:39<4:21:45,  3.07s/it]
  2%|▏         | 92/5200 [04:42<4:19:52,  3.05s/it]
  2%|▏         | 93/5200 [04:45<4:19:53,  3.05s/it]
  2%|▏         | 94/5200 [04:48<4:22:36,  3.09s/it]
  2%|▏         | 95/5200 [04:51<4:21:04,  3.07s/it]
  2%|▏         | 96/5200 [04:54<4:19:46,  3.05s/it]
  2%|▏         | 97/5200 [04:57<4:21:42,  3.08s/it]
  2%|▏         | 98/5200 [05:00<4:20:52,  3.07s/it]
  2%|▏         | 99/5200 [05:03<4:19:38,  3.05s/it]
  2%|▏         | 100/5200 [05:06<4:18:56,  3.05s/it]
  2%|▏         | 101/5200 [05:09<4:21:50,  3.08s/it]
  2%|▏         | 102/5200 [05:12<4:20:26,  3.07s/it]
  2%|▏         | 103/5200 [05:15<4:19:22,  3.05s/it]
  2%|▏         | 104/5200 [05:19<4:21:45,  3.08s/it]
  2%|▏         | 105/5200 [05:22<4:20:14,  3.06s/it]
  2%|▏         | 106/5200 [05:25<4:19:46,  3.06s/it]
  2%|▏         | 107/5200 [05:28<4:18:10,  3.04s/it]
  2%|▏         | 108/5200 [05:31<4:21:07,  3.08s/it]
  2%|▏         | 109/5200 [05:34<4:19:50,  3.06s/it]
  2%|▏         | 110/5200 [05:37<4:18:53,  3.05s/it]
  2%|▏         | 111/5200 [05:40<4:21:51,  3.09s/it]
  2%|▏         | 112/5200 [05:43<4:20:16,  3.07s/it]
  2%|▏         | 113/5200 [05:46<4:19:05,  3.06s/it]
  2%|▏         | 114/5200 [05:49<4:19:00,  3.06s/it]
  2%|▏         | 115/5200 [05:52<4:20:43,  3.08s/it]
  2%|▏         | 116/5200 [05:55<4:19:11,  3.06s/it]
  2%|▏         | 117/5200 [05:58<4:18:01,  3.05s/it]
  2%|▏         | 118/5200 [06:01<4:20:36,  3.08s/it]
  2%|▏         | 119/5200 [06:04<4:18:55,  3.06s/it]
  2%|▏         | 120/5200 [06:07<4:18:25,  3.05s/it]
  2%|▏         | 121/5200 [06:10<4:16:50,  3.03s/it]
  2%|▏         | 122/5200 [06:14<4:19:29,  3.07s/it]
  2%|▏         | 123/5200 [06:17<4:18:04,  3.05s/it]
  2%|▏         | 124/5200 [06:20<4:17:38,  3.05s/it]
  2%|▏         | 125/5200 [06:23<4:19:25,  3.07s/it]
  2%|▏         | 126/5200 [06:26<4:18:03,  3.05s/it]
  2%|▏         | 127/5200 [06:29<4:16:59,  3.04s/it]
  2%|▏         | 128/5200 [06:32<4:16:14,  3.03s/it]
  2%|▏         | 129/5200 [06:35<4:19:31,  3.07s/it]
  2%|▎         | 130/5200 [06:38<4:17:19,  3.05s/it]
  3%|▎         | 131/5200 [06:41<4:16:20,  3.03s/it]
  3%|▎         | 132/5200 [06:44<4:18:53,  3.06s/it]
  3%|▎         | 133/5200 [06:47<4:18:05,  3.06s/it]
  3%|▎         | 134/5200 [06:50<4:16:15,  3.04s/it]
  3%|▎         | 135/5200 [06:53<4:16:14,  3.04s/it]
  3%|▎         | 136/5200 [06:56<4:18:45,  3.07s/it]
  3%|▎         | 137/5200 [06:59<4:17:26,  3.05s/it]
  3%|▎         | 138/5200 [07:02<4:16:20,  3.04s/it]
  3%|▎         | 139/5200 [07:05<4:19:00,  3.07s/it]
  3%|▎         | 140/5200 [07:08<4:17:27,  3.05s/it]
  3%|▎         | 141/5200 [07:12<4:16:24,  3.04s/it]
  3%|▎         | 142/5200 [07:15<4:15:47,  3.03s/it]
  3%|▎         | 143/5200 [07:18<4:17:48,  3.06s/it]
  3%|▎         | 144/5200 [07:21<4:17:19,  3.05s/it]
  3%|▎         | 145/5200 [07:24<4:15:29,  3.03s/it]
  3%|▎         | 146/5200 [07:27<4:18:52,  3.07s/it]
  3%|▎         | 147/5200 [07:30<4:16:34,  3.05s/it]
  3%|▎         | 148/5200 [07:33<4:15:35,  3.04s/it]
  3%|▎         | 149/5200 [07:36<4:14:57,  3.03s/it]
  3%|▎         | 150/5200 [07:39<4:17:42,  3.06s/it]
  3%|▎         | 151/5200 [07:42<4:16:27,  3.05s/it]
  3%|▎         | 152/5200 [07:45<4:15:26,  3.04s/it]
  3%|▎         | 153/5200 [07:48<4:18:07,  3.07s/it]
  3%|▎         | 154/5200 [07:51<4:17:17,  3.06s/it]
  3%|▎         | 155/5200 [07:54<4:15:58,  3.04s/it]
  3%|▎         | 156/5200 [07:57<4:14:24,  3.03s/it]
  3%|▎         | 157/5200 [08:00<4:17:13,  3.06s/it]
  3%|▎         | 158/5200 [08:03<4:16:31,  3.05s/it]
  3%|▎         | 159/5200 [08:06<4:14:52,  3.03s/it]
  3%|▎         | 160/5200 [08:09<4:17:36,  3.07s/it]
  3%|▎         | 161/5200 [08:12<4:16:01,  3.05s/it]
  3%|▎         | 162/5200 [08:16<4:15:03,  3.04s/it]
  3%|▎         | 163/5200 [08:19<4:15:00,  3.04s/it]
  3%|▎         | 164/5200 [08:22<4:17:32,  3.07s/it]
  3%|▎         | 165/5200 [08:25<4:15:26,  3.04s/it]
  3%|▎         | 166/5200 [08:28<4:14:30,  3.03s/it]
  3%|▎         | 167/5200 [08:31<4:17:22,  3.07s/it]
  3%|▎         | 168/5200 [08:34<4:16:00,  3.05s/it]
  3%|▎         | 169/5200 [08:37<4:14:49,  3.04s/it]
  3%|▎         | 170/5200 [08:40<4:14:49,  3.04s/it]
  3%|▎         | 171/5200 [08:43<4:17:12,  3.07s/it]
  3%|▎         | 172/5200 [08:46<4:15:04,  3.04s/it]
  3%|▎         | 173/5200 [08:49<4:14:17,  3.04s/it]
  3%|▎         | 174/5200 [08:52<4:17:41,  3.08s/it]
  3%|▎         | 175/5200 [08:55<4:15:24,  3.05s/it]
  3%|▎         | 176/5200 [08:58<4:15:04,  3.05s/it]
  3%|▎         | 177/5200 [09:01<4:14:13,  3.04s/it]
  3%|▎         | 178/5200 [09:04<4:16:42,  3.07s/it]
  3%|▎         | 179/5200 [09:07<4:14:42,  3.04s/it]
  3%|▎         | 180/5200 [09:10<4:13:50,  3.03s/it]
  3%|▎         | 181/5200 [09:14<4:17:09,  3.07s/it]
  4%|▎         | 182/5200 [09:17<4:15:28,  3.05s/it]
  4%|▎         | 183/5200 [09:20<4:14:27,  3.04s/it]
  4%|▎         | 184/5200 [09:23<4:13:37,  3.03s/it]
  4%|▎         | 185/5200 [09:26<4:16:16,  3.07s/it]
  4%|▎         | 186/5200 [09:29<4:14:48,  3.05s/it]
  4%|▎         | 187/5200 [09:32<4:13:53,  3.04s/it]
  4%|▎         | 188/5200 [09:35<4:15:45,  3.06s/it]
  4%|▎         | 189/5200 [09:38<4:14:25,  3.05s/it]
  4%|▎         | 190/5200 [09:41<4:14:06,  3.04s/it]
  4%|▎         | 191/5200 [09:44<4:13:27,  3.04s/it]
  4%|▎         | 192/5200 [09:47<4:16:00,  3.07s/it]
  4%|▎         | 193/5200 [09:50<4:13:58,  3.04s/it]
  4%|▎         | 194/5200 [09:53<4:13:48,  3.04s/it]
  4%|▍         | 195/5200 [09:56<4:15:51,  3.07s/it]
  4%|▍         | 196/5200 [09:59<4:15:12,  3.06s/it]
  4%|▍         | 197/5200 [10:02<4:14:07,  3.05s/it]
  4%|▍         | 198/5200 [10:05<4:13:16,  3.04s/it]
  4%|▍         | 199/5200 [10:08<4:15:06,  3.06s/it]
  4%|▍         | 200/5200 [10:11<4:13:52,  3.05s/it]
  4%|▍         | 201/5200 [10:14<4:13:05,  3.04s/it]
  4%|▍         | 202/5200 [10:18<4:15:48,  3.07s/it]
  4%|▍         | 203/5200 [10:21<4:14:27,  3.06s/it]
  4%|▍         | 204/5200 [10:24<4:13:32,  3.04s/it]
  4%|▍         | 205/5200 [10:27<4:12:41,  3.04s/it]
  4%|▍         | 206/5200 [10:30<4:15:21,  3.07s/it]
  4%|▍         | 207/5200 [10:33<4:14:01,  3.05s/it]
  4%|▍         | 208/5200 [10:36<4:13:03,  3.04s/it]
  4%|▍         | 209/5200 [10:39<4:16:17,  3.08s/it]
  4%|▍         | 210/5200 [10:42<4:14:37,  3.06s/it]
  4%|▍         | 211/5200 [10:45<4:12:47,  3.04s/it]
  4%|▍         | 212/5200 [10:48<4:12:11,  3.03s/it]
  4%|▍         | 213/5200 [10:51<4:14:53,  3.07s/it]
  4%|▍         | 214/5200 [10:54<4:14:25,  3.06s/it]
  4%|▍         | 215/5200 [10:57<4:13:15,  3.05s/it]
  4%|▍         | 216/5200 [11:00<4:15:37,  3.08s/it]
  4%|▍         | 217/5200 [11:03<4:13:59,  3.06s/it]
  4%|▍         | 218/5200 [11:06<4:12:51,  3.05s/it]
  4%|▍         | 219/5200 [11:09<4:11:59,  3.04s/it]
  4%|▍         | 220/5200 [11:13<4:14:31,  3.07s/it]
  4%|▍         | 221/5200 [11:16<4:13:20,  3.05s/it]
  4%|▍         | 222/5200 [11:19<4:12:24,  3.04s/it]
  4%|▍         | 223/5200 [11:22<4:14:31,  3.07s/it]
  4%|▍         | 224/5200 [11:25<4:13:05,  3.05s/it]
  4%|▍         | 225/5200 [11:28<4:12:50,  3.05s/it]
  4%|▍         | 226/5200 [11:31<4:11:18,  3.03s/it]
  4%|▍         | 227/5200 [11:34<4:14:32,  3.07s/it]
  4%|▍         | 228/5200 [11:37<4:12:23,  3.05s/it]
  4%|▍         | 229/5200 [11:40<4:11:33,  3.04s/it]
  4%|▍         | 230/5200 [11:43<4:14:23,  3.07s/it]
  4%|▍         | 231/5200 [11:46<4:13:51,  3.07s/it]
  4%|▍         | 232/5200 [11:49<4:12:49,  3.05s/it]
  4%|▍         | 233/5200 [11:52<4:12:13,  3.05s/it]
  4%|▍         | 234/5200 [11:55<4:14:01,  3.07s/it]
  5%|▍         | 235/5200 [11:58<4:12:59,  3.06s/it]
  5%|▍         | 236/5200 [12:01<4:12:13,  3.05s/it]
  5%|▍         | 237/5200 [12:05<4:15:46,  3.09s/it]
  5%|▍         | 238/5200 [12:08<4:13:38,  3.07s/it]
  5%|▍         | 239/5200 [12:11<4:12:39,  3.06s/it]
  5%|▍         | 240/5200 [12:14<4:11:48,  3.05s/it]
  5%|▍         | 241/5200 [12:17<4:15:23,  3.09s/it]
  5%|▍         | 242/5200 [12:20<4:13:48,  3.07s/it]
  5%|▍         | 243/5200 [12:23<4:12:31,  3.06s/it]
  5%|▍         | 244/5200 [12:26<4:14:25,  3.08s/it]
  5%|▍         | 245/5200 [12:29<4:13:07,  3.06s/it]
  5%|▍         | 246/5200 [12    [nf-probe] train nf-RMS=3.5771e-05   val nf-RMS=4.1616e-05 [m]  (@nf=400)
    [joint-probe] combo-err n/a (theta frozen) | orth-frac 0.226 | V_orth 0.000e+00 | param_loss 0.000e+00
(0,)
It  260, sqrt loss 0.00117, Val sim-RMS 0.02109, Time Loss: 70.3%, data: 0.3%, val: 29.3%,  4.3 sec/batch
:32<4:12:04,  3.05s/it]
  5%|▍         | 247/5200 [12:35<4:11:23,  3.05s/it]
  5%|▍         | 248/5200 [12:38<4:14:58,  3.09s/it]
  5%|▍         | 249/5200 [12:41<4:13:25,  3.07s/it]
  5%|▍         | 250/5200 [12:44<4:12:09,  3.06s/it]
  5%|▍         | 251/5200 [12:47<4:14:17,  3.08s/it]
  5%|▍         | 252/5200 [12:51<4:12:57,  3.07s/it]
  5%|▍         | 253/5200 [12:54<4:11:56,  3.06s/it]
  5%|▍         | 254/5200 [12:57<4:11:57,  3.06s/it]
  5%|▍         | 255/5200 [13:00<4:13:58,  3.08s/it]
  5%|▍         | 256/5200 [13:03<4:12:33,  3.06s/it]
  5%|▍         | 257/5200 [13:06<4:11:47,  3.06s/it]
  5%|▍         | 258/5200 [13:09<4:14:36,  3.09s/it]
  5%|▍         | 259/5200 [13:12<4:13:35,  3.08s/it]
  5%|▌         | 260/5200 [18:45<140:09:35, 102.14s/it]
  5%|▌         | 261/5200 [18:48<99:20:20, 72.41s/it]  
  5%|▌         | 262/5200 [18:51<70:46:13, 51.59s/it]
  5%|▌         | 263/5200 [18:55<50:49:53, 37.07s/it]
  5%|▌         | 264/5200 [18:58<36:48:29, 26.85s/it]
  5%|▌         | 265/5200 [19:01<27:01:06, 19.71s/it]
  5%|▌         | 266/5200 [19:04<20:09:10, 14.70s/it]
  5%|▌         | 267/5200 [19:07<15:23:28, 11.23s/it]
  5%|▌         | 268/5200 [19:10<12:01:07,  8.77s/it]
  5%|▌         | 269/5200 [19:13<9:39:31,  7.05s/it] 
  5%|▌         | 270/5200 [19:16<8:04:20,  5.89s/it]
  5%|▌         | 271/5200 [19:19<6:52:57,  5.03s/it]
  5%|▌         | 272/5200 [19:22<6:03:35,  4.43s/it]
  5%|▌         | 273/5200 [19:25<5:32:30,  4.05s/it]
  5%|▌         | 274/5200 [19:28<5:08:05,  3.75s/it]
  5%|▌         | 275/5200 [19:31<4:49:34,  3.53s/it]
  5%|▌         | 276/5200 [19:34<4:37:01,  3.38s/it]
  5%|▌         | 277/5200 [19:37<4:32:12,  3.32s/it]
  5%|▌         | 278/5200 [19:41<4:25:02,  3.23s/it]
  5%|▌         | 279/5200 [19:43<4:19:00,  3.16s/it]
  5%|▌         | 280/5200 [19:47<4:16:30,  3.13s/it]
  5%|▌         | 281/5200 [19:50<4:17:28,  3.14s/it]
  5%|▌         | 282/5200 [19:53<4:14:34,  3.11s/it]
  5%|▌         | 283/5200 [19:56<4:11:55,  3.07s/it]
  5%|▌         | 284/5200 [19:59<4:14:58,  3.11s/it]
  5%|▌         | 285/5200 [20:02<4:12:07,  3.08s/it]
  6%|▌         | 286/5200 [20:05<4:10:50,  3.06s/it]
  6%|▌         | 287/5200 [20:08<4:13:23,  3.09s/it]
  6%|▌         | 288/5200 [20:11<4:11:34,  3.07s/it]
  6%|▌         | 289/5200 [20:14<4:11:07,  3.07s/it]
  6%|▌         | 290/5200 [20:17<4:10:11,  3.06s/it]
  6%|▌         | 291/5200 [20:20<4:12:45,  3.09s/it]
  6%|▌         | 292/5200 [20:23<4:11:03,  3.07s/it]
  6%|▌         | 293/5200 [20:26<4:09:57,  3.06s/it]
  6%|▌         | 294/5200 [20:30<4:12:40,  3.09s/it]
  6%|▌         | 295/5200 [20:33<4:10:54,  3.07s/it]
  6%|▌         | 296/5200 [20:36<4:09:12,  3.05s/it]
  6%|▌         | 297/5200 [20:39<4:12:09,  3.09s/it]
  6%|▌         | 298/5200 [20:42<4:11:34,  3.08s/it]
  6%|▌         | 299/5200 [20:45<4:09:38,  3.06s/it]
  6%|▌         | 300/5200 [20:48<4:09:30,  3.06s/it]
  6%|▌         | 301/5200 [20:51<4:12:17,  3.09s/it]
  6%|▌         | 302/5200 [20:54<4:11:04,  3.08s/it]
  6%|▌         | 303/5200 [20:57<4:09:37,  3.06s/it]
  6%|▌         | 304/5200 [21:00<4:13:53,  3.11s/it]
  6%|▌         | 305/5200 [21:03<4:12:39,  3.10s/it]
  6%|▌         | 306/5200 [21:07<4:11:22,  3.08s/it]
  6%|▌         | 307/5200 [21:10<4:11:24,  3.08s/it]
  6%|▌         | 308/5200 [21:13<4:13:57,  3.11s/it]
  6%|▌         | 309/5200 [21:16<4:12:19,  3.10s/it]
  6%|▌         | 310/5200 [21:19<4:12:00,  3.09s/it]
  6%|▌         | 311/5200 [21:22<4:14:21,  3.12s/it]
  6%|▌         | 312/5200 [21:25<4:13:16,  3.11s/it]
  6%|▌         | 313/5200 [21:28<4:11:07,  3.08s/it]
  6%|▌         | 314/5200 [21:31<4:10:50,  3.08s/it]
  6%|▌         | 315/5200 [21:34<4:13:38,  3.12s/it]
  6%|▌         | 316/5200 [21:38<4:12:01,  3.10s/it]
  6%|▌         | 317/5200 [21:41<4:11:29,  3.09s/it]
  6%|▌         | 318/5200 [21:44<4:15:07,  3.14s/it]
  6%|▌         | 319/5200 [21:47<4:12:20,  3.10s/it]
  6%|▌         | 320/5200 [21:50<4:11:02,  3.09s/it]
  6%|▌         | 321/5200 [21:53<4:10:52,  3.09s/it]
  6%|▌         | 322/5200 [21:56<4:13:52,  3.12s/it]
  6%|▌         | 323/5200 [21:59<4:11:17,  3.09s/it]
  6%|▌         | 324/5200 [22:02<4:10:14,  3.08s/it]
  6%|▋         | 325/5200 [22:06<4:15:00,  3.14s/it]
  6%|▋         | 326/5200 [22:09<4:12:03,  3.10s/it]
  6%|▋         | 327/5200 [22:12<4:10:31,  3.08s/it]
  6%|▋         | 328/5200 [22:15<4:10:21,  3.08s/it]
  6%|▋         | 329/5200 [22:18<4:13:34,  3.12s/it]
  6%|▋         | 330/5200 [22:21<4:11:04,  3.09s/it]
  6%|▋         | 331/5200 [22:24<4:09:54,  3.08s/it]
  6%|▋         | 332/5200 [22:27<4:12:51,  3.12s/it]
  6%|▋         | 333/5200 [22:30<4:11:21,  3.10s/it]
  6%|▋         | 334/5200 [22:33<4:10:55,  3.09s/it]
  6%|▋         | 335/5200 [22:36<4:08:59,  3.07s/it]
  6%|▋         | 336/5200 [22:40<4:12:18,  3.11s/it]
  6%|▋         | 337/5200 [22:43<4:11:32,  3.10s/it]
  6%|▋         | 338/5200 [22:46<4:09:33,  3.08s/it]
  7%|▋         | 339/5200 [22:49<4:13:29,  3.13s/it]
  7%|▋         | 340/5200 [22:52<4:12:18,  3.11s/it]
  7%|▋         | 341/5200 [22:55<4:10:42,  3.10s/it]
  7%|▋         | 342/5200 [22:58<4:08:36,  3.07s/it]
  7%|▋         | 343/5200 [23:01<4:12:23,  3.12s/it]
  7%|▋         | 344/5200 [23:04<4:09:57,  3.09s/it]
  7%|▋         | 345/5200 [23:07<4:08:57,  3.08s/it]
  7%|▋         | 346/5200 [23:11<4:13:33,  3.13s/it]
  7%|▋         | 347/5200 [23:14<4:11:19,  3.11s/it]
  7%|▋         | 348/5200 [23:17<4:10:02,  3.09s/it]
  7%|▋         | 349/5200 [23:20<4:09:03,  3.08s/it]
  7%|▋         | 350/5200 [23:23<4:12:14,  3.12s/it]
  7%|▋         | 351/5200 [23:26<4:10:45,  3.10s/it]
  7%|▋         | 352/5200 [23:29<4:08:37,  3.08s/it]
  7%|▋         | 353/5200 [23:32<4:13:01,  3.13s/it]
  7%|▋         | 354/5200 [23:35<4:10:57,  3.11s/it]
  7%|▋         | 355/5200 [23:38<4:08:43,  3.08s/it]
  7%|▋         | 356/5200 [23:41<4:07:53,  3.07s/it]
  7%|▋         | 357/5200 [23:45<4:11:11,  3.11s/it]
  7%|▋         | 358/5200 [23:48<4:09:39,  3.09s/it]
  7%|▋         | 359/5200 [23:51<4:09:15,  3.09s/it]
  7%|▋         | 360/5200 [23:54<4:12:58,  3.14s/it]
  7%|▋         | 361/5200 [23:57<4:10:10,  3.10s/it]
  7%|▋         | 362/5200 [24:00<4:08:56,  3.09s/it]
  7%|▋         | 363/5200 [24:03<4:07:33,  3.07s/it]
  7%|▋         | 364/5200 [24:06<4:11:15,  3.12s/it]
  7%|▋         | 365/5200 [24:09<4:09:38,  3.10s/it]
  7%|▋         | 366/5200 [24:13<4:09:22,  3.10s/it]
  7%|▋         | 367/5200 [24:16<4:12:10,  3.13s/it]
  7%|▋         | 368/5200 [24:19<4:09:53,  3.10s/it]
  7%|▋         | 369/5200 [24:22<4:08:35,  3.09s/it]
  7%|▋         | 370/5200 [24:25<4:07:45,  3.08s/it]
  7%|▋         | 371/5200 [24:28<4:11:22,  3.12s/it]
  7%|▋         | 372/5200 [24:31<4:09:41,  3.10s/it]
  7%|▋         | 373/5200 [24:34<4:08:07,  3.08s/it]
  7%|▋         | 374/5200 [24:37<4:11:57,  3.13s/it]
  7%|▋         | 375/5200 [24:40<4:09:16,  3.10s/it]
  7%|▋         | 376/5200 [24:44<4:08:58,  3.10s/it]
  7%|▋         | 377/5200 [24:47<4:07:55,  3.08s/it]
  7%|▋         | 378/5200 [24:50<4:10:11,  3.11s/it]
  7%|▋         | 379/5200 [24:53<4:08:48,  3.10s/it]
  7%|▋         | 380/5200 [24:56<4:08:15,  3.09s/it]
  7%|▋         | 381/5200 [24:59<4:10:10,  3.11s/it]
  7%|▋         | 382/5200 [25:02<4:08:26,  3.09s/it]
  7%|▋         | 383/5200 [25:05<4:07:14,  3.08s/it]
  7%|▋         | 384/5200 [25:08<4:06:40,  3.07s/it]
  7%|▋         | 385/5200 [25:11<4:10:34,  3.12s/it]
  7%|▋         | 386/5200 [25:15<4:07:58,  3.09s/it]
  7%|▋         | 387/5200 [25:18<4:07:10,  3.08s/it]
  7%|▋         | 388/5200 [25:21<4:10:29,  3.12s/it]
  7%|▋         | 389/5200 [25:24<4:09:24,  3.11s/it]
  8%|▊         | 390/5200 [25:27<4:07:01,  3.08s/it]
  8%|▊         | 391/5200 [25:30<4:06:39,  3.08s/it]
  8%|▊         | 392/5200 [25:33<4:11:40,  3.14s/it]
  8%|▊         | 393/5200 [25:36<4:08:26,  3.10s/it]
  8%|▊         | 394/5200 [25:39<4:07:18,  3.09s/it]
  8%|▊         | 395/5200 [25:43<4:10:55,  3.13s/it]
  8%|▊         | 396/5200 [25:46<4:09:27,  3.12s/it]
  8%|▊         | 397/5200 [25:49<4:07:03,  3.09s/it]
  8%|▊         | 398/5200 [25:52<4:06:01,  3.07s/it]
  8%|▊         | 399/5200 [25:55<4:09:21,  3.12s/it]
  8%|▊         | 400/5200 [25:58<4:07:54,  3.10s/it]
  8%|▊         | 401/5200 [26:01<4:07:28,  3.09s/it]
  8%|▊         | 402/5200 [26:04<4:10:03,  3.13s/it]
  8%|▊         | 403/5200 [26:07<4:08:59,  3.11s/it]
  8%|▊         | 404/5200 [26:10<4:07:24,  3.10s/it]
  8%|▊         | 405/5200 [26:13<4:06:29,  3.08s/it]
  8%|▊         | 406/5200 [26:17<4:09:05,  3.12s/it]
  8%|▊         | 407/5200 [26:20<4:07:31,  3.10s/it]
  8%|▊         | 408/5200 [26:23<4:06:31,  3.09s/it]
  8%|▊         | 409/5200 [26:26<4:10:07,  3.13s/it]
  8%|▊         | 410/5200 [26:29<4:07:48,  3.10s/it]
  8%|▊         | 411/5200 [26:32<4:06:25,  3.09s/it]
  8%|▊         | 412/5200 [26:35<4:05:21,  3.07s/it]
  8%|▊         | 413/5200 [26:38<4:08:50,  3.12s/it]
  8%|▊         | 414/5200 [26:41<4:06:10,  3.09s/it]
  8%|▊         | 415/5200 [26:44<4:06:08,  3.09s/it]
  8%|▊         | 416/5200 [26:48<4:09:25,  3.13s/it]
  8%|▊         | 417/5200 [26:51<4:07:02,  3.10s/it]
  8%|▊         | 418/5200 [26:54<4:05:51,  3.08s/it]
  8%|▊         | 419/5200 [26:57<4:04:41,  3.07s/it]
  8%|▊         | 420/5200 [27:00<4:07:43,  3.11s/it]
  8%|▊         | 421/5200 [27:03<4:06:18,  3.09s/it]
  8%|▊         | 422/5200 [27:06<4:06:05,  3.09s/it]
  8%|▊         | 423/5200 [27:09<4:08:54,  3.13s/it]
  8%|▊         | 424/5200 [27:12<4:07:02,  3.10s/it]
  8%|▊         | 425/5200 [27:15<4:05:59,  3.09s/it]
  8%|▊         | 426/5200 [27:18<4:05:09,  3.08s/it]
  8%|▊         | 427/5200 [27:22<4:08:06,  3.12s/it]
  8%|▊         | 428/5200 [27:25<4:05:43,  3.09s/it]
  8%|▊         | 429/5200 [27:28<4:04:42,  3.08s/it]
  8%|▊         | 430/5200 [27:31<4:08:11,  3.12s/it]
  8%|▊         | 431/5200 [27:34<4:07:25,  3.11s/it]
  8%|▊         | 432/5200 [27:37<4:05:18,  3.09s/it]
  8%|▊         | 433/5200 [27:40<4:04:57,  3.08s/it]
  8%|▊         | 434/5200 [27:43<4:08:07,  3.12s/it]
  8%|▊         | 435/5200 [27:46<4:06:30,  3.10s/it]
  8%|▊         | 436/5200 [27:50<4:05:00,  3.09s/it]
  8%|▊         | 437/5200 [27:53<4:08:28,  3.13s/it]
  8%|▊         | 438/5200 [27:56<4:05:50,  3.10s/it]
  8%|▊         | 439/5200 [27:59<4:04:39,  3.08s/it]
  8%|▊         | 440/5200 [28:02<4:03:41,  3.07s/it]
  8%|▊         | 441/5200 [28:05<4:07:20,  3.12s/it]
  8%|▊         | 442/5200 [28:08<4:06:38,  3.11s/it]
  9%|▊         | 443/5200 [28:11<4:04:16,  3.08s/it]
  9%|▊         | 444/5200 [28:14<4:07:43,  3.13s/it]
  9%|▊         | 445/5200 [28:17<4:05:44,  3.10s/it]
  9%|▊         | 446/5200 [28:21<4:04:36,  3.09s/it]
  9%|▊         | 447/5200 [28:24<4:04:21,  3.08s/it]
  9%|▊         | 448/5200 [28:27<4:07:18,  3.12s/it]
  9%|▊         | 449/5200 [28:30<4:06:08,  3.11s/it]
  9%|▊         | 450/5200 [28:33<4:04:33,  3.09s/it]
  9%|▊         | 451/5200 [28:36<4:07:21,  3.13s/it]
  9%|▊         | 452/5200 [28:39<4:06:26,  3.11s/it]
  9%|▊         | 453/5200 [28:42<4:04:57,  3.10s/it]
  9%|▊         | 454/5200 [28:45<4:04:05,  3.09s/it]
  9%|▉         | 455/5200 [28:49<4:07:09,  3.13s/it]
  9%|▉         | 456/5200 [28:52<4:04:24,  3.09s/it]
  9%|▉         | 457/5200 [28:55<4:03:39,  3.08s/it]
  9%|▉         | 458/5200 [28:58<4:06:23,  3.12s/it]
  9%|▉         | 459/5200 [29:01<4:04:26,  3.09s/it]
  9%|▉         | 460/5200 [29:04<4:02:15,  3.07s/it]
  9%|▉         | 461/5200 [29:07<4:01:44,  3.06s/it]
  9%|▉         | 462/5200 [29:10<4:05:40,  3.11s/it]
  9%|▉         | 463/5200 [29:13<4:04:02,  3.09s/it]
  9%|▉         | 464/5200 [29:16<4:02:06,  3.07s/it]
  9%|▉         | 465/5200 [29:19<4:05:03,  3.11s/it]
  9%|▉         | 466/5200 [29:22<4:03:25,  3.09s/it]
  9%|▉         | 467/5200 [29:25<4:02:23,  3.07s/it]
  9%|▉         | 468/5200 [29:29<4:01:41,  3.06s/it]
  9%|▉         | 469/5200 [29:32<4:05:06,  3.11s/it]
  9%|▉         | 470/5200 [29:35<4:03:22,  3.09s/it]
  9%|▉         | 471/5200 [29:38<4:02:29,  3.08s/it]
  9%|▉         | 472/5200 [29:41<4:05:00,  3.11s/it]
  9%|▉         | 473/5200 [29:44<4:03:28,  3.09s/it]
  9%|▉         | 474/5200 [29:47<4:02:17,  3.08s/it]
  9%|▉         | 475/5200 [29:50<4:00:38,  3.06s/it]
  9%|▉         | 476/5200 [29:53<4:03:29,  3.09s/it]
  9%|▉         | 477/5200 [29:56<4:02:54,  3.09s/it]
  9%|▉         | 478/5200 [29:59<4:01:51,  3.07s/it]
  9%|▉         | 479/5200 [30:03<4:04:06,  3.10s/it]
  9%|▉         | 480/5200 [30:06<4:02:39,  3.08s/it]
  9%|▉         | 481/5200 [30:09<4:01:43,  3.07s/it]
  9%|▉         | 482/5200 [30:12<4:01:48,  3.08s/it]
  9%|▉         | 483/5200 [30:15<4:04:37,  3.11s/it]
  9%|▉         | 484/5200 [30:18<4:02:15,  3.08s/it]
  9%|▉         | 485/5200 [30:21<4:01:46,  3.08s/it]
  9%|▉         | 486/5200 [30:24<4:04:25,  3.11s/it]
  9%|▉         | 487/5200 [30:27<4:02:00,  3.08s/it]
  9%|▉         | 488/5200 [30:30<4:01:05,  3.07s/it]
  9%|▉         | 489/5200 [30:33<4:01:02,  3.07s/it]
  9%|▉         | 490/5200 [30:36<4:03:00,  3.10s/it]
  9%|▉         | 491/5200 [30:40<4:02:14,  3.09s/it]
  9%|▉         | 492/5200 [30:43<4:00:22,  3.06s/it]
  9%|▉         | 493/5200 [30:46<4:04:35,  3.12s/it]
 10%|▉         | 494/5200 [30:49<4:02:01,  3.09s/it]
 10%|▉         | 495/5200 [30:52<4:00:53,  3.07s/it]
 10%|▉         | 496/5200 [30:55<4:00:53,  3.07s/it]
 10%|▉         | 497/5200 [30:58<4:03:38,  3.11s/it]
 10%|▉         | 498/5200 [31:01<4:01:21,  3.08s/it]
 10%|▉         | 499/5200 [31:04<4:00:30,  3.07s/it]
 10%|▉         | 500/5200 [31:07<4:03:22,  3.11s/it]
 10%|▉         | 501/5200 [31:10<4:02:46,  3.10s/it]
 10%|▉         | 502/5200 [31:13<4:00:37,  3.07s/it]
 10%|▉         | 503/5200 [31:17<3:59:56,  3.07s/it]
 10%|▉         | 504/5200 [31:20<4:02:55,  3.10s/it]
 10%|▉         | 505/5200 [31:23<4:02:05,  3.09s/it]
 10%|▉         | 506/5200 [31:26<4:00:52,  3.08s/it    [nf-probe] train nf-RMS=3.6185e-05   val nf-RMS=4.1288e-05 [m]  (@nf=400)
    [joint-probe] combo-err n/a (theta frozen) | orth-frac 0.259 | V_orth 0.000e+00 | param_loss 0.000e+00
(0,)
It  520, sqrt loss 0.001158, Val sim-RMS 0.02063, Time Loss: 70.4%, data: 0.4%, val: 29.2%,  4.3 sec/batch
]
 10%|▉         | 507/5200 [31:29<4:03:17,  3.11s/it]
 10%|▉         | 508/5200 [31:32<4:02:20,  3.10s/it]
 10%|▉         | 509/5200 [31:35<4:00:26,  3.08s/it]
 10%|▉         | 510/5200 [31:38<3:59:18,  3.06s/it]
 10%|▉         | 511/5200 [31:41<4:02:30,  3.10s/it]
 10%|▉         | 512/5200 [31:44<4:00:23,  3.08s/it]
 10%|▉         | 513/5200 [31:47<3:59:29,  3.07s/it]
 10%|▉         | 514/5200 [31:51<4:03:15,  3.11s/it]
 10%|▉         | 515/5200 [31:54<4:00:43,  3.08s/it]
 10%|▉         | 516/5200 [31:57<3:59:44,  3.07s/it]
 10%|▉         | 517/5200 [32:00<3:59:48,  3.07s/it]
 10%|▉         | 518/5200 [32:03<4:02:44,  3.11s/it]
 10%|▉         | 519/5200 [32:06<4:00:23,  3.08s/it]
 10%|█         | 520/5200 [37:39<132:43:40, 102.10s/it]
 10%|█         | 521/5200 [37:42<94:03:46, 72.37s/it]  
 10%|█         | 522/5200 [37:45<67:01:33, 51.58s/it]
 10%|█         | 523/5200 [37:48<48:08:59, 37.06s/it]
 10%|█         | 524/5200 [37:51<34:53:22, 26.86s/it]
 10%|█         | 525/5200 [37:54<25:35:28, 19.71s/it]
 10%|█         | 526/5200 [37:58<19:09:14, 14.75s/it]
 10%|█         | 527/5200 [38:01<14:35:24, 11.24s/it]
 10%|█         | 528/5200 [38:04<11:23:38,  8.78s/it]
 10%|█         | 529/5200 [38:07<9:09:43,  7.06s/it] 
 10%|█         | 530/5200 [38:10<7:39:57,  5.91s/it]
 10%|█         | 531/5200 [38:13<6:32:11,  5.04s/it]
 10%|█         | 532/5200 [38:16<5:45:35,  4.44s/it]
 10%|█         | 533/5200 [38:19<5:16:57,  4.07s/it]
 10%|█         | 534/5200 [38:22<4:52:57,  3.77s/it]
 10%|█         | 535/5200 [38:25<4:35:11,  3.54s/it]
 10%|█         | 536/5200 [38:29<4:27:26,  3.44s/it]
 10%|█         | 537/5200 [38:32<4:19:09,  3.33s/it]
 10%|█         | 538/5200 [38:35<4:11:27,  3.24s/it]
 10%|█         | 539/5200 [38:38<4:07:17,  3.18s/it]
 10%|█         | 540/5200 [38:41<4:07:32,  3.19s/it]
 10%|█         | 541/5200 [38:44<4:04:04,  3.14s/it]
 10%|█         | 542/5200 [38:47<4:02:20,  3.12s/it]
 10%|█         | 543/5200 [38:50<3:59:48,  3.09s/it]
 10%|█         | 544/5200 [38:53<4:03:04,  3.13s/it]
 10%|█         | 545/5200 [38:56<4:00:17,  3.10s/it]
 10%|█         | 546/5200 [38:59<3:59:49,  3.09s/it]
 11%|█         | 547/5200 [39:02<4:01:21,  3.11s/it]
 11%|█         | 548/5200 [39:06<4:00:20,  3.10s/it]
 11%|█         | 549/5200 [39:09<3:59:00,  3.08s/it]
 11%|█         | 550/5200 [39:12<4:01:27,  3.12s/it]
 11%|█         | 551/5200 [39:15<3:59:09,  3.09s/it]
 11%|█         | 552/5200 [39:18<3:58:04,  3.07s/it]
 11%|█         | 553/5200 [39:21<3:57:53,  3.07s/it]
 11%|█         | 554/5200 [39:24<4:00:19,  3.10s/it]
 11%|█         | 555/5200 [39:27<3:58:12,  3.08s/it]
 11%|█         | 556/5200 [39:30<3:57:22,  3.07s/it]
 11%|█         | 557/5200 [39:33<4:00:58,  3.11s/it]
 11%|█         | 558/5200 [39:36<3:58:31,  3.08s/it]
 11%|█         | 559/5200 [39:39<3:58:16,  3.08s/it]
 11%|█         | 560/5200 [39:43<4:01:00,  3.12s/it]
 11%|█         | 561/5200 [39:46<3:59:08,  3.09s/it]
 11%|█         | 562/5200 [39:49<3:57:01,  3.07s/it]
 11%|█         | 563/5200 [39:52<3:56:57,  3.07s/it]
 11%|█         | 564/5200 [39:55<3:59:44,  3.10s/it]
 11%|█         | 565/5200 [39:58<3:59:02,  3.09s/it]
 11%|█         | 566/5200 [40:01<3:57:04,  3.07s/it]
 11%|█         | 567/5200 [40:04<3:59:56,  3.11s/it]
 11%|█         | 568/5200 [40:07<3:58:54,  3.09s/it]
 11%|█         | 569/5200 [40:10<3:56:47,  3.07s/it]
 11%|█         | 570/5200 [40:13<3:56:07,  3.06s/it]
 11%|█         | 571/5200 [40:17<4:00:26,  3.12s/it]
 11%|█         | 572/5200 [40:20<3:57:59,  3.09s/it]
 11%|█         | 573/5200 [40:23<3:56:52,  3.07s/it]
 11%|█         | 574/5200 [40:26<4:00:18,  3.12s/it]
 11%|█         | 575/5200 [40:29<3:58:34,  3.10s/it]
 11%|█         | 576/5200 [40:32<3:57:31,  3.08s/it]
 11%|█         | 577/5200 [40:35<3:57:09,  3.08s/it]
 11%|█         | 578/5200 [40:38<3:58:59,  3.10s/it]
 11%|█         | 579/5200 [40:41<3:58:16,  3.09s/it]
 11%|█         | 580/5200 [40:44<3:56:53,  3.08s/it]
 11%|█         | 581/5200 [40:47<3:59:13,  3.11s/it]
 11%|█         | 582/5200 [40:51<3:58:09,  3.09s/it]
 11%|█         | 583/5200 [40:54<3:56:15,  3.07s/it]
 11%|█         | 584/5200 [40:57<3:55:42,  3.06s/it]
 11%|█▏        | 585/5200 [41:00<3:59:07,  3.11s/it]
 11%|█▏        | 586/5200 [41:03<3:58:23,  3.10s/it]
 11%|█▏        | 587/5200 [41:06<3:56:53,  3.08s/it]
 11%|█▏        | 588/5200 [41:09<3:59:35,  3.12s/it]
 11%|█▏        | 589/5200 [41:12<3:57:51,  3.09s/it]
 11%|█▏        | 590/5200 [41:15<3:56:39,  3.08s/it]
 11%|█▏        | 591/5200 [41:18<3:55:51,  3.07s/it]
 11%|█▏        | 592/5200 [41:21<3:58:14,  3.10s/it]
 11%|█▏        | 593/5200 [41:25<3:56:57,  3.09s/it]
 11%|█▏        | 594/5200 [41:28<3:56:45,  3.08s/it]
 11%|█▏        | 595/5200 [41:31<3:59:03,  3.11s/it]
 11%|█▏        | 596/5200 [41:34<3:58:00,  3.10s/it]
 11%|█▏        | 597/5200 [41:37<3:55:52,  3.07s/it]
 12%|█▏        | 598/5200 [41:40<3:55:24,  3.07s/it]
 12%|█▏        | 599/5200 [41:43<3:58:49,  3.11s/it]
 12%|█▏        | 600/5200 [41:46<3:57:12,  3.09s/it]
 12%|█▏        | 601/5200 [41:49<3:56:11,  3.08s/it]
 12%|█▏        | 602/5200 [41:52<3:58:47,  3.12s/it]
 12%|█▏        | 603/5200 [41:55<3:57:08,  3.10s/it]
 12%|█▏        | 604/5200 [41:59<3:55:54,  3.08s/it]
 12%|█▏        | 605/5200 [42:02<3:55:37,  3.08s/it]
 12%|█▏        | 606/5200 [42:05<3:58:13,  3.11s/it]
 12%|█▏        | 607/5200 [42:08<3:55:42,  3.08s/it]
 12%|█▏        | 608/5200 [42:11<3:55:26,  3.08s/it]
 12%|█▏        | 609/5200 [42:14<3:58:39,  3.12s/it]
 12%|█▏        | 610/5200 [42:17<3:56:20,  3.09s/it]
 12%|█▏        | 611/5200 [42:20<3:55:54,  3.08s/it]
 12%|█▏        | 612/5200 [42:23<3:54:12,  3.06s/it]
 12%|█▏        | 613/5200 [42:26<3:57:58,  3.11s/it]
 12%|█▏        | 614/5200 [42:29<3:56:20,  3.09s/it]
 12%|█▏        | 615/5200 [42:33<3:55:24,  3.08s/it]
 12%|█▏        | 616/5200 [42:36<3:57:27,  3.11s/it]
 12%|█▏        | 617/5200 [42:39<3:55:48,  3.09s/it]
 12%|█▏        | 618/5200 [42:42<3:54:52,  3.08s/it]
 12%|█▏        | 619/5200 [42:45<3:54:36,  3.07s/it]
 12%|█▏        | 620/5200 [42:48<3:57:07,  3.11s/it]
 12%|█▏        | 621/5200 [42:51<3:56:15,  3.10s/it]
 12%|█▏        | 622/5200 [42:54<3:55:07,  3.08s/it]
 12%|█▏        | 623/5200 [42:57<3:57:38,  3.12s/it]
 12%|█▏        | 624/5200 [43:00<3:56:05,  3.10s/it]
 12%|█▏        | 625/5200 [43:03<3:54:50,  3.08s/it]
 12%|█▏        | 626/5200 [43:06<3:53:05,  3.06s/it]
 12%|█▏        | 627/5200 [43:10<3:56:08,  3.10s/it]
 12%|█▏        | 628/5200 [43:13<3:54:52,  3.08s/it]
 12%|█▏        | 629/5200 [43:16<3:53:59,  3.07s/it]
 12%|█▏        | 630/5200 [43:19<3:56:41,  3.11s/it]
 12%|█▏        | 631/5200 [43:22<3:55:07,  3.09s/it]
 12%|█▏        | 632/5200 [43:25<3:54:53,  3.09s/it]
 12%|█▏        | 633/5200 [43:28<3:52:58,  3.06s/it]
 12%|█▏        | 634/5200 [43:31<3:56:16,  3.10s/it]
 12%|█▏        | 635/5200 [43:34<3:55:22,  3.09s/it]
 12%|█▏        | 636/5200 [43:37<3:54:00,  3.08s/it]
 12%|█▏        | 637/5200 [43:41<3:56:36,  3.11s/it]
 12%|█▏        | 638/5200 [43:44<3:55:16,  3.09s/it]
 12%|█▏        | 639/5200 [43:47<3:54:10,  3.08s/it]
 12%|█▏        | 640/5200 [43:50<3:53:26,  3.07s/it]
 12%|█▏        | 641/5200 [43:53<3:55:44,  3.10s/it]
 12%|█▏        | 642/5200 [43:56<3:54:20,  3.08s/it]
 12%|█▏        | 643/5200 [43:59<3:53:21,  3.07s/it]
 12%|█▏        | 644/5200 [44:02<3:56:09,  3.11s/it]
 12%|█▏        | 645/5200 [44:05<3:54:47,  3.09s/it]
 12%|█▏        | 646/5200 [44:08<3:52:44,  3.07s/it]
 12%|█▏        | 647/5200 [44:11<3:52:48,  3.07s/it]
 12%|█▏        | 648/5200 [44:14<3:56:10,  3.11s/it]
 12%|█▏        | 649/5200 [44:17<3:53:34,  3.08s/it]
 12%|█▎        | 650/5200 [44:21<3:52:19,  3.06s/it]
 13%|█▎        | 651/5200 [44:24<3:55:11,  3.10s/it]
 13%|█▎        | 652/5200 [44:27<3:53:22,  3.08s/it]
 13%|█▎        | 653/5200 [44:30<3:51:36,  3.06s/it]
 13%|█▎        | 654/5200 [44:33<3:51:40,  3.06s/it]
 13%|█▎        | 655/5200 [44:36<3:54:18,  3.09s/it]
 13%|█▎        | 656/5200 [44:39<3:52:15,  3.07s/it]
 13%|█▎        | 657/5200 [44:42<3:52:01,  3.06s/it]
 13%|█▎        | 658/5200 [44:45<3:54:23,  3.10s/it]
 13%|█▎        | 659/5200 [44:48<3:52:55,  3.08s/it]
 13%|█▎        | 660/5200 [44:51<3:52:05,  3.07s/it]
 13%|█▎        | 661/5200 [44:54<3:50:57,  3.05s/it]
 13%|█▎        | 662/5200 [44:57<3:52:57,  3.08s/it]
 13%|█▎        | 663/5200 [45:01<3:52:27,  3.07s/it]
 13%|█▎        | 664/5200 [45:04<3:51:01,  3.06s/it]
 13%|█▎        | 665/5200 [45:07<3:54:30,  3.10s/it]
 13%|█▎        | 666/5200 [45:10<3:52:03,  3.07s/it]
 13%|█▎        | 667/5200 [45:13<3:51:22,  3.06s/it]
 13%|█▎        | 668/5200 [45:16<3:51:14,  3.06s/it]
 13%|█▎        | 669/5200 [45:19<3:52:57,  3.08s/it]
 13%|█▎        | 670/5200 [45:22<3:52:22,  3.08s/it]
 13%|█▎        | 671/5200 [45:25<3:51:13,  3.06s/it]
 13%|█▎        | 672/5200 [45:28<3:53:58,  3.10s/it]
 13%|█▎        | 673/5200 [45:31<3:52:29,  3.08s/it]
 13%|█▎        | 674/5200 [45:34<3:50:45,  3.06s/it]
 13%|█▎        | 675/5200 [45:37<3:50:34,  3.06s/it]
 13%|█▎        | 676/5200 [45:41<3:52:34,  3.08s/it]
 13%|█▎        | 677/5200 [45:44<3:52:02,  3.08s/it]
 13%|█▎        | 678/5200 [45:47<3:50:20,  3.06s/it]
 13%|█▎        | 679/5200 [45:50<3:53:34,  3.10s/it]
 13%|█▎        | 680/5200 [45:53<3:51:04,  3.07s/it]
 13%|█▎        | 681/5200 [45:56<3:50:15,  3.06s/it]
 13%|█▎        | 682/5200 [45:59<3:50:14,  3.06s/it]
 13%|█▎        | 683/5200 [46:02<3:52:47,  3.09s/it]
 13%|█▎        | 684/5200 [46:05<3:50:50,  3.07s/it]
 13%|█▎        | 685/5200 [46:08<3:50:31,  3.06s/it]
 13%|█▎        | 686/5200 [46:11<3:52:59,  3.10s/it]
 13%|█▎        | 687/5200 [46:14<3:51:40,  3.08s/it]
 13%|█▎        | 688/5200 [46:17<3:50:40,  3.07s/it]
 13%|█▎        | 689/5200 [46:20<3:49:55,  3.06s/it]
 13%|█▎        | 690/5200 [46:24<3:52:26,  3.09s/it]
 13%|█▎        | 691/5200 [46:27<3:51:06,  3.08s/it]
 13%|█▎        | 692/5200 [46:30<3:49:37,  3.06s/it]
 13%|█▎        | 693/5200 [46:33<3:52:19,  3.09s/it]
 13%|█▎        | 694/5200 [46:36<3:50:56,  3.08s/it]
 13%|█▎        | 695/5200 [46:39<3:50:47,  3.07s/it]
 13%|█▎        | 696/5200 [46:42<3:49:12,  3.05s/it]
 13%|█▎        | 697/5200 [46:45<3:51:53,  3.09s/it]
 13%|█▎        | 698/5200 [46:48<3:51:15,  3.08s/it]
 13%|█▎        | 699/5200 [46:51<3:49:30,  3.06s/it]
 13%|█▎        | 700/5200 [46:54<3:51:45,  3.09s/it]
 13%|█▎        | 701/5200 [46:57<3:50:24,  3.07s/it]
 14%|█▎        | 702/5200 [47:00<3:49:30,  3.06s/it]
 14%|█▎        | 703/5200 [47:03<3:48:52,  3.05s/it]
 14%|█▎        | 704/5200 [47:07<3:51:33,  3.09s/it]
 14%|█▎        | 705/5200 [47:10<3:50:14,  3.07s/it]
 14%|█▎        | 706/5200 [47:13<3:49:16,  3.06s/it]
 14%|█▎        | 707/5200 [47:16<3:52:12,  3.10s/it]
 14%|█▎        | 708/5200 [47:19<3:51:08,  3.09s/it]
 14%|█▎        | 709/5200 [47:22<3:49:49,  3.07s/it]
 14%|█▎        | 710/5200 [47:25<3:48:29,  3.05s/it]
 14%|█▎        | 711/5200 [47:28<3:51:29,  3.09s/it]
 14%|█▎        | 712/5200 [47:31<3:49:27,  3.07s/it]
 14%|█▎        | 713/5200 [47:34<3:48:35,  3.06s/it]
 14%|█▎        | 714/5200 [47:37<3:51:29,  3.10s/it]
 14%|█▍        | 715/5200 [47:40<3:49:51,  3.07s/it]
 14%|█▍        | 716/5200 [47:43<3:48:54,  3.06s/it]
 14%|█▍        | 717/5200 [47:46<3:48:06,  3.05s/it]
 14%|█▍        | 718/5200 [47:50<3:50:28,  3.09s/it]
 14%|█▍        | 719/5200 [47:53<3:48:22,  3.06s/it]
 14%|█▍        | 720/5200 [47:56<3:48:16,  3.06s/it]
 14%|█▍        | 721/5200 [47:59<3:50:49,  3.09s/it]
 14%|█▍        | 722/5200 [48:02<3:49:19,  3.07s/it]
 14%|█▍        | 723/5200 [48:05<3:47:44,  3.05s/it]
 14%|█▍        | 724/5200 [48:08<3:47:47,  3.05s/it]
 14%|█▍        | 725/5200 [48:11<3:49:33,  3.08s/it]
 14%|█▍        | 726/5200 [48:14<3:49:03,  3.07s/it]
 14%|█▍        | 727/5200 [48:17<3:47:34,  3.05s/it]
 14%|█▍        | 728/5200 [48:20<3:50:21,  3.09s/it]
 14%|█▍        | 729/5200 [48:23<3:48:57,  3.07s/it]
 14%|█▍        | 730/5200 [48:26<3:47:52,  3.06s/it]
 14%|█▍        | 731/5200 [48:29<3:47:10,  3.05s/it]
 14%|█▍        | 732/5200 [48:33<3:49:44,  3.09s/it]
 14%|█▍        | 733/5200 [48:36<3:49:06,  3.08s/it]
 14%|█▍        | 734/5200 [48:39<3:47:57,  3.06s/it]
 14%|█▍        | 735/5200 [48:42<3:50:17,  3.09s/it]
 14%|█▍        | 736/5200 [48:45<3:48:11,  3.07s/it]
 14%|█▍        | 737/5200 [48:48<3:47:18,  3.06s/it]
 14%|█▍        | 738/5200 [48:51<3:46:41,  3.05s/it]
 14%|█▍        | 739/5200 [48:54<3:49:32,  3.09s/it]
 14%|█▍        | 740/5200 [48:57<3:48:16,  3.07s/it]
 14%|█▍        | 741/5200 [49:00<3:46:37,  3.05s/it]
 14%|█▍        | 742/5200 [49:03<3:50:03,  3.10s/it]
 14%|█▍        | 743/5200 [49:06<3:47:49,  3.07s/it]
 14%|█▍        | 744/5200 [49:09<3:47:35,  3.06s/it]
 14%|█▍        | 745/5200 [49:12<3:46:52,  3.06s/it]
 14%|█▍        | 746/5200 [49:16<3:48:42,  3.08s/it]
 14%|█▍        | 747/5200 [49:19<3:48:14,  3.08s/it]
 14%|█▍        | 748/5200 [49:22<3:47:12,  3.06s/it]
 14%|█▍        | 749/5200 [49:25<3:49:46,  3.10s/it]
 14%|█▍        | 750/5200 [49:28<3:48:26,  3.08s/it]
 14%|█▍        | 751/5200 [49:31<3:47:11,  3.06s/it]
 14%|█▍        | 752/5200 [49:34<3:45:50,  3.05s/it]
 14%|█▍        | 753/5200 [49:37<3:49:11,  3.09s/it]
 14%|█▍        | 754/5200 [49:40<3:47:08,  3.07s/it]
 15%|█▍        | 755/5200 [49:43<3:46:16,  3.05s/it]
 15%|█▍        | 756/5200 [49:46<3:49:22,  3.10s/it]
 15%|█▍        | 757/5200 [49:49<3:48:14,  3.08s/it]
 15%|█▍        | 758/5200 [49:52<3:46:57,  3.07s/it]
 15%|█▍        | 759/5200 [49:55<3:45:36,  3.05s/it]
 15%|█▍        | 760/5200 [49:59<3:48:49,  3.09s/it]
 15%|█▍        | 761/5200 [50:02<3:46:43,  3.06s/it]
 15%|█▍        | 762/5200 [50:05<3:46:32,  3.06s/it]
 15%|█▍        | 763/5200 [50:08<3:48:07,  3.08s/it]
 15%|█▍        | 764/5200 [50:11<3:46:48,  3.07s/it]
 15%|█▍        | 765/5200 [50:14<3:46:30,  3.06s/it]
 15%|█▍        | 766/5200 [50:17<3:45:10,  3.05s/it]
 15%|█▍        | 767/5200 [50:20<3:48:28,  3.09s/it]
 15%|█▍        | 768/5200 [50:23<3:46:33,  3.07s/it]
 15%|█▍        | 769/5200 [50:26<3:46:24,  3.07s/it]
 15%|█▍        | 770/5200 [50:29<3:48:10,  3.09s/it]
 15%|█▍        | 771/5200 [50:32<3:47:43,  3.09s/it]
 15%|█▍        | 772/5200 [50:35<3:46:16,  3.07s/it]
 15%|█▍        | 773/5200 [50:38<3:45:24,  3.06s/it]
 15%|█▍        | 774/5200 [50:42<3:47:58,  3.09s/it]
 15%|█▍        | 775/5200 [50:45<3:46:34,  3.07s/it]
 15%|█▍        | 776/5200 [50:48<3:44:59,  3.05s/it]
 15%|█▍        | 777/5200 [50:51<3:47:25,  3.09s/it]
 15%|█▍        | 778/5200 [50:54<3:46:11,  3.07s/    [nf-probe] train nf-RMS=3.5450e-05   val nf-RMS=4.1161e-05 [m]  (@nf=400)
    [joint-probe] combo-err n/a (theta frozen) | orth-frac 0.282 | V_orth 0.000e+00 | param_loss 0.000e+00
(0,)
It  780, sqrt loss 0.001149, Val sim-RMS 0.02005, Time Loss: 70.4%, data: 0.4%, val: 29.2%,  4.3 sec/batch
it]
 15%|█▍        | 779/5200 [50:57<3:45:21,  3.06s/it]
 15%|█▌        | 780/5200 [56:30<125:29:00, 102.20s/it]
 15%|█▌        | 781/5200 [56:34<88:59:22, 72.50s/it]  
 15%|█▌        | 782/5200 [56:37<63:23:42, 51.66s/it]
 15%|█▌        | 783/5200 [56:40<45:28:54, 37.07s/it]
 15%|█▌        | 784/5200 [56:43<32:59:09, 26.89s/it]
 15%|█▌        | 785/5200 [56:46<24:12:44, 19.74s/it]
 15%|█▌        | 786/5200 [56:49<18:03:29, 14.73s/it]
 15%|█▌        | 787/5200 [56:52<13:45:13, 11.22s/it]
 15%|█▌        | 788/5200 [56:55<10:47:21,  8.80s/it]
 15%|█▌        | 789/5200 [56:58<8:39:39,  7.07s/it] 
 15%|█▌        | 790/5200 [57:01<7:10:29,  5.86s/it]
 15%|█▌        | 791/5200 [57:04<6:11:17,  5.05s/it]
 15%|█▌        | 792/5200 [57:07<5:26:50,  4.45s/it]
 15%|█▌        | 793/5200 [57:10<4:55:28,  4.02s/it]
 15%|█▌        | 794/5200 [57:13<4:32:50,  3.72s/it]
 15%|█▌        | 795/5200 [57:17<4:21:25,  3.56s/it]
 15%|█▌        | 796/5200 [57:20<4:09:54,  3.40s/it]
 15%|█▌        | 797/5200 [57:23<4:01:44,  3.29s/it]
 15%|█▌        | 798/5200 [57:26<3:55:44,  3.21s/it]
 15%|█▌        | 799/5200 [57:29<3:54:01,  3.19s/it]
 15%|█▌        | 800/5200 [57:32<3:51:09,  3.15s/it]
 15%|█▌        | 801/5200 [57:35<3:47:52,  3.11s/it]
 15%|█▌        | 802/5200 [57:38<3:50:00,  3.14s/it]
 15%|█▌        | 803/5200 [57:41<3:46:53,  3.10s/it]
 15%|█▌        | 804/5200 [57:44<3:45:58,  3.08s/it]
 15%|█▌        | 805/5200 [57:47<3:44:53,  3.07s/it]
 16%|█▌        | 806/5200 [57:50<3:46:36,  3.09s/it]
 16%|█▌        | 807/5200 [57:53<3:45:20,  3.08s/it]
 16%|█▌        | 808/5200 [57:56<3:44:08,  3.06s/it]
 16%|█▌        | 809/5200 [58:00<3:46:27,  3.09s/it]
 16%|█▌        | 810/5200 [58:03<3:44:59,  3.08s/it]
 16%|█▌        | 811/5200 [58:06<3:44:39,  3.07s/it]
 16%|█▌        | 812/5200 [58:09<3:43:40,  3.06s/it]
 16%|█▌        | 813/5200 [58:12<3:45:14,  3.08s/it]
 16%|█▌        | 814/5200 [58:15<3:44:35,  3.07s/it]
 16%|█▌        | 815/5200 [58:18<3:43:04,  3.05s/it]
 16%|█▌        | 816/5200 [58:21<3:46:14,  3.10s/it]
 16%|█▌        | 817/5200 [58:24<3:44:34,  3.07s/it]
 16%|█▌        | 818/5200 [58:27<3:42:56,  3.05s/it]
 16%|█▌        | 819/5200 [58:30<3:42:26,  3.05s/it]
 16%|█▌        | 820/5200 [58:33<3:45:06,  3.08s/it]
 16%|█▌        | 821/5200 [58:36<3:44:29,  3.08s/it]
 16%|█▌        | 822/5200 [58:39<3:43:18,  3.06s/it]
 16%|█▌        | 823/5200 [58:43<3:45:22,  3.09s/it]
 16%|█▌        | 824/5200 [58:46<3:44:04,  3.07s/it]
 16%|█▌        | 825/5200 [58:49<3:43:12,  3.06s/it]
 16%|█▌        | 826/5200 [58:52<3:42:34,  3.05s/it]
 16%|█▌        | 827/5200 [58:55<3:45:32,  3.09s/it]
 16%|█▌        | 828/5200 [58:58<3:44:12,  3.08s/it]
 16%|█▌        | 829/5200 [59:01<3:42:26,  3.05s/it]
 16%|█▌        | 830/5200 [59:04<3:44:55,  3.09s/it]
 16%|█▌        | 831/5200 [59:07<3:43:59,  3.08s/it]
 16%|█▌        | 832/5200 [59:10<3:42:18,  3.05s/it]
 16%|█▌        | 833/5200 [59:13<3:41:49,  3.05s/it]
 16%|█▌        | 834/5200 [59:16<3:45:00,  3.09s/it]
 16%|█▌        | 835/5200 [59:19<3:43:32,  3.07s/it]
 16%|█▌        | 836/5200 [59:22<3:42:21,  3.06s/it]
 16%|█▌        | 837/5200 [59:25<3:44:30,  3.09s/it]
 16%|█▌        | 838/5200 [59:29<3:42:59,  3.07s/it]
 16%|█▌        | 839/5200 [59:32<3:42:13,  3.06s/it]
 16%|█▌        | 840/5200 [59:35<3:41:30,  3.05s/it]
 16%|█▌        | 841/5200 [59:38<3:44:40,  3.09s/it]
 16%|█▌        | 842/5200 [59:41<3:42:42,  3.07s/it]
 16%|█▌        | 843/5200 [59:44<3:41:52,  3.06s/it]
 16%|█▌        | 844/5200 [59:47<3:44:45,  3.10s/it]
 16%|█▋        | 845/5200 [59:50<3:43:08,  3.07s/it]
 16%|█▋        | 846/5200 [59:53<3:42:46,  3.07s/it]
 16%|█▋        | 847/5200 [59:56<3:41:15,  3.05s/it]
 16%|█▋        | 848/5200 [59:59<3:43:41,  3.08s/it]
 16%|█▋        | 849/5200 [1:00:02<3:42:28,  3.07s/it]
 16%|█▋        | 850/5200 [1:00:05<3:41:59,  3.06s/it]
 16%|█▋        | 851/5200 [1:00:08<3:44:01,  3.09s/it]
 16%|█▋        | 852/5200 [1:00:12<3:42:44,  3.07s/it]
 16%|█▋        | 853/5200 [1:00:15<3:41:58,  3.06s/it]
 16%|█▋        | 854/5200 [1:00:18<3:41:07,  3.05s/it]
 16%|█▋        | 855/5200 [1:00:21<3:43:31,  3.09s/it]
 16%|█▋        | 856/5200 [1:00:24<3:42:18,  3.07s/it]
 16%|█▋        | 857/5200 [1:00:27<3:41:29,  3.06s/it]
 16%|█▋        | 858/5200 [1:00:30<3:44:07,  3.10s/it]
 17%|█▋        | 859/5200 [1:00:33<3:43:10,  3.08s/it]
 17%|█▋        | 860/5200 [1:00:36<3:41:14,  3.06s/it]
 17%|█▋        | 861/5200 [1:00:39<3:40:27,  3.05s/it]
 17%|█▋        | 862/5200 [1:00:42<3:43:31,  3.09s/it]
 17%|█▋        | 863/5200 [1:00:45<3:42:17,  3.08s/it]
 17%|█▋        | 864/5200 [1:00:48<3:41:05,  3.06s/it]
 17%|█▋        | 865/5200 [1:00:51<3:42:51,  3.08s/it]
 17%|█▋        | 866/5200 [1:00:55<3:42:23,  3.08s/it]
 17%|█▋        | 867/5200 [1:00:58<3:40:35,  3.05s/it]
 17%|█▋        | 868/5200 [1:01:01<3:40:31,  3.05s/it]
 17%|█▋        | 869/5200 [1:01:04<3:43:07,  3.09s/it]
 17%|█▋        | 870/5200 [1:01:07<3:41:53,  3.07s/it]
 17%|█▋        | 871/5200 [1:01:10<3:40:52,  3.06s/it]
 17%|█▋        | 872/5200 [1:01:13<3:43:13,  3.09s/it]
 17%|█▋        | 873/5200 [1:01:16<3:41:36,  3.07s/it]
 17%|█▋        | 874/5200 [1:01:19<3:39:55,  3.05s/it]
 17%|█▋        | 875/5200 [1:01:22<3:39:34,  3.05s/it]
 17%|█▋        | 876/5200 [1:01:25<3:42:34,  3.09s/it]
 17%|█▋        | 877/5200 [1:01:28<3:41:21,  3.07s/it]
 17%|█▋        | 878/5200 [1:01:31<3:40:08,  3.06s/it]
 17%|█▋        | 879/5200 [1:01:34<3:41:56,  3.08s/it]
 17%|█▋        | 880/5200 [1:01:37<3:41:20,  3.07s/it]
 17%|█▋        | 881/5200 [1:01:41<3:39:48,  3.05s/it]
 17%|█▋        | 882/5200 [1:01:44<3:39:56,  3.06s/it]
 17%|█▋        | 883/5200 [1:01:47<3:41:57,  3.08s/it]
 17%|█▋        | 884/5200 [1:01:50<3:41:30,  3.08s/it]
 17%|█▋        | 885/5200 [1:01:53<3:40:20,  3.06s/it]
 17%|█▋        | 886/5200 [1:01:56<3:42:53,  3.10s/it]
 17%|█▋        | 887/5200 [1:01:59<3:41:21,  3.08s/it]
 17%|█▋        | 888/5200 [1:02:02<3:40:01,  3.06s/it]
 17%|█▋        | 889/5200 [1:02:05<3:39:18,  3.05s/it]
 17%|█▋        | 890/5200 [1:02:08<3:41:23,  3.08s/it]
 17%|█▋        | 891/5200 [1:02:11<3:40:53,  3.08s/it]
 17%|█▋        | 892/5200 [1:02:14<3:39:14,  3.05s/it]
 17%|█▋        | 893/5200 [1:02:17<3:42:06,  3.09s/it]
 17%|█▋        | 894/5200 [1:02:20<3:40:02,  3.07s/it]
 17%|█▋        | 895/5200 [1:02:24<3:39:14,  3.06s/it]
 17%|█▋        | 896/5200 [1:02:27<3:38:38,  3.05s/it]
 17%|█▋        | 897/5200 [1:02:30<3:41:27,  3.09s/it]
 17%|█▋        | 898/5200 [1:02:33<3:39:38,  3.06s/it]
 17%|█▋        | 899/5200 [1:02:36<3:39:28,  3.06s/it]
 17%|█▋        | 900/5200 [1:02:39<3:41:16,  3.09s/it]
 17%|█▋        | 901/5200 [1:02:42<3:40:07,  3.07s/it]
 17%|█▋        | 902/5200 [1:02:45<3:39:42,  3.07s/it]
 17%|█▋        | 903/5200 [1:02:48<3:38:30,  3.05s/it]
 17%|█▋        | 904/5200 [1:02:51<3:41:25,  3.09s/it]
 17%|█▋        | 905/5200 [1:02:54<3:40:43,  3.08s/it]
 17%|█▋        | 906/5200 [1:02:57<3:39:01,  3.06s/it]
 17%|█▋        | 907/5200 [1:03:00<3:41:05,  3.09s/it]
 17%|█▋        | 908/5200 [1:03:03<3:39:46,  3.07s/it]
 17%|█▋        | 909/5200 [1:03:07<3:39:25,  3.07s/it]
 18%|█▊        | 910/5200 [1:03:10<3:38:37,  3.06s/it]
 18%|█▊        | 911/5200 [1:03:13<3:40:16,  3.08s/it]
 18%|█▊        | 912/5200 [1:03:16<3:39:48,  3.08s/it]
 18%|█▊        | 913/5200 [1:03:19<3:38:15,  3.05s/it]
 18%|█▊        | 914/5200 [1:03:22<3:40:45,  3.09s/it]
 18%|█▊        | 915/5200 [1:03:25<3:40:12,  3.08s/it]
 18%|█▊        | 916/5200 [1:03:28<3:38:50,  3.06s/it]
 18%|█▊        | 917/5200 [1:03:31<3:38:10,  3.06s/it]
 18%|█▊        | 918/5200 [1:03:34<3:40:39,  3.09s/it]
 18%|█▊        | 919/5200 [1:03:37<3:39:18,  3.07s/it]
 18%|█▊        | 920/5200 [1:03:40<3:38:21,  3.06s/it]
 18%|█▊        | 921/5200 [1:03:43<3:39:59,  3.08s/it]
 18%|█▊        | 922/5200 [1:03:46<3:38:51,  3.07s/it]
 18%|█▊        | 923/5200 [1:03:50<3:38:34,  3.07s/it]
 18%|█▊        | 924/5200 [1:03:53<3:37:55,  3.06s/it]
 18%|█▊        | 925/5200 [1:03:56<3:40:06,  3.09s/it]
 18%|█▊        | 926/5200 [1:03:59<3:38:12,  3.06s/it]
 18%|█▊        | 927/5200 [1:04:02<3:37:57,  3.06s/it]
 18%|█▊        | 928/5200 [1:04:05<3:39:44,  3.09s/it]
 18%|█▊        | 929/5200 [1:04:08<3:39:18,  3.08s/it]
 18%|█▊        | 930/5200 [1:04:11<3:38:00,  3.06s/it]
 18%|█▊        | 931/5200 [1:04:14<3:36:41,  3.05s/it]
 18%|█▊        | 932/5200 [1:04:17<3:39:43,  3.09s/it]
 18%|█▊        | 933/5200 [1:04:20<3:38:39,  3.07s/it]
 18%|█▊        | 934/5200 [1:04:23<3:37:10,  3.05s/it]
 18%|█▊        | 935/5200 [1:04:26<3:39:35,  3.09s/it]
 18%|█▊        | 936/5200 [1:04:29<3:38:14,  3.07s/it]
 18%|█▊        | 937/5200 [1:04:33<3:37:15,  3.06s/it]
 18%|█▊        | 938/5200 [1:04:36<3:37:28,  3.06s/it]
 18%|█▊        | 939/5200 [1:04:39<3:39:46,  3.09s/it]
 18%|█▊        | 940/5200 [1:04:42<3:37:46,  3.07s/it]
 18%|█▊        | 941/5200 [1:04:45<3:36:57,  3.06s/it]
 18%|█▊        | 942/5200 [1:04:48<3:39:55,  3.10s/it]
 18%|█▊        | 943/5200 [1:04:51<3:38:36,  3.08s/it]
 18%|█▊        | 944/5200 [1:04:54<3:37:22,  3.06s/it]
 18%|█▊        | 945/5200 [1:04:57<3:36:07,  3.05s/it]
 18%|█▊        | 946/5200 [1:05:00<3:38:52,  3.09s/it]
 18%|█▊        | 947/5200 [1:05:03<3:38:21,  3.08s/it]
 18%|█▊        | 948/5200 [1:05:06<3:36:50,  3.06s/it]
 18%|█▊        | 949/5200 [1:05:10<3:39:27,  3.10s/it]
 18%|█▊        | 950/5200 [1:05:13<3:38:40,  3.09s/it]
 18%|█▊        | 951/5200 [1:05:16<3:36:44,  3.06s/it]
 18%|█▊        | 952/5200 [1:05:19<3:36:45,  3.06s/it]
 18%|█▊        | 953/5200 [1:05:22<3:39:16,  3.10s/it]
 18%|█▊        | 954/5200 [1:05:25<3:37:03,  3.07s/it]
 18%|█▊        | 955/5200 [1:05:28<3:36:50,  3.06s/it]
 18%|█▊        | 956/5200 [1:05:31<3:39:29,  3.10s/it]
 18%|█▊        | 957/5200 [1:05:34<3:38:05,  3.08s/it]
 18%|█▊        | 958/5200 [1:05:37<3:36:48,  3.07s/it]
 18%|█▊        | 959/5200 [1:05:40<3:35:58,  3.06s/it]
 18%|█▊        | 960/5200 [1:05:43<3:37:54,  3.08s/it]
 18%|█▊        | 961/5200 [1:05:46<3:37:22,  3.08s/it]
 18%|█▊        | 962/5200 [1:05:49<3:35:49,  3.06s/it]
 19%|█▊        | 963/5200 [1:05:53<3:38:07,  3.09s/it]
 19%|█▊        | 964/5200 [1:05:56<3:37:18,  3.08s/it]
 19%|█▊        | 965/5200 [1:05:59<3:36:18,  3.06s/it]
 19%|█▊        | 966/5200 [1:06:02<3:35:27,  3.05s/it]
 19%|█▊        | 967/5200 [1:06:05<3:37:22,  3.08s/it]
 19%|█▊        | 968/5200 [1:06:08<3:36:45,  3.07s/it]
 19%|█▊        | 969/5200 [1:06:11<3:35:30,  3.06s/it]
 19%|█▊        | 970/5200 [1:06:14<3:37:50,  3.09s/it]
 19%|█▊        | 971/5200 [1:06:17<3:37:06,  3.08s/it]
 19%|█▊        | 972/5200 [1:06:20<3:35:22,  3.06s/it]
 19%|█▊        | 973/5200 [1:06:23<3:35:18,  3.06s/it]
 19%|█▊        | 974/5200 [1:06:26<3:37:12,  3.08s/it]
 19%|█▉        | 975/5200 [1:06:29<3:36:36,  3.08s/it]
 19%|█▉        | 976/5200 [1:06:32<3:35:06,  3.06s/it]
 19%|█▉        | 977/5200 [1:06:36<3:38:29,  3.10s/it]
 19%|█▉        | 978/5200 [1:06:39<3:36:23,  3.08s/it]
 19%|█▉        | 979/5200 [1:06:42<3:35:57,  3.07s/it]
 19%|█▉        | 980/5200 [1:06:45<3:35:18,  3.06s/it]
 19%|█▉        | 981/5200 [1:06:48<3:37:10,  3.09s/it]
 19%|█▉        | 982/5200 [1:06:51<3:36:26,  3.08s/it]
 19%|█▉        | 983/5200 [1:06:54<3:35:22,  3.06s/it]
 19%|█▉        | 984/5200 [1:06:57<3:36:57,  3.09s/it]
 19%|█▉        | 985/5200 [1:07:00<3:35:56,  3.07s/it]
 19%|█▉        | 986/5200 [1:07:03<3:35:02,  3.06s/it]
 19%|█▉        | 987/5200 [1:07:06<3:34:10,  3.05s/it]
 19%|█▉        | 988/5200 [1:07:09<3:36:27,  3.08s/it]
 19%|█▉        | 989/5200 [1:07:12<3:35:18,  3.07s/it]
 19%|█▉        | 990/5200 [1:07:15<3:34:33,  3.06s/it]
 19%|█▉        | 991/5200 [1:07:19<3:37:05,  3.09s/it]
 19%|█▉        | 992/5200 [1:07:22<3:35:37,  3.07s/it]
 19%|█▉        | 993/5200 [1:07:25<3:35:23,  3.07s/it]
 19%|█▉        | 994/5200 [1:07:28<3:33:58,  3.05s/it]
 19%|█▉        | 995/5200 [1:07:31<3:36:35,  3.09s/it]
 19%|█▉        | 996/5200 [1:07:34<3:35:12,  3.07s/it]
 19%|█▉        | 997/5200 [1:07:37<3:34:12,  3.06s/it]
 19%|█▉        | 998/5200 [1:07:40<3:37:28,  3.11s/it]
 19%|█▉        | 999/5200 [1:07:43<3:36:02,  3.09s/it]
 19%|█▉        | 1000/5200 [1:07:46<3:34:55,  3.07s/it]
 19%|█▉        | 1001/5200 [1:07:49<3:33:24,  3.05s/it]
 19%|█▉        | 1002/5200 [1:07:52<3:35:54,  3.09s/it]
 19%|█▉        | 1003/5200 [1:07:55<3:34:42,  3.07s/it]
 19%|█▉        | 1004/5200 [1:07:58<3:34:01,  3.06s/it]
 19%|█▉        | 1005/5200 [1:08:02<3:37:03,  3.10s/it]
 19%|█▉        | 1006/5200 [1:08:05<3:35:16,  3.08s/it]
 19%|█▉        | 1007/5200 [1:08:08<3:34:10,  3.06s/it]
 19%|█▉        | 1008/5200 [1:08:11<3:32:47,  3.05s/it]
 19%|█▉        | 1009/5200 [1:08:14<3:36:25,  3.10s/it]
 19%|█▉        | 1010/5200 [1:08:17<3:34:49,  3.08s/it]
 19%|█▉        | 1011/5200 [1:08:20<3:33:24,  3.06s/it]
 19%|█▉        | 1012/5200 [1:08:23<3:36:34,  3.10s/it]
 19%|█▉        | 1013/5200 [1:08:26<3:34:18,  3.07s/it]
 20%|█▉        | 1014/5200 [1:08:29<3:33:29,  3.06s/it]
 20%|█▉        | 1015/5200 [1:08:32<3:33:16,  3.06s/it]
 20%|█▉        | 1016/5200 [1:08:35<3:34:50,  3.08s/it]
 20%|█▉        | 1017/5200 [1:08:38<3:33:51,  3.07s/it]
 20%|█▉        | 1018/5200 [1:08:41<3:33:15,  3.06s/it]
 20%|█▉        | 1019/5200 [1:08:45<3:36:12,  3.10s/it]
 20%|█▉        | 1020/5200 [1:08:48<3:34:16,  3.08s/it]
 20%|█▉        | 1021/5200 [1:08:51<3:32:50,  3.06s/it]
 20%|█▉        | 1022/5200 [1:08:54<3:32:09,  3.05s/it]
 20%|█▉        | 1023/5200 [1:08:57    [nf-probe] train nf-RMS=3.5439e-05   val nf-RMS=4.1159e-05 [m]  (@nf=400)
    [joint-probe] combo-err n/a (theta frozen) | orth-frac 0.301 | V_orth 0.000e+00 | param_loss 0.000e+00
(0,)
It 1040, sqrt loss 0.001141, Val sim-RMS 0.01857, Time Loss: 70.4%, data: 0.4%, val: 29.3%,  4.3 sec/batch
<3:34:56,  3.09s/it]
 20%|█▉        | 1024/5200 [1:09:00<3:33:35,  3.07s/it]
 20%|█▉        | 1025/5200 [1:09:03<3:33:16,  3.07s/it]
 20%|█▉        | 1026/5200 [1:09:06<3:35:03,  3.09s/it]
 20%|█▉        | 1027/5200 [1:09:09<3:33:53,  3.08s/it]
 20%|█▉        | 1028/5200 [1:09:12<3:33:33,  3.07s/it]
 20%|█▉        | 1029/5200 [1:09:15<3:32:40,  3.06s/it]
 20%|█▉        | 1030/5200 [1:09:18<3:33:56,  3.08s/it]
 20%|█▉        | 1031/5200 [1:09:21<3:33:32,  3.07s/it]
 20%|█▉        | 1032/5200 [1:09:24<3:31:52,  3.05s/it]
 20%|█▉        | 1033/5200 [1:09:28<3:34:22,  3.09s/it]
 20%|█▉        | 1034/5200 [1:09:31<3:32:58,  3.07s/it]
 20%|█▉        | 1035/5200 [1:09:34<3:32:09,  3.06s/it]
 20%|█▉        | 1036/5200 [1:09:37<3:31:40,  3.05s/it]
 20%|█▉        | 1037/5200 [1:09:40<3:34:58,  3.10s/it]
 20%|█▉        | 1038/5200 [1:09:43<3:33:19,  3.08s/it]
 20%|█▉        | 1039/5200 [1:09:46<3:32:13,  3.06s/it]
 20%|██        | 1040/5200 [1:15:21<118:35:50, 102.63s/it]
 20%|██        | 1041/5200 [1:15:24<84:05:55, 72.80s/it]  
 20%|██        | 1042/5200 [1:15:27<59:54:32, 51.87s/it]
 20%|██        | 1043/5200 [1:15:30<42:57:57, 37.21s/it]
 20%|██        | 1044/5200 [1:15:33<31:10:15, 27.00s/it]
 20%|██        | 1045/5200 [1:15:36<22:52:33, 19.82s/it]
 20%|██        | 1046/5200 [1:15:39<17:03:18, 14.78s/it]
 20%|██        | 1047/5200 [1:15:42<12:58:33, 11.25s/it]
 20%|██        | 1048/5200 [1:15:46<10:10:53,  8.83s/it]
 20%|██        | 1049/5200 [1:15:49<8:11:02,  7.10s/it] 
 20%|██        | 1050/5200 [1:15:52<6:45:57,  5.87s/it]
 20%|██        | 1051/5200 [1:15:55<5:47:14,  5.02s/it]
 20%|██        | 1052/5200 [1:15:58<5:08:08,  4.46s/it]
 20%|██        | 1053/5200 [1:16:01<4:39:13,  4.04s/it]
 20%|██        | 1054/5200 [1:16:04<4:18:21,  3.74s/it]
 20%|██        | 1055/5200 [1:16:07<4:05:56,  3.56s/it]
 20%|██        | 1056/5200 [1:16:10<3:55:20,  3.41s/it]
 20%|██        | 1057/5200 [1:16:13<3:47:04,  3.29s/it]
 20%|██        | 1058/5200 [1:16:16<3:45:12,  3.26s/it]
 20%|██        | 1059/5200 [1:16:19<3:40:27,  3.19s/it]
 20%|██        | 1060/5200 [1:16:22<3:36:57,  3.14s/it]
 20%|██        | 1061/5200 [1:16:25<3:34:34,  3.11s/it]
 20%|██        | 1062/5200 [1:16:29<3:35:49,  3.13s/it]
 20%|██        | 1063/5200 [1:16:32<3:33:09,  3.09s/it]
 20%|██        | 1064/5200 [1:16:35<3:31:49,  3.07s/it]
 20%|██        | 1065/5200 [1:16:38<3:34:00,  3.11s/it]
 20%|██        | 1066/5200 [1:16:41<3:32:19,  3.08s/it]
 21%|██        | 1067/5200 [1:16:44<3:31:51,  3.08s/it]
 21%|██        | 1068/5200 [1:16:47<3:30:20,  3.05s/it]
 21%|██        | 1069/5200 [1:16:50<3:32:45,  3.09s/it]
 21%|██        | 1070/5200 [1:16:53<3:31:26,  3.07s/it]
 21%|██        | 1071/5200 [1:16:56<3:31:06,  3.07s/it]
 21%|██        | 1072/5200 [1:16:59<3:32:57,  3.10s/it]
 21%|██        | 1073/5200 [1:17:02<3:32:17,  3.09s/it]
 21%|██        | 1074/5200 [1:17:05<3:30:59,  3.07s/it]
 21%|██        | 1075/5200 [1:17:08<3:29:32,  3.05s/it]
 21%|██        | 1076/5200 [1:17:12<3:31:48,  3.08s/it]
 21%|██        | 1077/5200 [1:17:15<3:30:41,  3.07s/it]
 21%|██        | 1078/5200 [1:17:18<3:29:54,  3.06s/it]
 21%|██        | 1079/5200 [1:17:21<3:32:25,  3.09s/it]
 21%|██        | 1080/5200 [1:17:24<3:31:12,  3.08s/it]
 21%|██        | 1081/5200 [1:17:27<3:30:44,  3.07s/it]
 21%|██        | 1082/5200 [1:17:30<3:29:59,  3.06s/it]
 21%|██        | 1083/5200 [1:17:33<3:32:32,  3.10s/it]
 21%|██        | 1084/5200 [1:17:36<3:31:04,  3.08s/it]
 21%|██        | 1085/5200 [1:17:39<3:29:17,  3.05s/it]
 21%|██        | 1086/5200 [1:17:42<3:31:49,  3.09s/it]
 21%|██        | 1087/5200 [1:17:45<3:30:38,  3.07s/it]
 21%|██        | 1088/5200 [1:17:48<3:30:16,  3.07s/it]
 21%|██        | 1089/5200 [1:17:51<3:29:27,  3.06s/it]
 21%|██        | 1090/5200 [1:17:55<3:31:00,  3.08s/it]
 21%|██        | 1091/5200 [1:17:58<3:30:31,  3.07s/it]
 21%|██        | 1092/5200 [1:18:01<3:29:45,  3.06s/it]
 21%|██        | 1093/5200 [1:18:04<3:31:55,  3.10s/it]
 21%|██        | 1094/5200 [1:18:07<3:30:24,  3.07s/it]
 21%|██        | 1095/5200 [1:18:10<3:29:23,  3.06s/it]
 21%|██        | 1096/5200 [1:18:13<3:28:41,  3.05s/it]
 21%|██        | 1097/5200 [1:18:16<3:30:31,  3.08s/it]
 21%|██        | 1098/5200 [1:18:19<3:30:02,  3.07s/it]
 21%|██        | 1099/5200 [1:18:22<3:28:20,  3.05s/it]
 21%|██        | 1100/5200 [1:18:25<3:31:20,  3.09s/it]
 21%|██        | 1101/5200 [1:18:28<3:30:10,  3.08s/it]
 21%|██        | 1102/5200 [1:18:31<3:29:13,  3.06s/it]
 21%|██        | 1103/5200 [1:18:34<3:28:30,  3.05s/it]
 21%|██        | 1104/5200 [1:18:38<3:30:17,  3.08s/it]
 21%|██▏       | 1105/5200 [1:18:41<3:29:44,  3.07s/it]
 21%|██▏       | 1106/5200 [1:18:44<3:28:54,  3.06s/it]
 21%|██▏       | 1107/5200 [1:18:47<3:30:29,  3.09s/it]
 21%|██▏       | 1108/5200 [1:18:50<3:29:58,  3.08s/it]
 21%|██▏       | 1109/5200 [1:18:53<3:28:20,  3.06s/it]
 21%|██▏       | 1110/5200 [1:18:56<3:28:21,  3.06s/it]
 21%|██▏       | 1111/5200 [1:18:59<3:30:35,  3.09s/it]
 21%|██▏       | 1112/5200 [1:19:02<3:29:22,  3.07s/it]
 21%|██▏       | 1113/5200 [1:19:05<3:28:24,  3.06s/it]
 21%|██▏       | 1114/5200 [1:19:08<3:30:34,  3.09s/it]
 21%|██▏       | 1115/5200 [1:19:11<3:29:26,  3.08s/it]
 21%|██▏       | 1116/5200 [1:19:14<3:27:56,  3.06s/it]
 21%|██▏       | 1117/5200 [1:19:17<3:28:05,  3.06s/it]
 22%|██▏       | 1118/5200 [1:19:21<3:30:11,  3.09s/it]
 22%|██▏       | 1119/5200 [1:19:24<3:28:50,  3.07s/it]
 22%|██▏       | 1120/5200 [1:19:27<3:27:59,  3.06s/it]
 22%|██▏       | 1121/5200 [1:19:30<3:29:50,  3.09s/it]
 22%|██▏       | 1122/5200 [1:19:33<3:28:37,  3.07s/it]
 22%|██▏       | 1123/5200 [1:19:36<3:28:18,  3.07s/it]
 22%|██▏       | 1124/5200 [1:19:39<3:27:36,  3.06s/it]
 22%|██▏       | 1125/5200 [1:19:42<3:30:16,  3.10s/it]
 22%|██▏       | 1126/5200 [1:19:45<3:28:50,  3.08s/it]
 22%|██▏       | 1127/5200 [1:19:48<3:27:15,  3.05s/it]
 22%|██▏       | 1128/5200 [1:19:51<3:30:06,  3.10s/it]
 22%|██▏       | 1129/5200 [1:19:54<3:28:40,  3.08s/it]
 22%|██▏       | 1130/5200 [1:19:57<3:27:17,  3.06s/it]
 22%|██▏       | 1131/5200 [1:20:00<3:27:22,  3.06s/it]
 22%|██▏       | 1132/5200 [1:20:04<3:28:56,  3.08s/it]
 22%|██▏       | 1133/5200 [1:20:07<3:28:21,  3.07s/it]
 22%|██▏       | 1134/5200 [1:20:10<3:26:52,  3.05s/it]
 22%|██▏       | 1135/5200 [1:20:13<3:29:38,  3.09s/it]
 22%|██▏       | 1136/5200 [1:20:16<3:28:56,  3.08s/it]
 22%|██▏       | 1137/5200 [1:20:19<3:27:40,  3.07s/it]
 22%|██▏       | 1138/5200 [1:20:22<3:26:50,  3.06s/it]
 22%|██▏       | 1139/5200 [1:20:25<3:28:29,  3.08s/it]
 22%|██▏       | 1140/5200 [1:20:28<3:27:26,  3.07s/it]
 22%|██▏       | 1141/5200 [1:20:31<3:27:20,  3.06s/it]
 22%|██▏       | 1142/5200 [1:20:34<3:29:13,  3.09s/it]
 22%|██▏       | 1143/5200 [1:20:37<3:27:15,  3.07s/it]
 22%|██▏       | 1144/5200 [1:20:40<3:27:13,  3.07s/it]
 22%|██▏       | 1145/5200 [1:20:43<3:25:51,  3.05s/it]
 22%|██▏       | 1146/5200 [1:20:47<3:28:57,  3.09s/it]
 22%|██▏       | 1147/5200 [1:20:50<3:27:33,  3.07s/it]
 22%|██▏       | 1148/5200 [1:20:53<3:26:06,  3.05s/it]
 22%|██▏       | 1149/5200 [1:20:56<3:28:46,  3.09s/it]
 22%|██▏       | 1150/5200 [1:20:59<3:27:32,  3.07s/it]
 22%|██▏       | 1151/5200 [1:21:02<3:27:05,  3.07s/it]
 22%|██▏       | 1152/5200 [1:21:05<3:25:39,  3.05s/it]
 22%|██▏       | 1153/5200 [1:21:08<3:27:56,  3.08s/it]
 22%|██▏       | 1154/5200 [1:21:11<3:26:55,  3.07s/it]
 22%|██▏       | 1155/5200 [1:21:14<3:26:38,  3.07s/it]
 22%|██▏       | 1156/5200 [1:21:17<3:28:32,  3.09s/it]
 22%|██▏       | 1157/5200 [1:21:20<3:27:18,  3.08s/it]
 22%|██▏       | 1158/5200 [1:21:23<3:26:21,  3.06s/it]
 22%|██▏       | 1159/5200 [1:21:26<3:25:35,  3.05s/it]
 22%|██▏       | 1160/5200 [1:21:30<3:27:50,  3.09s/it]
 22%|██▏       | 1161/5200 [1:21:33<3:26:32,  3.07s/it]
 22%|██▏       | 1162/5200 [1:21:36<3:25:16,  3.05s/it]
 22%|██▏       | 1163/5200 [1:21:39<3:28:25,  3.10s/it]
 22%|██▏       | 1164/5200 [1:21:42<3:26:26,  3.07s/it]
 22%|██▏       | 1165/5200 [1:21:45<3:25:31,  3.06s/it]
 22%|██▏       | 1166/5200 [1:21:48<3:25:26,  3.06s/it]
 22%|██▏       | 1167/5200 [1:21:51<3:27:58,  3.09s/it]
 22%|██▏       | 1168/5200 [1:21:54<3:26:42,  3.08s/it]
 22%|██▏       | 1169/5200 [1:21:57<3:25:39,  3.06s/it]
 22%|██▎       | 1170/5200 [1:22:00<3:27:12,  3.09s/it]
 23%|██▎       | 1171/5200 [1:22:03<3:26:43,  3.08s/it]
 23%|██▎       | 1172/5200 [1:22:06<3:25:12,  3.06s/it]
 23%|██▎       | 1173/5200 [1:22:09<3:25:08,  3.06s/it]
 23%|██▎       | 1174/5200 [1:22:13<3:27:26,  3.09s/it]
 23%|██▎       | 1175/5200 [1:22:16<3:26:02,  3.07s/it]
 23%|██▎       | 1176/5200 [1:22:19<3:24:39,  3.05s/it]
 23%|██▎       | 1177/5200 [1:22:22<3:27:09,  3.09s/it]
 23%|██▎       | 1178/5200 [1:22:25<3:26:21,  3.08s/it]
 23%|██▎       | 1179/5200 [1:22:28<3:24:50,  3.06s/it]
 23%|██▎       | 1180/5200 [1:22:31<3:24:09,  3.05s/it]
 23%|██▎       | 1181/5200 [1:22:34<3:26:54,  3.09s/it]
 23%|██▎       | 1182/5200 [1:22:37<3:26:20,  3.08s/it]
 23%|██▎       | 1183/5200 [1:22:40<3:25:24,  3.07s/it]
 23%|██▎       | 1184/5200 [1:22:43<3:27:44,  3.10s/it]
 23%|██▎       | 1185/5200 [1:22:46<3:26:15,  3.08s/it]
 23%|██▎       | 1186/5200 [1:22:49<3:25:05,  3.07s/it]
 23%|██▎       | 1187/5200 [1:22:52<3:24:27,  3.06s/it]
 23%|██▎       | 1188/5200 [1:22:56<3:26:49,  3.09s/it]
 23%|██▎       | 1189/5200 [1:22:59<3:24:45,  3.06s/it]
 23%|██▎       | 1190/5200 [1:23:02<3:23:58,  3.05s/it]
 23%|██▎       | 1191/5200 [1:23:05<3:27:09,  3.10s/it]
 23%|██▎       | 1192/5200 [1:23:08<3:25:05,  3.07s/it]
 23%|██▎       | 1193/5200 [1:23:11<3:24:23,  3.06s/it]
 23%|██▎       | 1194/5200 [1:23:14<3:23:43,  3.05s/it]
 23%|██▎       | 1195/5200 [1:23:17<3:26:06,  3.09s/it]
 23%|██▎       | 1196/5200 [1:23:20<3:24:58,  3.07s/it]
 23%|██▎       | 1197/5200 [1:23:23<3:24:38,  3.07s/it]
 23%|██▎       | 1198/5200 [1:23:26<3:26:11,  3.09s/it]
 23%|██▎       | 1199/5200 [1:23:29<3:25:27,  3.08s/it]
 23%|██▎       | 1200/5200 [1:23:32<3:23:59,  3.06s/it]
 23%|██▎       | 1201/5200 [1:23:35<3:23:28,  3.05s/it]
 23%|██▎       | 1202/5200 [1:23:39<3:26:08,  3.09s/it]
 23%|██▎       | 1203/5200 [1:23:42<3:24:48,  3.07s/it]
 23%|██▎       | 1204/5200 [1:23:45<3:24:24,  3.07s/it]
 23%|██▎       | 1205/5200 [1:23:48<3:25:58,  3.09s/it]
 23%|██▎       | 1206/5200 [1:23:51<3:24:42,  3.08s/it]
 23%|██▎       | 1207/5200 [1:23:54<3:23:45,  3.06s/it]
 23%|██▎       | 1208/5200 [1:23:57<3:23:07,  3.05s/it]
 23%|██▎       | 1209/5200 [1:24:00<3:25:16,  3.09s/it]
 23%|██▎       | 1210/5200 [1:24:03<3:24:17,  3.07s/it]
 23%|██▎       | 1211/5200 [1:24:06<3:24:05,  3.07s/it]
 23%|██▎       | 1212/5200 [1:24:09<3:25:37,  3.09s/it]
 23%|██▎       | 1213/5200 [1:24:12<3:24:08,  3.07s/it]
 23%|██▎       | 1214/5200 [1:24:15<3:23:16,  3.06s/it]
 23%|██▎       | 1215/5200 [1:24:19<3:23:17,  3.06s/it]
 23%|██▎       | 1216/5200 [1:24:22<3:25:33,  3.10s/it]
 23%|██▎       | 1217/5200 [1:24:25<3:24:11,  3.08s/it]
 23%|██▎       | 1218/5200 [1:24:28<3:23:05,  3.06s/it]
 23%|██▎       | 1219/5200 [1:24:31<3:24:44,  3.09s/it]
 23%|██▎       | 1220/5200 [1:24:34<3:24:08,  3.08s/it]
 23%|██▎       | 1221/5200 [1:24:37<3:22:42,  3.06s/it]
 24%|██▎       | 1222/5200 [1:24:40<3:22:12,  3.05s/it]
 24%|██▎       | 1223/5200 [1:24:43<3:24:47,  3.09s/it]
 24%|██▎       | 1224/5200 [1:24:46<3:23:36,  3.07s/it]
 24%|██▎       | 1225/5200 [1:24:49<3:22:11,  3.05s/it]
 24%|██▎       | 1226/5200 [1:24:52<3:24:43,  3.09s/it]
 24%|██▎       | 1227/5200 [1:24:55<3:23:27,  3.07s/it]
 24%|██▎       | 1228/5200 [1:24:58<3:22:34,  3.06s/it]
 24%|██▎       | 1229/5200 [1:25:02<3:22:36,  3.06s/it]
 24%|██▎       | 1230/5200 [1:25:05<3:24:41,  3.09s/it]
 24%|██▎       | 1231/5200 [1:25:08<3:23:24,  3.07s/it]
 24%|██▎       | 1232/5200 [1:25:11<3:22:15,  3.06s/it]
 24%|██▎       | 1233/5200 [1:25:14<3:23:54,  3.08s/it]
 24%|██▎       | 1234/5200 [1:25:17<3:22:51,  3.07s/it]
 24%|██▍       | 1235/5200 [1:25:20<3:22:34,  3.07s/it]
 24%|██▍       | 1236/5200 [1:25:23<3:21:58,  3.06s/it]
 24%|██▍       | 1237/5200 [1:25:26<3:24:22,  3.09s/it]
 24%|██▍       | 1238/5200 [1:25:29<3:23:05,  3.08s/it]
 24%|██▍       | 1239/5200 [1:25:32<3:22:12,  3.06s/it]
 24%|██▍       | 1240/5200 [1:25:35<3:24:31,  3.10s/it]
 24%|██▍       | 1241/5200 [1:25:38<3:22:33,  3.07s/it]
 24%|██▍       | 1242/5200 [1:25:42<3:22:03,  3.06s/it]
 24%|██▍       | 1243/5200 [1:25:45<3:20:50,  3.05s/it]
 24%|██▍       | 1244/5200 [1:25:48<3:23:16,  3.08s/it]
 24%|██▍       | 1245/5200 [1:25:51<3:22:48,  3.08s/it]
 24%|██▍       | 1246/5200 [1:25:54<3:21:46,  3.06s/it]
 24%|██▍       | 1247/5200 [1:25:57<3:23:18,  3.09s/it]
 24%|██▍       | 1248/5200 [1:26:00<3:22:49,  3.08s/it]
 24%|██▍       | 1249/5200 [1:26:03<3:21:09,  3.05s/it]
 24%|██▍       | 1250/5200 [1:26:06<3:21:09,  3.06s/it]
 24%|██▍       | 1251/5200 [1:26:09<3:23:18,  3.09s/it]
 24%|██▍       | 1252/5200 [1:26:12<3:21:54,  3.07s/it]
 24%|██▍       | 1253/5200 [1:26:15<3:20:44,  3.05s/it]
 24%|██▍       | 1254/5200 [1:26:18<3:23:08,  3.09s/it]
 24%|██▍       | 1255/5200 [1:26:21<3:21:57,  3.07s/it]
 24%|██▍       | 1256/5200 [1:26:25<3:21:34,  3.07s/it]
 24%|██▍       | 1257/5200 [1:26:27<3:20:03,  3.04s/it]
 24%|██▍       | 1258/5200 [1:26:31<3:23:04,  3.09s/it]
 24%|██▍       | 1259/5200 [1:26:34<3:21:21,  3.07s/it]
 24%|██▍       | 1260/5200 [1:26:37<3:20:31,  3.05s/it]
 24%|██▍       | 1261/5200 [1:26:40<3:23:06,  3.09s/it]
 24%|██▍       | 1262/5200 [1:26:43<3:21:46,  3.07s/it]
 24%|██▍       | 1263/5200 [1:26:46<3:21:31,  3.07s/it]
 24%|██▍       | 1264/5200 [1:26:49<3:20:09,  3.05s/it]
 24%|██▍       | 1265/5200 [1:26:52<3:22:55,  3.09s/it]
 24%|██▍       | 1266/5200 [1:26:55<3:21:03,  3.07s/it]
 24%|██▍       | 1267/5200 [1:26:58<3:20:53,  3.06s/it]
 24%|██▍       | 1268/5200 [1:27:01<3:22:56,  3.10s/it]
 24%|██▍       | 1269/5200 [1:27:04<3:21:41,  3.08s/it]
 24%|██▍       | 1270/5200 [1:27:08<3:20:47,  3.07s/it]
 24%|██▍       | 1271/5200 [1:27:11<3:20:03,  3.06s/it]
 24%|██▍       | 1272/5200 [1:27:14<3:21:58,  3.09s/it]
 24%|██▍       | 1273/5200 [1:27:17<3:20:49,  3.07s/it]
 24%|██▍       | 1274/5200 [1:27:20<3:20:06,  3.06s/it]
 25%|██▍       | 1275/5200 [1:27:23<3:21:59,  3.09s/it]
 25%|██▍       | 1276/5200 [1:27:26<3:20:49,  3.07s/it]
 25%|██▍       | 1277/5200 [1:27:29<3:19:58,  3.06s/it]
 25%|██▍       | 1278/5200 [1:27:32<3:19:25,  3.05s/it]
 25%|██▍       | 1279/5200 [1:27:35<3:22:03,  3.09s/it]
 25%|██▍       | 1280/5200 [1:27:38<3:20:19,  3.07s/it]
 25%|██▍       | 1281/5200 [1:27:41<3:20:02,  3.06s/it]
 25%|██▍       | 1282/5200 [1:27:44<3:21:31,  3.09s/it]
 25%|██▍       | 1283/5200 [1:27:47<3:20:56,  3.08s/it]
 25%|██▍       | 1284/5200 [1:27:50<3:19:27,  3.06s/it]
 25%|██▍       | 1285/5200 [1:27:53<3:18:58,  3.05s/it]
 25%|██▍       | 1286/5200 [1:27:57<3:21:11,  3.08s/it]
 25%|██▍       | 1287/5200 [1:28:00<3:20:01,  3.07s/it]
 25%|██▍       | 1288/5200 [1:28:03<3:19:24,  3.06s/it]
 25%|██▍       | 1289/5200 [1:28:06<3:21:57,  3.10s/it]
 25%|██▍         [nf-probe] train nf-RMS=3.5418e-05   val nf-RMS=4.0776e-05 [m]  (@nf=400)
    [joint-probe] combo-err n/a (theta frozen) | orth-frac 0.319 | V_orth 0.000e+00 | param_loss 0.000e+00
(0,)
It 1300, sqrt loss 0.001135, Val sim-RMS 0.01827, Time Loss: 70.4%, data: 0.4%, val: 29.3%,  4.3 sec/batch
  | 1290/5200 [1:28:09<3:21:10,  3.09s/it]
 25%|██▍       | 1291/5200 [1:28:12<3:19:57,  3.07s/it]
 25%|██▍       | 1292/5200 [1:28:15<3:18:44,  3.05s/it]
 25%|██▍       | 1293/5200 [1:28:18<3:21:14,  3.09s/it]
 25%|██▍       | 1294/5200 [1:28:21<3:20:43,  3.08s/it]
 25%|██▍       | 1295/5200 [1:28:24<3:19:00,  3.06s/it]
 25%|██▍       | 1296/5200 [1:28:27<3:21:30,  3.10s/it]
 25%|██▍       | 1297/5200 [1:28:30<3:20:17,  3.08s/it]
 25%|██▍       | 1298/5200 [1:28:33<3:18:36,  3.05s/it]
 25%|██▍       | 1299/5200 [1:28:37<3:18:06,  3.05s/it]
 25%|██▌       | 1300/5200 [1:34:10<110:34:28, 102.07s/it]
 25%|██▌       | 1301/5200 [1:34:13<78:24:38, 72.40s/it]  
 25%|██▌       | 1302/5200 [1:34:16<55:51:03, 51.58s/it]
 25%|██▌       | 1303/5200 [1:34:19<40:04:53, 37.03s/it]
 25%|██▌       | 1304/5200 [1:34:22<29:01:33, 26.82s/it]
 25%|██▌       | 1305/5200 [1:34:25<21:20:51, 19.73s/it]
 25%|██▌       | 1306/5200 [1:34:28<15:54:54, 14.71s/it]
 25%|██▌       | 1307/5200 [1:34:31<12:07:40, 11.22s/it]
 25%|██▌       | 1308/5200 [1:34:34<9:30:48,  8.80s/it] 
 25%|██▌       | 1309/5200 [1:34:37<7:39:10,  7.08s/it]
 25%|██▌       | 1310/5200 [1:34:40<6:20:03,  5.86s/it]
 25%|██▌       | 1311/5200 [1:34:43<5:24:54,  5.01s/it]
 25%|██▌       | 1312/5200 [1:34:47<4:48:42,  4.46s/it]
 25%|██▌       | 1313/5200 [1:34:50<4:21:01,  4.03s/it]
 25%|██▌       | 1314/5200 [1:34:53<4:01:37,  3.73s/it]
 25%|██▌       | 1315/5200 [1:34:56<3:48:16,  3.53s/it]
 25%|██▌       | 1316/5200 [1:34:59<3:41:09,  3.42s/it]
 25%|██▌       | 1317/5200 [1:35:02<3:33:32,  3.30s/it]
 25%|██▌       | 1318/5200 [1:35:05<3:28:15,  3.22s/it]
 25%|██▌       | 1319/5200 [1:35:08<3:27:08,  3.20s/it]
 25%|██▌       | 1320/5200 [1:35:11<3:24:16,  3.16s/it]
 25%|██▌       | 1321/5200 [1:35:14<3:21:15,  3.11s/it]
 25%|██▌       | 1322/5200 [1:35:17<3:19:33,  3.09s/it]
 25%|██▌       | 1323/5200 [1:35:20<3:21:42,  3.12s/it]
 25%|██▌       | 1324/5200 [1:35:23<3:19:25,  3.09s/it]
 25%|██▌       | 1325/5200 [1:35:26<3:18:10,  3.07s/it]
 26%|██▌       | 1326/5200 [1:35:30<3:20:03,  3.10s/it]
 26%|██▌       | 1327/5200 [1:35:33<3:18:43,  3.08s/it]
 26%|██▌       | 1328/5200 [1:35:36<3:18:21,  3.07s/it]
 26%|██▌       | 1329/5200 [1:35:39<3:17:15,  3.06s/it]
 26%|██▌       | 1330/5200 [1:35:42<3:19:04,  3.09s/it]
 26%|██▌       | 1331/5200 [1:35:45<3:17:57,  3.07s/it]
 26%|██▌       | 1332/5200 [1:35:48<3:16:46,  3.05s/it]
 26%|██▌       | 1333/5200 [1:35:51<3:20:03,  3.10s/it]
 26%|██▌       | 1334/5200 [1:35:54<3:17:54,  3.07s/it]
 26%|██▌       | 1335/5200 [1:35:57<3:17:12,  3.06s/it]
 26%|██▌       | 1336/5200 [1:36:00<3:17:06,  3.06s/it]
 26%|██▌       | 1337/5200 [1:36:03<3:18:56,  3.09s/it]
 26%|██▌       | 1338/5200 [1:36:06<3:17:37,  3.07s/it]
 26%|██▌       | 1339/5200 [1:36:09<3:16:35,  3.06s/it]
 26%|██▌       | 1340/5200 [1:36:13<3:18:51,  3.09s/it]
 26%|██▌       | 1341/5200 [1:36:16<3:17:46,  3.07s/it]
 26%|██▌       | 1342/5200 [1:36:19<3:17:01,  3.06s/it]
 26%|██▌       | 1343/5200 [1:36:22<3:16:54,  3.06s/it]
 26%|██▌       | 1344/5200 [1:36:25<3:18:44,  3.09s/it]
 26%|██▌       | 1345/5200 [1:36:28<3:17:24,  3.07s/it]
 26%|██▌       | 1346/5200 [1:36:31<3:15:59,  3.05s/it]
 26%|██▌       | 1347/5200 [1:36:34<3:18:31,  3.09s/it]
 26%|██▌       | 1348/5200 [1:36:37<3:17:43,  3.08s/it]
 26%|██▌       | 1349/5200 [1:36:40<3:16:39,  3.06s/it]
 26%|██▌       | 1350/5200 [1:36:43<3:15:46,  3.05s/it]
 26%|██▌       | 1351/5200 [1:36:46<3:18:01,  3.09s/it]
 26%|██▌       | 1352/5200 [1:36:49<3:17:01,  3.07s/it]
 26%|██▌       | 1353/5200 [1:36:52<3:16:03,  3.06s/it]
 26%|██▌       | 1354/5200 [1:36:56<3:18:12,  3.09s/it]
 26%|██▌       | 1355/5200 [1:36:59<3:16:53,  3.07s/it]
 26%|██▌       | 1356/5200 [1:37:02<3:16:08,  3.06s/it]
 26%|██▌       | 1357/5200 [1:37:05<3:15:24,  3.05s/it]
 26%|██▌       | 1358/5200 [1:37:08<3:16:54,  3.08s/it]
 26%|██▌       | 1359/5200 [1:37:11<3:16:20,  3.07s/it]
 26%|██▌       | 1360/5200 [1:37:14<3:15:11,  3.05s/it]
 26%|██▌       | 1361/5200 [1:37:17<3:18:07,  3.10s/it]
 26%|██▌       | 1362/5200 [1:37:20<3:16:18,  3.07s/it]
 26%|██▌       | 1363/5200 [1:37:23<3:16:01,  3.07s/it]
 26%|██▌       | 1364/5200 [1:37:26<3:14:50,  3.05s/it]
 26%|██▋       | 1365/5200 [1:37:29<3:17:52,  3.10s/it]
 26%|██▋       | 1366/5200 [1:37:32<3:16:06,  3.07s/it]
 26%|██▋       | 1367/5200 [1:37:35<3:16:00,  3.07s/it]
 26%|██▋       | 1368/5200 [1:37:39<3:17:15,  3.09s/it]
 26%|██▋       | 1369/5200 [1:37:42<3:16:42,  3.08s/it]
 26%|██▋       | 1370/5200 [1:37:45<3:15:08,  3.06s/it]
 26%|██▋       | 1371/5200 [1:37:48<3:15:10,  3.06s/it]
 26%|██▋       | 1372/5200 [1:37:51<3:16:44,  3.08s/it]
 26%|██▋       | 1373/5200 [1:37:54<3:16:15,  3.08s/it]
 26%|██▋       | 1374/5200 [1:37:57<3:14:39,  3.05s/it]
 26%|██▋       | 1375/5200 [1:38:00<3:17:01,  3.09s/it]
 26%|██▋       | 1376/5200 [1:38:03<3:15:44,  3.07s/it]
 26%|██▋       | 1377/5200 [1:38:06<3:15:26,  3.07s/it]
 26%|██▋       | 1378/5200 [1:38:09<3:14:03,  3.05s/it]
 27%|██▋       | 1379/5200 [1:38:12<3:16:45,  3.09s/it]
 27%|██▋       | 1380/5200 [1:38:15<3:15:42,  3.07s/it]
 27%|██▋       | 1381/5200 [1:38:18<3:15:25,  3.07s/it]
 27%|██▋       | 1382/5200 [1:38:22<3:16:39,  3.09s/it]
 27%|██▋       | 1383/5200 [1:38:25<3:16:01,  3.08s/it]
 27%|██▋       | 1384/5200 [1:38:28<3:14:58,  3.07s/it]
 27%|██▋       | 1385/5200 [1:38:31<3:14:10,  3.05s/it]
 27%|██▋       | 1386/5200 [1:38:34<3:15:54,  3.08s/it]
 27%|██▋       | 1387/5200 [1:38:37<3:14:43,  3.06s/it]
 27%|██▋       | 1388/5200 [1:38:40<3:13:55,  3.05s/it]
 27%|██▋       | 1389/5200 [1:38:43<3:16:47,  3.10s/it]
 27%|██▋       | 1390/5200 [1:38:46<3:15:25,  3.08s/it]
 27%|██▋       | 1391/5200 [1:38:49<3:14:39,  3.07s/it]
 27%|██▋       | 1392/5200 [1:38:52<3:13:22,  3.05s/it]
 27%|██▋       | 1393/5200 [1:38:55<3:16:05,  3.09s/it]
 27%|██▋       | 1394/5200 [1:38:58<3:14:21,  3.06s/it]
 27%|██▋       | 1395/5200 [1:39:01<3:14:05,  3.06s/it]
 27%|██▋       | 1396/5200 [1:39:05<3:16:20,  3.10s/it]
 27%|██▋       | 1397/5200 [1:39:08<3:14:48,  3.07s/it]
 27%|██▋       | 1398/5200 [1:39:11<3:13:56,  3.06s/it]
 27%|██▋       | 1399/5200 [1:39:14<3:13:17,  3.05s/it]
 27%|██▋       | 1400/5200 [1:39:17<3:15:39,  3.09s/it]
 27%|██▋       | 1401/5200 [1:39:20<3:14:26,  3.07s/it]
 27%|██▋       | 1402/5200 [1:39:23<3:13:31,  3.06s/it]
 27%|██▋       | 1403/5200 [1:39:26<3:15:51,  3.09s/it]
 27%|██▋       | 1404/5200 [1:39:29<3:14:28,  3.07s/it]
 27%|██▋       | 1405/5200 [1:39:32<3:13:09,  3.05s/it]
 27%|██▋       | 1406/5200 [1:39:35<3:13:12,  3.06s/it]
 27%|██▋       | 1407/5200 [1:39:38<3:14:38,  3.08s/it]
 27%|██▋       | 1408/5200 [1:39:41<3:13:44,  3.07s/it]
 27%|██▋       | 1409/5200 [1:39:44<3:13:28,  3.06s/it]
 27%|██▋       | 1410/5200 [1:39:48<3:15:29,  3.09s/it]
 27%|██▋       | 1411/5200 [1:39:51<3:13:27,  3.06s/it]
 27%|██▋       | 1412/5200 [1:39:54<3:13:15,  3.06s/it]
 27%|██▋       | 1413/5200 [1:39:57<3:11:58,  3.04s/it]
 27%|██▋       | 1414/5200 [1:40:00<3:14:47,  3.09s/it]
 27%|██▋       | 1415/5200 [1:40:03<3:13:16,  3.06s/it]
 27%|██▋       | 1416/5200 [1:40:06<3:12:32,  3.05s/it]
 27%|██▋       | 1417/5200 [1:40:09<3:15:32,  3.10s/it]
 27%|██▋       | 1418/5200 [1:40:12<3:14:08,  3.08s/it]
 27%|██▋       | 1419/5200 [1:40:15<3:12:38,  3.06s/it]
 27%|██▋       | 1420/5200 [1:40:18<3:12:39,  3.06s/it]
 27%|██▋       | 1421/5200 [1:40:21<3:13:56,  3.08s/it]
 27%|██▋       | 1422/5200 [1:40:24<3:13:32,  3.07s/it]
 27%|██▋       | 1423/5200 [1:40:27<3:12:41,  3.06s/it]
 27%|██▋       | 1424/5200 [1:40:31<3:14:53,  3.10s/it]
 27%|██▋       | 1425/5200 [1:40:34<3:13:12,  3.07s/it]
 27%|██▋       | 1426/5200 [1:40:37<3:12:29,  3.06s/it]
 27%|██▋       | 1427/5200 [1:40:40<3:11:54,  3.05s/it]
 27%|██▋       | 1428/5200 [1:40:43<3:14:17,  3.09s/it]
 27%|██▋       | 1429/5200 [1:40:46<3:13:09,  3.07s/it]
 28%|██▊       | 1430/5200 [1:40:49<3:12:47,  3.07s/it]
 28%|██▊       | 1431/5200 [1:40:52<3:14:34,  3.10s/it]
 28%|██▊       | 1432/5200 [1:40:55<3:12:46,  3.07s/it]
 28%|██▊       | 1433/5200 [1:40:58<3:12:37,  3.07s/it]
 28%|██▊       | 1434/5200 [1:41:01<3:11:23,  3.05s/it]
 28%|██▊       | 1435/5200 [1:41:04<3:13:28,  3.08s/it]
 28%|██▊       | 1436/5200 [1:41:07<3:12:53,  3.07s/it]
 28%|██▊       | 1437/5200 [1:41:10<3:11:57,  3.06s/it]
 28%|██▊       | 1438/5200 [1:41:14<3:13:23,  3.08s/it]
 28%|██▊       | 1439/5200 [1:41:17<3:12:49,  3.08s/it]
 28%|██▊       | 1440/5200 [1:41:20<3:11:17,  3.05s/it]
 28%|██▊       | 1441/5200 [1:41:23<3:10:53,  3.05s/it]
 28%|██▊       | 1442/5200 [1:41:26<3:13:53,  3.10s/it]
 28%|██▊       | 1443/5200 [1:41:29<3:12:06,  3.07s/it]
 28%|██▊       | 1444/5200 [1:41:32<3:11:16,  3.06s/it]
 28%|██▊       | 1445/5200 [1:41:35<3:13:24,  3.09s/it]
 28%|██▊       | 1446/5200 [1:41:38<3:12:56,  3.08s/it]
 28%|██▊       | 1447/5200 [1:41:41<3:11:53,  3.07s/it]
 28%|██▊       | 1448/5200 [1:41:44<3:10:41,  3.05s/it]
 28%|██▊       | 1449/5200 [1:41:47<3:12:47,  3.08s/it]
 28%|██▊       | 1450/5200 [1:41:50<3:12:10,  3.07s/it]
 28%|██▊       | 1451/5200 [1:41:53<3:11:27,  3.06s/it]
 28%|██▊       | 1452/5200 [1:41:57<3:13:07,  3.09s/it]
 28%|██▊       | 1453/5200 [1:42:00<3:12:30,  3.08s/it]
 28%|██▊       | 1454/5200 [1:42:03<3:11:25,  3.07s/it]
 28%|██▊       | 1455/5200 [1:42:06<3:10:10,  3.05s/it]
 28%|██▊       | 1456/5200 [1:42:09<3:12:15,  3.08s/it]
 28%|██▊       | 1457/5200 [1:42:12<3:11:49,  3.07s/it]
 28%|██▊       | 1458/5200 [1:42:15<3:10:48,  3.06s/it]
 28%|██▊       | 1459/5200 [1:42:18<3:12:20,  3.08s/it]
 28%|██▊       | 1460/5200 [1:42:21<3:11:40,  3.07s/it]
 28%|██▊       | 1461/5200 [1:42:24<3:10:39,  3.06s/it]
 28%|██▊       | 1462/5200 [1:42:27<3:10:08,  3.05s/it]
 28%|██▊       | 1463/5200 [1:42:30<3:12:18,  3.09s/it]
 28%|██▊       | 1464/5200 [1:42:33<3:11:11,  3.07s/it]
 28%|██▊       | 1465/5200 [1:42:36<3:10:15,  3.06s/it]
 28%|██▊       | 1466/5200 [1:42:40<3:12:25,  3.09s/it]
 28%|██▊       | 1467/5200 [1:42:43<3:10:44,  3.07s/it]
 28%|██▊       | 1468/5200 [1:42:46<3:10:37,  3.06s/it]
 28%|██▊       | 1469/5200 [1:42:49<3:09:56,  3.05s/it]
 28%|██▊       | 1470/5200 [1:42:52<3:11:26,  3.08s/it]
 28%|██▊       | 1471/5200 [1:42:55<3:11:11,  3.08s/it]
 28%|██▊       | 1472/5200 [1:42:58<3:09:43,  3.05s/it]
 28%|██▊       | 1473/5200 [1:43:01<3:12:42,  3.10s/it]
 28%|██▊       | 1474/5200 [1:43:04<3:10:46,  3.07s/it]
 28%|██▊       | 1475/5200 [1:43:07<3:09:55,  3.06s/it]
 28%|██▊       | 1476/5200 [1:43:10<3:10:03,  3.06s/it]
 28%|██▊       | 1477/5200 [1:43:13<3:11:59,  3.09s/it]
 28%|██▊       | 1478/5200 [1:43:16<3:11:15,  3.08s/it]
 28%|██▊       | 1479/5200 [1:43:19<3:09:41,  3.06s/it]
 28%|██▊       | 1480/5200 [1:43:23<3:11:44,  3.09s/it]
 28%|██▊       | 1481/5200 [1:43:26<3:10:34,  3.07s/it]
 28%|██▊       | 1482/5200 [1:43:29<3:10:11,  3.07s/it]
 29%|██▊       | 1483/5200 [1:43:32<3:09:33,  3.06s/it]
 29%|██▊       | 1484/5200 [1:43:35<3:10:57,  3.08s/it]
 29%|██▊       | 1485/5200 [1:43:38<3:09:55,  3.07s/it]
 29%|██▊       | 1486/5200 [1:43:41<3:09:52,  3.07s/it]
 29%|██▊       | 1487/5200 [1:43:44<3:11:46,  3.10s/it]
 29%|██▊       | 1488/5200 [1:43:47<3:10:27,  3.08s/it]
 29%|██▊       | 1489/5200 [1:43:50<3:08:52,  3.05s/it]
 29%|██▊       | 1490/5200 [1:43:53<3:08:24,  3.05s/it]
 29%|██▊       | 1491/5200 [1:43:56<3:11:10,  3.09s/it]
 29%|██▊       | 1492/5200 [1:43:59<3:09:36,  3.07s/it]
 29%|██▊       | 1493/5200 [1:44:02<3:09:26,  3.07s/it]
 29%|██▊       | 1494/5200 [1:44:06<3:11:11,  3.10s/it]
 29%|██▉       | 1495/5200 [1:44:09<3:10:04,  3.08s/it]
 29%|██▉       | 1496/5200 [1:44:12<3:08:41,  3.06s/it]
 29%|██▉       | 1497/5200 [1:44:15<3:08:14,  3.05s/it]
 29%|██▉       | 1498/5200 [1:44:18<3:10:52,  3.09s/it]
 29%|██▉       | 1499/5200 [1:44:21<3:09:32,  3.07s/it]
 29%|██▉       | 1500/5200 [1:44:24<3:08:15,  3.05s/it]
 29%|██▉       | 1501/5200 [1:44:27<3:10:42,  3.09s/it]
 29%|██▉       | 1502/5200 [1:44:30<3:09:40,  3.08s/it]
 29%|██▉       | 1503/5200 [1:44:33<3:08:36,  3.06s/it]
 29%|██▉       | 1504/5200 [1:44:36<3:07:56,  3.05s/it]
 29%|██▉       | 1505/5200 [1:44:39<3:10:04,  3.09s/it]
 29%|██▉       | 1506/5200 [1:44:42<3:08:57,  3.07s/it]
 29%|██▉       | 1507/5200 [1:44:45<3:08:14,  3.06s/it]
 29%|██▉       | 1508/5200 [1:44:49<3:10:03,  3.09s/it]
 29%|██▉       | 1509/5200 [1:44:52<3:08:56,  3.07s/it]
 29%|██▉       | 1510/5200 [1:44:55<3:08:36,  3.07s/it]
 29%|██▉       | 1511/5200 [1:44:58<3:07:29,  3.05s/it]
 29%|██▉       | 1512/5200 [1:45:01<3:09:48,  3.09s/it]
 29%|██▉       | 1513/5200 [1:45:04<3:09:02,  3.08s/it]
 29%|██▉       | 1514/5200 [1:45:07<3:07:48,  3.06s/it]
 29%|██▉       | 1515/5200 [1:45:10<3:10:26,  3.10s/it]
 29%|██▉       | 1516/5200 [1:45:13<3:08:33,  3.07s/it]
 29%|██▉       | 1517/5200 [1:45:16<3:07:44,  3.06s/it]
 29%|██▉       | 1518/5200 [1:45:19<3:07:06,  3.05s/it]
 29%|██▉       | 1519/5200 [1:45:22<3:09:35,  3.09s/it]
 29%|██▉       | 1520/5200 [1:45:25<3:08:25,  3.07s/it]
 29%|██▉       | 1521/5200 [1:45:28<3:08:11,  3.07s/it]
 29%|██▉       | 1522/5200 [1:45:32<3:09:22,  3.09s/it]
 29%|██▉       | 1523/5200 [1:45:35<3:08:14,  3.07s/it]
 29%|██▉       | 1524/5200 [1:45:38<3:07:53,  3.07s/it]
 29%|██▉       | 1525/5200 [1:45:41<3:06:40,  3.05s/it]
 29%|██▉       | 1526/5200 [1:45:44<3:09:28,  3.09s/it]
 29%|██▉       | 1527/5200 [1:45:47<3:07:35,  3.06s/it]
 29%|██▉       | 1528/5200 [1:45:50<3:07:33,  3.06s/it]
 29%|██▉       | 1529/5200 [1:45:53<3:09:32,  3.10s/it]
 29%|██▉       | 1530/5200 [1:45:56<3:08:21,  3.08s/it]
 29%|██▉       | 1531/5200 [1:45:59<3:07:23,  3.06s/it]
 29%|██▉       | 1532/5200 [1:46:02<3:06:34,  3.05s/it]
 29%|██▉       | 1533/5200 [1:46:05<3:08:25,  3.08s/it]
 30%|██▉       | 1534/5200 [1:46:08<3:07:18,  3.07s/it]
 30%|██▉       | 1535/5200 [1:46:11<3:06:39,  3.06s/it]
 30%|██▉       | 1536/5200 [1:46:15<3:08:44,  3.09s/it]
 30%|██▉       | 1537/5200 [1:46:18<3:06:53,  3.06s/it]
 30%|██▉       | 1538/5200 [1:46:21<3:06:13,  3.05s/it]
 30%|██▉       | 1539/5200 [1:46:24<3:06:24,  3.06s/it]
 30%|██▉       | 1540/5200 [1:46:27<3:08:19,  3.09s/it]
 30%|██▉       | 1541/5200 [1:46:30<3:06:43,  3.06s/it]
 30%|██▉       | 1542/5200 [1:46:33<3:06:38,  3.06s/it]
 30%|██▉       | 1543/5200 [1:46:36<3:07:56,  3.08s/it]
 30%|██▉       | 1544/5200 [1:46:39<3:07:00,  3.07s/it]
 30%|██▉       | 1545/5200 [1:46:42<3:06:18,  3.06s/it]
 30%|██▉       | 1546/5200 [1:46:45<3:06:16,  3.06s/it]
 30%|██▉       | 1547/5200 [1:46:48<3:07:29,  3.08s/it]
 30%|██▉       | 1548/5200 [1:46:51<3:06:55,  3.07s/it]
 30%|██▉       | 1549/5200 [1:46:54<3:05:44,  3.05s/it]
 30%|██▉       | 1550/5200 [1:46:58<3:08:11,  3.09s/it]
 30%|██▉       | 1551/5200 [1:47:01<3:06:30,  3.07s/it]
 30%|██▉       | 1552/5200 [1:47:04<3:05:42,  3.05s/it]
 30%|██▉       | 1553/5200 [1:47:07<3:05:07,  3.05s/it]
 30%|██▉       |    [nf-probe] train nf-RMS=3.5227e-05   val nf-RMS=4.0502e-05 [m]  (@nf=400)
    [joint-probe] combo-err n/a (theta frozen) | orth-frac 0.333 | V_orth 0.000e+00 | param_loss 0.000e+00
(0,)
It 1560, sqrt loss 0.001127, Val sim-RMS 0.01851, Time Loss: 70.4%, data: 0.3%, val: 29.3%,  4.3 sec/batch
 1554/5200 [1:47:10<3:07:33,  3.09s/it]
 30%|██▉       | 1555/5200 [1:47:13<3:06:28,  3.07s/it]
 30%|██▉       | 1556/5200 [1:47:16<3:05:42,  3.06s/it]
 30%|██▉       | 1557/5200 [1:47:19<3:07:29,  3.09s/it]
 30%|██▉       | 1558/5200 [1:47:22<3:06:20,  3.07s/it]
 30%|██▉       | 1559/5200 [1:47:25<3:05:58,  3.06s/it]
 30%|███       | 1560/5200 [1:52:58<103:16:50, 102.15s/it]
 30%|███       | 1561/5200 [1:53:02<73:13:43, 72.44s/it]  
 30%|███       | 1562/5200 [1:53:05<52:09:54, 51.62s/it]
 30%|███       | 1563/5200 [1:53:08<37:25:31, 37.04s/it]
 30%|███       | 1564/5200 [1:53:11<27:09:47, 26.89s/it]
 30%|███       | 1565/5200 [1:53:14<19:55:42, 19.74s/it]
 30%|███       | 1566/5200 [1:53:17<14:51:11, 14.71s/it]
 30%|███       | 1567/5200 [1:53:20<11:19:10, 11.22s/it]
 30%|███       | 1568/5200 [1:53:23<8:53:04,  8.81s/it] 
 30%|███       | 1569/5200 [1:53:26<7:07:35,  7.07s/it]
 30%|███       | 1570/5200 [1:53:29<5:54:12,  5.85s/it]
 30%|███       | 1571/5200 [1:53:32<5:05:26,  5.05s/it]
 30%|███       | 1572/5200 [1:53:35<4:29:15,  4.45s/it]
 30%|███       | 1573/5200 [1:53:38<4:03:21,  4.03s/it]
 30%|███       | 1574/5200 [1:53:41<3:45:16,  3.73s/it]
 30%|███       | 1575/5200 [1:53:45<3:34:45,  3.55s/it]
 30%|███       | 1576/5200 [1:53:48<3:25:08,  3.40s/it]
 30%|███       | 1577/5200 [1:53:51<3:18:27,  3.29s/it]
 30%|███       | 1578/5200 [1:53:54<3:13:46,  3.21s/it]
 30%|███       | 1579/5200 [1:53:57<3:13:26,  3.21s/it]
 30%|███       | 1580/5200 [1:54:00<3:10:07,  3.15s/it]
 30%|███       | 1581/5200 [1:54:03<3:07:18,  3.11s/it]
 30%|███       | 1582/5200 [1:54:06<3:08:47,  3.13s/it]
 30%|███       | 1583/5200 [1:54:09<3:07:22,  3.11s/it]
 30%|███       | 1584/5200 [1:54:12<3:06:02,  3.09s/it]
 30%|███       | 1585/5200 [1:54:15<3:04:45,  3.07s/it]
 30%|███       | 1586/5200 [1:54:18<3:06:34,  3.10s/it]
 31%|███       | 1587/5200 [1:54:21<3:05:22,  3.08s/it]
 31%|███       | 1588/5200 [1:54:24<3:04:23,  3.06s/it]
 31%|███       | 1589/5200 [1:54:28<3:06:06,  3.09s/it]
 31%|███       | 1590/5200 [1:54:31<3:05:18,  3.08s/it]
 31%|███       | 1591/5200 [1:54:34<3:04:19,  3.06s/it]
 31%|███       | 1592/5200 [1:54:37<3:03:51,  3.06s/it]
 31%|███       | 1593/5200 [1:54:40<3:06:07,  3.10s/it]
 31%|███       | 1594/5200 [1:54:43<3:04:21,  3.07s/it]
 31%|███       | 1595/5200 [1:54:46<3:03:28,  3.05s/it]
 31%|███       | 1596/5200 [1:54:49<3:05:41,  3.09s/it]
 31%|███       | 1597/5200 [1:54:52<3:04:34,  3.07s/it]
 31%|███       | 1598/5200 [1:54:55<3:03:48,  3.06s/it]
 31%|███       | 1599/5200 [1:54:58<3:03:40,  3.06s/it]
 31%|███       | 1600/5200 [1:55:01<3:05:29,  3.09s/it]
 31%|███       | 1601/5200 [1:55:04<3:04:10,  3.07s/it]
 31%|███       | 1602/5200 [1:55:07<3:02:58,  3.05s/it]
 31%|███       | 1603/5200 [1:55:11<3:05:07,  3.09s/it]
 31%|███       | 1604/5200 [1:55:14<3:03:50,  3.07s/it]
 31%|███       | 1605/5200 [1:55:17<3:03:38,  3.07s/it]
 31%|███       | 1606/5200 [1:55:20<3:03:04,  3.06s/it]
 31%|███       | 1607/5200 [1:55:23<3:04:39,  3.08s/it]
 31%|███       | 1608/5200 [1:55:26<3:03:42,  3.07s/it]
 31%|███       | 1609/5200 [1:55:29<3:03:18,  3.06s/it]
 31%|███       | 1610/5200 [1:55:32<3:04:48,  3.09s/it]
 31%|███       | 1611/5200 [1:55:35<3:04:13,  3.08s/it]
 31%|███       | 1612/5200 [1:55:38<3:02:38,  3.05s/it]
 31%|███       | 1613/5200 [1:55:41<3:02:29,  3.05s/it]
 31%|███       | 1614/5200 [1:55:44<3:03:53,  3.08s/it]
 31%|███       | 1615/5200 [1:55:47<3:03:28,  3.07s/it]
 31%|███       | 1616/5200 [1:55:50<3:02:19,  3.05s/it]
 31%|███       | 1617/5200 [1:55:54<3:04:47,  3.09s/it]
 31%|███       | 1618/5200 [1:55:57<3:04:02,  3.08s/it]
 31%|███       | 1619/5200 [1:56:00<3:03:06,  3.07s/it]
 31%|███       | 1620/5200 [1:56:03<3:02:01,  3.05s/it]
 31%|███       | 1621/5200 [1:56:06<3:04:08,  3.09s/it]
 31%|███       | 1622/5200 [1:56:09<3:03:07,  3.07s/it]
 31%|███       | 1623/5200 [1:56:12<3:02:18,  3.06s/it]
 31%|███       | 1624/5200 [1:56:15<3:04:48,  3.10s/it]
 31%|███▏      | 1625/5200 [1:56:18<3:03:04,  3.07s/it]
 31%|███▏      | 1626/5200 [1:56:21<3:02:14,  3.06s/it]
 31%|███▏      | 1627/5200 [1:56:24<3:01:46,  3.05s/it]
 31%|███▏      | 1628/5200 [1:56:27<3:04:09,  3.09s/it]
 31%|███▏      | 1629/5200 [1:56:30<3:02:59,  3.07s/it]
 31%|███▏      | 1630/5200 [1:56:33<3:01:41,  3.05s/it]
 31%|███▏      | 1631/5200 [1:56:37<3:03:49,  3.09s/it]
 31%|███▏      | 1632/5200 [1:56:40<3:02:36,  3.07s/it]
 31%|███▏      | 1633/5200 [1:56:43<3:02:16,  3.07s/it]
 31%|███▏      | 1634/5200 [1:56:46<3:01:38,  3.06s/it]
 31%|███▏      | 1635/5200 [1:56:49<3:03:41,  3.09s/it]
 31%|███▏      | 1636/5200 [1:56:52<3:02:07,  3.07s/it]
 31%|███▏      | 1637/5200 [1:56:55<3:01:48,  3.06s/it]
 32%|███▏      | 1638/5200 [1:56:58<3:03:44,  3.10s/it]
 32%|███▏      | 1639/5200 [1:57:01<3:02:38,  3.08s/it]
 32%|███▏      | 1640/5200 [1:57:04<3:01:13,  3.05s/it]
 32%|███▏      | 1641/5200 [1:57:07<3:01:23,  3.06s/it]
 32%|███▏      | 1642/5200 [1:57:10<3:03:31,  3.09s/it]
 32%|███▏      | 1643/5200 [1:57:13<3:02:24,  3.08s/it]
 32%|███▏      | 1644/5200 [1:57:16<3:00:58,  3.05s/it]
 32%|███▏      | 1645/5200 [1:57:20<3:02:58,  3.09s/it]
 32%|███▏      | 1646/5200 [1:57:23<3:02:31,  3.08s/it]
 32%|███▏      | 1647/5200 [1:57:26<3:01:19,  3.06s/it]
 32%|███▏      | 1648/5200 [1:57:29<3:00:13,  3.04s/it]
 32%|███▏      | 1649/5200 [1:57:32<3:03:13,  3.10s/it]
 32%|███▏      | 1650/5200 [1:57:35<3:02:08,  3.08s/it]
 32%|███▏      | 1651/5200 [1:57:38<3:00:54,  3.06s/it]
 32%|███▏      | 1652/5200 [1:57:41<3:03:24,  3.10s/it]
 32%|███▏      | 1653/5200 [1:57:44<3:02:11,  3.08s/it]
 32%|███▏      | 1654/5200 [1:57:47<3:00:35,  3.06s/it]
 32%|███▏      | 1655/5200 [1:57:50<3:00:18,  3.05s/it]
 32%|███▏      | 1656/5200 [1:57:53<3:02:08,  3.08s/it]
 32%|███▏      | 1657/5200 [1:57:56<3:01:06,  3.07s/it]
 32%|███▏      | 1658/5200 [1:57:59<3:00:22,  3.06s/it]
 32%|███▏      | 1659/5200 [1:58:03<3:03:01,  3.10s/it]
 32%|███▏      | 1660/5200 [1:58:06<3:01:07,  3.07s/it]
 32%|███▏      | 1661/5200 [1:58:09<3:00:37,  3.06s/it]
 32%|███▏      | 1662/5200 [1:58:12<3:00:12,  3.06s/it]
 32%|███▏      | 1663/5200 [1:58:15<3:02:08,  3.09s/it]
 32%|███▏      | 1664/5200 [1:58:18<3:00:26,  3.06s/it]
 32%|███▏      | 1665/5200 [1:58:21<2:59:53,  3.05s/it]
 32%|███▏      | 1666/5200 [1:58:24<3:02:14,  3.09s/it]
 32%|███▏      | 1667/5200 [1:58:27<3:01:04,  3.08s/it]
 32%|███▏      | 1668/5200 [1:58:30<2:59:41,  3.05s/it]
 32%|███▏      | 1669/5200 [1:58:33<2:59:44,  3.05s/it]
 32%|███▏      | 1670/5200 [1:58:36<3:01:25,  3.08s/it]
 32%|███▏      | 1671/5200 [1:58:39<3:00:22,  3.07s/it]
 32%|███▏      | 1672/5200 [1:58:42<3:00:13,  3.07s/it]
 32%|███▏      | 1673/5200 [1:58:46<3:01:59,  3.10s/it]
 32%|███▏      | 1674/5200 [1:58:49<3:00:47,  3.08s/it]
 32%|███▏      | 1675/5200 [1:58:52<2:59:29,  3.06s/it]
 32%|███▏      | 1676/5200 [1:58:55<2:58:50,  3.04s/it]
 32%|███▏      | 1677/5200 [1:58:58<3:01:20,  3.09s/it]
 32%|███▏      | 1678/5200 [1:59:01<3:00:44,  3.08s/it]
 32%|███▏      | 1679/5200 [1:59:04<2:59:23,  3.06s/it]
 32%|███▏      | 1680/5200 [1:59:07<3:01:21,  3.09s/it]
 32%|███▏      | 1681/5200 [1:59:10<3:00:12,  3.07s/it]
 32%|███▏      | 1682/5200 [1:59:13<2:59:27,  3.06s/it]
 32%|███▏      | 1683/5200 [1:59:16<2:59:24,  3.06s/it]
 32%|███▏      | 1684/5200 [1:59:19<3:01:18,  3.09s/it]
 32%|███▏      | 1685/5200 [1:59:22<2:59:34,  3.07s/it]
 32%|███▏      | 1686/5200 [1:59:25<2:59:18,  3.06s/it]
 32%|███▏      | 1687/5200 [1:59:29<3:01:27,  3.10s/it]
 32%|███▏      | 1688/5200 [1:59:32<2:59:35,  3.07s/it]
 32%|███▏      | 1689/5200 [1:59:35<2:59:16,  3.06s/it]
 32%|███▎      | 1690/5200 [1:59:38<2:58:00,  3.04s/it]
 33%|███▎      | 1691/5200 [1:59:41<3:00:35,  3.09s/it]
 33%|███▎      | 1692/5200 [1:59:44<2:59:25,  3.07s/it]
 33%|███▎      | 1693/5200 [1:59:47<2:58:37,  3.06s/it]
 33%|███▎      | 1694/5200 [1:59:50<3:00:27,  3.09s/it]
 33%|███▎      | 1695/5200 [1:59:53<2:58:49,  3.06s/it]
 33%|███▎      | 1696/5200 [1:59:56<2:58:50,  3.06s/it]
 33%|███▎      | 1697/5200 [1:59:59<2:57:44,  3.04s/it]
 33%|███▎      | 1698/5200 [2:00:02<2:59:57,  3.08s/it]
 33%|███▎      | 1699/5200 [2:00:05<2:59:02,  3.07s/it]
 33%|███▎      | 1700/5200 [2:00:08<2:58:43,  3.06s/it]
 33%|███▎      | 1701/5200 [2:00:11<3:00:05,  3.09s/it]
 33%|███▎      | 1702/5200 [2:00:15<2:59:04,  3.07s/it]
 33%|███▎      | 1703/5200 [2:00:18<2:58:43,  3.07s/it]
 33%|███▎      | 1704/5200 [2:00:21<2:58:03,  3.06s/it]
 33%|███▎      | 1705/5200 [2:00:24<2:59:19,  3.08s/it]
 33%|███▎      | 1706/5200 [2:00:27<2:58:53,  3.07s/it]
 33%|███▎      | 1707/5200 [2:00:30<2:58:15,  3.06s/it]
 33%|███▎      | 1708/5200 [2:00:33<2:59:36,  3.09s/it]
 33%|███▎      | 1709/5200 [2:00:36<2:58:36,  3.07s/it]
 33%|███▎      | 1710/5200 [2:00:39<2:58:14,  3.06s/it]
 33%|███▎      | 1711/5200 [2:00:42<2:57:05,  3.05s/it]
 33%|███▎      | 1712/5200 [2:00:45<2:59:21,  3.09s/it]
 33%|███▎      | 1713/5200 [2:00:48<2:58:24,  3.07s/it]
 33%|███▎      | 1714/5200 [2:00:51<2:58:07,  3.07s/it]
 33%|███▎      | 1715/5200 [2:00:54<2:59:45,  3.09s/it]
 33%|███▎      | 1716/5200 [2:00:57<2:58:10,  3.07s/it]
 33%|███▎      | 1717/5200 [2:01:01<2:57:19,  3.05s/it]
 33%|███▎      | 1718/5200 [2:01:04<2:56:49,  3.05s/it]
 33%|███▎      | 1719/5200 [2:01:07<2:58:59,  3.09s/it]
 33%|███▎      | 1720/5200 [2:01:10<2:58:22,  3.08s/it]
 33%|███▎      | 1721/5200 [2:01:13<2:57:13,  3.06s/it]
 33%|███▎      | 1722/5200 [2:01:16<2:59:36,  3.10s/it]
 33%|███▎      | 1723/5200 [2:01:19<2:58:26,  3.08s/it]
 33%|███▎      | 1724/5200 [2:01:22<2:56:57,  3.05s/it]
 33%|███▎      | 1725/5200 [2:01:25<2:56:29,  3.05s/it]
 33%|███▎      | 1726/5200 [2:01:28<2:58:37,  3.09s/it]
 33%|███▎      | 1727/5200 [2:01:31<2:58:04,  3.08s/it]
 33%|███▎      | 1728/5200 [2:01:34<2:56:48,  3.06s/it]
 33%|███▎      | 1729/5200 [2:01:37<2:58:34,  3.09s/it]
 33%|███▎      | 1730/5200 [2:01:40<2:57:36,  3.07s/it]
 33%|███▎      | 1731/5200 [2:01:44<2:56:59,  3.06s/it]
 33%|███▎      | 1732/5200 [2:01:47<2:56:18,  3.05s/it]
 33%|███▎      | 1733/5200 [2:01:50<2:58:35,  3.09s/it]
 33%|███▎      | 1734/5200 [2:01:53<2:56:51,  3.06s/it]
 33%|███▎      | 1735/5200 [2:01:56<2:56:15,  3.05s/it]
 33%|███▎      | 1736/5200 [2:01:59<2:58:13,  3.09s/it]
 33%|███▎      | 1737/5200 [2:02:02<2:57:41,  3.08s/it]
 33%|███▎      | 1738/5200 [2:02:05<2:56:47,  3.06s/it]
 33%|███▎      | 1739/5200 [2:02:08<2:55:43,  3.05s/it]
 33%|███▎      | 1740/5200 [2:02:11<2:58:09,  3.09s/it]
 33%|███▎      | 1741/5200 [2:02:14<2:57:10,  3.07s/it]
 34%|███▎      | 1742/5200 [2:02:17<2:56:59,  3.07s/it]
 34%|███▎      | 1743/5200 [2:02:20<2:58:07,  3.09s/it]
 34%|███▎      | 1744/5200 [2:02:23<2:57:20,  3.08s/it]
 34%|███▎      | 1745/5200 [2:02:26<2:55:43,  3.05s/it]
 34%|███▎      | 1746/5200 [2:02:30<2:55:25,  3.05s/it]
 34%|███▎      | 1747/5200 [2:02:33<2:56:32,  3.07s/it]
 34%|███▎      | 1748/5200 [2:02:36<2:55:24,  3.05s/it]
 34%|███▎      | 1749/5200 [2:02:39<2:54:44,  3.04s/it]
 34%|███▎      | 1750/5200 [2:02:42<2:56:59,  3.08s/it]
 34%|███▎      | 1751/5200 [2:02:45<2:55:24,  3.05s/it]
 34%|███▎      | 1752/5200 [2:02:48<2:54:43,  3.04s/it]
 34%|███▎      | 1753/5200 [2:02:51<2:54:36,  3.04s/it]
 34%|███▎      | 1754/5200 [2:02:54<2:55:50,  3.06s/it]
 34%|███▍      | 1755/5200 [2:02:57<2:54:54,  3.05s/it]
 34%|███▍      | 1756/5200 [2:03:00<2:54:46,  3.04s/it]
 34%|███▍      | 1757/5200 [2:03:03<2:55:56,  3.07s/it]
 34%|███▍      | 1758/5200 [2:03:06<2:55:28,  3.06s/it]
 34%|███▍      | 1759/5200 [2:03:09<2:54:13,  3.04s/it]
 34%|███▍      | 1760/5200 [2:03:12<2:53:42,  3.03s/it]
 34%|███▍      | 1761/5200 [2:03:15<2:55:59,  3.07s/it]
 34%|███▍      | 1762/5200 [2:03:18<2:55:05,  3.06s/it]
 34%|███▍      | 1763/5200 [2:03:21<2:53:57,  3.04s/it]
 34%|███▍      | 1764/5200 [2:03:25<2:55:45,  3.07s/it]
 34%|███▍      | 1765/5200 [2:03:28<2:55:09,  3.06s/it]
 34%|███▍      | 1766/5200 [2:03:31<2:54:18,  3.05s/it]
 34%|███▍      | 1767/5200 [2:03:34<2:53:43,  3.04s/it]
 34%|███▍      | 1768/5200 [2:03:37<2:55:03,  3.06s/it]
 34%|███▍      | 1769/5200 [2:03:40<2:54:32,  3.05s/it]
 34%|███▍      | 1770/5200 [2:03:43<2:53:52,  3.04s/it]
 34%|███▍      | 1771/5200 [2:03:46<2:55:33,  3.07s/it]
 34%|███▍      | 1772/5200 [2:03:49<2:54:31,  3.05s/it]
 34%|███▍      | 1773/5200 [2:03:52<2:53:22,  3.04s/it]
 34%|███▍      | 1774/5200 [2:03:55<2:53:19,  3.04s/it]
 34%|███▍      | 1775/5200 [2:03:58<2:54:43,  3.06s/it]
 34%|███▍      | 1776/5200 [2:04:01<2:54:15,  3.05s/it]
 34%|███▍      | 1777/5200 [2:04:04<2:53:37,  3.04s/it]
 34%|███▍      | 1778/5200 [2:04:07<2:55:20,  3.07s/it]
 34%|███▍      | 1779/5200 [2:04:10<2:54:17,  3.06s/it]
 34%|███▍      | 1780/5200 [2:04:13<2:53:35,  3.05s/it]
 34%|███▍      | 1781/5200 [2:04:16<2:53:03,  3.04s/it]
 34%|███▍      | 1782/5200 [2:04:19<2:54:50,  3.07s/it]
 34%|███▍      | 1783/5200 [2:04:22<2:53:24,  3.04s/it]
 34%|███▍      | 1784/5200 [2:04:25<2:53:20,  3.04s/it]
 34%|███▍      | 1785/5200 [2:04:29<2:54:32,  3.07s/it]
 34%|███▍      | 1786/5200 [2:04:32<2:53:38,  3.05s/it]
 34%|███▍      | 1787/5200 [2:04:35<2:53:23,  3.05s/it]
 34%|███▍      | 1788/5200 [2:04:38<2:52:45,  3.04s/it]
 34%|███▍      | 1789/5200 [2:04:41<2:54:02,  3.06s/it]
 34%|███▍      | 1790/5200 [2:04:44<2:53:12,  3.05s/it]
 34%|███▍      | 1791/5200 [2:04:47<2:52:35,  3.04s/it]
 34%|███▍      | 1792/5200 [2:04:50<2:54:23,  3.07s/it]
 34%|███▍      | 1793/5200 [2:04:53<2:53:51,  3.06s/it]
 34%|███▍      | 1794/5200 [2:04:56<2:52:39,  3.04s/it]
 35%|███▍      | 1795/5200 [2:04:59<2:52:11,  3.03s/it]
 35%|███▍      | 1796/5200 [2:05:02<2:54:25,  3.07s/it]
 35%|███▍      | 1797/5200 [2:05:05<2:52:56,  3.05s/it]
 35%|███▍      | 1798/5200 [2:05:08<2:52:18,  3.04s/it]
 35%|███▍      | 1799/5200 [2:05:11<2:54:02,  3.07s/it]
 35%|███▍      | 1800/5200 [2:05:14<2:52:59,  3.05s/it]
 35%|███▍      | 1801/5200 [2:05:17<2:52:21,  3.04s/it]
 35%|███▍      | 1802/5200 [2:05:20<2:52:16,  3.04s/it]
 35%|███▍      | 1803/5200 [2:05:24<2:53:50,  3.07s/it]
 35%|███▍      | 1804/5200 [2:05:27<2:52:21,  3.05s/it]
 35%|███▍      | 1805/5200 [2:05:30<2:52:17,  3.04s/it]
 35%|███▍      | 1806/5200 [2:05:33<2:53:53,  3.07s/it]
 35%|███▍      | 1807/5200 [2:05:36<2:52:54,  3.06s/it]
 35%|███▍      | 1808/5200 [2:05:39<2:51:39,  3.04s/it]
 35%|███▍      | 1809/5200 [2:05:42<2:51:41,  3.04s/it]
 35%|███▍      | 1810/5200 [2:05:45<2:53:01,  3.06s/it]
 35%|███▍      | 1811/5200 [2:05:48<2:52:38,  3.06s/it]
 35%|███▍          [nf-probe] train nf-RMS=3.4927e-05   val nf-RMS=4.0287e-05 [m]  (@nf=400)
    [joint-probe] combo-err n/a (theta frozen) | orth-frac 0.346 | V_orth 0.000e+00 | param_loss 0.000e+00
(0,)
It 1820, sqrt loss 0.00112, Val sim-RMS 0.01478, Time Loss: 70.4%, data: 0.3%, val: 29.3%,  4.3 sec/batch
| 1812/5200 [2:05:51<2:51:25,  3.04s/it]
 35%|███▍      | 1813/5200 [2:05:54<2:53:45,  3.08s/it]
 35%|███▍      | 1814/5200 [2:05:57<2:52:33,  3.06s/it]
 35%|███▍      | 1815/5200 [2:06:00<2:51:23,  3.04s/it]
 35%|███▍      | 1816/5200 [2:06:03<2:51:21,  3.04s/it]
 35%|███▍      | 1817/5200 [2:06:06<2:53:08,  3.07s/it]
 35%|███▍      | 1818/5200 [2:06:09<2:52:09,  3.05s/it]
 35%|███▍      | 1819/5200 [2:06:12<2:51:29,  3.04s/it]
 35%|███▌      | 1820/5200 [2:11:50<97:02:04, 103.35s/it]
 35%|███▌      | 1821/5200 [2:11:53<68:47:01, 73.28s/it] 
 35%|███▌      | 1822/5200 [2:11:56<48:58:52, 52.20s/it]
 35%|███▌      | 1823/5200 [2:11:59<35:07:30, 37.44s/it]
 35%|███▌      | 1824/5200 [2:12:02<25:28:26, 27.16s/it]
 35%|███▌      | 1825/5200 [2:12:05<18:40:24, 19.92s/it]
 35%|███▌      | 1826/5200 [2:12:08<13:54:53, 14.85s/it]
 35%|███▌      | 1827/5200 [2:12:11<10:34:33, 11.29s/it]
 35%|███▌      | 1828/5200 [2:12:14<8:17:29,  8.85s/it] 
 35%|███▌      | 1829/5200 [2:12:17<6:38:53,  7.10s/it]
 35%|███▌      | 1830/5200 [2:12:20<5:29:55,  5.87s/it]
 35%|███▌      | 1831/5200 [2:12:23<4:41:13,  5.01s/it]
 35%|███▌      | 1832/5200 [2:12:26<4:10:03,  4.45s/it]
 35%|███▌      | 1833/5200 [2:12:29<3:45:45,  4.02s/it]
 35%|███▌      | 1834/5200 [2:12:32<3:28:42,  3.72s/it]
 35%|███▌      | 1835/5200 [2:12:36<3:18:56,  3.55s/it]
 35%|███▌      | 1836/5200 [2:12:39<3:09:52,  3.39s/it]
 35%|███▌      | 1837/5200 [2:12:42<3:03:35,  3.28s/it]
 35%|███▌      | 1838/5200 [2:12:45<3:01:26,  3.24s/it]
 35%|███▌      | 1839/5200 [2:12:48<2:57:35,  3.17s/it]
 35%|███▌      | 1840/5200 [2:12:51<2:54:55,  3.12s/it]
 35%|███▌      | 1841/5200 [2:12:54<2:53:02,  3.09s/it]
 35%|███▌      | 1842/5200 [2:12:57<2:53:48,  3.11s/it]
 35%|███▌      | 1843/5200 [2:13:00<2:51:42,  3.07s/it]
 35%|███▌      | 1844/5200 [2:13:03<2:51:06,  3.06s/it]
 35%|███▌      | 1845/5200 [2:13:06<2:52:24,  3.08s/it]
 36%|███▌      | 1846/5200 [2:13:09<2:50:39,  3.05s/it]
 36%|███▌      | 1847/5200 [2:13:12<2:50:20,  3.05s/it]
 36%|███▌      | 1848/5200 [2:13:15<2:49:38,  3.04s/it]
 36%|███▌      | 1849/5200 [2:13:18<2:51:20,  3.07s/it]
 36%|███▌      | 1850/5200 [2:13:21<2:50:24,  3.05s/it]
 36%|███▌      | 1851/5200 [2:13:24<2:49:15,  3.03s/it]
 36%|███▌      | 1852/5200 [2:13:27<2:51:06,  3.07s/it]
 36%|███▌      | 1853/5200 [2:13:30<2:50:34,  3.06s/it]
 36%|███▌      | 1854/5200 [2:13:33<2:49:18,  3.04s/it]
 36%|███▌      | 1855/5200 [2:13:36<2:48:49,  3.03s/it]
 36%|███▌      | 1856/5200 [2:13:40<2:50:34,  3.06s/it]
 36%|███▌      | 1857/5200 [2:13:43<2:50:02,  3.05s/it]
 36%|███▌      | 1858/5200 [2:13:46<2:48:55,  3.03s/it]
 36%|███▌      | 1859/5200 [2:13:49<2:50:48,  3.07s/it]
 36%|███▌      | 1860/5200 [2:13:52<2:49:52,  3.05s/it]
 36%|███▌      | 1861/5200 [2:13:55<2:49:38,  3.05s/it]
 36%|███▌      | 1862/5200 [2:13:58<2:48:34,  3.03s/it]
 36%|███▌      | 1863/5200 [2:14:01<2:50:22,  3.06s/it]
 36%|███▌      | 1864/5200 [2:14:04<2:49:20,  3.05s/it]
 36%|███▌      | 1865/5200 [2:14:07<2:49:12,  3.04s/it]
 36%|███▌      | 1866/5200 [2:14:10<2:50:51,  3.07s/it]
 36%|███▌      | 1867/5200 [2:14:13<2:49:47,  3.06s/it]
 36%|███▌      | 1868/5200 [2:14:16<2:49:04,  3.04s/it]
 36%|███▌      | 1869/5200 [2:14:19<2:48:29,  3.03s/it]
 36%|███▌      | 1870/5200 [2:14:22<2:50:20,  3.07s/it]
 36%|███▌      | 1871/5200 [2:14:25<2:48:52,  3.04s/it]
 36%|███▌      | 1872/5200 [2:14:28<2:48:45,  3.04s/it]
 36%|███▌      | 1873/5200 [2:14:31<2:50:26,  3.07s/it]
 36%|███▌      | 1874/5200 [2:14:34<2:49:22,  3.06s/it]
 36%|███▌      | 1875/5200 [2:14:37<2:48:14,  3.04s/it]
 36%|███▌      | 1876/5200 [2:14:41<2:48:10,  3.04s/it]
 36%|███▌      | 1877/5200 [2:14:44<2:49:29,  3.06s/it]
 36%|███▌      | 1878/5200 [2:14:47<2:48:38,  3.05s/it]
 36%|███▌      | 1879/5200 [2:14:50<2:48:03,  3.04s/it]
 36%|███▌      | 1880/5200 [2:14:53<2:50:11,  3.08s/it]
 36%|███▌      | 1881/5200 [2:14:56<2:48:59,  3.05s/it]
 36%|███▌      | 1882/5200 [2:14:59<2:47:46,  3.03s/it]
 36%|███▌      | 1883/5200 [2:15:02<2:47:24,  3.03s/it]
 36%|███▌      | 1884/5200 [2:15:05<2:49:13,  3.06s/it]
 36%|███▋      | 1885/5200 [2:15:08<2:48:23,  3.05s/it]
 36%|███▋      | 1886/5200 [2:15:11<2:48:12,  3.05s/it]
 36%|███▋      | 1887/5200 [2:15:14<2:49:46,  3.07s/it]
 36%|███▋      | 1888/5200 [2:15:17<2:48:11,  3.05s/it]
 36%|███▋      | 1889/5200 [2:15:20<2:48:02,  3.05s/it]
 36%|███▋      | 1890/5200 [2:15:23<2:47:19,  3.03s/it]
 36%|███▋      | 1891/5200 [2:15:26<2:48:55,  3.06s/it]
 36%|███▋      | 1892/5200 [2:15:29<2:47:58,  3.05s/it]
 36%|███▋      | 1893/5200 [2:15:32<2:47:19,  3.04s/it]
 36%|███▋      | 1894/5200 [2:15:35<2:49:00,  3.07s/it]
 36%|███▋      | 1895/5200 [2:15:38<2:47:36,  3.04s/it]
 36%|███▋      | 1896/5200 [2:15:42<2:47:27,  3.04s/it]
 36%|███▋      | 1897/5200 [2:15:45<2:46:54,  3.03s/it]
 36%|███▋      | 1898/5200 [2:15:48<2:48:44,  3.07s/it]
 37%|███▋      | 1899/5200 [2:15:51<2:47:46,  3.05s/it]
 37%|███▋      | 1900/5200 [2:15:54<2:46:45,  3.03s/it]
 37%|███▋      | 1901/5200 [2:15:57<2:48:30,  3.06s/it]
 37%|███▋      | 1902/5200 [2:16:00<2:47:32,  3.05s/it]
 37%|███▋      | 1903/5200 [2:16:03<2:46:58,  3.04s/it]
 37%|███▋      | 1904/5200 [2:16:06<2:46:53,  3.04s/it]
 37%|███▋      | 1905/5200 [2:16:09<2:48:34,  3.07s/it]
 37%|███▋      | 1906/5200 [2:16:12<2:47:10,  3.05s/it]
 37%|███▋      | 1907/5200 [2:16:15<2:46:36,  3.04s/it]
 37%|███▋      | 1908/5200 [2:16:18<2:48:46,  3.08s/it]
 37%|███▋      | 1909/5200 [2:16:21<2:47:45,  3.06s/it]
 37%|███▋      | 1910/5200 [2:16:24<2:46:33,  3.04s/it]
 37%|███▋      | 1911/5200 [2:16:27<2:46:31,  3.04s/it]
 37%|███▋      | 1912/5200 [2:16:30<2:48:09,  3.07s/it]
 37%|███▋      | 1913/5200 [2:16:33<2:46:43,  3.04s/it]
 37%|███▋      | 1914/5200 [2:16:36<2:46:11,  3.03s/it]
 37%|███▋      | 1915/5200 [2:16:40<2:48:00,  3.07s/it]
 37%|███▋      | 1916/5200 [2:16:43<2:47:27,  3.06s/it]
 37%|███▋      | 1917/5200 [2:16:46<2:46:42,  3.05s/it]
 37%|███▋      | 1918/5200 [2:16:49<2:45:38,  3.03s/it]
 37%|███▋      | 1919/5200 [2:16:52<2:47:34,  3.06s/it]
 37%|███▋      | 1920/5200 [2:16:55<2:47:00,  3.06s/it]
 37%|███▋      | 1921/5200 [2:16:58<2:46:16,  3.04s/it]
 37%|███▋      | 1922/5200 [2:17:01<2:47:52,  3.07s/it]
 37%|███▋      | 1923/5200 [2:17:04<2:46:46,  3.05s/it]
 37%|███▋      | 1924/5200 [2:17:07<2:45:37,  3.03s/it]
 37%|███▋      | 1925/5200 [2:17:10<2:45:33,  3.03s/it]
 37%|███▋      | 1926/5200 [2:17:13<2:47:13,  3.06s/it]
 37%|███▋      | 1927/5200 [2:17:16<2:45:48,  3.04s/it]
 37%|███▋      | 1928/5200 [2:17:19<2:45:40,  3.04s/it]
 37%|███▋      | 1929/5200 [2:17:22<2:47:17,  3.07s/it]
 37%|███▋      | 1930/5200 [2:17:25<2:45:45,  3.04s/it]
 37%|███▋      | 1931/5200 [2:17:28<2:45:37,  3.04s/it]
 37%|███▋      | 1932/5200 [2:17:31<2:45:00,  3.03s/it]
 37%|███▋      | 1933/5200 [2:17:34<2:46:41,  3.06s/it]
 37%|███▋      | 1934/5200 [2:17:37<2:45:20,  3.04s/it]
 37%|███▋      | 1935/5200 [2:17:40<2:45:14,  3.04s/it]
 37%|███▋      | 1936/5200 [2:17:44<2:46:58,  3.07s/it]
 37%|███▋      | 1937/5200 [2:17:47<2:45:53,  3.05s/it]
 37%|███▋      | 1938/5200 [2:17:50<2:45:11,  3.04s/it]
 37%|███▋      | 1939/5200 [2:17:53<2:44:17,  3.02s/it]
 37%|███▋      | 1940/5200 [2:17:56<2:46:35,  3.07s/it]
 37%|███▋      | 1941/5200 [2:17:59<2:45:11,  3.04s/it]
 37%|███▋      | 1942/5200 [2:18:02<2:45:01,  3.04s/it]
 37%|███▋      | 1943/5200 [2:18:05<2:46:42,  3.07s/it]
 37%|███▋      | 1944/5200 [2:18:08<2:45:12,  3.04s/it]
 37%|███▋      | 1945/5200 [2:18:11<2:44:39,  3.04s/it]
 37%|███▋      | 1946/5200 [2:18:14<2:44:11,  3.03s/it]
 37%|███▋      | 1947/5200 [2:18:17<2:46:21,  3.07s/it]
 37%|███▋      | 1948/5200 [2:18:20<2:44:53,  3.04s/it]
 37%|███▋      | 1949/5200 [2:18:23<2:44:20,  3.03s/it]
 38%|███▊      | 1950/5200 [2:18:26<2:46:07,  3.07s/it]
 38%|███▊      | 1951/5200 [2:18:29<2:45:32,  3.06s/it]
 38%|███▊      | 1952/5200 [2:18:32<2:44:46,  3.04s/it]
 38%|███▊      | 1953/5200 [2:18:35<2:43:48,  3.03s/it]
 38%|███▊      | 1954/5200 [2:18:38<2:46:00,  3.07s/it]
 38%|███▊      | 1955/5200 [2:18:41<2:44:37,  3.04s/it]
 38%|███▊      | 1956/5200 [2:18:44<2:44:05,  3.04s/it]
 38%|███▊      | 1957/5200 [2:18:48<2:46:18,  3.08s/it]
 38%|███▊      | 1958/5200 [2:18:51<2:44:48,  3.05s/it]
 38%|███▊      | 1959/5200 [2:18:54<2:44:39,  3.05s/it]
 38%|███▊      | 1960/5200 [2:18:57<2:43:39,  3.03s/it]
 38%|███▊      | 1961/5200 [2:19:00<2:45:48,  3.07s/it]
 38%|███▊      | 1962/5200 [2:19:03<2:44:50,  3.05s/it]
 38%|███▊      | 1963/5200 [2:19:06<2:43:47,  3.04s/it]
 38%|███▊      | 1964/5200 [2:19:09<2:46:00,  3.08s/it]
 38%|███▊      | 1965/5200 [2:19:12<2:44:33,  3.05s/it]
 38%|███▊      | 1966/5200 [2:19:15<2:44:20,  3.05s/it]
 38%|███▊      | 1967/5200 [2:19:18<2:43:41,  3.04s/it]
 38%|███▊      | 1968/5200 [2:19:21<2:44:59,  3.06s/it]
 38%|███▊      | 1969/5200 [2:19:24<2:44:05,  3.05s/it]
 38%|███▊      | 1970/5200 [2:19:27<2:43:31,  3.04s/it]
 38%|███▊      | 1971/5200 [2:19:30<2:45:35,  3.08s/it]
 38%|███▊      | 1972/5200 [2:19:33<2:44:30,  3.06s/it]
 38%|███▊      | 1973/5200 [2:19:36<2:43:49,  3.05s/it]
 38%|███▊      | 1974/5200 [2:19:39<2:43:11,  3.04s/it]
 38%|███▊      | 1975/5200 [2:19:42<2:44:25,  3.06s/it]
 38%|███▊      | 1976/5200 [2:19:45<2:44:00,  3.05s/it]
 38%|███▊      | 1977/5200 [2:19:48<2:43:20,  3.04s/it]
 38%|███▊      | 1978/5200 [2:19:52<2:44:59,  3.07s/it]
 38%|███▊      | 1979/5200 [2:19:55<2:44:00,  3.06s/it]
 38%|███▊      | 1980/5200 [2:19:58<2:43:19,  3.04s/it]
 38%|███▊      | 1981/5200 [2:20:01<2:42:49,  3.04s/it]
 38%|███▊      | 1982/5200 [2:20:04<2:44:30,  3.07s/it]
 38%|███▊      | 1983/5200 [2:20:07<2:43:10,  3.04s/it]
 38%|███▊      | 1984/5200 [2:20:10<2:43:07,  3.04s/it]
 38%|███▊      | 1985/5200 [2:20:13<2:44:42,  3.07s/it]
 38%|███▊      | 1986/5200 [2:20:16<2:43:14,  3.05s/it]
 38%|███▊      | 1987/5200 [2:20:19<2:42:48,  3.04s/it]
 38%|███▊      | 1988/5200 [2:20:22<2:42:20,  3.03s/it]
 38%|███▊      | 1989/5200 [2:20:25<2:44:01,  3.07s/it]
 38%|███▊      | 1990/5200 [2:20:28<2:43:07,  3.05s/it]
 38%|███▊      | 1991/5200 [2:20:31<2:42:33,  3.04s/it]
 38%|███▊      | 1992/5200 [2:20:34<2:44:15,  3.07s/it]
 38%|███▊      | 1993/5200 [2:20:37<2:43:21,  3.06s/it]
 38%|███▊      | 1994/5200 [2:20:40<2:42:38,  3.04s/it]
 38%|███▊      | 1995/5200 [2:20:43<2:42:09,  3.04s/it]
 38%|███▊      | 1996/5200 [2:20:47<2:44:17,  3.08s/it]
 38%|███▊      | 1997/5200 [2:20:50<2:42:50,  3.05s/it]
 38%|███▊      | 1998/5200 [2:20:53<2:42:16,  3.04s/it]
 38%|███▊      | 1999/5200 [2:20:56<2:44:12,  3.08s/it]
 38%|███▊      | 2000/5200 [2:20:59<2:42:37,  3.05s/it]
 38%|███▊      | 2001/5200 [2:21:02<2:42:02,  3.04s/it]
 38%|███▊      | 2002/5200 [2:21:05<2:41:33,  3.03s/it]
 39%|███▊      | 2003/5200 [2:21:08<2:43:47,  3.07s/it]
 39%|███▊      | 2004/5200 [2:21:11<2:42:45,  3.06s/it]
 39%|███▊      | 2005/5200 [2:21:14<2:42:02,  3.04s/it]
 39%|███▊      | 2006/5200 [2:21:17<2:43:37,  3.07s/it]
 39%|███▊      | 2007/5200 [2:21:20<2:42:11,  3.05s/it]
 39%|███▊      | 2008/5200 [2:21:23<2:41:33,  3.04s/it]
 39%|███▊      | 2009/5200 [2:21:26<2:41:03,  3.03s/it]
 39%|███▊      | 2010/5200 [2:21:29<2:43:11,  3.07s/it]
 39%|███▊      | 2011/5200 [2:21:32<2:41:50,  3.05s/it]
 39%|███▊      | 2012/5200 [2:21:35<2:41:45,  3.04s/it]
 39%|███▊      | 2013/5200 [2:21:38<2:42:54,  3.07s/it]
 39%|███▊      | 2014/5200 [2:21:41<2:42:23,  3.06s/it]
 39%|███▉      | 2015/5200 [2:21:44<2:41:39,  3.05s/it]
 39%|███▉      | 2016/5200 [2:21:47<2:41:03,  3.04s/it]
 39%|███▉      | 2017/5200 [2:21:51<2:42:43,  3.07s/it]
 39%|███▉      | 2018/5200 [2:21:54<2:41:45,  3.05s/it]
 39%|███▉      | 2019/5200 [2:21:57<2:41:05,  3.04s/it]
 39%|███▉      | 2020/5200 [2:22:00<2:42:42,  3.07s/it]
 39%|███▉      | 2021/5200 [2:22:03<2:41:41,  3.05s/it]
 39%|███▉      | 2022/5200 [2:22:06<2:40:38,  3.03s/it]
 39%|███▉      | 2023/5200 [2:22:09<2:40:17,  3.03s/it]
 39%|███▉      | 2024/5200 [2:22:12<2:42:01,  3.06s/it]
 39%|███▉      | 2025/5200 [2:22:15<2:41:08,  3.05s/it]
 39%|███▉      | 2026/5200 [2:22:18<2:40:32,  3.03s/it]
 39%|███▉      | 2027/5200 [2:22:21<2:42:39,  3.08s/it]
 39%|███▉      | 2028/5200 [2:22:24<2:41:32,  3.06s/it]
 39%|███▉      | 2029/5200 [2:22:27<2:40:26,  3.04s/it]
 39%|███▉      | 2030/5200 [2:22:30<2:40:01,  3.03s/it]
 39%|███▉      | 2031/5200 [2:22:33<2:42:09,  3.07s/it]
 39%|███▉      | 2032/5200 [2:22:36<2:40:45,  3.04s/it]
 39%|███▉      | 2033/5200 [2:22:39<2:40:15,  3.04s/it]
 39%|███▉      | 2034/5200 [2:22:42<2:41:57,  3.07s/it]
 39%|███▉      | 2035/5200 [2:22:45<2:41:22,  3.06s/it]
 39%|███▉      | 2036/5200 [2:22:48<2:40:16,  3.04s/it]
 39%|███▉      | 2037/5200 [2:22:51<2:39:46,  3.03s/it]
 39%|███▉      | 2038/5200 [2:22:55<2:41:27,  3.06s/it]
 39%|███▉      | 2039/5200 [2:22:58<2:41:00,  3.06s/it]
 39%|███▉      | 2040/5200 [2:23:01<2:39:55,  3.04s/it]
 39%|███▉      | 2041/5200 [2:23:04<2:41:59,  3.08s/it]
 39%|███▉      | 2042/5200 [2:23:07<2:40:53,  3.06s/it]
 39%|███▉      | 2043/5200 [2:23:10<2:39:41,  3.03s/it]
 39%|███▉      | 2044/5200 [2:23:13<2:39:37,  3.03s/it]
 39%|███▉      | 2045/5200 [2:23:16<2:41:14,  3.07s/it]
 39%|███▉      | 2046/5200 [2:23:19<2:39:55,  3.04s/it]
 39%|███▉      | 2047/5200 [2:23:22<2:39:49,  3.04s/it]
 39%|███▉      | 2048/5200 [2:23:25<2:41:25,  3.07s/it]
 39%|███▉      | 2049/5200 [2:23:28<2:39:59,  3.05s/it]
 39%|███▉      | 2050/5200 [2:23:31<2:39:47,  3.04s/it]
 39%|███▉      | 2051/5200 [2:23:34<2:39:07,  3.03s/it]
 39%|███▉      | 2052/5200 [2:23:37<2:40:20,  3.06s/it]
 39%|███▉      | 2053/5200 [2:23:40<2:39:59,  3.05s/it]
 40%|███▉      | 2054/5200 [2:23:43<2:39:24,  3.04s/it]
 40%|███▉      | 2055/5200 [2:23:46<2:40:41,  3.07s/it]
 40%|███▉      | 2056/5200 [2:23:50<2:39:47,  3.05s/it]
 40%|███▉      | 2057/5200 [2:23:53<2:39:32,  3.05s/it]
 40%|███▉      | 2058/5200 [2:23:56<2:38:33,  3.03s/it]
 40%|███▉      | 2059/5200 [2:23:59<2:40:15,  3.06s/it]
 40%|███▉      | 2060/5200 [2:24:02<2:39:49,  3.05s/it]
 40%|███▉      | 2061/5200 [2:24:05<2:39:10,  3.04s/it]
 40%|███▉      | 2062/5200 [2:24:08<2:40:44,  3.07s/it]
 40%|███▉      | 2063/5200 [2:24:11<2:39:16,  3.05s/it]
 40%|███▉      | 2064/5200 [2:24:14<2:38:44,  3.04s/it]
 40%|███▉      | 2065/5200 [2:24:17<2:38:40,  3.04s/it]
 40%|███▉      | 2066/5200 [2:24:20<2:40:13,  3.07s/it]
 40%|███▉      | 2067/5200 [2:24:23<2:38:56,  3.04s/it]
 40%|██�    [nf-probe] train nf-RMS=3.5167e-05   val nf-RMS=4.0111e-05 [m]  (@nf=400)
    [joint-probe] combo-err n/a (theta frozen) | orth-frac 0.357 | V_orth 0.000e+00 | param_loss 0.000e+00
(0,)
It 2080, sqrt loss 0.001114, Val sim-RMS 0.01492, Time Loss: 70.3%, data: 0.3%, val: 29.3%,  4.3 sec/batch
��▉      | 2068/5200 [2:24:26<2:38:18,  3.03s/it]
 40%|███▉      | 2069/5200 [2:24:29<2:40:23,  3.07s/it]
 40%|███▉      | 2070/5200 [2:24:32<2:38:55,  3.05s/it]
 40%|███▉      | 2071/5200 [2:24:35<2:38:46,  3.04s/it]
 40%|███▉      | 2072/5200 [2:24:38<2:38:11,  3.03s/it]
 40%|███▉      | 2073/5200 [2:24:41<2:39:23,  3.06s/it]
 40%|███▉      | 2074/5200 [2:24:44<2:38:33,  3.04s/it]
 40%|███▉      | 2075/5200 [2:24:47<2:38:03,  3.03s/it]
 40%|███▉      | 2076/5200 [2:24:51<2:40:08,  3.08s/it]
 40%|███▉      | 2077/5200 [2:24:54<2:38:38,  3.05s/it]
 40%|███▉      | 2078/5200 [2:24:57<2:38:04,  3.04s/it]
 40%|███▉      | 2079/5200 [2:25:00<2:37:35,  3.03s/it]
 40%|████      | 2080/5200 [2:30:36<89:13:36, 102.95s/it]
 40%|████      | 2081/5200 [2:30:39<63:14:54, 73.00s/it] 
 40%|████      | 2082/5200 [2:30:42<45:02:54, 52.01s/it]
 40%|████      | 2083/5200 [2:30:45<32:18:19, 37.31s/it]
 40%|████      | 2084/5200 [2:30:48<23:23:20, 27.02s/it]
 40%|████      | 2085/5200 [2:30:51<17:10:36, 19.85s/it]
 40%|████      | 2086/5200 [2:30:54<12:48:32, 14.81s/it]
 40%|████      | 2087/5200 [2:30:57<9:44:21, 11.26s/it] 
 40%|████      | 2088/5200 [2:31:00<7:38:19,  8.84s/it]
 40%|████      | 2089/5200 [2:31:03<6:07:15,  7.08s/it]
 40%|████      | 2090/5200 [2:31:06<5:04:13,  5.87s/it]
 40%|████      | 2091/5200 [2:31:09<4:19:45,  5.01s/it]
 40%|████      | 2092/5200 [2:31:12<3:50:37,  4.45s/it]
 40%|████      | 2093/5200 [2:31:15<3:27:46,  4.01s/it]
 40%|████      | 2094/5200 [2:31:18<3:12:13,  3.71s/it]
 40%|████      | 2095/5200 [2:31:21<3:01:23,  3.51s/it]
 40%|████      | 2096/5200 [2:31:25<2:55:59,  3.40s/it]
 40%|████      | 2097/5200 [2:31:28<2:49:55,  3.29s/it]
 40%|████      | 2098/5200 [2:31:31<2:45:32,  3.20s/it]
 40%|████      | 2099/5200 [2:31:34<2:44:06,  3.18s/it]
 40%|████      | 2100/5200 [2:31:37<2:41:37,  3.13s/it]
 40%|████      | 2101/5200 [2:31:40<2:40:04,  3.10s/it]
 40%|████      | 2102/5200 [2:31:43<2:38:20,  3.07s/it]
 40%|████      | 2103/5200 [2:31:46<2:39:25,  3.09s/it]
 40%|████      | 2104/5200 [2:31:49<2:38:09,  3.07s/it]
 40%|████      | 2105/5200 [2:31:52<2:37:44,  3.06s/it]
 40%|████      | 2106/5200 [2:31:55<2:38:35,  3.08s/it]
 41%|████      | 2107/5200 [2:31:58<2:37:59,  3.06s/it]
 41%|████      | 2108/5200 [2:32:01<2:37:08,  3.05s/it]
 41%|████      | 2109/5200 [2:32:04<2:36:28,  3.04s/it]
 41%|████      | 2110/5200 [2:32:07<2:37:57,  3.07s/it]
 41%|████      | 2111/5200 [2:32:10<2:36:34,  3.04s/it]
 41%|████      | 2112/5200 [2:32:13<2:36:26,  3.04s/it]
 41%|████      | 2113/5200 [2:32:16<2:37:55,  3.07s/it]
 41%|████      | 2114/5200 [2:32:19<2:36:33,  3.04s/it]
 41%|████      | 2115/5200 [2:32:22<2:36:25,  3.04s/it]
 41%|████      | 2116/5200 [2:32:25<2:35:34,  3.03s/it]
 41%|████      | 2117/5200 [2:32:29<2:37:13,  3.06s/it]
 41%|████      | 2118/5200 [2:32:32<2:36:50,  3.05s/it]
 41%|████      | 2119/5200 [2:32:35<2:36:11,  3.04s/it]
 41%|████      | 2120/5200 [2:32:38<2:37:16,  3.06s/it]
 41%|████      | 2121/5200 [2:32:41<2:36:26,  3.05s/it]
 41%|████      | 2122/5200 [2:32:44<2:35:47,  3.04s/it]
 41%|████      | 2123/5200 [2:32:47<2:35:47,  3.04s/it]
 41%|████      | 2124/5200 [2:32:50<2:36:58,  3.06s/it]
 41%|████      | 2125/5200 [2:32:53<2:36:09,  3.05s/it]
 41%|████      | 2126/5200 [2:32:56<2:35:42,  3.04s/it]
 41%|████      | 2127/5200 [2:32:59<2:37:15,  3.07s/it]
 41%|████      | 2128/5200 [2:33:02<2:36:20,  3.05s/it]
 41%|████      | 2129/5200 [2:33:05<2:35:39,  3.04s/it]
 41%|████      | 2130/5200 [2:33:08<2:35:12,  3.03s/it]
 41%|████      | 2131/5200 [2:33:11<2:37:13,  3.07s/it]
 41%|████      | 2132/5200 [2:33:14<2:36:17,  3.06s/it]
 41%|████      | 2133/5200 [2:33:17<2:35:12,  3.04s/it]
 41%|████      | 2134/5200 [2:33:20<2:37:10,  3.08s/it]
 41%|████      | 2135/5200 [2:33:23<2:36:12,  3.06s/it]
 41%|████      | 2136/5200 [2:33:26<2:35:26,  3.04s/it]
 41%|████      | 2137/5200 [2:33:29<2:34:56,  3.03s/it]
 41%|████      | 2138/5200 [2:33:33<2:36:05,  3.06s/it]
 41%|████      | 2139/5200 [2:33:36<2:35:45,  3.05s/it]
 41%|████      | 2140/5200 [2:33:39<2:34:42,  3.03s/it]
 41%|████      | 2141/5200 [2:33:42<2:36:44,  3.07s/it]
 41%|████      | 2142/5200 [2:33:45<2:35:31,  3.05s/it]
 41%|████      | 2143/5200 [2:33:48<2:34:52,  3.04s/it]
 41%|████      | 2144/5200 [2:33:51<2:34:52,  3.04s/it]
 41%|████▏     | 2145/5200 [2:33:54<2:35:55,  3.06s/it]
 41%|████▏     | 2146/5200 [2:33:57<2:35:07,  3.05s/it]
 41%|████▏     | 2147/5200 [2:34:00<2:34:57,  3.05s/it]
 41%|████▏     | 2148/5200 [2:34:03<2:36:19,  3.07s/it]
 41%|████▏     | 2149/5200 [2:34:06<2:34:56,  3.05s/it]
 41%|████▏     | 2150/5200 [2:34:09<2:34:41,  3.04s/it]
 41%|████▏     | 2151/5200 [2:34:12<2:33:52,  3.03s/it]
 41%|████▏     | 2152/5200 [2:34:15<2:35:57,  3.07s/it]
 41%|████▏     | 2153/5200 [2:34:18<2:34:59,  3.05s/it]
 41%|████▏     | 2154/5200 [2:34:21<2:34:01,  3.03s/it]
 41%|████▏     | 2155/5200 [2:34:24<2:36:00,  3.07s/it]
 41%|████▏     | 2156/5200 [2:34:28<2:35:02,  3.06s/it]
 41%|████▏     | 2157/5200 [2:34:31<2:34:13,  3.04s/it]
 42%|████▏     | 2158/5200 [2:34:34<2:33:40,  3.03s/it]
 42%|████▏     | 2159/5200 [2:34:37<2:35:13,  3.06s/it]
 42%|████▏     | 2160/5200 [2:34:40<2:34:17,  3.05s/it]
 42%|████▏     | 2161/5200 [2:34:43<2:33:22,  3.03s/it]
 42%|████▏     | 2162/5200 [2:34:46<2:34:58,  3.06s/it]
 42%|████▏     | 2163/5200 [2:34:49<2:34:08,  3.05s/it]
 42%|████▏     | 2164/5200 [2:34:52<2:33:56,  3.04s/it]
 42%|████▏     | 2165/5200 [2:34:55<2:33:05,  3.03s/it]
 42%|████▏     | 2166/5200 [2:34:58<2:34:51,  3.06s/it]
 42%|████▏     | 2167/5200 [2:35:01<2:34:26,  3.06s/it]
 42%|████▏     | 2168/5200 [2:35:04<2:33:43,  3.04s/it]
 42%|████▏     | 2169/5200 [2:35:07<2:34:48,  3.06s/it]
 42%|████▏     | 2170/5200 [2:35:10<2:33:54,  3.05s/it]
 42%|████▏     | 2171/5200 [2:35:13<2:33:41,  3.04s/it]
 42%|████▏     | 2172/5200 [2:35:16<2:32:46,  3.03s/it]
 42%|████▏     | 2173/5200 [2:35:19<2:34:21,  3.06s/it]
 42%|████▏     | 2174/5200 [2:35:22<2:33:32,  3.04s/it]
 42%|████▏     | 2175/5200 [2:35:25<2:33:23,  3.04s/it]
 42%|████▏     | 2176/5200 [2:35:28<2:34:46,  3.07s/it]
 42%|████▏     | 2177/5200 [2:35:32<2:33:50,  3.05s/it]
 42%|████▏     | 2178/5200 [2:35:34<2:32:40,  3.03s/it]
 42%|████▏     | 2179/5200 [2:35:38<2:32:41,  3.03s/it]
 42%|████▏     | 2180/5200 [2:35:41<2:34:12,  3.06s/it]
 42%|████▏     | 2181/5200 [2:35:44<2:32:55,  3.04s/it]
 42%|████▏     | 2182/5200 [2:35:47<2:32:51,  3.04s/it]
 42%|████▏     | 2183/5200 [2:35:50<2:34:20,  3.07s/it]
 42%|████▏     | 2184/5200 [2:35:53<2:33:03,  3.04s/it]
 42%|████▏     | 2185/5200 [2:35:56<2:32:32,  3.04s/it]
 42%|████▏     | 2186/5200 [2:35:59<2:32:29,  3.04s/it]
 42%|████▏     | 2187/5200 [2:36:02<2:34:02,  3.07s/it]
 42%|████▏     | 2188/5200 [2:36:05<2:32:41,  3.04s/it]
 42%|████▏     | 2189/5200 [2:36:08<2:32:16,  3.03s/it]
 42%|████▏     | 2190/5200 [2:36:11<2:34:10,  3.07s/it]
 42%|████▏     | 2191/5200 [2:36:14<2:33:13,  3.06s/it]
 42%|████▏     | 2192/5200 [2:36:17<2:32:08,  3.03s/it]
 42%|████▏     | 2193/5200 [2:36:20<2:31:46,  3.03s/it]
 42%|████▏     | 2194/5200 [2:36:23<2:33:45,  3.07s/it]
 42%|████▏     | 2195/5200 [2:36:26<2:32:45,  3.05s/it]
 42%|████▏     | 2196/5200 [2:36:29<2:31:43,  3.03s/it]
 42%|████▏     | 2197/5200 [2:36:32<2:33:19,  3.06s/it]
 42%|████▏     | 2198/5200 [2:36:35<2:32:29,  3.05s/it]
 42%|████▏     | 2199/5200 [2:36:39<2:32:17,  3.04s/it]
 42%|████▏     | 2200/5200 [2:36:42<2:31:24,  3.03s/it]
 42%|████▏     | 2201/5200 [2:36:45<2:33:22,  3.07s/it]
 42%|████▏     | 2202/5200 [2:36:48<2:32:23,  3.05s/it]
 42%|████▏     | 2203/5200 [2:36:51<2:31:47,  3.04s/it]
 42%|████▏     | 2204/5200 [2:36:54<2:33:12,  3.07s/it]
 42%|████▏     | 2205/5200 [2:36:57<2:31:54,  3.04s/it]
 42%|████▏     | 2206/5200 [2:37:00<2:31:42,  3.04s/it]
 42%|████▏     | 2207/5200 [2:37:03<2:31:12,  3.03s/it]
 42%|████▏     | 2208/5200 [2:37:06<2:32:48,  3.06s/it]
 42%|████▏     | 2209/5200 [2:37:09<2:31:56,  3.05s/it]
 42%|████▎     | 2210/5200 [2:37:12<2:31:01,  3.03s/it]
 43%|████▎     | 2211/5200 [2:37:15<2:33:01,  3.07s/it]
 43%|████▎     | 2212/5200 [2:37:18<2:32:13,  3.06s/it]
 43%|████▎     | 2213/5200 [2:37:21<2:31:08,  3.04s/it]
 43%|████▎     | 2214/5200 [2:37:24<2:30:47,  3.03s/it]
 43%|████▎     | 2215/5200 [2:37:27<2:32:48,  3.07s/it]
 43%|████▎     | 2216/5200 [2:37:30<2:31:52,  3.05s/it]
 43%|████▎     | 2217/5200 [2:37:33<2:31:17,  3.04s/it]
 43%|████▎     | 2218/5200 [2:37:37<2:32:41,  3.07s/it]
 43%|████▎     | 2219/5200 [2:37:40<2:31:24,  3.05s/it]
 43%|████▎     | 2220/5200 [2:37:43<2:31:09,  3.04s/it]
 43%|████▎     | 2221/5200 [2:37:46<2:30:38,  3.03s/it]
 43%|████▎     | 2222/5200 [2:37:49<2:32:06,  3.06s/it]
 43%|████▎     | 2223/5200 [2:37:52<2:31:17,  3.05s/it]
 43%|████▎     | 2224/5200 [2:37:55<2:30:42,  3.04s/it]
 43%|████▎     | 2225/5200 [2:37:58<2:31:51,  3.06s/it]
 43%|████▎     | 2226/5200 [2:38:01<2:31:06,  3.05s/it]
 43%|████▎     | 2227/5200 [2:38:04<2:30:29,  3.04s/it]
 43%|████▎     | 2228/5200 [2:38:07<2:30:29,  3.04s/it]
 43%|████▎     | 2229/5200 [2:38:10<2:31:34,  3.06s/it]
 43%|████▎     | 2230/5200 [2:38:13<2:30:45,  3.05s/it]
 43%|████▎     | 2231/5200 [2:38:16<2:30:35,  3.04s/it]
 43%|████▎     | 2232/5200 [2:38:19<2:31:34,  3.06s/it]
 43%|████▎     | 2233/5200 [2:38:22<2:30:49,  3.05s/it]
 43%|████▎     | 2234/5200 [2:38:25<2:30:35,  3.05s/it]
 43%|████▎     | 2235/5200 [2:38:28<2:29:41,  3.03s/it]
 43%|████▎     | 2236/5200 [2:38:31<2:31:43,  3.07s/it]
 43%|████▎     | 2237/5200 [2:38:34<2:30:48,  3.05s/it]
 43%|████▎     | 2238/5200 [2:38:37<2:30:11,  3.04s/it]
 43%|████▎     | 2239/5200 [2:38:41<2:31:31,  3.07s/it]
 43%|████▎     | 2240/5200 [2:38:44<2:30:15,  3.05s/it]
 43%|████▎     | 2241/5200 [2:38:47<2:30:03,  3.04s/it]
 43%|████▎     | 2242/5200 [2:38:50<2:29:33,  3.03s/it]
 43%|████▎     | 2243/5200 [2:38:53<2:30:45,  3.06s/it]
 43%|████▎     | 2244/5200 [2:38:56<2:30:24,  3.05s/it]
 43%|████▎     | 2245/5200 [2:38:59<2:29:49,  3.04s/it]
 43%|████▎     | 2246/5200 [2:39:02<2:31:14,  3.07s/it]
 43%|████▎     | 2247/5200 [2:39:05<2:30:22,  3.06s/it]
 43%|████▎     | 2248/5200 [2:39:08<2:29:38,  3.04s/it]
 43%|████▎     | 2249/5200 [2:39:11<2:28:48,  3.03s/it]
 43%|████▎     | 2250/5200 [2:39:14<2:30:52,  3.07s/it]
 43%|████▎     | 2251/5200 [2:39:17<2:29:35,  3.04s/it]
 43%|████▎     | 2252/5200 [2:39:20<2:29:29,  3.04s/it]
 43%|████▎     | 2253/5200 [2:39:23<2:30:32,  3.06s/it]
 43%|████▎     | 2254/5200 [2:39:26<2:30:07,  3.06s/it]
 43%|████▎     | 2255/5200 [2:39:29<2:29:01,  3.04s/it]
 43%|████▎     | 2256/5200 [2:39:32<2:28:40,  3.03s/it]
 43%|████▎     | 2257/5200 [2:39:35<2:30:36,  3.07s/it]
 43%|████▎     | 2258/5200 [2:39:38<2:29:36,  3.05s/it]
 43%|████▎     | 2259/5200 [2:39:41<2:28:39,  3.03s/it]
 43%|████▎     | 2260/5200 [2:39:45<2:30:12,  3.07s/it]
 43%|████▎     | 2261/5200 [2:39:48<2:29:21,  3.05s/it]
 44%|████▎     | 2262/5200 [2:39:51<2:28:43,  3.04s/it]
 44%|████▎     | 2263/5200 [2:39:54<2:28:20,  3.03s/it]
 44%|████▎     | 2264/5200 [2:39:57<2:30:20,  3.07s/it]
 44%|████▎     | 2265/5200 [2:40:00<2:29:24,  3.05s/it]
 44%|████▎     | 2266/5200 [2:40:03<2:28:49,  3.04s/it]
 44%|████▎     | 2267/5200 [2:40:06<2:29:50,  3.07s/it]
 44%|████▎     | 2268/5200 [2:40:09<2:29:24,  3.06s/it]
 44%|████▎     | 2269/5200 [2:40:12<2:28:16,  3.04s/it]
 44%|████▎     | 2270/5200 [2:40:15<2:27:54,  3.03s/it]
 44%|████▎     | 2271/5200 [2:40:18<2:29:34,  3.06s/it]
 44%|████▎     | 2272/5200 [2:40:21<2:29:09,  3.06s/it]
 44%|████▎     | 2273/5200 [2:40:24<2:28:32,  3.05s/it]
 44%|████▎     | 2274/5200 [2:40:27<2:29:55,  3.07s/it]
 44%|████▍     | 2275/5200 [2:40:30<2:28:33,  3.05s/it]
 44%|████▍     | 2276/5200 [2:40:33<2:27:56,  3.04s/it]
 44%|████▍     | 2277/5200 [2:40:36<2:27:59,  3.04s/it]
 44%|████▍     | 2278/5200 [2:40:39<2:29:28,  3.07s/it]
 44%|████▍     | 2279/5200 [2:40:43<2:28:36,  3.05s/it]
 44%|████▍     | 2280/5200 [2:40:46<2:27:59,  3.04s/it]
 44%|████▍     | 2281/5200 [2:40:49<2:29:26,  3.07s/it]
 44%|████▍     | 2282/5200 [2:40:52<2:28:35,  3.06s/it]
 44%|████▍     | 2283/5200 [2:40:55<2:27:57,  3.04s/it]
 44%|████▍     | 2284/5200 [2:40:58<2:27:13,  3.03s/it]
 44%|████▍     | 2285/5200 [2:41:01<2:28:48,  3.06s/it]
 44%|████▍     | 2286/5200 [2:41:04<2:28:02,  3.05s/it]
 44%|████▍     | 2287/5200 [2:41:07<2:27:51,  3.05s/it]
 44%|████▍     | 2288/5200 [2:41:10<2:28:48,  3.07s/it]
 44%|████▍     | 2289/5200 [2:41:13<2:28:03,  3.05s/it]
 44%|████▍     | 2290/5200 [2:41:16<2:27:24,  3.04s/it]
 44%|████▍     | 2291/5200 [2:41:19<2:27:23,  3.04s/it]
 44%|████▍     | 2292/5200 [2:41:22<2:28:54,  3.07s/it]
 44%|████▍     | 2293/5200 [2:41:25<2:28:04,  3.06s/it]
 44%|████▍     | 2294/5200 [2:41:28<2:27:05,  3.04s/it]
 44%|████▍     | 2295/5200 [2:41:31<2:28:58,  3.08s/it]
 44%|████▍     | 2296/5200 [2:41:34<2:28:01,  3.06s/it]
 44%|████▍     | 2297/5200 [2:41:37<2:27:21,  3.05s/it]
 44%|████▍     | 2298/5200 [2:41:40<2:26:29,  3.03s/it]
 44%|████▍     | 2299/5200 [2:41:44<2:28:25,  3.07s/it]
 44%|████▍     | 2300/5200 [2:41:47<2:27:28,  3.05s/it]
 44%|████▍     | 2301/5200 [2:41:50<2:26:52,  3.04s/it]
 44%|████▍     | 2302/5200 [2:41:53<2:27:57,  3.06s/it]
 44%|████▍     | 2303/5200 [2:41:56<2:27:37,  3.06s/it]
 44%|████▍     | 2304/5200 [2:41:59<2:26:37,  3.04s/it]
 44%|████▍     | 2305/5200 [2:42:02<2:26:18,  3.03s/it]
 44%|████▍     | 2306/5200 [2:42:05<2:27:49,  3.06s/it]
 44%|████▍     | 2307/5200 [2:42:08<2:27:24,  3.06s/it]
 44%|████▍     | 2308/5200 [2:42:11<2:26:22,  3.04s/it]
 44%|████▍     | 2309/5200 [2:42:14<2:28:08,  3.07s/it]
 44%|████▍     | 2310/5200 [2:42:17<2:26:53,  3.05s/it]
 44%|████▍     | 2311/5200 [2:42:20<2:26:18,  3.04s/it]
 44%|████▍     | 2312/5200 [2:42:23<2:25:53,  3.03s/it]
 44%|████▍     | 2313/5200 [2:42:26<2:27:48,  3.07s/it]
 44%|████▍     | 2314/5200 [2:42:29<2:26:50,  3.05s/it]
 45%|████▍     | 2315/5200 [2:42:32<2:26:12,  3.04s/it]
 45%|████▍     | 2316/5200 [2:42:35<2:27:16,  3.06s/it]
 45%|████▍     | 2317/5200 [2:42:38<2:26:32,  3.05s/it]
 45%|████▍     | 2318/5200 [2:42:41<2:25:59,  3.04s/it]
 45%|████▍     | 2319/5200 [2:42:45<2:25:59,  3.04s/it]
 45%|████▍     | 2320/5200 [2:42:48<2:27:27,  3.07s/it]
 45%|████▍     | 2321/5200 [2:42:51<2:26:33,  3.05s/it]
 45%|████▍     | 2322/5200 [2:42:54<2:25:34,  3.03s/it]
 45%|████▍     | 2323/5200 [2:42:57<2:27:05,  3.07s/it]
 45%|████▍     | 2324/5200 [2:43:00<2:26:42,  3.06s/it]
 45%|████▍     | 2325/5200 [2:43:03<2:25:53,  3.04s/it]
 45%|████▍     | 2326/5200 [2:43:06<2:25:03,  3.03s/it]
 45%|████▍     | 2327/5200 [2:43:09<2:27:00,  3.07s/it]
 45%|████▍     | 2328/5200 [2:43:12<2:25:42,  3.04s/it]
 45%|████▍     | 2329/5200 [2:43:15<2:25:35,  3.04s/it]
 45%|████▍     | 2330/5200 [2:43:18<2:26:36,  3.06s/it]
 45%|████▍     | 2331/5200 [2:43:21<2:26:14,  3.06s/it]
 45%|████▍     | 2332/5200 [2:43:24<2:25:06,  3.04s/it]
 45%|████▍     | 2333/5200 [2:43:27<2:24:48,  3.03s/it]
 45%|█    [nf-probe] train nf-RMS=3.4908e-05   val nf-RMS=3.9894e-05 [m]  (@nf=400)
    [joint-probe] combo-err n/a (theta frozen) | orth-frac 0.369 | V_orth 0.000e+00 | param_loss 0.000e+00
(0,)
It 2340, sqrt loss 0.001107, Val sim-RMS 0.01315, Time Loss: 70.3%, data: 0.3%, val: 29.4%,  4.3 sec/batch
███▍     | 2334/5200 [2:43:30<2:26:41,  3.07s/it]
 45%|████▍     | 2335/5200 [2:43:33<2:25:50,  3.05s/it]
 45%|████▍     | 2336/5200 [2:43:36<2:25:13,  3.04s/it]
 45%|████▍     | 2337/5200 [2:43:40<2:26:40,  3.07s/it]
 45%|████▍     | 2338/5200 [2:43:43<2:25:46,  3.06s/it]
 45%|████▍     | 2339/5200 [2:43:46<2:25:04,  3.04s/it]
 45%|████▌     | 2340/5200 [2:49:22<81:52:49, 103.07s/it]
 45%|████▌     | 2341/5200 [2:49:25<58:02:35, 73.09s/it] 
 45%|████▌     | 2342/5200 [2:49:28<41:19:38, 52.06s/it]
 45%|████▌     | 2343/5200 [2:49:31<29:38:28, 37.35s/it]
 45%|████▌     | 2344/5200 [2:49:34<21:29:24, 27.09s/it]
 45%|████▌     | 2345/5200 [2:49:37<15:45:09, 19.86s/it]
 45%|████▌     | 2346/5200 [2:49:40<11:44:19, 14.81s/it]
 45%|████▌     | 2347/5200 [2:49:43<8:55:21, 11.26s/it] 
 45%|████▌     | 2348/5200 [2:49:46<6:59:40,  8.83s/it]
 45%|████▌     | 2349/5200 [2:49:49<5:36:33,  7.08s/it]
 45%|████▌     | 2350/5200 [2:49:52<4:38:21,  5.86s/it]
 45%|████▌     | 2351/5200 [2:49:56<3:59:12,  5.04s/it]
 45%|████▌     | 2352/5200 [2:49:59<3:30:12,  4.43s/it]
 45%|████▌     | 2353/5200 [2:50:02<3:10:22,  4.01s/it]
 45%|████▌     | 2354/5200 [2:50:05<2:56:00,  3.71s/it]
 45%|████▌     | 2355/5200 [2:50:08<2:47:26,  3.53s/it]
 45%|████▌     | 2356/5200 [2:50:11<2:39:56,  3.37s/it]
 45%|████▌     | 2357/5200 [2:50:14<2:34:38,  3.26s/it]
 45%|████▌     | 2358/5200 [2:50:17<2:30:59,  3.19s/it]
 45%|████▌     | 2359/5200 [2:50:20<2:30:10,  3.17s/it]
 45%|████▌     | 2360/5200 [2:50:23<2:28:13,  3.13s/it]
 45%|████▌     | 2361/5200 [2:50:26<2:26:09,  3.09s/it]
 45%|████▌     | 2362/5200 [2:50:29<2:27:08,  3.11s/it]
 45%|████▌     | 2363/5200 [2:50:32<2:25:40,  3.08s/it]
 45%|████▌     | 2364/5200 [2:50:35<2:24:33,  3.06s/it]
 45%|████▌     | 2365/5200 [2:50:38<2:23:49,  3.04s/it]
 46%|████▌     | 2366/5200 [2:50:41<2:24:45,  3.06s/it]
 46%|████▌     | 2367/5200 [2:50:44<2:23:58,  3.05s/it]
 46%|████▌     | 2368/5200 [2:50:47<2:23:46,  3.05s/it]
 46%|████▌     | 2369/5200 [2:50:50<2:24:42,  3.07s/it]
 46%|████▌     | 2370/5200 [2:50:53<2:24:17,  3.06s/it]
 46%|████▌     | 2371/5200 [2:50:56<2:23:32,  3.04s/it]
 46%|████▌     | 2372/5200 [2:50:59<2:22:41,  3.03s/it]
 46%|████▌     | 2373/5200 [2:51:03<2:24:32,  3.07s/it]
 46%|████▌     | 2374/5200 [2:51:06<2:23:20,  3.04s/it]
 46%|████▌     | 2375/5200 [2:51:09<2:23:13,  3.04s/it]
 46%|████▌     | 2376/5200 [2:51:12<2:24:11,  3.06s/it]
 46%|████▌     | 2377/5200 [2:51:15<2:23:28,  3.05s/it]
 46%|████▌     | 2378/5200 [2:51:18<2:22:52,  3.04s/it]
 46%|████▌     | 2379/5200 [2:51:21<2:22:46,  3.04s/it]
 46%|████▌     | 2380/5200 [2:51:24<2:24:05,  3.07s/it]
 46%|████▌     | 2381/5200 [2:51:27<2:23:16,  3.05s/it]
 46%|████▌     | 2382/5200 [2:51:30<2:22:41,  3.04s/it]
 46%|████▌     | 2383/5200 [2:51:33<2:23:43,  3.06s/it]
 46%|████▌     | 2384/5200 [2:51:36<2:23:19,  3.05s/it]
 46%|████▌     | 2385/5200 [2:51:39<2:22:19,  3.03s/it]
 46%|████▌     | 2386/5200 [2:51:42<2:22:00,  3.03s/it]
 46%|████▌     | 2387/5200 [2:51:45<2:23:50,  3.07s/it]
 46%|████▌     | 2388/5200 [2:51:48<2:22:42,  3.04s/it]
 46%|████▌     | 2389/5200 [2:51:51<2:22:18,  3.04s/it]
 46%|████▌     | 2390/5200 [2:51:54<2:24:00,  3.07s/it]
 46%|████▌     | 2391/5200 [2:51:57<2:22:40,  3.05s/it]
 46%|████▌     | 2392/5200 [2:52:00<2:22:22,  3.04s/it]
 46%|████▌     | 2393/5200 [2:52:03<2:21:34,  3.03s/it]
 46%|████▌     | 2394/5200 [2:52:07<2:23:05,  3.06s/it]
 46%|████▌     | 2395/5200 [2:52:10<2:22:43,  3.05s/it]
 46%|████▌     | 2396/5200 [2:52:13<2:21:43,  3.03s/it]
 46%|████▌     | 2397/5200 [2:52:16<2:23:11,  3.07s/it]
 46%|████▌     | 2398/5200 [2:52:19<2:22:45,  3.06s/it]
 46%|████▌     | 2399/5200 [2:52:22<2:21:41,  3.04s/it]
 46%|████▌     | 2400/5200 [2:52:25<2:21:20,  3.03s/it]
 46%|████▌     | 2401/5200 [2:52:28<2:22:51,  3.06s/it]
 46%|████▌     | 2402/5200 [2:52:31<2:22:06,  3.05s/it]
 46%|████▌     | 2403/5200 [2:52:34<2:21:34,  3.04s/it]
 46%|████▌     | 2404/5200 [2:52:37<2:22:59,  3.07s/it]
 46%|████▋     | 2405/5200 [2:52:40<2:22:35,  3.06s/it]
 46%|████▋     | 2406/5200 [2:52:43<2:21:51,  3.05s/it]
 46%|████▋     | 2407/5200 [2:52:46<2:21:00,  3.03s/it]
 46%|████▋     | 2408/5200 [2:52:49<2:22:47,  3.07s/it]
 46%|████▋     | 2409/5200 [2:52:52<2:21:58,  3.05s/it]
 46%|████▋     | 2410/5200 [2:52:55<2:20:58,  3.03s/it]
 46%|████▋     | 2411/5200 [2:52:58<2:22:47,  3.07s/it]
 46%|████▋     | 2412/5200 [2:53:01<2:21:31,  3.05s/it]
 46%|████▋     | 2413/5200 [2:53:04<2:20:58,  3.03s/it]
 46%|████▋     | 2414/5200 [2:53:08<2:20:38,  3.03s/it]
 46%|████▋     | 2415/5200 [2:53:11<2:22:06,  3.06s/it]
 46%|████▋     | 2416/5200 [2:53:14<2:21:21,  3.05s/it]
 46%|████▋     | 2417/5200 [2:53:17<2:20:48,  3.04s/it]
 46%|████▋     | 2418/5200 [2:53:20<2:22:11,  3.07s/it]
 47%|████▋     | 2419/5200 [2:53:23<2:21:33,  3.05s/it]
 47%|████▋     | 2420/5200 [2:53:26<2:20:51,  3.04s/it]
 47%|████▋     | 2421/5200 [2:53:29<2:20:47,  3.04s/it]
 47%|████▋     | 2422/5200 [2:53:32<2:22:05,  3.07s/it]
 47%|████▋     | 2423/5200 [2:53:35<2:20:57,  3.05s/it]
 47%|████▋     | 2424/5200 [2:53:38<2:20:46,  3.04s/it]
 47%|████▋     | 2425/5200 [2:53:41<2:21:45,  3.07s/it]
 47%|████▋     | 2426/5200 [2:53:44<2:20:59,  3.05s/it]
 47%|████▋     | 2427/5200 [2:53:47<2:20:43,  3.04s/it]
 47%|████▋     | 2428/5200 [2:53:50<2:19:52,  3.03s/it]
 47%|████▋     | 2429/5200 [2:53:53<2:21:41,  3.07s/it]
 47%|████▋     | 2430/5200 [2:53:56<2:20:50,  3.05s/it]
 47%|████▋     | 2431/5200 [2:53:59<2:20:14,  3.04s/it]
 47%|████▋     | 2432/5200 [2:54:02<2:21:14,  3.06s/it]
 47%|████▋     | 2433/5200 [2:54:06<2:20:54,  3.06s/it]
 47%|████▋     | 2434/5200 [2:54:09<2:19:51,  3.03s/it]
 47%|████▋     | 2435/5200 [2:54:12<2:19:55,  3.04s/it]
 47%|████▋     | 2436/5200 [2:54:15<2:20:49,  3.06s/it]
 47%|████▋     | 2437/5200 [2:54:18<2:20:27,  3.05s/it]
 47%|████▋     | 2438/5200 [2:54:21<2:19:47,  3.04s/it]
 47%|████▋     | 2439/5200 [2:54:24<2:21:13,  3.07s/it]
 47%|████▋     | 2440/5200 [2:54:27<2:20:24,  3.05s/it]
 47%|████▋     | 2441/5200 [2:54:30<2:19:40,  3.04s/it]
 47%|████▋     | 2442/5200 [2:54:33<2:19:15,  3.03s/it]
 47%|████▋     | 2443/5200 [2:54:36<2:20:40,  3.06s/it]
 47%|████▋     | 2444/5200 [2:54:39<2:19:36,  3.04s/it]
 47%|████▋     | 2445/5200 [2:54:42<2:19:09,  3.03s/it]
 47%|████▋     | 2446/5200 [2:54:45<2:20:34,  3.06s/it]
 47%|████▋     | 2447/5200 [2:54:48<2:19:47,  3.05s/it]
 47%|████▋     | 2448/5200 [2:54:51<2:19:11,  3.03s/it]
 47%|████▋     | 2449/5200 [2:54:54<2:18:48,  3.03s/it]
 47%|████▋     | 2450/5200 [2:54:57<2:20:36,  3.07s/it]
 47%|████▋     | 2451/5200 [2:55:00<2:19:46,  3.05s/it]
 47%|████▋     | 2452/5200 [2:55:03<2:18:54,  3.03s/it]
 47%|████▋     | 2453/5200 [2:55:06<2:20:38,  3.07s/it]
 47%|████▋     | 2454/5200 [2:55:10<2:19:49,  3.06s/it]
 47%|████▋     | 2455/5200 [2:55:13<2:18:53,  3.04s/it]
 47%|████▋     | 2456/5200 [2:55:16<2:18:31,  3.03s/it]
 47%|████▋     | 2457/5200 [2:55:19<2:19:57,  3.06s/it]
 47%|████▋     | 2458/5200 [2:55:22<2:19:38,  3.06s/it]
 47%|████▋     | 2459/5200 [2:55:25<2:18:55,  3.04s/it]
 47%|████▋     | 2460/5200 [2:55:28<2:20:14,  3.07s/it]
 47%|████▋     | 2461/5200 [2:55:31<2:19:23,  3.05s/it]
 47%|████▋     | 2462/5200 [2:55:34<2:18:40,  3.04s/it]
 47%|████▋     | 2463/5200 [2:55:37<2:18:16,  3.03s/it]
 47%|████▋     | 2464/5200 [2:55:40<2:19:36,  3.06s/it]
 47%|████▋     | 2465/5200 [2:55:43<2:18:32,  3.04s/it]
 47%|████▋     | 2466/5200 [2:55:46<2:18:10,  3.03s/it]
 47%|████▋     | 2467/5200 [2:55:49<2:19:39,  3.07s/it]
 47%|████▋     | 2468/5200 [2:55:52<2:19:15,  3.06s/it]
 47%|████▋     | 2469/5200 [2:55:55<2:18:11,  3.04s/it]
 48%|████▊     | 2470/5200 [2:55:58<2:17:47,  3.03s/it]
 48%|████▊     | 2471/5200 [2:56:01<2:19:11,  3.06s/it]
 48%|████▊     | 2472/5200 [2:56:04<2:18:47,  3.05s/it]
 48%|████▊     | 2473/5200 [2:56:07<2:18:07,  3.04s/it]
 48%|████▊     | 2474/5200 [2:56:11<2:19:26,  3.07s/it]
 48%|████▊     | 2475/5200 [2:56:13<2:18:13,  3.04s/it]
 48%|████▊     | 2476/5200 [2:56:16<2:17:42,  3.03s/it]
 48%|████▊     | 2477/5200 [2:56:20<2:17:45,  3.04s/it]
 48%|████▊     | 2478/5200 [2:56:23<2:18:43,  3.06s/it]
 48%|████▊     | 2479/5200 [2:56:26<2:18:25,  3.05s/it]
 48%|████▊     | 2480/5200 [2:56:29<2:17:44,  3.04s/it]
 48%|████▊     | 2481/5200 [2:56:32<2:19:04,  3.07s/it]
 48%|████▊     | 2482/5200 [2:56:35<2:18:14,  3.05s/it]
 48%|████▊     | 2483/5200 [2:56:38<2:17:14,  3.03s/it]
 48%|████▊     | 2484/5200 [2:56:41<2:17:13,  3.03s/it]
 48%|████▊     | 2485/5200 [2:56:44<2:18:12,  3.05s/it]
 48%|████▊     | 2486/5200 [2:56:47<2:17:39,  3.04s/it]
 48%|████▊     | 2487/5200 [2:56:50<2:17:13,  3.03s/it]
 48%|████▊     | 2488/5200 [2:56:53<2:19:05,  3.08s/it]
 48%|████▊     | 2489/5200 [2:56:56<2:17:50,  3.05s/it]
 48%|████▊     | 2490/5200 [2:56:59<2:17:35,  3.05s/it]
 48%|████▊     | 2491/5200 [2:57:02<2:16:44,  3.03s/it]
 48%|████▊     | 2492/5200 [2:57:05<2:18:27,  3.07s/it]
 48%|████▊     | 2493/5200 [2:57:08<2:17:20,  3.04s/it]
 48%|████▊     | 2494/5200 [2:57:11<2:16:50,  3.03s/it]
 48%|████▊     | 2495/5200 [2:57:15<2:18:33,  3.07s/it]
 48%|████▊     | 2496/5200 [2:57:18<2:17:38,  3.05s/it]
 48%|████▊     | 2497/5200 [2:57:21<2:16:39,  3.03s/it]
 48%|████▊     | 2498/5200 [2:57:24<2:16:41,  3.04s/it]
 48%|████▊     | 2499/5200 [2:57:27<2:17:41,  3.06s/it]
 48%|████▊     | 2500/5200 [2:57:30<2:17:03,  3.05s/it]
 48%|████▊     | 2501/5200 [2:57:33<2:16:30,  3.03s/it]
 48%|████▊     | 2502/5200 [2:57:36<2:18:11,  3.07s/it]
 48%|████▊     | 2503/5200 [2:57:39<2:16:58,  3.05s/it]
 48%|████▊     | 2504/5200 [2:57:42<2:16:26,  3.04s/it]
 48%|████▊     | 2505/5200 [2:57:45<2:16:21,  3.04s/it]
 48%|████▊     | 2506/5200 [2:57:48<2:17:36,  3.06s/it]
 48%|████▊     | 2507/5200 [2:57:51<2:16:31,  3.04s/it]
 48%|████▊     | 2508/5200 [2:57:54<2:16:07,  3.03s/it]
 48%|████▊     | 2509/5200 [2:57:57<2:17:31,  3.07s/it]
 48%|████▊     | 2510/5200 [2:58:00<2:16:44,  3.05s/it]
 48%|████▊     | 2511/5200 [2:58:03<2:16:06,  3.04s/it]
 48%|████▊     | 2512/5200 [2:58:06<2:16:03,  3.04s/it]
 48%|████▊     | 2513/5200 [2:58:09<2:17:20,  3.07s/it]
 48%|████▊     | 2514/5200 [2:58:12<2:16:13,  3.04s/it]
 48%|████▊     | 2515/5200 [2:58:15<2:16:12,  3.04s/it]
 48%|████▊     | 2516/5200 [2:58:19<2:17:24,  3.07s/it]
 48%|████▊     | 2517/5200 [2:58:22<2:16:10,  3.05s/it]
 48%|████▊     | 2518/5200 [2:58:25<2:15:58,  3.04s/it]
 48%|████▊     | 2519/5200 [2:58:28<2:15:09,  3.02s/it]
 48%|████▊     | 2520/5200 [2:58:31<2:16:33,  3.06s/it]
 48%|████▊     | 2521/5200 [2:58:34<2:15:50,  3.04s/it]
 48%|████▊     | 2522/5200 [2:58:37<2:15:39,  3.04s/it]
 49%|████▊     | 2523/5200 [2:58:40<2:16:55,  3.07s/it]
 49%|████▊     | 2524/5200 [2:58:43<2:16:06,  3.05s/it]
 49%|████▊     | 2525/5200 [2:58:46<2:15:21,  3.04s/it]
 49%|████▊     | 2526/5200 [2:58:49<2:14:57,  3.03s/it]
 49%|████▊     | 2527/5200 [2:58:52<2:16:22,  3.06s/it]
 49%|████▊     | 2528/5200 [2:58:55<2:15:17,  3.04s/it]
 49%|████▊     | 2529/5200 [2:58:58<2:15:11,  3.04s/it]
 49%|████▊     | 2530/5200 [2:59:01<2:16:05,  3.06s/it]
 49%|████▊     | 2531/5200 [2:59:04<2:15:44,  3.05s/it]
 49%|████▊     | 2532/5200 [2:59:07<2:15:05,  3.04s/it]
 49%|████▊     | 2533/5200 [2:59:10<2:14:20,  3.02s/it]
 49%|████▊     | 2534/5200 [2:59:13<2:15:48,  3.06s/it]
 49%|████▉     | 2535/5200 [2:59:16<2:15:09,  3.04s/it]
 49%|████▉     | 2536/5200 [2:59:19<2:15:03,  3.04s/it]
 49%|████▉     | 2537/5200 [2:59:22<2:15:57,  3.06s/it]
 49%|████▉     | 2538/5200 [2:59:25<2:15:30,  3.05s/it]
 49%|████▉     | 2539/5200 [2:59:28<2:14:46,  3.04s/it]
 49%|████▉     | 2540/5200 [2:59:31<2:14:19,  3.03s/it]
 49%|████▉     | 2541/5200 [2:59:35<2:15:38,  3.06s/it]
 49%|████▉     | 2542/5200 [2:59:38<2:14:55,  3.05s/it]
 49%|████▉     | 2543/5200 [2:59:41<2:14:20,  3.03s/it]
 49%|████▉     | 2544/5200 [2:59:44<2:15:46,  3.07s/it]
 49%|████▉     | 2545/5200 [2:59:47<2:14:37,  3.04s/it]
 49%|████▉     | 2546/5200 [2:59:50<2:14:09,  3.03s/it]
 49%|████▉     | 2547/5200 [2:59:53<2:14:10,  3.03s/it]
 49%|████▉     | 2548/5200 [2:59:56<2:15:06,  3.06s/it]
 49%|████▉     | 2549/5200 [2:59:59<2:14:25,  3.04s/it]
 49%|████▉     | 2550/5200 [3:00:02<2:13:58,  3.03s/it]
 49%|████▉     | 2551/5200 [3:00:05<2:15:40,  3.07s/it]
 49%|████▉     | 2552/5200 [3:00:08<2:14:46,  3.05s/it]
 49%|████▉     | 2553/5200 [3:00:11<2:13:46,  3.03s/it]
 49%|████▉     | 2554/5200 [3:00:14<2:13:28,  3.03s/it]
 49%|████▉     | 2555/5200 [3:00:17<2:15:17,  3.07s/it]
 49%|████▉     | 2556/5200 [3:00:20<2:14:31,  3.05s/it]
 49%|████▉     | 2557/5200 [3:00:23<2:14:00,  3.04s/it]
 49%|████▉     | 2558/5200 [3:00:26<2:15:25,  3.08s/it]
 49%|████▉     | 2559/5200 [3:00:29<2:14:11,  3.05s/it]
 49%|████▉     | 2560/5200 [3:00:32<2:13:58,  3.04s/it]
 49%|████▉     | 2561/5200 [3:00:36<2:13:26,  3.03s/it]
 49%|████▉     | 2562/5200 [3:00:39<2:14:26,  3.06s/it]
 49%|████▉     | 2563/5200 [3:00:42<2:14:06,  3.05s/it]
 49%|████▉     | 2564/5200 [3:00:45<2:13:34,  3.04s/it]
 49%|████▉     | 2565/5200 [3:00:48<2:14:53,  3.07s/it]
 49%|████▉     | 2566/5200 [3:00:51<2:14:08,  3.06s/it]
 49%|████▉     | 2567/5200 [3:00:54<2:13:32,  3.04s/it]
 49%|████▉     | 2568/5200 [3:00:57<2:13:06,  3.03s/it]
 49%|████▉     | 2569/5200 [3:01:00<2:14:06,  3.06s/it]
 49%|████▉     | 2570/5200 [3:01:03<2:13:27,  3.04s/it]
 49%|████▉     | 2571/5200 [3:01:06<2:13:02,  3.04s/it]
 49%|████▉     | 2572/5200 [3:01:09<2:14:42,  3.08s/it]
 49%|████▉     | 2573/5200 [3:01:12<2:13:51,  3.06s/it]
 50%|████▉     | 2574/5200 [3:01:15<2:13:11,  3.04s/it]
 50%|████▉     | 2575/5200 [3:01:18<2:12:40,  3.03s/it]
 50%|████▉     | 2576/5200 [3:01:21<2:13:40,  3.06s/it]
 50%|████▉     | 2577/5200 [3:01:24<2:13:23,  3.05s/it]
 50%|████▉     | 2578/5200 [3:01:27<2:12:52,  3.04s/it]
 50%|████▉     | 2579/5200 [3:01:30<2:13:48,  3.06s/it]
 50%|████▉     | 2580/5200 [3:01:34<2:13:06,  3.05s/it]
 50%|████▉     | 2581/5200 [3:01:37<2:12:54,  3.04s/it]
 50%|████▉     | 2582/5200 [3:01:40<2:12:06,  3.03s/it]
 50%|████▉     | 2583/5200 [3:01:43<2:13:52,  3.07s/it]
 50%|████▉     | 2584/5200 [3:01:46<2:12:48,  3.05s/it]
 50%|████▉     | 2585/5200 [3:01:49<2:12:39,  3.04s/it]
 50%|████▉     | 2586/5200 [3:01:52<2:13:52,  3.07s/it]
 50%|████▉     | 2587/5200 [3:01:55<2:13:04,  3.06s/it]
 50%|████▉     | 2588/5200 [3:01:58<2:12:27,  3.04s/it]
 50%|████▉     | 2589/5200 [3:02:01<2:12:02,  3.03s/it]
 50%|████▉     | 2590/5200 [3:02:04<2:13:18,  3.06s/it]
 50%|████▉     | 2591/5200 [3:02:07<2:12:17,  3.04s/it]
 50%|████▉     | 2592/5200 [3:02:10<2:12:12,  3.04s/it]
 50%|████▉     | 2593/5200 [3:02:13<2:13:27,  3.07s/it]
 50%|████▉     | 2594/5200 [3:02:16<2:12:18,  3.05s/it]
 50%|████▉     | 2595/5200 [3:02:19<2:11:51,  3.04s/it]
 50%|████▉     | 2596/5200 [3:02:22<2:11:52,  3.04s/it]
 50%|████▉     | 2597/5200 [3:02:25<2:    [nf-probe] train nf-RMS=3.4513e-05   val nf-RMS=3.9481e-05 [m]  (@nf=400)
    [joint-probe] combo-err n/a (theta frozen) | orth-frac 0.379 | V_orth 0.000e+00 | param_loss 0.000e+00
(0,)
It 2600, sqrt loss 0.001102, Val sim-RMS 0.01449, Time Loss: 70.3%, data: 0.3%, val: 29.4%,  4.3 sec/batch
12:50,  3.06s/it]
 50%|████▉     | 2598/5200 [3:02:28<2:12:10,  3.05s/it]
 50%|████▉     | 2599/5200 [3:02:31<2:12:01,  3.05s/it]
 50%|█████     | 2600/5200 [3:08:08<74:23:52, 103.01s/it]
 50%|█████     | 2601/5200 [3:08:11<52:43:57, 73.04s/it] 
 50%|█████     | 2602/5200 [3:08:14<37:33:01, 52.03s/it]
 50%|█████     | 2603/5200 [3:08:17<26:55:36, 37.33s/it]
 50%|█████     | 2604/5200 [3:08:20<19:31:38, 27.08s/it]
 50%|█████     | 2605/5200 [3:08:23<14:18:35, 19.85s/it]
 50%|█████     | 2606/5200 [3:08:26<10:39:47, 14.80s/it]
 50%|█████     | 2607/5200 [3:08:29<8:06:45, 11.26s/it] 
 50%|█████     | 2608/5200 [3:08:32<6:21:36,  8.83s/it]
 50%|█████     | 2609/5200 [3:08:35<5:05:38,  7.08s/it]
 50%|█████     | 2610/5200 [3:08:38<4:13:11,  5.87s/it]
 50%|█████     | 2611/5200 [3:08:41<3:35:51,  5.00s/it]
 50%|█████     | 2612/5200 [3:08:44<3:11:38,  4.44s/it]
 50%|█████     | 2613/5200 [3:08:47<2:53:01,  4.01s/it]
 50%|█████     | 2614/5200 [3:08:50<2:40:01,  3.71s/it]
 50%|█████     | 2615/5200 [3:08:53<2:32:30,  3.54s/it]
 50%|█████     | 2616/5200 [3:08:56<2:25:36,  3.38s/it]
 50%|█████     | 2617/5200 [3:09:00<2:21:02,  3.28s/it]
 50%|█████     | 2618/5200 [3:09:03<2:19:11,  3.23s/it]
 50%|█████     | 2619/5200 [3:09:06<2:16:14,  3.17s/it]
 50%|█████     | 2620/5200 [3:09:09<2:13:50,  3.11s/it]
 50%|█████     | 2621/5200 [3:09:12<2:12:32,  3.08s/it]
 50%|█████     | 2622/5200 [3:09:15<2:13:11,  3.10s/it]
 50%|█████     | 2623/5200 [3:09:18<2:12:20,  3.08s/it]
 50%|█████     | 2624/5200 [3:09:21<2:11:20,  3.06s/it]
 50%|█████     | 2625/5200 [3:09:24<2:12:22,  3.08s/it]
 50%|█████     | 2626/5200 [3:09:27<2:11:05,  3.06s/it]
 51%|█████     | 2627/5200 [3:09:30<2:10:30,  3.04s/it]
 51%|█████     | 2628/5200 [3:09:33<2:10:05,  3.03s/it]
 51%|█████     | 2629/5200 [3:09:36<2:11:23,  3.07s/it]
 51%|█████     | 2630/5200 [3:09:39<2:10:38,  3.05s/it]
 51%|█████     | 2631/5200 [3:09:42<2:10:05,  3.04s/it]
 51%|█████     | 2632/5200 [3:09:45<2:11:25,  3.07s/it]
 51%|█████     | 2633/5200 [3:09:48<2:10:51,  3.06s/it]
 51%|█████     | 2634/5200 [3:09:51<2:10:11,  3.04s/it]
 51%|█████     | 2635/5200 [3:09:54<2:09:43,  3.03s/it]
 51%|█████     | 2636/5200 [3:09:58<2:10:57,  3.06s/it]
 51%|█████     | 2637/5200 [3:10:01<2:09:58,  3.04s/it]
 51%|█████     | 2638/5200 [3:10:04<2:09:47,  3.04s/it]
 51%|█████     | 2639/5200 [3:10:07<2:10:39,  3.06s/it]
 51%|█████     | 2640/5200 [3:10:10<2:10:12,  3.05s/it]
 51%|█████     | 2641/5200 [3:10:13<2:09:15,  3.03s/it]
 51%|█████     | 2642/5200 [3:10:16<2:08:58,  3.03s/it]
 51%|█████     | 2643/5200 [3:10:19<2:10:39,  3.07s/it]
 51%|█████     | 2644/5200 [3:10:22<2:09:54,  3.05s/it]
 51%|█████     | 2645/5200 [3:10:25<2:09:18,  3.04s/it]
 51%|█████     | 2646/5200 [3:10:28<2:10:16,  3.06s/it]
 51%|█████     | 2647/5200 [3:10:31<2:09:57,  3.05s/it]
 51%|█████     | 2648/5200 [3:10:34<2:09:19,  3.04s/it]
 51%|█████     | 2649/5200 [3:10:37<2:08:55,  3.03s/it]
 51%|█████     | 2650/5200 [3:10:40<2:10:11,  3.06s/it]
 51%|█████     | 2651/5200 [3:10:43<2:09:07,  3.04s/it]
 51%|█████     | 2652/5200 [3:10:46<2:08:44,  3.03s/it]
 51%|█████     | 2653/5200 [3:10:49<2:10:27,  3.07s/it]
 51%|█████     | 2654/5200 [3:10:52<2:09:18,  3.05s/it]
 51%|█████     | 2655/5200 [3:10:55<2:08:48,  3.04s/it]
 51%|█████     | 2656/5200 [3:10:58<2:08:45,  3.04s/it]
 51%|█████     | 2657/5200 [3:11:02<2:09:59,  3.07s/it]
 51%|█████     | 2658/5200 [3:11:05<2:09:10,  3.05s/it]
 51%|█████     | 2659/5200 [3:11:07<2:08:16,  3.03s/it]
 51%|█████     | 2660/5200 [3:11:11<2:09:39,  3.06s/it]
 51%|█████     | 2661/5200 [3:11:14<2:08:56,  3.05s/it]
 51%|█████     | 2662/5200 [3:11:17<2:08:21,  3.03s/it]
 51%|█████     | 2663/5200 [3:11:20<2:08:21,  3.04s/it]
 51%|█████     | 2664/5200 [3:11:23<2:09:34,  3.07s/it]
 51%|█████▏    | 2665/5200 [3:11:26<2:08:51,  3.05s/it]
 51%|█████▏    | 2666/5200 [3:11:29<2:08:18,  3.04s/it]
 51%|█████▏    | 2667/5200 [3:11:32<2:09:35,  3.07s/it]
 51%|█████▏    | 2668/5200 [3:11:35<2:08:49,  3.05s/it]
 51%|█████▏    | 2669/5200 [3:11:38<2:07:53,  3.03s/it]
 51%|█████▏    | 2670/5200 [3:11:41<2:07:34,  3.03s/it]
 51%|█████▏    | 2671/5200 [3:11:44<2:09:14,  3.07s/it]
 51%|█████▏    | 2672/5200 [3:11:47<2:08:08,  3.04s/it]
 51%|█████▏    | 2673/5200 [3:11:50<2:07:38,  3.03s/it]
 51%|█████▏    | 2674/5200 [3:11:53<2:09:22,  3.07s/it]
 51%|█████▏    | 2675/5200 [3:11:56<2:08:12,  3.05s/it]
 51%|█████▏    | 2676/5200 [3:11:59<2:07:43,  3.04s/it]
 51%|█████▏    | 2677/5200 [3:12:02<2:07:24,  3.03s/it]
 52%|█████▏    | 2678/5200 [3:12:05<2:09:03,  3.07s/it]
 52%|█████▏    | 2679/5200 [3:12:08<2:07:59,  3.05s/it]
 52%|█████▏    | 2680/5200 [3:12:12<2:07:52,  3.04s/it]
 52%|█████▏    | 2681/5200 [3:12:15<2:08:42,  3.07s/it]
 52%|█████▏    | 2682/5200 [3:12:18<2:08:14,  3.06s/it]
 52%|█████▏    | 2683/5200 [3:12:21<2:07:16,  3.03s/it]
 52%|█████▏    | 2684/5200 [3:12:24<2:06:55,  3.03s/it]
 52%|█████▏    | 2685/5200 [3:12:27<2:08:14,  3.06s/it]
 52%|█████▏    | 2686/5200 [3:12:30<2:07:54,  3.05s/it]
 52%|█████▏    | 2687/5200 [3:12:33<2:07:19,  3.04s/it]
 52%|█████▏    | 2688/5200 [3:12:36<2:08:13,  3.06s/it]
 52%|█████▏    | 2689/5200 [3:12:39<2:07:50,  3.05s/it]
 52%|█████▏    | 2690/5200 [3:12:42<2:06:53,  3.03s/it]
 52%|█████▏    | 2691/5200 [3:12:45<2:06:36,  3.03s/it]
 52%|█████▏    | 2692/5200 [3:12:48<2:08:14,  3.07s/it]
 52%|█████▏    | 2693/5200 [3:12:51<2:07:10,  3.04s/it]
 52%|█████▏    | 2694/5200 [3:12:54<2:06:56,  3.04s/it]
 52%|█████▏    | 2695/5200 [3:12:57<2:08:10,  3.07s/it]
 52%|█████▏    | 2696/5200 [3:13:00<2:07:19,  3.05s/it]
 52%|█████▏    | 2697/5200 [3:13:03<2:06:26,  3.03s/it]
 52%|█████▏    | 2698/5200 [3:13:06<2:06:09,  3.03s/it]
 52%|█████▏    | 2699/5200 [3:13:09<2:07:27,  3.06s/it]
 52%|█████▏    | 2700/5200 [3:13:12<2:07:07,  3.05s/it]
 52%|█████▏    | 2701/5200 [3:13:15<2:06:31,  3.04s/it]
 52%|█████▏    | 2702/5200 [3:13:19<2:07:45,  3.07s/it]
 52%|█████▏    | 2703/5200 [3:13:22<2:06:56,  3.05s/it]
 52%|█████▏    | 2704/5200 [3:13:25<2:06:23,  3.04s/it]
 52%|█████▏    | 2705/5200 [3:13:28<2:06:03,  3.03s/it]
 52%|█████▏    | 2706/5200 [3:13:31<2:07:01,  3.06s/it]
 52%|█████▏    | 2707/5200 [3:13:34<2:06:28,  3.04s/it]
 52%|█████▏    | 2708/5200 [3:13:37<2:06:03,  3.04s/it]
 52%|█████▏    | 2709/5200 [3:13:40<2:07:22,  3.07s/it]
 52%|█████▏    | 2710/5200 [3:13:43<2:06:39,  3.05s/it]
 52%|█████▏    | 2711/5200 [3:13:46<2:06:04,  3.04s/it]
 52%|█████▏    | 2712/5200 [3:13:49<2:06:09,  3.04s/it]
 52%|█████▏    | 2713/5200 [3:13:52<2:07:19,  3.07s/it]
 52%|█████▏    | 2714/5200 [3:13:55<2:06:15,  3.05s/it]
 52%|█████▏    | 2715/5200 [3:13:58<2:06:04,  3.04s/it]
 52%|█████▏    | 2716/5200 [3:14:01<2:07:16,  3.07s/it]
 52%|█████▏    | 2717/5200 [3:14:04<2:06:25,  3.06s/it]
 52%|█████▏    | 2718/5200 [3:14:07<2:05:50,  3.04s/it]
 52%|█████▏    | 2719/5200 [3:14:10<2:05:05,  3.03s/it]
 52%|█████▏    | 2720/5200 [3:14:13<2:06:27,  3.06s/it]
 52%|█████▏    | 2721/5200 [3:14:17<2:05:46,  3.04s/it]
 52%|█████▏    | 2722/5200 [3:14:20<2:05:35,  3.04s/it]
 52%|█████▏    | 2723/5200 [3:14:23<2:06:30,  3.06s/it]
 52%|█████▏    | 2724/5200 [3:14:26<2:06:06,  3.06s/it]
 52%|█████▏    | 2725/5200 [3:14:29<2:05:29,  3.04s/it]
 52%|█████▏    | 2726/5200 [3:14:32<2:05:06,  3.03s/it]
 52%|█████▏    | 2727/5200 [3:14:35<2:05:59,  3.06s/it]
 52%|█████▏    | 2728/5200 [3:14:38<2:05:25,  3.04s/it]
 52%|█████▏    | 2729/5200 [3:14:41<2:05:12,  3.04s/it]
 52%|█████▎    | 2730/5200 [3:14:44<2:06:08,  3.06s/it]
 53%|█████▎    | 2731/5200 [3:14:47<2:05:45,  3.06s/it]
 53%|█████▎    | 2732/5200 [3:14:50<2:05:08,  3.04s/it]
 53%|█████▎    | 2733/5200 [3:14:53<2:04:42,  3.03s/it]
 53%|█████▎    | 2734/5200 [3:14:56<2:05:39,  3.06s/it]
 53%|█████▎    | 2735/5200 [3:14:59<2:05:02,  3.04s/it]
 53%|█████▎    | 2736/5200 [3:15:02<2:04:31,  3.03s/it]
 53%|█████▎    | 2737/5200 [3:15:05<2:05:51,  3.07s/it]
 53%|█████▎    | 2738/5200 [3:15:08<2:05:06,  3.05s/it]
 53%|█████▎    | 2739/5200 [3:15:11<2:04:54,  3.05s/it]
 53%|█████▎    | 2740/5200 [3:15:14<2:04:25,  3.03s/it]
 53%|█████▎    | 2741/5200 [3:15:17<2:05:20,  3.06s/it]
 53%|█████▎    | 2742/5200 [3:15:21<2:05:02,  3.05s/it]
 53%|█████▎    | 2743/5200 [3:15:24<2:04:10,  3.03s/it]
 53%|█████▎    | 2744/5200 [3:15:27<2:05:51,  3.07s/it]
 53%|█████▎    | 2745/5200 [3:15:30<2:04:42,  3.05s/it]
 53%|█████▎    | 2746/5200 [3:15:33<2:04:08,  3.04s/it]
 53%|█████▎    | 2747/5200 [3:15:36<2:04:05,  3.04s/it]
 53%|█████▎    | 2748/5200 [3:15:39<2:04:54,  3.06s/it]
 53%|█████▎    | 2749/5200 [3:15:42<2:04:37,  3.05s/it]
 53%|█████▎    | 2750/5200 [3:15:45<2:04:04,  3.04s/it]
 53%|█████▎    | 2751/5200 [3:15:48<2:05:22,  3.07s/it]
 53%|█████▎    | 2752/5200 [3:15:51<2:04:39,  3.06s/it]
 53%|█████▎    | 2753/5200 [3:15:54<2:04:02,  3.04s/it]
 53%|█████▎    | 2754/5200 [3:15:57<2:03:39,  3.03s/it]
 53%|█████▎    | 2755/5200 [3:16:00<2:04:50,  3.06s/it]
 53%|█████▎    | 2756/5200 [3:16:03<2:03:50,  3.04s/it]
 53%|█████▎    | 2757/5200 [3:16:06<2:03:26,  3.03s/it]
 53%|█████▎    | 2758/5200 [3:16:09<2:04:45,  3.07s/it]
 53%|█████▎    | 2759/5200 [3:16:12<2:04:19,  3.06s/it]
 53%|█████▎    | 2760/5200 [3:16:15<2:03:25,  3.04s/it]
 53%|█████▎    | 2761/5200 [3:16:18<2:03:04,  3.03s/it]
 53%|█████▎    | 2762/5200 [3:16:22<2:04:41,  3.07s/it]
 53%|█████▎    | 2763/5200 [3:16:25<2:03:59,  3.05s/it]
 53%|█████▎    | 2764/5200 [3:16:28<2:03:27,  3.04s/it]
 53%|█████▎    | 2765/5200 [3:16:31<2:04:19,  3.06s/it]
 53%|█████▎    | 2766/5200 [3:16:34<2:03:52,  3.05s/it]
 53%|█████▎    | 2767/5200 [3:16:37<2:03:20,  3.04s/it]
 53%|█████▎    | 2768/5200 [3:16:40<2:02:35,  3.02s/it]
 53%|█████▎    | 2769/5200 [3:16:43<2:04:17,  3.07s/it]
 53%|█████▎    | 2770/5200 [3:16:46<2:03:15,  3.04s/it]
 53%|█████▎    | 2771/5200 [3:16:49<2:02:46,  3.03s/it]
 53%|█████▎    | 2772/5200 [3:16:52<2:04:04,  3.07s/it]
 53%|█████▎    | 2773/5200 [3:16:55<2:03:22,  3.05s/it]
 53%|█████▎    | 2774/5200 [3:16:58<2:02:49,  3.04s/it]
 53%|█████▎    | 2775/5200 [3:17:01<2:02:25,  3.03s/it]
 53%|█████▎    | 2776/5200 [3:17:04<2:03:55,  3.07s/it]
 53%|█████▎    | 2777/5200 [3:17:07<2:02:50,  3.04s/it]
 53%|█████▎    | 2778/5200 [3:17:10<2:02:24,  3.03s/it]
 53%|█████▎    | 2779/5200 [3:17:13<2:03:42,  3.07s/it]
 53%|█████▎    | 2780/5200 [3:17:16<2:02:55,  3.05s/it]
 53%|█████▎    | 2781/5200 [3:17:19<2:02:25,  3.04s/it]
 54%|█████▎    | 2782/5200 [3:17:22<2:02:25,  3.04s/it]
 54%|█████▎    | 2783/5200 [3:17:26<2:03:31,  3.07s/it]
 54%|█████▎    | 2784/5200 [3:17:29<2:02:31,  3.04s/it]
 54%|█████▎    | 2785/5200 [3:17:32<2:02:03,  3.03s/it]
 54%|█████▎    | 2786/5200 [3:17:35<2:03:37,  3.07s/it]
 54%|█████▎    | 2787/5200 [3:17:38<2:02:48,  3.05s/it]
 54%|█████▎    | 2788/5200 [3:17:41<2:01:53,  3.03s/it]
 54%|█████▎    | 2789/5200 [3:17:44<2:01:52,  3.03s/it]
 54%|█████▎    | 2790/5200 [3:17:47<2:03:01,  3.06s/it]
 54%|█████▎    | 2791/5200 [3:17:50<2:02:20,  3.05s/it]
 54%|█████▎    | 2792/5200 [3:17:53<2:01:51,  3.04s/it]
 54%|█████▎    | 2793/5200 [3:17:56<2:03:04,  3.07s/it]
 54%|█████▎    | 2794/5200 [3:17:59<2:01:59,  3.04s/it]
 54%|█████▍    | 2795/5200 [3:18:02<2:01:33,  3.03s/it]
 54%|█████▍    | 2796/5200 [3:18:05<2:01:16,  3.03s/it]
 54%|█████▍    | 2797/5200 [3:18:08<2:02:29,  3.06s/it]
 54%|█████▍    | 2798/5200 [3:18:11<2:01:52,  3.04s/it]
 54%|█████▍    | 2799/5200 [3:18:14<2:01:40,  3.04s/it]
 54%|█████▍    | 2800/5200 [3:18:17<2:02:49,  3.07s/it]
 54%|█████▍    | 2801/5200 [3:18:20<2:01:42,  3.04s/it]
 54%|█████▍    | 2802/5200 [3:18:23<2:01:15,  3.03s/it]
 54%|█████▍    | 2803/5200 [3:18:26<2:01:14,  3.03s/it]
 54%|█████▍    | 2804/5200 [3:18:29<2:02:02,  3.06s/it]
 54%|█████▍    | 2805/5200 [3:18:32<2:01:27,  3.04s/it]
 54%|█████▍    | 2806/5200 [3:18:36<2:01:18,  3.04s/it]
 54%|█████▍    | 2807/5200 [3:18:39<2:02:10,  3.06s/it]
 54%|█████▍    | 2808/5200 [3:18:42<2:01:27,  3.05s/it]
 54%|█████▍    | 2809/5200 [3:18:45<2:01:15,  3.04s/it]
 54%|█████▍    | 2810/5200 [3:18:48<2:00:48,  3.03s/it]
 54%|█████▍    | 2811/5200 [3:18:51<2:01:59,  3.06s/it]
 54%|█████▍    | 2812/5200 [3:18:54<2:01:04,  3.04s/it]
 54%|█████▍    | 2813/5200 [3:18:57<2:00:56,  3.04s/it]
 54%|█████▍    | 2814/5200 [3:19:00<2:02:07,  3.07s/it]
 54%|█████▍    | 2815/5200 [3:19:03<2:01:01,  3.04s/it]
 54%|█████▍    | 2816/5200 [3:19:06<2:00:34,  3.03s/it]
 54%|█████▍    | 2817/5200 [3:19:09<2:00:35,  3.04s/it]
 54%|█████▍    | 2818/5200 [3:19:12<2:01:26,  3.06s/it]
 54%|█████▍    | 2819/5200 [3:19:15<2:00:49,  3.04s/it]
 54%|█████▍    | 2820/5200 [3:19:18<2:00:37,  3.04s/it]
 54%|█████▍    | 2821/5200 [3:19:21<2:01:27,  3.06s/it]
 54%|█████▍    | 2822/5200 [3:19:24<2:00:44,  3.05s/it]
 54%|█████▍    | 2823/5200 [3:19:27<2:00:16,  3.04s/it]
 54%|█████▍    | 2824/5200 [3:19:30<1:59:55,  3.03s/it]
 54%|█████▍    | 2825/5200 [3:19:33<2:01:12,  3.06s/it]
 54%|█████▍    | 2826/5200 [3:19:36<2:00:31,  3.05s/it]
 54%|█████▍    | 2827/5200 [3:19:39<2:00:01,  3.03s/it]
 54%|█████▍    | 2828/5200 [3:19:43<2:01:16,  3.07s/it]
 54%|█████▍    | 2829/5200 [3:19:46<2:00:29,  3.05s/it]
 54%|█████▍    | 2830/5200 [3:19:49<2:00:11,  3.04s/it]
 54%|█████▍    | 2831/5200 [3:19:52<1:59:48,  3.03s/it]
 54%|█████▍    | 2832/5200 [3:19:55<2:00:37,  3.06s/it]
 54%|█████▍    | 2833/5200 [3:19:58<2:00:01,  3.04s/it]
 55%|█████▍    | 2834/5200 [3:20:01<1:59:33,  3.03s/it]
 55%|█████▍    | 2835/5200 [3:20:04<2:00:49,  3.07s/it]
 55%|█████▍    | 2836/5200 [3:20:07<2:00:25,  3.06s/it]
 55%|█████▍    | 2837/5200 [3:20:10<1:59:32,  3.04s/it]
 55%|█████▍    | 2838/5200 [3:20:13<1:59:15,  3.03s/it]
 55%|█████▍    | 2839/5200 [3:20:16<2:00:48,  3.07s/it]
 55%|█████▍    | 2840/5200 [3:20:19<1:59:47,  3.05s/it]
 55%|█████▍    | 2841/5200 [3:20:22<1:59:37,  3.04s/it]
 55%|█████▍    | 2842/5200 [3:20:25<2:00:47,  3.07s/it]
 55%|█████▍    | 2843/5200 [3:20:28<1:59:59,  3.05s/it]
 55%|█████▍    | 2844/5200 [3:20:31<1:59:25,  3.04s/it]
 55%|█████▍    | 2845/5200 [3:20:34<1:59:02,  3.03s/it]
 55%|█████▍    | 2846/5200 [3:20:37<2:00:12,  3.06s/it]
 55%|█████▍    | 2847/5200 [3:20:41<1:59:32,  3.05s/it]
 55%|█████▍    | 2848/5200 [3:20:44<1:59:02,  3.04s/it]
 55%|█████▍    | 2849/5200 [3:20:47<1:59:55,  3.06s/it]
 55%|█████▍    | 2850/5200 [3:20:50<1:59:34,  3.05s/it]
 55%|█████▍    | 2851/5200 [3:20:53<1:59:00,  3.04s/it]
 55%|█████▍    | 2852/5200 [3:20:56<1:58:37,  3.03s/it]
 55%|█████▍    | 2853/5200 [3:20:59<1:59:31,  3.06s/it]
 55%|█████▍    | 2854/5200 [3:21:02<1:59:14,  3.05s/it]
 55%|█████▍    | 2855/5200    [nf-probe] train nf-RMS=3.4223e-05   val nf-RMS=3.9290e-05 [m]  (@nf=400)
    [joint-probe] combo-err n/a (theta frozen) | orth-frac 0.389 | V_orth 0.000e+00 | param_loss 0.000e+00
(0,)
It 2860, sqrt loss 0.001096, Val sim-RMS 0.01506, Time Loss: 70.3%, data: 0.3%, val: 29.4%,  4.3 sec/batch
 [3:21:05<1:58:24,  3.03s/it]
 55%|█████▍    | 2856/5200 [3:21:08<1:59:59,  3.07s/it]
 55%|█████▍    | 2857/5200 [3:21:11<1:59:16,  3.05s/it]
 55%|█████▍    | 2858/5200 [3:21:14<1:58:41,  3.04s/it]
 55%|█████▍    | 2859/5200 [3:21:17<1:58:18,  3.03s/it]
 55%|█████▌    | 2860/5200 [3:26:55<67:11:52, 103.38s/it]
 55%|█████▌    | 2861/5200 [3:26:58<47:37:33, 73.30s/it] 
 55%|█████▌    | 2862/5200 [3:27:01<33:54:59, 52.22s/it]
 55%|█████▌    | 2863/5200 [3:27:04<24:18:46, 37.45s/it]
 55%|█████▌    | 2864/5200 [3:27:07<17:36:11, 27.13s/it]
 55%|█████▌    | 2865/5200 [3:27:10<12:55:42, 19.93s/it]
 55%|█████▌    | 2866/5200 [3:27:13<9:37:35, 14.85s/it] 
 55%|█████▌    | 2867/5200 [3:27:16<7:19:20, 11.30s/it]
 55%|█████▌    | 2868/5200 [3:27:19<5:43:59,  8.85s/it]
 55%|█████▌    | 2869/5200 [3:27:22<4:35:47,  7.10s/it]
 55%|█████▌    | 2870/5200 [3:27:25<3:48:02,  5.87s/it]
 55%|█████▌    | 2871/5200 [3:27:28<3:14:32,  5.01s/it]
 55%|█████▌    | 2872/5200 [3:27:31<2:52:41,  4.45s/it]
 55%|█████▌    | 2873/5200 [3:27:34<2:35:54,  4.02s/it]
 55%|█████▌    | 2874/5200 [3:27:37<2:24:24,  3.73s/it]
 55%|█████▌    | 2875/5200 [3:27:40<2:15:45,  3.50s/it]
 55%|█████▌    | 2876/5200 [3:27:43<2:11:46,  3.40s/it]
 55%|█████▌    | 2877/5200 [3:27:46<2:06:51,  3.28s/it]
 55%|█████▌    | 2878/5200 [3:27:49<2:04:00,  3.20s/it]
 55%|█████▌    | 2879/5200 [3:27:53<2:02:56,  3.18s/it]
 55%|█████▌    | 2880/5200 [3:27:56<2:01:12,  3.13s/it]
 55%|█████▌    | 2881/5200 [3:27:59<1:59:25,  3.09s/it]
 55%|█████▌    | 2882/5200 [3:28:02<1:58:25,  3.07s/it]
 55%|█████▌    | 2883/5200 [3:28:05<1:59:14,  3.09s/it]
 55%|█████▌    | 2884/5200 [3:28:08<1:58:34,  3.07s/it]
 55%|█████▌    | 2885/5200 [3:28:11<1:57:47,  3.05s/it]
 56%|█████▌    | 2886/5200 [3:28:14<1:58:47,  3.08s/it]
 56%|█████▌    | 2887/5200 [3:28:17<1:57:53,  3.06s/it]
 56%|█████▌    | 2888/5200 [3:28:20<1:57:20,  3.05s/it]
 56%|█████▌    | 2889/5200 [3:28:23<1:56:51,  3.03s/it]
 56%|█████▌    | 2890/5200 [3:28:26<1:57:41,  3.06s/it]
 56%|█████▌    | 2891/5200 [3:28:29<1:57:25,  3.05s/it]
 56%|█████▌    | 2892/5200 [3:28:32<1:56:36,  3.03s/it]
 56%|█████▌    | 2893/5200 [3:28:35<1:57:53,  3.07s/it]
 56%|█████▌    | 2894/5200 [3:28:38<1:57:30,  3.06s/it]
 56%|█████▌    | 2895/5200 [3:28:41<1:56:56,  3.04s/it]
 56%|█████▌    | 2896/5200 [3:28:44<1:56:10,  3.03s/it]
 56%|█████▌    | 2897/5200 [3:28:47<1:57:43,  3.07s/it]
 56%|█████▌    | 2898/5200 [3:28:50<1:56:44,  3.04s/it]
 56%|█████▌    | 2899/5200 [3:28:53<1:56:18,  3.03s/it]
 56%|█████▌    | 2900/5200 [3:28:57<1:57:32,  3.07s/it]
 56%|█████▌    | 2901/5200 [3:29:00<1:57:08,  3.06s/it]
 56%|█████▌    | 2902/5200 [3:29:03<1:56:14,  3.03s/it]
 56%|█████▌    | 2903/5200 [3:29:06<1:56:07,  3.03s/it]
 56%|█████▌    | 2904/5200 [3:29:09<1:57:01,  3.06s/it]
 56%|█████▌    | 2905/5200 [3:29:12<1:56:43,  3.05s/it]
 56%|█████▌    | 2906/5200 [3:29:15<1:56:12,  3.04s/it]
 56%|█████▌    | 2907/5200 [3:29:18<1:57:17,  3.07s/it]
 56%|█████▌    | 2908/5200 [3:29:21<1:56:30,  3.05s/it]
 56%|█████▌    | 2909/5200 [3:29:24<1:55:57,  3.04s/it]
 56%|█████▌    | 2910/5200 [3:29:27<1:55:33,  3.03s/it]
 56%|█████▌    | 2911/5200 [3:29:30<1:56:30,  3.05s/it]
 56%|█████▌    | 2912/5200 [3:29:33<1:56:15,  3.05s/it]
 56%|█████▌    | 2913/5200 [3:29:36<1:55:45,  3.04s/it]
 56%|█████▌    | 2914/5200 [3:29:39<1:56:40,  3.06s/it]
 56%|█████▌    | 2915/5200 [3:29:42<1:56:02,  3.05s/it]
 56%|█████▌    | 2916/5200 [3:29:45<1:55:49,  3.04s/it]
 56%|█████▌    | 2917/5200 [3:29:48<1:55:04,  3.02s/it]
 56%|█████▌    | 2918/5200 [3:29:51<1:56:18,  3.06s/it]
 56%|█████▌    | 2919/5200 [3:29:54<1:55:41,  3.04s/it]
 56%|█████▌    | 2920/5200 [3:29:57<1:55:31,  3.04s/it]
 56%|█████▌    | 2921/5200 [3:30:01<1:56:36,  3.07s/it]
 56%|█████▌    | 2922/5200 [3:30:03<1:55:32,  3.04s/it]
 56%|█████▌    | 2923/5200 [3:30:07<1:55:08,  3.03s/it]
 56%|█████▌    | 2924/5200 [3:30:10<1:55:04,  3.03s/it]
 56%|█████▋    | 2925/5200 [3:30:13<1:56:10,  3.06s/it]
 56%|█████▋    | 2926/5200 [3:30:16<1:55:31,  3.05s/it]
 56%|█████▋    | 2927/5200 [3:30:19<1:54:41,  3.03s/it]
 56%|█████▋    | 2928/5200 [3:30:22<1:56:14,  3.07s/it]
 56%|█████▋    | 2929/5200 [3:30:25<1:55:10,  3.04s/it]
 56%|█████▋    | 2930/5200 [3:30:28<1:54:58,  3.04s/it]
 56%|█████▋    | 2931/5200 [3:30:31<1:54:17,  3.02s/it]
 56%|█████▋    | 2932/5200 [3:30:34<1:55:52,  3.07s/it]
 56%|█████▋    | 2933/5200 [3:30:37<1:54:55,  3.04s/it]
 56%|█████▋    | 2934/5200 [3:30:40<1:54:49,  3.04s/it]
 56%|█████▋    | 2935/5200 [3:30:43<1:55:37,  3.06s/it]
 56%|█████▋    | 2936/5200 [3:30:46<1:54:58,  3.05s/it]
 56%|█████▋    | 2937/5200 [3:30:49<1:54:33,  3.04s/it]
 56%|█████▋    | 2938/5200 [3:30:52<1:54:13,  3.03s/it]
 57%|█████▋    | 2939/5200 [3:30:55<1:55:24,  3.06s/it]
 57%|█████▋    | 2940/5200 [3:30:58<1:54:46,  3.05s/it]
 57%|█████▋    | 2941/5200 [3:31:01<1:54:20,  3.04s/it]
 57%|█████▋    | 2942/5200 [3:31:04<1:55:29,  3.07s/it]
 57%|█████▋    | 2943/5200 [3:31:07<1:54:49,  3.05s/it]
 57%|█████▋    | 2944/5200 [3:31:11<1:54:36,  3.05s/it]
 57%|█████▋    | 2945/5200 [3:31:14<1:54:06,  3.04s/it]
 57%|█████▋    | 2946/5200 [3:31:17<1:55:16,  3.07s/it]
 57%|█████▋    | 2947/5200 [3:31:20<1:54:36,  3.05s/it]
 57%|█████▋    | 2948/5200 [3:31:23<1:53:46,  3.03s/it]
 57%|█████▋    | 2949/5200 [3:31:26<1:55:00,  3.07s/it]
 57%|█████▋    | 2950/5200 [3:31:29<1:54:23,  3.05s/it]
 57%|█████▋    | 2951/5200 [3:31:32<1:54:13,  3.05s/it]
 57%|█████▋    | 2952/5200 [3:31:35<1:53:46,  3.04s/it]
 57%|█████▋    | 2953/5200 [3:31:38<1:54:36,  3.06s/it]
 57%|█████▋    | 2954/5200 [3:31:41<1:54:02,  3.05s/it]
 57%|█████▋    | 2955/5200 [3:31:44<1:53:51,  3.04s/it]
 57%|█████▋    | 2956/5200 [3:31:47<1:54:57,  3.07s/it]
 57%|█████▋    | 2957/5200 [3:31:50<1:54:11,  3.05s/it]
 57%|█████▋    | 2958/5200 [3:31:53<1:53:39,  3.04s/it]
 57%|█████▋    | 2959/5200 [3:31:56<1:53:16,  3.03s/it]
 57%|█████▋    | 2960/5200 [3:31:59<1:54:24,  3.06s/it]
 57%|█████▋    | 2961/5200 [3:32:02<1:53:46,  3.05s/it]
 57%|█████▋    | 2962/5200 [3:32:05<1:53:18,  3.04s/it]
 57%|█████▋    | 2963/5200 [3:32:09<1:54:30,  3.07s/it]
 57%|█████▋    | 2964/5200 [3:32:12<1:53:29,  3.05s/it]
 57%|█████▋    | 2965/5200 [3:32:15<1:53:07,  3.04s/it]
 57%|█████▋    | 2966/5200 [3:32:18<1:52:46,  3.03s/it]
 57%|█████▋    | 2967/5200 [3:32:21<1:54:00,  3.06s/it]
 57%|█████▋    | 2968/5200 [3:32:24<1:53:26,  3.05s/it]
 57%|█████▋    | 2969/5200 [3:32:27<1:52:58,  3.04s/it]
 57%|█████▋    | 2970/5200 [3:32:30<1:54:25,  3.08s/it]
 57%|█████▋    | 2971/5200 [3:32:33<1:53:21,  3.05s/it]
 57%|█████▋    | 2972/5200 [3:32:36<1:52:59,  3.04s/it]
 57%|█████▋    | 2973/5200 [3:32:39<1:52:53,  3.04s/it]
 57%|█████▋    | 2974/5200 [3:32:42<1:54:03,  3.07s/it]
 57%|█████▋    | 2975/5200 [3:32:45<1:53:21,  3.06s/it]
 57%|█████▋    | 2976/5200 [3:32:48<1:52:30,  3.04s/it]
 57%|█████▋    | 2977/5200 [3:32:51<1:54:02,  3.08s/it]
 57%|█████▋    | 2978/5200 [3:32:54<1:53:14,  3.06s/it]
 57%|█████▋    | 2979/5200 [3:32:57<1:52:46,  3.05s/it]
 57%|█████▋    | 2980/5200 [3:33:00<1:52:21,  3.04s/it]
 57%|█████▋    | 2981/5200 [3:33:03<1:53:27,  3.07s/it]
 57%|█████▋    | 2982/5200 [3:33:06<1:52:49,  3.05s/it]
 57%|█████▋    | 2983/5200 [3:33:09<1:52:04,  3.03s/it]
 57%|█████▋    | 2984/5200 [3:33:13<1:53:15,  3.07s/it]
 57%|█████▋    | 2985/5200 [3:33:16<1:52:40,  3.05s/it]
 57%|█████▋    | 2986/5200 [3:33:19<1:52:31,  3.05s/it]
 57%|█████▋    | 2987/5200 [3:33:22<1:52:08,  3.04s/it]
 57%|█████▋    | 2988/5200 [3:33:25<1:52:57,  3.06s/it]
 57%|█████▋    | 2989/5200 [3:33:28<1:52:42,  3.06s/it]
 57%|█████▊    | 2990/5200 [3:33:31<1:51:50,  3.04s/it]
 58%|█████▊    | 2991/5200 [3:33:34<1:52:59,  3.07s/it]
 58%|█████▊    | 2992/5200 [3:33:37<1:52:36,  3.06s/it]
 58%|█████▊    | 2993/5200 [3:33:40<1:52:04,  3.05s/it]
 58%|█████▊    | 2994/5200 [3:33:43<1:51:40,  3.04s/it]
 58%|█████▊    | 2995/5200 [3:33:46<1:52:47,  3.07s/it]
 58%|█████▊    | 2996/5200 [3:33:49<1:52:09,  3.05s/it]
 58%|█████▊    | 2997/5200 [3:33:52<1:51:43,  3.04s/it]
 58%|█████▊    | 2998/5200 [3:33:55<1:52:48,  3.07s/it]
 58%|█████▊    | 2999/5200 [3:33:58<1:51:49,  3.05s/it]
 58%|█████▊    | 3000/5200 [3:34:01<1:51:42,  3.05s/it]
 58%|█████▊    | 3001/5200 [3:34:04<1:51:00,  3.03s/it]
 58%|█████▊    | 3002/5200 [3:34:08<1:52:28,  3.07s/it]
 58%|█████▊    | 3003/5200 [3:34:11<1:51:33,  3.05s/it]
 58%|█████▊    | 3004/5200 [3:34:14<1:51:23,  3.04s/it]
 58%|█████▊    | 3005/5200 [3:34:17<1:52:10,  3.07s/it]
 58%|█████▊    | 3006/5200 [3:34:20<1:51:51,  3.06s/it]
 58%|█████▊    | 3007/5200 [3:34:23<1:51:23,  3.05s/it]
 58%|█████▊    | 3008/5200 [3:34:26<1:50:40,  3.03s/it]
 58%|█████▊    | 3009/5200 [3:34:29<1:51:51,  3.06s/it]
 58%|█████▊    | 3010/5200 [3:34:32<1:51:34,  3.06s/it]
 58%|█████▊    | 3011/5200 [3:34:35<1:50:47,  3.04s/it]
 58%|█████▊    | 3012/5200 [3:34:38<1:52:00,  3.07s/it]
 58%|█████▊    | 3013/5200 [3:34:41<1:51:36,  3.06s/it]
 58%|█████▊    | 3014/5200 [3:34:44<1:51:00,  3.05s/it]
 58%|█████▊    | 3015/5200 [3:34:47<1:50:35,  3.04s/it]
 58%|█████▊    | 3016/5200 [3:34:50<1:51:41,  3.07s/it]
 58%|█████▊    | 3017/5200 [3:34:53<1:51:06,  3.05s/it]
 58%|█████▊    | 3018/5200 [3:34:56<1:50:36,  3.04s/it]
 58%|█████▊    | 3019/5200 [3:34:59<1:51:22,  3.06s/it]
 58%|█████▊    | 3020/5200 [3:35:02<1:51:01,  3.06s/it]
 58%|█████▊    | 3021/5200 [3:35:06<1:50:34,  3.04s/it]
 58%|█████▊    | 3022/5200 [3:35:08<1:49:55,  3.03s/it]
 58%|█████▊    | 3023/5200 [3:35:12<1:51:27,  3.07s/it]
 58%|█████▊    | 3024/5200 [3:35:15<1:50:47,  3.05s/it]
 58%|█████▊    | 3025/5200 [3:35:18<1:50:16,  3.04s/it]
 58%|█████▊    | 3026/5200 [3:35:21<1:51:04,  3.07s/it]
 58%|█████▊    | 3027/5200 [3:35:24<1:50:44,  3.06s/it]
 58%|█████▊    | 3028/5200 [3:35:27<1:49:56,  3.04s/it]
 58%|█████▊    | 3029/5200 [3:35:30<1:49:40,  3.03s/it]
 58%|█████▊    | 3030/5200 [3:35:33<1:50:47,  3.06s/it]
 58%|█████▊    | 3031/5200 [3:35:36<1:50:30,  3.06s/it]
 58%|█████▊    | 3032/5200 [3:35:39<1:49:57,  3.04s/it]
 58%|█████▊    | 3033/5200 [3:35:42<1:50:43,  3.07s/it]
 58%|█████▊    | 3034/5200 [3:35:45<1:50:24,  3.06s/it]
 58%|█████▊    | 3035/5200 [3:35:48<1:49:37,  3.04s/it]
 58%|█████▊    | 3036/5200 [3:35:51<1:49:21,  3.03s/it]
 58%|█████▊    | 3037/5200 [3:35:54<1:50:27,  3.06s/it]
 58%|█████▊    | 3038/5200 [3:35:57<1:49:53,  3.05s/it]
 58%|█████▊    | 3039/5200 [3:36:00<1:49:25,  3.04s/it]
 58%|█████▊    | 3040/5200 [3:36:04<1:50:51,  3.08s/it]
 58%|█████▊    | 3041/5200 [3:36:07<1:49:47,  3.05s/it]
 58%|█████▊    | 3042/5200 [3:36:10<1:49:36,  3.05s/it]
 59%|█████▊    | 3043/5200 [3:36:13<1:48:54,  3.03s/it]
 59%|█████▊    | 3044/5200 [3:36:16<1:50:06,  3.06s/it]
 59%|█████▊    | 3045/5200 [3:36:19<1:49:37,  3.05s/it]
 59%|█████▊    | 3046/5200 [3:36:22<1:49:25,  3.05s/it]
 59%|█████▊    | 3047/5200 [3:36:25<1:50:25,  3.08s/it]
 59%|█████▊    | 3048/5200 [3:36:28<1:49:40,  3.06s/it]
 59%|█████▊    | 3049/5200 [3:36:31<1:48:55,  3.04s/it]
 59%|█████▊    | 3050/5200 [3:36:34<1:48:37,  3.03s/it]
 59%|█████▊    | 3051/5200 [3:36:37<1:49:45,  3.06s/it]
 59%|█████▊    | 3052/5200 [3:36:40<1:49:12,  3.05s/it]
 59%|█████▊    | 3053/5200 [3:36:43<1:48:46,  3.04s/it]
 59%|█████▊    | 3054/5200 [3:36:46<1:50:07,  3.08s/it]
 59%|█████▉    | 3055/5200 [3:36:49<1:49:22,  3.06s/it]
 59%|█████▉    | 3056/5200 [3:36:52<1:48:35,  3.04s/it]
 59%|█████▉    | 3057/5200 [3:36:55<1:48:18,  3.03s/it]
 59%|█████▉    | 3058/5200 [3:36:58<1:49:41,  3.07s/it]
 59%|█████▉    | 3059/5200 [3:37:02<1:49:04,  3.06s/it]
 59%|█████▉    | 3060/5200 [3:37:05<1:48:32,  3.04s/it]
 59%|█████▉    | 3061/5200 [3:37:08<1:49:36,  3.07s/it]
 59%|█████▉    | 3062/5200 [3:37:11<1:48:52,  3.06s/it]
 59%|█████▉    | 3063/5200 [3:37:14<1:48:23,  3.04s/it]
 59%|█████▉    | 3064/5200 [3:37:17<1:48:00,  3.03s/it]
 59%|█████▉    | 3065/5200 [3:37:20<1:48:48,  3.06s/it]
 59%|█████▉    | 3066/5200 [3:37:23<1:48:24,  3.05s/it]
 59%|█████▉    | 3067/5200 [3:37:26<1:48:14,  3.04s/it]
 59%|█████▉    | 3068/5200 [3:37:29<1:49:16,  3.08s/it]
 59%|█████▉    | 3069/5200 [3:37:32<1:48:35,  3.06s/it]
 59%|█████▉    | 3070/5200 [3:37:35<1:47:46,  3.04s/it]
 59%|█████▉    | 3071/5200 [3:37:38<1:47:31,  3.03s/it]
 59%|█████▉    | 3072/5200 [3:37:41<1:48:40,  3.06s/it]
 59%|█████▉    | 3073/5200 [3:37:44<1:48:07,  3.05s/it]
 59%|█████▉    | 3074/5200 [3:37:47<1:47:44,  3.04s/it]
 59%|█████▉    | 3075/5200 [3:37:50<1:49:02,  3.08s/it]
 59%|█████▉    | 3076/5200 [3:37:53<1:48:24,  3.06s/it]
 59%|█████▉    | 3077/5200 [3:37:56<1:47:34,  3.04s/it]
 59%|█████▉    | 3078/5200 [3:37:59<1:47:12,  3.03s/it]
 59%|█████▉    | 3079/5200 [3:38:03<1:48:21,  3.07s/it]
 59%|█████▉    | 3080/5200 [3:38:06<1:48:03,  3.06s/it]
 59%|█████▉    | 3081/5200 [3:38:09<1:47:34,  3.05s/it]
 59%|█████▉    | 3082/5200 [3:38:12<1:48:35,  3.08s/it]
 59%|█████▉    | 3083/5200 [3:38:15<1:47:38,  3.05s/it]
 59%|█████▉    | 3084/5200 [3:38:18<1:47:31,  3.05s/it]
 59%|█████▉    | 3085/5200 [3:38:21<1:47:05,  3.04s/it]
 59%|█████▉    | 3086/5200 [3:38:24<1:48:06,  3.07s/it]
 59%|█████▉    | 3087/5200 [3:38:27<1:47:29,  3.05s/it]
 59%|█████▉    | 3088/5200 [3:38:30<1:47:01,  3.04s/it]
 59%|█████▉    | 3089/5200 [3:38:33<1:47:52,  3.07s/it]
 59%|█████▉    | 3090/5200 [3:38:36<1:47:18,  3.05s/it]
 59%|█████▉    | 3091/5200 [3:38:39<1:46:53,  3.04s/it]
 59%|█████▉    | 3092/5200 [3:38:42<1:46:49,  3.04s/it]
 59%|█████▉    | 3093/5200 [3:38:45<1:47:51,  3.07s/it]
 60%|█████▉    | 3094/5200 [3:38:48<1:47:14,  3.06s/it]
 60%|█████▉    | 3095/5200 [3:38:51<1:46:44,  3.04s/it]
 60%|█████▉    | 3096/5200 [3:38:54<1:47:30,  3.07s/it]
 60%|█████▉    | 3097/5200 [3:38:58<1:47:10,  3.06s/it]
 60%|█████▉    | 3098/5200 [3:39:01<1:46:41,  3.05s/it]
 60%|█████▉    | 3099/5200 [3:39:04<1:46:22,  3.04s/it]
 60%|█████▉    | 3100/5200 [3:39:07<1:47:09,  3.06s/it]
 60%|█████▉    | 3101/5200 [3:39:10<1:46:38,  3.05s/it]
 60%|█████▉    | 3102/5200 [3:39:13<1:46:27,  3.04s/it]
 60%|█████▉    | 3103/5200 [3:39:16<1:47:28,  3.07s/it]
 60%|█████▉    | 3104/5200 [3:39:19<1:46:29,  3.05s/it]
 60%|█████▉    | 3105/5200 [3:39:22<1:46:05,  3.04s/it]
 60%|█████▉    | 3106/5200 [3:39:25<1:46:04,  3.04s/it]
 60%|█████▉    | 3107/5200 [3:39:28<1:47:01,  3.07s/it]
 60%|█████▉    | 3108/5200 [3:39:31<1:46:11,  3.05s/it]
 60%|█████▉    | 3109/5200 [3:39:34<1:45:46,  3.04s/it]
 60%|█████▉    | 3110/5200 [3:39:37<1:46:52,  3.07s/it]
 60%|█████▉    |     [nf-probe] train nf-RMS=3.4460e-05   val nf-RMS=3.9104e-05 [m]  (@nf=400)
    [joint-probe] combo-err n/a (theta frozen) | orth-frac 0.398 | V_orth 0.000e+00 | param_loss 0.000e+00
(0,)
It 3120, sqrt loss 0.00109, Val sim-RMS 0.01529, Time Loss: 70.2%, data: 0.3%, val: 29.4%,  4.3 sec/batch
3111/5200 [3:39:40<1:46:15,  3.05s/it]
 60%|█████▉    | 3112/5200 [3:39:43<1:46:07,  3.05s/it]
 60%|█████▉    | 3113/5200 [3:39:46<1:45:28,  3.03s/it]
 60%|█████▉    | 3114/5200 [3:39:49<1:46:31,  3.06s/it]
 60%|█████▉    | 3115/5200 [3:39:52<1:45:57,  3.05s/it]
 60%|█████▉    | 3116/5200 [3:39:55<1:45:31,  3.04s/it]
 60%|█████▉    | 3117/5200 [3:39:59<1:46:35,  3.07s/it]
 60%|█████▉    | 3118/5200 [3:40:02<1:45:55,  3.05s/it]
 60%|█████▉    | 3119/5200 [3:40:05<1:45:45,  3.05s/it]
 60%|██████    | 3120/5200 [3:45:41<59:35:15, 103.13s/it]
 60%|██████    | 3121/5200 [3:45:44<42:14:07, 73.13s/it] 
 60%|██████    | 3122/5200 [3:45:47<30:04:15, 52.10s/it]
 60%|██████    | 3123/5200 [3:45:50<21:33:36, 37.37s/it]
 60%|██████    | 3124/5200 [3:45:54<15:37:39, 27.10s/it]
 60%|██████    | 3125/5200 [3:45:57<11:27:16, 19.87s/it]
 60%|██████    | 3126/5200 [3:46:00<8:32:04, 14.81s/it] 
 60%|██████    | 3127/5200 [3:46:03<6:29:23, 11.27s/it]
 60%|██████    | 3128/5200 [3:46:06<5:04:58,  8.83s/it]
 60%|██████    | 3129/5200 [3:46:09<4:04:15,  7.08s/it]
 60%|██████    | 3130/5200 [3:46:12<3:22:07,  5.86s/it]
 60%|██████    | 3131/5200 [3:46:15<2:53:56,  5.04s/it]
 60%|██████    | 3132/5200 [3:46:18<2:33:02,  4.44s/it]
 60%|██████    | 3133/5200 [3:46:21<2:18:09,  4.01s/it]
 60%|██████    | 3134/5200 [3:46:24<2:07:26,  3.70s/it]
 60%|██████    | 3135/5200 [3:46:27<2:01:53,  3.54s/it]
 60%|██████    | 3136/5200 [3:46:30<1:56:04,  3.37s/it]
 60%|██████    | 3137/5200 [3:46:33<1:52:16,  3.27s/it]
 60%|██████    | 3138/5200 [3:46:36<1:49:50,  3.20s/it]
 60%|██████    | 3139/5200 [3:46:39<1:48:53,  3.17s/it]
 60%|██████    | 3140/5200 [3:46:42<1:47:14,  3.12s/it]
 60%|██████    | 3141/5200 [3:46:45<1:46:17,  3.10s/it]
 60%|██████    | 3142/5200 [3:46:48<1:46:42,  3.11s/it]
 60%|██████    | 3143/5200 [3:46:51<1:45:40,  3.08s/it]
 60%|██████    | 3144/5200 [3:46:54<1:44:53,  3.06s/it]
 60%|██████    | 3145/5200 [3:46:57<1:44:18,  3.05s/it]
 60%|██████    | 3146/5200 [3:47:01<1:45:11,  3.07s/it]
 61%|██████    | 3147/5200 [3:47:04<1:44:18,  3.05s/it]
 61%|██████    | 3148/5200 [3:47:07<1:43:53,  3.04s/it]
 61%|██████    | 3149/5200 [3:47:10<1:45:11,  3.08s/it]
 61%|██████    | 3150/5200 [3:47:13<1:44:11,  3.05s/it]
 61%|██████    | 3151/5200 [3:47:16<1:43:46,  3.04s/it]
 61%|██████    | 3152/5200 [3:47:19<1:43:27,  3.03s/it]
 61%|██████    | 3153/5200 [3:47:22<1:44:30,  3.06s/it]
 61%|██████    | 3154/5200 [3:47:25<1:43:55,  3.05s/it]
 61%|██████    | 3155/5200 [3:47:28<1:43:43,  3.04s/it]
 61%|██████    | 3156/5200 [3:47:31<1:44:26,  3.07s/it]
 61%|██████    | 3157/5200 [3:47:34<1:43:48,  3.05s/it]
 61%|██████    | 3158/5200 [3:47:37<1:43:38,  3.05s/it]
 61%|██████    | 3159/5200 [3:47:40<1:42:59,  3.03s/it]
 61%|██████    | 3160/5200 [3:47:43<1:44:17,  3.07s/it]
 61%|██████    | 3161/5200 [3:47:46<1:43:21,  3.04s/it]
 61%|██████    | 3162/5200 [3:47:49<1:42:55,  3.03s/it]
 61%|██████    | 3163/5200 [3:47:52<1:44:18,  3.07s/it]
 61%|██████    | 3164/5200 [3:47:55<1:43:21,  3.05s/it]
 61%|██████    | 3165/5200 [3:47:58<1:43:11,  3.04s/it]
 61%|██████    | 3166/5200 [3:48:01<1:42:45,  3.03s/it]
 61%|██████    | 3167/5200 [3:48:05<1:43:47,  3.06s/it]
 61%|██████    | 3168/5200 [3:48:08<1:43:13,  3.05s/it]
 61%|██████    | 3169/5200 [3:48:11<1:42:50,  3.04s/it]
 61%|██████    | 3170/5200 [3:48:14<1:43:33,  3.06s/it]
 61%|██████    | 3171/5200 [3:48:17<1:42:59,  3.05s/it]
 61%|██████    | 3172/5200 [3:48:20<1:42:35,  3.04s/it]
 61%|██████    | 3173/5200 [3:48:23<1:42:32,  3.04s/it]
 61%|██████    | 3174/5200 [3:48:26<1:43:17,  3.06s/it]
 61%|██████    | 3175/5200 [3:48:29<1:42:48,  3.05s/it]
 61%|██████    | 3176/5200 [3:48:32<1:42:23,  3.04s/it]
 61%|██████    | 3177/5200 [3:48:35<1:43:26,  3.07s/it]
 61%|██████    | 3178/5200 [3:48:38<1:42:48,  3.05s/it]
 61%|██████    | 3179/5200 [3:48:41<1:42:38,  3.05s/it]
 61%|██████    | 3180/5200 [3:48:44<1:42:11,  3.04s/it]
 61%|██████    | 3181/5200 [3:48:47<1:42:57,  3.06s/it]
 61%|██████    | 3182/5200 [3:48:50<1:42:41,  3.05s/it]
 61%|██████    | 3183/5200 [3:48:53<1:42:12,  3.04s/it]
 61%|██████    | 3184/5200 [3:48:56<1:43:12,  3.07s/it]
 61%|██████▏   | 3185/5200 [3:48:59<1:42:18,  3.05s/it]
 61%|██████▏   | 3186/5200 [3:49:02<1:41:58,  3.04s/it]
 61%|██████▏   | 3187/5200 [3:49:05<1:41:39,  3.03s/it]
 61%|██████▏   | 3188/5200 [3:49:09<1:42:43,  3.06s/it]
 61%|██████▏   | 3189/5200 [3:49:12<1:42:11,  3.05s/it]
 61%|██████▏   | 3190/5200 [3:49:15<1:41:46,  3.04s/it]
 61%|██████▏   | 3191/5200 [3:49:18<1:42:50,  3.07s/it]
 61%|██████▏   | 3192/5200 [3:49:21<1:42:14,  3.05s/it]
 61%|██████▏   | 3193/5200 [3:49:24<1:41:50,  3.04s/it]
 61%|██████▏   | 3194/5200 [3:49:27<1:41:29,  3.04s/it]
 61%|██████▏   | 3195/5200 [3:49:30<1:42:48,  3.08s/it]
 61%|██████▏   | 3196/5200 [3:49:33<1:42:08,  3.06s/it]
 61%|██████▏   | 3197/5200 [3:49:36<1:41:39,  3.05s/it]
 62%|██████▏   | 3198/5200 [3:49:39<1:42:36,  3.08s/it]
 62%|██████▏   | 3199/5200 [3:49:42<1:41:56,  3.06s/it]
 62%|██████▏   | 3200/5200 [3:49:45<1:41:26,  3.04s/it]
 62%|██████▏   | 3201/5200 [3:49:48<1:41:03,  3.03s/it]
 62%|██████▏   | 3202/5200 [3:49:51<1:41:49,  3.06s/it]
 62%|██████▏   | 3203/5200 [3:49:54<1:41:20,  3.05s/it]
 62%|██████▏   | 3204/5200 [3:49:57<1:41:12,  3.04s/it]
 62%|██████▏   | 3205/5200 [3:50:00<1:42:09,  3.07s/it]
 62%|██████▏   | 3206/5200 [3:50:03<1:41:30,  3.05s/it]
 62%|██████▏   | 3207/5200 [3:50:06<1:40:46,  3.03s/it]
 62%|██████▏   | 3208/5200 [3:50:09<1:40:29,  3.03s/it]
 62%|██████▏   | 3209/5200 [3:50:13<1:41:35,  3.06s/it]
 62%|██████▏   | 3210/5200 [3:50:16<1:41:04,  3.05s/it]
 62%|██████▏   | 3211/5200 [3:50:19<1:40:40,  3.04s/it]
 62%|██████▏   | 3212/5200 [3:50:22<1:41:45,  3.07s/it]
 62%|██████▏   | 3213/5200 [3:50:25<1:41:08,  3.05s/it]
 62%|██████▏   | 3214/5200 [3:50:28<1:40:58,  3.05s/it]
 62%|██████▏   | 3215/5200 [3:50:31<1:40:33,  3.04s/it]
 62%|██████▏   | 3216/5200 [3:50:34<1:41:13,  3.06s/it]
 62%|██████▏   | 3217/5200 [3:50:37<1:40:41,  3.05s/it]
 62%|██████▏   | 3218/5200 [3:50:40<1:40:32,  3.04s/it]
 62%|██████▏   | 3219/5200 [3:50:43<1:41:31,  3.07s/it]
 62%|██████▏   | 3220/5200 [3:50:46<1:40:50,  3.06s/it]
 62%|██████▏   | 3221/5200 [3:50:49<1:40:24,  3.04s/it]
 62%|██████▏   | 3222/5200 [3:50:52<1:40:03,  3.04s/it]
 62%|██████▏   | 3223/5200 [3:50:55<1:41:08,  3.07s/it]
 62%|██████▏   | 3224/5200 [3:50:58<1:40:32,  3.05s/it]
 62%|██████▏   | 3225/5200 [3:51:01<1:40:07,  3.04s/it]
 62%|██████▏   | 3226/5200 [3:51:05<1:40:50,  3.06s/it]
 62%|██████▏   | 3227/5200 [3:51:08<1:40:29,  3.06s/it]
 62%|██████▏   | 3228/5200 [3:51:11<1:39:48,  3.04s/it]
 62%|██████▏   | 3229/5200 [3:51:14<1:39:46,  3.04s/it]
 62%|██████▏   | 3230/5200 [3:51:17<1:40:29,  3.06s/it]
 62%|██████▏   | 3231/5200 [3:51:20<1:40:17,  3.06s/it]
 62%|██████▏   | 3232/5200 [3:51:23<1:39:36,  3.04s/it]
 62%|██████▏   | 3233/5200 [3:51:26<1:40:54,  3.08s/it]
 62%|██████▏   | 3234/5200 [3:51:29<1:40:12,  3.06s/it]
 62%|██████▏   | 3235/5200 [3:51:32<1:39:30,  3.04s/it]
 62%|██████▏   | 3236/5200 [3:51:35<1:39:30,  3.04s/it]
 62%|██████▏   | 3237/5200 [3:51:38<1:40:26,  3.07s/it]
 62%|██████▏   | 3238/5200 [3:51:41<1:39:35,  3.05s/it]
 62%|██████▏   | 3239/5200 [3:51:44<1:39:26,  3.04s/it]
 62%|██████▏   | 3240/5200 [3:51:47<1:40:25,  3.07s/it]
 62%|██████▏   | 3241/5200 [3:51:50<1:39:49,  3.06s/it]
 62%|██████▏   | 3242/5200 [3:51:53<1:39:22,  3.05s/it]
 62%|██████▏   | 3243/5200 [3:51:56<1:39:00,  3.04s/it]
 62%|██████▏   | 3244/5200 [3:51:59<1:39:44,  3.06s/it]
 62%|██████▏   | 3245/5200 [3:52:02<1:39:16,  3.05s/it]
 62%|██████▏   | 3246/5200 [3:52:05<1:38:54,  3.04s/it]
 62%|██████▏   | 3247/5200 [3:52:09<1:39:56,  3.07s/it]
 62%|██████▏   | 3248/5200 [3:52:12<1:39:19,  3.05s/it]
 62%|██████▏   | 3249/5200 [3:52:15<1:39:09,  3.05s/it]
 62%|██████▎   | 3250/5200 [3:52:18<1:38:44,  3.04s/it]
 63%|██████▎   | 3251/5200 [3:52:21<1:39:41,  3.07s/it]
 63%|██████▎   | 3252/5200 [3:52:24<1:38:48,  3.04s/it]
 63%|██████▎   | 3253/5200 [3:52:27<1:38:40,  3.04s/it]
 63%|██████▎   | 3254/5200 [3:52:30<1:39:35,  3.07s/it]
 63%|██████▎   | 3255/5200 [3:52:33<1:38:41,  3.04s/it]
 63%|██████▎   | 3256/5200 [3:52:36<1:38:20,  3.04s/it]
 63%|██████▎   | 3257/5200 [3:52:39<1:38:03,  3.03s/it]
 63%|██████▎   | 3258/5200 [3:52:42<1:39:04,  3.06s/it]
 63%|██████▎   | 3259/5200 [3:52:45<1:38:34,  3.05s/it]
 63%|██████▎   | 3260/5200 [3:52:48<1:38:25,  3.04s/it]
 63%|██████▎   | 3261/5200 [3:52:51<1:39:07,  3.07s/it]
 63%|██████▎   | 3262/5200 [3:52:54<1:38:33,  3.05s/it]
 63%|██████▎   | 3263/5200 [3:52:57<1:38:10,  3.04s/it]
 63%|██████▎   | 3264/5200 [3:53:00<1:38:04,  3.04s/it]
 63%|██████▎   | 3265/5200 [3:53:04<1:39:00,  3.07s/it]
 63%|██████▎   | 3266/5200 [3:53:07<1:38:09,  3.05s/it]
 63%|██████▎   | 3267/5200 [3:53:10<1:38:02,  3.04s/it]
 63%|██████▎   | 3268/5200 [3:53:13<1:38:43,  3.07s/it]
 63%|██████▎   | 3269/5200 [3:53:16<1:38:09,  3.05s/it]
 63%|██████▎   | 3270/5200 [3:53:19<1:37:46,  3.04s/it]
 63%|██████▎   | 3271/5200 [3:53:22<1:37:45,  3.04s/it]
 63%|██████▎   | 3272/5200 [3:53:25<1:38:22,  3.06s/it]
 63%|██████▎   | 3273/5200 [3:53:28<1:37:50,  3.05s/it]
 63%|██████▎   | 3274/5200 [3:53:31<1:37:40,  3.04s/it]
 63%|██████▎   | 3275/5200 [3:53:34<1:38:22,  3.07s/it]
 63%|██████▎   | 3276/5200 [3:53:37<1:38:02,  3.06s/it]
 63%|██████▎   | 3277/5200 [3:53:40<1:37:20,  3.04s/it]
 63%|██████▎   | 3278/5200 [3:53:43<1:37:03,  3.03s/it]
 63%|██████▎   | 3279/5200 [3:53:46<1:38:19,  3.07s/it]
 63%|██████▎   | 3280/5200 [3:53:49<1:37:31,  3.05s/it]
 63%|██████▎   | 3281/5200 [3:53:52<1:37:08,  3.04s/it]
 63%|██████▎   | 3282/5200 [3:53:55<1:38:03,  3.07s/it]
 63%|██████▎   | 3283/5200 [3:53:58<1:37:43,  3.06s/it]
 63%|██████▎   | 3284/5200 [3:54:01<1:37:14,  3.05s/it]
 63%|██████▎   | 3285/5200 [3:54:04<1:36:50,  3.03s/it]
 63%|██████▎   | 3286/5200 [3:54:08<1:37:35,  3.06s/it]
 63%|██████▎   | 3287/5200 [3:54:11<1:37:21,  3.05s/it]
 63%|██████▎   | 3288/5200 [3:54:14<1:36:56,  3.04s/it]
 63%|██████▎   | 3289/5200 [3:54:17<1:37:56,  3.08s/it]
 63%|██████▎   | 3290/5200 [3:54:20<1:37:06,  3.05s/it]
 63%|██████▎   | 3291/5200 [3:54:23<1:36:58,  3.05s/it]
 63%|██████▎   | 3292/5200 [3:54:26<1:36:33,  3.04s/it]
 63%|██████▎   | 3293/5200 [3:54:29<1:37:11,  3.06s/it]
 63%|██████▎   | 3294/5200 [3:54:32<1:36:40,  3.04s/it]
 63%|██████▎   | 3295/5200 [3:54:35<1:36:32,  3.04s/it]
 63%|██████▎   | 3296/5200 [3:54:38<1:37:23,  3.07s/it]
 63%|██████▎   | 3297/5200 [3:54:41<1:36:46,  3.05s/it]
 63%|██████▎   | 3298/5200 [3:54:44<1:36:23,  3.04s/it]
 63%|██████▎   | 3299/5200 [3:54:47<1:36:07,  3.03s/it]
 63%|██████▎   | 3300/5200 [3:54:50<1:37:04,  3.07s/it]
 63%|██████▎   | 3301/5200 [3:54:53<1:36:18,  3.04s/it]
 64%|██████▎   | 3302/5200 [3:54:56<1:35:55,  3.03s/it]
 64%|██████▎   | 3303/5200 [3:54:59<1:37:10,  3.07s/it]
 64%|██████▎   | 3304/5200 [3:55:02<1:36:30,  3.05s/it]
 64%|██████▎   | 3305/5200 [3:55:05<1:35:52,  3.04s/it]
 64%|██████▎   | 3306/5200 [3:55:08<1:35:49,  3.04s/it]
 64%|██████▎   | 3307/5200 [3:55:12<1:36:35,  3.06s/it]
 64%|██████▎   | 3308/5200 [3:55:15<1:36:05,  3.05s/it]
 64%|██████▎   | 3309/5200 [3:55:18<1:35:42,  3.04s/it]
 64%|██████▎   | 3310/5200 [3:55:21<1:36:54,  3.08s/it]
 64%|██████▎   | 3311/5200 [3:55:24<1:36:15,  3.06s/it]
 64%|██████▎   | 3312/5200 [3:55:27<1:35:34,  3.04s/it]
 64%|██████▎   | 3313/5200 [3:55:30<1:35:30,  3.04s/it]
 64%|██████▎   | 3314/5200 [3:55:33<1:36:09,  3.06s/it]
 64%|██████▍   | 3315/5200 [3:55:36<1:35:41,  3.05s/it]
 64%|██████▍   | 3316/5200 [3:55:39<1:35:33,  3.04s/it]
 64%|██████▍   | 3317/5200 [3:55:42<1:36:29,  3.07s/it]
 64%|██████▍   | 3318/5200 [3:55:45<1:35:52,  3.06s/it]
 64%|██████▍   | 3319/5200 [3:55:48<1:35:27,  3.05s/it]
 64%|██████▍   | 3320/5200 [3:55:51<1:35:07,  3.04s/it]
 64%|██████▍   | 3321/5200 [3:55:54<1:36:02,  3.07s/it]
 64%|██████▍   | 3322/5200 [3:55:57<1:35:29,  3.05s/it]
 64%|██████▍   | 3323/5200 [3:56:00<1:34:51,  3.03s/it]
 64%|██████▍   | 3324/5200 [3:56:03<1:36:07,  3.07s/it]
 64%|██████▍   | 3325/5200 [3:56:07<1:35:31,  3.06s/it]
 64%|██████▍   | 3326/5200 [3:56:10<1:35:06,  3.05s/it]
 64%|██████▍   | 3327/5200 [3:56:13<1:34:32,  3.03s/it]
 64%|██████▍   | 3328/5200 [3:56:16<1:35:34,  3.06s/it]
 64%|██████▍   | 3329/5200 [3:56:19<1:35:20,  3.06s/it]
 64%|██████▍   | 3330/5200 [3:56:22<1:34:40,  3.04s/it]
 64%|██████▍   | 3331/5200 [3:56:25<1:35:39,  3.07s/it]
 64%|██████▍   | 3332/5200 [3:56:28<1:35:04,  3.05s/it]
 64%|██████▍   | 3333/5200 [3:56:31<1:34:55,  3.05s/it]
 64%|██████▍   | 3334/5200 [3:56:34<1:34:33,  3.04s/it]
 64%|██████▍   | 3335/5200 [3:56:37<1:35:27,  3.07s/it]
 64%|██████▍   | 3336/5200 [3:56:40<1:34:39,  3.05s/it]
 64%|██████▍   | 3337/5200 [3:56:43<1:34:31,  3.04s/it]
 64%|██████▍   | 3338/5200 [3:56:46<1:35:24,  3.07s/it]
 64%|██████▍   | 3339/5200 [3:56:49<1:34:49,  3.06s/it]
 64%|██████▍   | 3340/5200 [3:56:52<1:34:11,  3.04s/it]
 64%|██████▍   | 3341/5200 [3:56:55<1:34:10,  3.04s/it]
 64%|██████▍   | 3342/5200 [3:56:58<1:34:48,  3.06s/it]
 64%|██████▍   | 3343/5200 [3:57:01<1:34:34,  3.06s/it]
 64%|██████▍   | 3344/5200 [3:57:04<1:33:54,  3.04s/it]
 64%|██████▍   | 3345/5200 [3:57:08<1:35:05,  3.08s/it]
 64%|██████▍   | 3346/5200 [3:57:11<1:34:10,  3.05s/it]
 64%|██████▍   | 3347/5200 [3:57:14<1:33:48,  3.04s/it]
 64%|██████▍   | 3348/5200 [3:57:17<1:33:31,  3.03s/it]
 64%|██████▍   | 3349/5200 [3:57:20<1:34:45,  3.07s/it]
 64%|██████▍   | 3350/5200 [3:57:23<1:33:57,  3.05s/it]
 64%|██████▍   | 3351/5200 [3:57:26<1:33:48,  3.04s/it]
 64%|██████▍   | 3352/5200 [3:57:29<1:34:27,  3.07s/it]
 64%|██████▍   | 3353/5200 [3:57:32<1:34:08,  3.06s/it]
 64%|██████▍   | 3354/5200 [3:57:35<1:33:27,  3.04s/it]
 65%|██████▍   | 3355/5200 [3:57:38<1:33:12,  3.03s/it]
 65%|██████▍   | 3356/5200 [3:57:41<1:34:21,  3.07s/it]
 65%|██████▍   | 3357/5200 [3:57:44<1:33:47,  3.05s/it]
 65%|██████▍   | 3358/5200 [3:57:47<1:33:19,  3.04s/it]
 65%|██████▍   | 3359/5200 [3:57:50<1:33:57,  3.06s/it]
 65%|██████▍   | 3360/5200 [3:57:53<1:33:38,  3.05s/it]
 65%|██████▍   | 3361/5200 [3:57:56<1:32:59,  3.03s/it]
 65%|██████▍   | 3362/5200 [3:57:59<1:32:58,  3.04s/it]
 65%|██████▍   | 3363/5200 [3:58:02<1:33:53,  3.07s/it]
 65%|██████▍   | 3364/5200 [3:58:05<1:33:21,  3.05s/it]
 65%|██████▍   | 3365/5200 [3:58:08<1:32:55,  3.04s/it]
 65%|██████▍   | 3366/5200 [3:58:12<1:33:48,  3.07s/it]
 65%|██████▍   | 3367/5200 [3:58:15<1:33:14,  3.05s/it]
 65%|██████▍   | 3368/5200 [3:58:18<1:32:34,  3.03s/it]
 65%|██████▍   | 3369/5200 [3:58:21<1:32:18,  3.02s/it]
 65%|██████▍   | 3370/5200 [3:58:24<1:33:16,  3.06s/it]
 65%|██████▍   | 3371/5200 [3:58:27<1:33:04,  3.05s/it]
 65%|██████▍   | 3372/5200 [3:58:30<1:32:23,  3.03s/it]
 65%|██████▍   | 3373/5200 [3:58:33<1:33:22,  3.07s/it]
 65%|██████▍   | 3374/5200 [3:58:36<1:32:48,  3.05s/it]
 65%|██████▍   | 3375/5200 [3:58:39<1:32:24,  3.04s/it]
 65%|██████▍   | 3376/5200 [3:58:42<    [nf-probe] train nf-RMS=3.4082e-05   val nf-RMS=3.8948e-05 [m]  (@nf=400)
    [joint-probe] combo-err n/a (theta frozen) | orth-frac 0.408 | V_orth 0.000e+00 | param_loss 0.000e+00
(0,)
It 3380, sqrt loss 0.001085, Val sim-RMS 0.01506, Time Loss: 70.2%, data: 0.3%, val: 29.4%,  4.3 sec/batch
1:32:19,  3.04s/it]
 65%|██████▍   | 3377/5200 [3:58:45<1:32:55,  3.06s/it]
 65%|██████▍   | 3378/5200 [3:58:48<1:32:26,  3.04s/it]
 65%|██████▍   | 3379/5200 [3:58:51<1:32:20,  3.04s/it]
 65%|██████▌   | 3380/5200 [4:04:28<52:08:17, 103.13s/it]
 65%|██████▌   | 3381/5200 [4:04:31<36:56:54, 73.13s/it] 
 65%|██████▌   | 3382/5200 [4:04:34<26:18:22, 52.09s/it]
 65%|██████▌   | 3383/5200 [4:04:37<18:51:49, 37.37s/it]
 65%|██████▌   | 3384/5200 [4:04:40<13:40:11, 27.10s/it]
 65%|██████▌   | 3385/5200 [4:04:43<10:01:09, 19.87s/it]
 65%|██████▌   | 3386/5200 [4:04:46<7:28:07, 14.82s/it] 
 65%|██████▌   | 3387/5200 [4:04:49<5:40:51, 11.28s/it]
 65%|██████▌   | 3388/5200 [4:04:52<4:26:42,  8.83s/it]
 65%|██████▌   | 3389/5200 [4:04:55<3:33:53,  7.09s/it]
 65%|██████▌   | 3390/5200 [4:04:58<2:56:53,  5.86s/it]
 65%|██████▌   | 3391/5200 [4:05:01<2:31:14,  5.02s/it]
 65%|██████▌   | 3392/5200 [4:05:04<2:13:57,  4.45s/it]
 65%|██████▌   | 3393/5200 [4:05:07<2:00:56,  4.02s/it]
 65%|██████▌   | 3394/5200 [4:05:10<1:51:45,  3.71s/it]
 65%|██████▌   | 3395/5200 [4:05:14<1:46:46,  3.55s/it]
 65%|██████▌   | 3396/5200 [4:05:17<1:41:36,  3.38s/it]
 65%|██████▌   | 3397/5200 [4:05:20<1:38:13,  3.27s/it]
 65%|██████▌   | 3398/5200 [4:05:23<1:37:01,  3.23s/it]
 65%|██████▌   | 3399/5200 [4:05:26<1:35:11,  3.17s/it]
 65%|██████▌   | 3400/5200 [4:05:29<1:33:29,  3.12s/it]
 65%|██████▌   | 3401/5200 [4:05:32<1:32:43,  3.09s/it]
 65%|██████▌   | 3402/5200 [4:05:35<1:32:53,  3.10s/it]
 65%|██████▌   | 3403/5200 [4:05:38<1:32:04,  3.07s/it]
 65%|██████▌   | 3404/5200 [4:05:41<1:31:38,  3.06s/it]
 65%|██████▌   | 3405/5200 [4:05:44<1:32:05,  3.08s/it]
 66%|██████▌   | 3406/5200 [4:05:47<1:31:25,  3.06s/it]
 66%|██████▌   | 3407/5200 [4:05:50<1:31:13,  3.05s/it]
 66%|██████▌   | 3408/5200 [4:05:53<1:30:49,  3.04s/it]
 66%|██████▌   | 3409/5200 [4:05:56<1:31:26,  3.06s/it]
 66%|██████▌   | 3410/5200 [4:05:59<1:31:10,  3.06s/it]
 66%|██████▌   | 3411/5200 [4:06:02<1:30:45,  3.04s/it]
 66%|██████▌   | 3412/5200 [4:06:06<1:31:38,  3.08s/it]
 66%|██████▌   | 3413/5200 [4:06:09<1:31:00,  3.06s/it]
 66%|██████▌   | 3414/5200 [4:06:12<1:30:36,  3.04s/it]
 66%|██████▌   | 3415/5200 [4:06:15<1:30:01,  3.03s/it]
 66%|██████▌   | 3416/5200 [4:06:18<1:31:12,  3.07s/it]
 66%|██████▌   | 3417/5200 [4:06:21<1:30:26,  3.04s/it]
 66%|██████▌   | 3418/5200 [4:06:24<1:30:21,  3.04s/it]
 66%|██████▌   | 3419/5200 [4:06:27<1:31:02,  3.07s/it]
 66%|██████▌   | 3420/5200 [4:06:30<1:30:43,  3.06s/it]
 66%|██████▌   | 3421/5200 [4:06:33<1:30:04,  3.04s/it]
 66%|██████▌   | 3422/5200 [4:06:36<1:29:59,  3.04s/it]
 66%|██████▌   | 3423/5200 [4:06:39<1:30:35,  3.06s/it]
 66%|██████▌   | 3424/5200 [4:06:42<1:30:06,  3.04s/it]
 66%|██████▌   | 3425/5200 [4:06:45<1:30:00,  3.04s/it]
 66%|██████▌   | 3426/5200 [4:06:48<1:30:37,  3.07s/it]
 66%|██████▌   | 3427/5200 [4:06:51<1:30:19,  3.06s/it]
 66%|██████▌   | 3428/5200 [4:06:54<1:29:38,  3.04s/it]
 66%|██████▌   | 3429/5200 [4:06:57<1:29:23,  3.03s/it]
 66%|██████▌   | 3430/5200 [4:07:00<1:30:35,  3.07s/it]
 66%|██████▌   | 3431/5200 [4:07:03<1:29:48,  3.05s/it]
 66%|██████▌   | 3432/5200 [4:07:06<1:29:28,  3.04s/it]
 66%|██████▌   | 3433/5200 [4:07:10<1:30:35,  3.08s/it]
 66%|██████▌   | 3434/5200 [4:07:13<1:29:44,  3.05s/it]
 66%|██████▌   | 3435/5200 [4:07:16<1:29:24,  3.04s/it]
 66%|██████▌   | 3436/5200 [4:07:19<1:29:07,  3.03s/it]
 66%|██████▌   | 3437/5200 [4:07:22<1:30:17,  3.07s/it]
 66%|██████▌   | 3438/5200 [4:07:25<1:29:27,  3.05s/it]
 66%|██████▌   | 3439/5200 [4:07:28<1:29:18,  3.04s/it]
 66%|██████▌   | 3440/5200 [4:07:31<1:30:09,  3.07s/it]
 66%|██████▌   | 3441/5200 [4:07:34<1:29:33,  3.05s/it]
 66%|██████▌   | 3442/5200 [4:07:37<1:28:52,  3.03s/it]
 66%|██████▌   | 3443/5200 [4:07:40<1:28:37,  3.03s/it]
 66%|██████▌   | 3444/5200 [4:07:43<1:29:47,  3.07s/it]
 66%|██████▋   | 3445/5200 [4:07:46<1:29:05,  3.05s/it]
 66%|██████▋   | 3446/5200 [4:07:49<1:28:42,  3.03s/it]
 66%|██████▋   | 3447/5200 [4:07:52<1:29:50,  3.08s/it]
 66%|██████▋   | 3448/5200 [4:07:55<1:29:10,  3.05s/it]
 66%|██████▋   | 3449/5200 [4:07:58<1:28:47,  3.04s/it]
 66%|██████▋   | 3450/5200 [4:08:01<1:28:26,  3.03s/it]
 66%|██████▋   | 3451/5200 [4:08:04<1:29:19,  3.06s/it]
 66%|██████▋   | 3452/5200 [4:08:07<1:28:47,  3.05s/it]
 66%|██████▋   | 3453/5200 [4:08:10<1:28:08,  3.03s/it]
 66%|██████▋   | 3454/5200 [4:08:14<1:29:21,  3.07s/it]
 66%|██████▋   | 3455/5200 [4:08:17<1:28:33,  3.04s/it]
 66%|██████▋   | 3456/5200 [4:08:20<1:28:13,  3.04s/it]
 66%|██████▋   | 3457/5200 [4:08:23<1:28:11,  3.04s/it]
 66%|██████▋   | 3458/5200 [4:08:26<1:29:02,  3.07s/it]
 67%|██████▋   | 3459/5200 [4:08:29<1:28:31,  3.05s/it]
 67%|██████▋   | 3460/5200 [4:08:32<1:27:53,  3.03s/it]
 67%|██████▋   | 3461/5200 [4:08:35<1:29:01,  3.07s/it]
 67%|██████▋   | 3462/5200 [4:08:38<1:28:13,  3.05s/it]
 67%|██████▋   | 3463/5200 [4:08:41<1:28:04,  3.04s/it]
 67%|██████▋   | 3464/5200 [4:08:44<1:27:32,  3.03s/it]
 67%|██████▋   | 3465/5200 [4:08:47<1:28:42,  3.07s/it]
 67%|██████▋   | 3466/5200 [4:08:50<1:27:57,  3.04s/it]
 67%|██████▋   | 3467/5200 [4:08:53<1:27:37,  3.03s/it]
 67%|██████▋   | 3468/5200 [4:08:56<1:28:43,  3.07s/it]
 67%|██████▋   | 3469/5200 [4:08:59<1:28:07,  3.05s/it]
 67%|██████▋   | 3470/5200 [4:09:02<1:27:26,  3.03s/it]
 67%|██████▋   | 3471/5200 [4:09:05<1:27:21,  3.03s/it]
 67%|██████▋   | 3472/5200 [4:09:08<1:27:59,  3.06s/it]
 67%|██████▋   | 3473/5200 [4:09:11<1:27:34,  3.04s/it]
 67%|██████▋   | 3474/5200 [4:09:14<1:27:14,  3.03s/it]
 67%|██████▋   | 3475/5200 [4:09:18<1:28:24,  3.07s/it]
 67%|██████▋   | 3476/5200 [4:09:21<1:27:34,  3.05s/it]
 67%|██████▋   | 3477/5200 [4:09:24<1:27:27,  3.05s/it]
 67%|██████▋   | 3478/5200 [4:09:27<1:26:54,  3.03s/it]
 67%|██████▋   | 3479/5200 [4:09:30<1:27:50,  3.06s/it]
 67%|██████▋   | 3480/5200 [4:09:33<1:27:33,  3.05s/it]
 67%|██████▋   | 3481/5200 [4:09:36<1:27:06,  3.04s/it]
 67%|██████▋   | 3482/5200 [4:09:39<1:27:42,  3.06s/it]
 67%|██████▋   | 3483/5200 [4:09:42<1:27:11,  3.05s/it]
 67%|██████▋   | 3484/5200 [4:09:45<1:27:04,  3.04s/it]
 67%|██████▋   | 3485/5200 [4:09:48<1:26:45,  3.04s/it]
 67%|██████▋   | 3486/5200 [4:09:51<1:27:28,  3.06s/it]
 67%|██████▋   | 3487/5200 [4:09:54<1:27:13,  3.06s/it]
 67%|██████▋   | 3488/5200 [4:09:57<1:26:47,  3.04s/it]
 67%|██████▋   | 3489/5200 [4:10:00<1:27:35,  3.07s/it]
 67%|██████▋   | 3490/5200 [4:10:03<1:27:00,  3.05s/it]
 67%|██████▋   | 3491/5200 [4:10:06<1:26:37,  3.04s/it]
 67%|██████▋   | 3492/5200 [4:10:09<1:26:17,  3.03s/it]
 67%|██████▋   | 3493/5200 [4:10:12<1:27:10,  3.06s/it]
 67%|██████▋   | 3494/5200 [4:10:15<1:26:40,  3.05s/it]
 67%|██████▋   | 3495/5200 [4:10:18<1:26:18,  3.04s/it]
 67%|██████▋   | 3496/5200 [4:10:22<1:27:11,  3.07s/it]
 67%|██████▋   | 3497/5200 [4:10:25<1:26:26,  3.05s/it]
 67%|██████▋   | 3498/5200 [4:10:28<1:26:20,  3.04s/it]
 67%|██████▋   | 3499/5200 [4:10:31<1:25:46,  3.03s/it]
 67%|██████▋   | 3500/5200 [4:10:34<1:26:43,  3.06s/it]
 67%|██████▋   | 3501/5200 [4:10:37<1:26:30,  3.06s/it]
 67%|██████▋   | 3502/5200 [4:10:40<1:25:52,  3.03s/it]
 67%|██████▋   | 3503/5200 [4:10:43<1:27:00,  3.08s/it]
 67%|██████▋   | 3504/5200 [4:10:46<1:26:10,  3.05s/it]
 67%|██████▋   | 3505/5200 [4:10:49<1:25:49,  3.04s/it]
 67%|██████▋   | 3506/5200 [4:10:52<1:25:45,  3.04s/it]
 67%|██████▋   | 3507/5200 [4:10:55<1:26:20,  3.06s/it]
 67%|██████▋   | 3508/5200 [4:10:58<1:25:53,  3.05s/it]
 67%|██████▋   | 3509/5200 [4:11:01<1:25:30,  3.03s/it]
 68%|██████▊   | 3510/5200 [4:11:04<1:26:38,  3.08s/it]
 68%|██████▊   | 3511/5200 [4:11:07<1:25:51,  3.05s/it]
 68%|██████▊   | 3512/5200 [4:11:10<1:25:43,  3.05s/it]
 68%|██████▊   | 3513/5200 [4:11:13<1:25:23,  3.04s/it]
 68%|██████▊   | 3514/5200 [4:11:16<1:26:03,  3.06s/it]
 68%|██████▊   | 3515/5200 [4:11:20<1:25:50,  3.06s/it]
 68%|██████▊   | 3516/5200 [4:11:23<1:25:14,  3.04s/it]
 68%|██████▊   | 3517/5200 [4:11:26<1:26:04,  3.07s/it]
 68%|██████▊   | 3518/5200 [4:11:29<1:25:42,  3.06s/it]
 68%|██████▊   | 3519/5200 [4:11:32<1:25:01,  3.04s/it]
 68%|██████▊   | 3520/5200 [4:11:35<1:24:44,  3.03s/it]
 68%|██████▊   | 3521/5200 [4:11:38<1:25:38,  3.06s/it]
 68%|██████▊   | 3522/5200 [4:11:41<1:25:25,  3.05s/it]
 68%|██████▊   | 3523/5200 [4:11:44<1:25:01,  3.04s/it]
 68%|██████▊   | 3524/5200 [4:11:47<1:25:51,  3.07s/it]
 68%|██████▊   | 3525/5200 [4:11:50<1:25:19,  3.06s/it]
 68%|██████▊   | 3526/5200 [4:11:53<1:24:54,  3.04s/it]
 68%|██████▊   | 3527/5200 [4:11:56<1:24:23,  3.03s/it]
 68%|██████▊   | 3528/5200 [4:11:59<1:25:17,  3.06s/it]
 68%|██████▊   | 3529/5200 [4:12:02<1:24:49,  3.05s/it]
 68%|██████▊   | 3530/5200 [4:12:05<1:24:40,  3.04s/it]
 68%|██████▊   | 3531/5200 [4:12:08<1:25:15,  3.07s/it]
 68%|██████▊   | 3532/5200 [4:12:11<1:24:44,  3.05s/it]
 68%|██████▊   | 3533/5200 [4:12:14<1:24:33,  3.04s/it]
 68%|██████▊   | 3534/5200 [4:12:17<1:24:14,  3.03s/it]
 68%|██████▊   | 3535/5200 [4:12:21<1:25:01,  3.06s/it]
 68%|██████▊   | 3536/5200 [4:12:24<1:24:32,  3.05s/it]
 68%|██████▊   | 3537/5200 [4:12:27<1:24:09,  3.04s/it]
 68%|██████▊   | 3538/5200 [4:12:30<1:24:56,  3.07s/it]
 68%|██████▊   | 3539/5200 [4:12:33<1:24:22,  3.05s/it]
 68%|██████▊   | 3540/5200 [4:12:36<1:23:48,  3.03s/it]
 68%|██████▊   | 3541/5200 [4:12:39<1:23:49,  3.03s/it]
 68%|██████▊   | 3542/5200 [4:12:42<1:24:31,  3.06s/it]
 68%|██████▊   | 3543/5200 [4:12:45<1:24:07,  3.05s/it]
 68%|██████▊   | 3544/5200 [4:12:48<1:23:59,  3.04s/it]
 68%|██████▊   | 3545/5200 [4:12:51<1:24:44,  3.07s/it]
 68%|██████▊   | 3546/5200 [4:12:54<1:24:10,  3.05s/it]
 68%|██████▊   | 3547/5200 [4:12:57<1:23:35,  3.03s/it]
 68%|██████▊   | 3548/5200 [4:13:00<1:23:33,  3.03s/it]
 68%|██████▊   | 3549/5200 [4:13:03<1:24:22,  3.07s/it]
 68%|██████▊   | 3550/5200 [4:13:06<1:23:42,  3.04s/it]
 68%|██████▊   | 3551/5200 [4:13:09<1:23:24,  3.03s/it]
 68%|██████▊   | 3552/5200 [4:13:12<1:24:28,  3.08s/it]
 68%|██████▊   | 3553/5200 [4:13:15<1:23:52,  3.06s/it]
 68%|██████▊   | 3554/5200 [4:13:18<1:23:24,  3.04s/it]
 68%|██████▊   | 3555/5200 [4:13:21<1:22:54,  3.02s/it]
 68%|██████▊   | 3556/5200 [4:13:25<1:23:48,  3.06s/it]
 68%|██████▊   | 3557/5200 [4:13:28<1:23:21,  3.04s/it]
 68%|██████▊   | 3558/5200 [4:13:31<1:23:01,  3.03s/it]
 68%|██████▊   | 3559/5200 [4:13:34<1:23:56,  3.07s/it]
 68%|██████▊   | 3560/5200 [4:13:37<1:23:37,  3.06s/it]
 68%|██████▊   | 3561/5200 [4:13:40<1:23:12,  3.05s/it]
 68%|██████▊   | 3562/5200 [4:13:43<1:22:51,  3.03s/it]
 69%|██████▊   | 3563/5200 [4:13:46<1:23:38,  3.07s/it]
 69%|██████▊   | 3564/5200 [4:13:49<1:23:10,  3.05s/it]
 69%|██████▊   | 3565/5200 [4:13:52<1:22:50,  3.04s/it]
 69%|██████▊   | 3566/5200 [4:13:55<1:23:25,  3.06s/it]
 69%|██████▊   | 3567/5200 [4:13:58<1:22:57,  3.05s/it]
 69%|██████▊   | 3568/5200 [4:14:01<1:22:34,  3.04s/it]
 69%|██████▊   | 3569/5200 [4:14:04<1:22:31,  3.04s/it]
 69%|██████▊   | 3570/5200 [4:14:07<1:23:20,  3.07s/it]
 69%|██████▊   | 3571/5200 [4:14:10<1:22:37,  3.04s/it]
 69%|██████▊   | 3572/5200 [4:14:13<1:22:19,  3.03s/it]
 69%|██████▊   | 3573/5200 [4:14:16<1:23:23,  3.08s/it]
 69%|██████▊   | 3574/5200 [4:14:19<1:22:35,  3.05s/it]
 69%|██████▉   | 3575/5200 [4:14:22<1:22:26,  3.04s/it]
 69%|██████▉   | 3576/5200 [4:14:25<1:22:05,  3.03s/it]
 69%|██████▉   | 3577/5200 [4:14:29<1:22:41,  3.06s/it]
 69%|██████▉   | 3578/5200 [4:14:32<1:22:16,  3.04s/it]
 69%|██████▉   | 3579/5200 [4:14:35<1:21:56,  3.03s/it]
 69%|██████▉   | 3580/5200 [4:14:38<1:22:45,  3.07s/it]
 69%|██████▉   | 3581/5200 [4:14:41<1:22:15,  3.05s/it]
 69%|██████▉   | 3582/5200 [4:14:44<1:21:51,  3.04s/it]
 69%|██████▉   | 3583/5200 [4:14:47<1:21:48,  3.04s/it]
 69%|██████▉   | 3584/5200 [4:14:50<1:22:22,  3.06s/it]
 69%|██████▉   | 3585/5200 [4:14:53<1:22:11,  3.05s/it]
 69%|██████▉   | 3586/5200 [4:14:56<1:21:47,  3.04s/it]
 69%|██████▉   | 3587/5200 [4:14:59<1:22:23,  3.06s/it]
 69%|██████▉   | 3588/5200 [4:15:02<1:21:54,  3.05s/it]
 69%|██████▉   | 3589/5200 [4:15:05<1:21:48,  3.05s/it]
 69%|██████▉   | 3590/5200 [4:15:08<1:21:26,  3.04s/it]
 69%|██████▉   | 3591/5200 [4:15:11<1:22:14,  3.07s/it]
 69%|██████▉   | 3592/5200 [4:15:14<1:21:42,  3.05s/it]
 69%|██████▉   | 3593/5200 [4:15:17<1:21:18,  3.04s/it]
 69%|██████▉   | 3594/5200 [4:15:20<1:22:06,  3.07s/it]
 69%|██████▉   | 3595/5200 [4:15:23<1:21:22,  3.04s/it]
 69%|██████▉   | 3596/5200 [4:15:26<1:21:04,  3.03s/it]
 69%|██████▉   | 3597/5200 [4:15:29<1:20:51,  3.03s/it]
 69%|██████▉   | 3598/5200 [4:15:33<1:21:43,  3.06s/it]
 69%|██████▉   | 3599/5200 [4:15:36<1:21:15,  3.05s/it]
 69%|██████▉   | 3600/5200 [4:15:39<1:21:07,  3.04s/it]
 69%|██████▉   | 3601/5200 [4:15:42<1:21:38,  3.06s/it]
 69%|██████▉   | 3602/5200 [4:15:45<1:21:09,  3.05s/it]
 69%|██████▉   | 3603/5200 [4:15:48<1:20:49,  3.04s/it]
 69%|██████▉   | 3604/5200 [4:15:51<1:20:33,  3.03s/it]
 69%|██████▉   | 3605/5200 [4:15:54<1:21:24,  3.06s/it]
 69%|██████▉   | 3606/5200 [4:15:57<1:21:11,  3.06s/it]
 69%|██████▉   | 3607/5200 [4:16:00<1:20:36,  3.04s/it]
 69%|██████▉   | 3608/5200 [4:16:03<1:21:38,  3.08s/it]
 69%|██████▉   | 3609/5200 [4:16:06<1:20:52,  3.05s/it]
 69%|██████▉   | 3610/5200 [4:16:09<1:20:43,  3.05s/it]
 69%|██████▉   | 3611/5200 [4:16:12<1:20:13,  3.03s/it]
 69%|██████▉   | 3612/5200 [4:16:15<1:21:14,  3.07s/it]
 69%|██████▉   | 3613/5200 [4:16:18<1:20:43,  3.05s/it]
 70%|██████▉   | 3614/5200 [4:16:21<1:20:21,  3.04s/it]
 70%|██████▉   | 3615/5200 [4:16:24<1:21:08,  3.07s/it]
 70%|██████▉   | 3616/5200 [4:16:27<1:20:22,  3.04s/it]
 70%|██████▉   | 3617/5200 [4:16:30<1:20:17,  3.04s/it]
 70%|██████▉   | 3618/5200 [4:16:33<1:19:58,  3.03s/it]
 70%|██████▉   | 3619/5200 [4:16:37<1:20:43,  3.06s/it]
 70%|██████▉   | 3620/5200 [4:16:40<1:20:03,  3.04s/it]
 70%|██████▉   | 3621/5200 [4:16:43<1:19:47,  3.03s/it]
 70%|██████▉   | 3622/5200 [4:16:46<1:20:47,  3.07s/it]
 70%|██████▉   | 3623/5200 [4:16:49<1:20:17,  3.05s/it]
 70%|██████▉   | 3624/5200 [4:16:52<1:19:55,  3.04s/it]
 70%|██████▉   | 3625/5200 [4:16:55<1:19:36,  3.03s/it]
 70%|██████▉   | 3626/5200 [4:16:58<1:20:24,  3.07s/it]
 70%|██████▉   | 3627/5200 [4:17:01<1:19:45,  3.04s/it]
 70%|██████▉   | 3628/5200 [4:17:04<1:19:40,  3.04s/it]
 70%|██████▉   | 3629/5200 [4:17:07<1:20:26,  3.07s/it]
 70%|██████▉   | 3630/5200 [4:17:10<1:19:44,  3.05s/it]
 70%|██████▉   | 3631/5200 [4:17:13<1:19:38,  3.05s/it]
 70%|██████▉   | 3632/5200 [4:17:16<1:19:06,  3.03s/it]
 70%|██████▉   | 3633/5200 [4:17:19<1:19:57,  3.06s/it]
 70%|██████▉   | 3634/5200 [4:17:22<1:19:32,  3.05s/it]
 70%|██████▉   | 3635/5200 [4:17:25<1:19:24,  3.04s/it]
 70%|██████▉   | 3636/5200 [4:17:28<1:20:10,  3.08s/it]
 70%|██████▉   | 3637/5200 [4:17:31<1:19:36,  3.06s/it]
 70%|██████▉   | 3638/5200 [4:17:34<1:19:02,  3.04s/it]
 70%|██████▉   | 3639/5200 [4:17:37<1:18:49,  3.0    [nf-probe] train nf-RMS=3.3670e-05   val nf-RMS=3.8803e-05 [m]  (@nf=400)
    [joint-probe] combo-err n/a (theta frozen) | orth-frac 0.417 | V_orth 0.000e+00 | param_loss 0.000e+00
(0,)
It 3640, sqrt loss 0.00108, Val sim-RMS 0.01543, Time Loss: 70.2%, data: 0.3%, val: 29.5%,  4.3 sec/batch
3s/it]
 70%|███████   | 3640/5200 [4:23:15<44:48:18, 103.40s/it]
 70%|███████   | 3641/5200 [4:23:18<31:45:08, 73.32s/it] 
 70%|███████   | 3642/5200 [4:23:21<22:36:04, 52.22s/it]
 70%|███████   | 3643/5200 [4:23:24<16:12:16, 37.47s/it]
 70%|███████   | 3644/5200 [4:23:27<11:43:26, 27.13s/it]
 70%|███████   | 3645/5200 [4:23:30<8:36:36, 19.93s/it] 
 70%|███████   | 3646/5200 [4:23:33<6:25:01, 14.87s/it]
 70%|███████   | 3647/5200 [4:23:36<4:52:44, 11.31s/it]
 70%|███████   | 3648/5200 [4:23:40<3:49:00,  8.85s/it]
 70%|███████   | 3649/5200 [4:23:43<3:03:48,  7.11s/it]
 70%|███████   | 3650/5200 [4:23:46<2:31:57,  5.88s/it]
 70%|███████   | 3651/5200 [4:23:49<2:09:29,  5.02s/it]
 70%|███████   | 3652/5200 [4:23:52<1:55:09,  4.46s/it]
 70%|███████   | 3653/5200 [4:23:55<1:43:42,  4.02s/it]
 70%|███████   | 3654/5200 [4:23:58<1:35:54,  3.72s/it]
 70%|███████   | 3655/5200 [4:24:01<1:30:35,  3.52s/it]
 70%|███████   | 3656/5200 [4:24:04<1:27:31,  3.40s/it]
 70%|███████   | 3657/5200 [4:24:07<1:24:43,  3.29s/it]
 70%|███████   | 3658/5200 [4:24:10<1:22:20,  3.20s/it]
 70%|███████   | 3659/5200 [4:24:13<1:21:51,  3.19s/it]
 70%|███████   | 3660/5200 [4:24:16<1:20:39,  3.14s/it]
 70%|███████   | 3661/5200 [4:24:19<1:19:28,  3.10s/it]
 70%|███████   | 3662/5200 [4:24:22<1:18:46,  3.07s/it]
 70%|███████   | 3663/5200 [4:24:25<1:19:27,  3.10s/it]
 70%|███████   | 3664/5200 [4:24:28<1:18:30,  3.07s/it]
 70%|███████   | 3665/5200 [4:24:31<1:18:04,  3.05s/it]
 70%|███████   | 3666/5200 [4:24:35<1:18:57,  3.09s/it]
 71%|███████   | 3667/5200 [4:24:38<1:18:07,  3.06s/it]
 71%|███████   | 3668/5200 [4:24:41<1:17:44,  3.04s/it]
 71%|███████   | 3669/5200 [4:24:44<1:17:27,  3.04s/it]
 71%|███████   | 3670/5200 [4:24:47<1:18:25,  3.08s/it]
 71%|███████   | 3671/5200 [4:24:50<1:17:57,  3.06s/it]
 71%|███████   | 3672/5200 [4:24:53<1:17:33,  3.05s/it]
 71%|███████   | 3673/5200 [4:24:56<1:18:19,  3.08s/it]
 71%|███████   | 3674/5200 [4:24:59<1:17:46,  3.06s/it]
 71%|███████   | 3675/5200 [4:25:02<1:17:23,  3.05s/it]
 71%|███████   | 3676/5200 [4:25:05<1:16:53,  3.03s/it]
 71%|███████   | 3677/5200 [4:25:08<1:17:55,  3.07s/it]
 71%|███████   | 3678/5200 [4:25:11<1:17:15,  3.05s/it]
 71%|███████   | 3679/5200 [4:25:14<1:16:56,  3.04s/it]
 71%|███████   | 3680/5200 [4:25:17<1:17:57,  3.08s/it]
 71%|███████   | 3681/5200 [4:25:20<1:17:26,  3.06s/it]
 71%|███████   | 3682/5200 [4:25:23<1:17:06,  3.05s/it]
 71%|███████   | 3683/5200 [4:25:26<1:16:49,  3.04s/it]
 71%|███████   | 3684/5200 [4:25:29<1:17:35,  3.07s/it]
 71%|███████   | 3685/5200 [4:25:32<1:17:08,  3.06s/it]
 71%|███████   | 3686/5200 [4:25:35<1:16:39,  3.04s/it]
 71%|███████   | 3687/5200 [4:25:39<1:17:38,  3.08s/it]
 71%|███████   | 3688/5200 [4:25:42<1:17:03,  3.06s/it]
 71%|███████   | 3689/5200 [4:25:45<1:16:43,  3.05s/it]
 71%|███████   | 3690/5200 [4:25:48<1:16:15,  3.03s/it]
 71%|███████   | 3691/5200 [4:25:51<1:17:05,  3.07s/it]
 71%|███████   | 3692/5200 [4:25:54<1:16:53,  3.06s/it]
 71%|███████   | 3693/5200 [4:25:57<1:16:30,  3.05s/it]
 71%|███████   | 3694/5200 [4:26:00<1:17:13,  3.08s/it]
 71%|███████   | 3695/5200 [4:26:03<1:16:29,  3.05s/it]
 71%|███████   | 3696/5200 [4:26:06<1:16:10,  3.04s/it]
 71%|███████   | 3697/5200 [4:26:09<1:15:55,  3.03s/it]
 71%|███████   | 3698/5200 [4:26:12<1:16:54,  3.07s/it]
 71%|███████   | 3699/5200 [4:26:15<1:16:13,  3.05s/it]
 71%|███████   | 3700/5200 [4:26:18<1:15:55,  3.04s/it]
 71%|███████   | 3701/5200 [4:26:21<1:16:43,  3.07s/it]
 71%|███████   | 3702/5200 [4:26:24<1:16:15,  3.05s/it]
 71%|███████   | 3703/5200 [4:26:27<1:15:56,  3.04s/it]
 71%|███████   | 3704/5200 [4:26:30<1:15:51,  3.04s/it]
 71%|███████▏  | 3705/5200 [4:26:34<1:16:22,  3.06s/it]
 71%|███████▏  | 3706/5200 [4:26:37<1:15:54,  3.05s/it]
 71%|███████▏  | 3707/5200 [4:26:40<1:15:46,  3.05s/it]
 71%|███████▏  | 3708/5200 [4:26:43<1:16:27,  3.07s/it]
 71%|███████▏  | 3709/5200 [4:26:46<1:15:57,  3.06s/it]
 71%|███████▏  | 3710/5200 [4:26:49<1:15:35,  3.04s/it]
 71%|███████▏  | 3711/5200 [4:26:52<1:15:19,  3.04s/it]
 71%|███████▏  | 3712/5200 [4:26:55<1:16:04,  3.07s/it]
 71%|███████▏  | 3713/5200 [4:26:58<1:15:37,  3.05s/it]
 71%|███████▏  | 3714/5200 [4:27:01<1:15:05,  3.03s/it]
 71%|███████▏  | 3715/5200 [4:27:04<1:16:02,  3.07s/it]
 71%|███████▏  | 3716/5200 [4:27:07<1:15:20,  3.05s/it]
 71%|███████▏  | 3717/5200 [4:27:10<1:15:15,  3.04s/it]
 72%|███████▏  | 3718/5200 [4:27:13<1:14:58,  3.04s/it]
 72%|███████▏  | 3719/5200 [4:27:16<1:15:34,  3.06s/it]
 72%|███████▏  | 3720/5200 [4:27:19<1:15:21,  3.06s/it]
 72%|███████▏  | 3721/5200 [4:27:22<1:15:00,  3.04s/it]
 72%|███████▏  | 3722/5200 [4:27:25<1:15:45,  3.08s/it]
 72%|███████▏  | 3723/5200 [4:27:28<1:15:14,  3.06s/it]
 72%|███████▏  | 3724/5200 [4:27:31<1:14:40,  3.04s/it]
 72%|███████▏  | 3725/5200 [4:27:34<1:14:26,  3.03s/it]
 72%|███████▏  | 3726/5200 [4:27:38<1:15:12,  3.06s/it]
 72%|███████▏  | 3727/5200 [4:27:41<1:14:47,  3.05s/it]
 72%|███████▏  | 3728/5200 [4:27:44<1:14:40,  3.04s/it]
 72%|███████▏  | 3729/5200 [4:27:47<1:15:24,  3.08s/it]
 72%|███████▏  | 3730/5200 [4:27:50<1:14:53,  3.06s/it]
 72%|███████▏  | 3731/5200 [4:27:53<1:14:33,  3.05s/it]
 72%|███████▏  | 3732/5200 [4:27:56<1:14:15,  3.04s/it]
 72%|███████▏  | 3733/5200 [4:27:59<1:14:59,  3.07s/it]
 72%|███████▏  | 3734/5200 [4:28:02<1:14:30,  3.05s/it]
 72%|███████▏  | 3735/5200 [4:28:05<1:14:02,  3.03s/it]
 72%|███████▏  | 3736/5200 [4:28:08<1:15:02,  3.08s/it]
 72%|███████▏  | 3737/5200 [4:28:11<1:14:21,  3.05s/it]
 72%|███████▏  | 3738/5200 [4:28:14<1:14:14,  3.05s/it]
 72%|███████▏  | 3739/5200 [4:28:17<1:13:57,  3.04s/it]
 72%|███████▏  | 3740/5200 [4:28:20<1:14:29,  3.06s/it]
 72%|███████▏  | 3741/5200 [4:28:23<1:14:07,  3.05s/it]
 72%|███████▏  | 3742/5200 [4:28:26<1:13:59,  3.04s/it]
 72%|███████▏  | 3743/5200 [4:28:30<1:14:38,  3.07s/it]
 72%|███████▏  | 3744/5200 [4:28:33<1:14:06,  3.05s/it]
 72%|███████▏  | 3745/5200 [4:28:36<1:13:34,  3.03s/it]
 72%|███████▏  | 3746/5200 [4:28:39<1:13:33,  3.04s/it]
 72%|███████▏  | 3747/5200 [4:28:42<1:14:15,  3.07s/it]
 72%|███████▏  | 3748/5200 [4:28:45<1:13:35,  3.04s/it]
 72%|███████▏  | 3749/5200 [4:28:48<1:13:18,  3.03s/it]
 72%|███████▏  | 3750/5200 [4:28:51<1:14:07,  3.07s/it]
 72%|███████▏  | 3751/5200 [4:28:54<1:13:40,  3.05s/it]
 72%|███████▏  | 3752/5200 [4:28:57<1:13:23,  3.04s/it]
 72%|███████▏  | 3753/5200 [4:29:00<1:13:16,  3.04s/it]
 72%|███████▏  | 3754/5200 [4:29:03<1:13:56,  3.07s/it]
 72%|███████▏  | 3755/5200 [4:29:06<1:13:18,  3.04s/it]
 72%|███████▏  | 3756/5200 [4:29:09<1:13:11,  3.04s/it]
 72%|███████▏  | 3757/5200 [4:29:12<1:13:54,  3.07s/it]
 72%|███████▏  | 3758/5200 [4:29:15<1:13:24,  3.05s/it]
 72%|███████▏  | 3759/5200 [4:29:18<1:12:50,  3.03s/it]
 72%|███████▏  | 3760/5200 [4:29:21<1:12:38,  3.03s/it]
 72%|███████▏  | 3761/5200 [4:29:24<1:13:25,  3.06s/it]
 72%|███████▏  | 3762/5200 [4:29:27<1:13:02,  3.05s/it]
 72%|███████▏  | 3763/5200 [4:29:30<1:12:54,  3.04s/it]
 72%|███████▏  | 3764/5200 [4:29:34<1:13:24,  3.07s/it]
 72%|███████▏  | 3765/5200 [4:29:37<1:13:07,  3.06s/it]
 72%|███████▏  | 3766/5200 [4:29:40<1:12:48,  3.05s/it]
 72%|███████▏  | 3767/5200 [4:29:43<1:12:30,  3.04s/it]
 72%|███████▏  | 3768/5200 [4:29:46<1:13:13,  3.07s/it]
 72%|███████▏  | 3769/5200 [4:29:49<1:12:36,  3.04s/it]
 72%|███████▎  | 3770/5200 [4:29:52<1:12:21,  3.04s/it]
 73%|███████▎  | 3771/5200 [4:29:55<1:13:14,  3.07s/it]
 73%|███████▎  | 3772/5200 [4:29:58<1:12:42,  3.06s/it]
 73%|███████▎  | 3773/5200 [4:30:01<1:12:10,  3.04s/it]
 73%|███████▎  | 3774/5200 [4:30:04<1:11:59,  3.03s/it]
 73%|███████▎  | 3775/5200 [4:30:07<1:12:58,  3.07s/it]
 73%|███████▎  | 3776/5200 [4:30:10<1:12:33,  3.06s/it]
 73%|███████▎  | 3777/5200 [4:30:13<1:12:13,  3.05s/it]
 73%|███████▎  | 3778/5200 [4:30:16<1:12:53,  3.08s/it]
 73%|███████▎  | 3779/5200 [4:30:19<1:12:23,  3.06s/it]
 73%|███████▎  | 3780/5200 [4:30:22<1:12:03,  3.05s/it]
 73%|███████▎  | 3781/5200 [4:30:25<1:11:38,  3.03s/it]
 73%|███████▎  | 3782/5200 [4:30:28<1:12:23,  3.06s/it]
 73%|███████▎  | 3783/5200 [4:30:32<1:12:14,  3.06s/it]
 73%|███████▎  | 3784/5200 [4:30:35<1:11:54,  3.05s/it]
 73%|███████▎  | 3785/5200 [4:30:38<1:12:34,  3.08s/it]
 73%|███████▎  | 3786/5200 [4:30:41<1:12:05,  3.06s/it]
 73%|███████▎  | 3787/5200 [4:30:44<1:11:35,  3.04s/it]
 73%|███████▎  | 3788/5200 [4:30:47<1:11:22,  3.03s/it]
 73%|███████▎  | 3789/5200 [4:30:50<1:12:16,  3.07s/it]
 73%|███████▎  | 3790/5200 [4:30:53<1:11:37,  3.05s/it]
 73%|███████▎  | 3791/5200 [4:30:56<1:11:29,  3.04s/it]
 73%|███████▎  | 3792/5200 [4:30:59<1:12:11,  3.08s/it]
 73%|███████▎  | 3793/5200 [4:31:02<1:11:41,  3.06s/it]
 73%|███████▎  | 3794/5200 [4:31:05<1:11:08,  3.04s/it]
 73%|███████▎  | 3795/5200 [4:31:08<1:11:07,  3.04s/it]
 73%|███████▎  | 3796/5200 [4:31:11<1:11:48,  3.07s/it]
 73%|███████▎  | 3797/5200 [4:31:14<1:11:11,  3.04s/it]
 73%|███████▎  | 3798/5200 [4:31:17<1:11:07,  3.04s/it]
 73%|███████▎  | 3799/5200 [4:31:20<1:11:49,  3.08s/it]
 73%|███████▎  | 3800/5200 [4:31:23<1:11:09,  3.05s/it]
 73%|███████▎  | 3801/5200 [4:31:26<1:10:51,  3.04s/it]
 73%|███████▎  | 3802/5200 [4:31:29<1:10:49,  3.04s/it]
 73%|███████▎  | 3803/5200 [4:31:33<1:11:29,  3.07s/it]
 73%|███████▎  | 3804/5200 [4:31:36<1:10:52,  3.05s/it]
 73%|███████▎  | 3805/5200 [4:31:39<1:10:46,  3.04s/it]
 73%|███████▎  | 3806/5200 [4:31:42<1:11:25,  3.07s/it]
 73%|███████▎  | 3807/5200 [4:31:45<1:10:56,  3.06s/it]
 73%|███████▎  | 3808/5200 [4:31:48<1:10:26,  3.04s/it]
 73%|███████▎  | 3809/5200 [4:31:51<1:10:12,  3.03s/it]
 73%|███████▎  | 3810/5200 [4:31:54<1:11:07,  3.07s/it]
 73%|███████▎  | 3811/5200 [4:31:57<1:10:32,  3.05s/it]
 73%|███████▎  | 3812/5200 [4:32:00<1:10:15,  3.04s/it]
 73%|███████▎  | 3813/5200 [4:32:03<1:11:00,  3.07s/it]
 73%|███████▎  | 3814/5200 [4:32:06<1:10:45,  3.06s/it]
 73%|███████▎  | 3815/5200 [4:32:09<1:10:23,  3.05s/it]
 73%|███████▎  | 3816/5200 [4:32:12<1:10:05,  3.04s/it]
 73%|███████▎  | 3817/5200 [4:32:15<1:10:45,  3.07s/it]
 73%|███████▎  | 3818/5200 [4:32:18<1:10:18,  3.05s/it]
 73%|███████▎  | 3819/5200 [4:32:21<1:09:57,  3.04s/it]
 73%|███████▎  | 3820/5200 [4:32:25<1:10:38,  3.07s/it]
 73%|███████▎  | 3821/5200 [4:32:28<1:10:10,  3.05s/it]
 74%|███████▎  | 3822/5200 [4:32:31<1:09:39,  3.03s/it]
 74%|███████▎  | 3823/5200 [4:32:34<1:09:27,  3.03s/it]
 74%|███████▎  | 3824/5200 [4:32:37<1:10:11,  3.06s/it]
 74%|███████▎  | 3825/5200 [4:32:40<1:10:01,  3.06s/it]
 74%|███████▎  | 3826/5200 [4:32:43<1:09:39,  3.04s/it]
 74%|███████▎  | 3827/5200 [4:32:46<1:10:06,  3.06s/it]
 74%|███████▎  | 3828/5200 [4:32:49<1:09:51,  3.06s/it]
 74%|███████▎  | 3829/5200 [4:32:52<1:09:21,  3.04s/it]
 74%|███████▎  | 3830/5200 [4:32:55<1:09:17,  3.03s/it]
 74%|███████▎  | 3831/5200 [4:32:58<1:09:47,  3.06s/it]
 74%|███████▎  | 3832/5200 [4:33:01<1:09:34,  3.05s/it]
 74%|███████▎  | 3833/5200 [4:33:04<1:09:11,  3.04s/it]
 74%|███████▎  | 3834/5200 [4:33:07<1:09:41,  3.06s/it]
 74%|███████▍  | 3835/5200 [4:33:10<1:09:27,  3.05s/it]
 74%|███████▍  | 3836/5200 [4:33:13<1:09:07,  3.04s/it]
 74%|███████▍  | 3837/5200 [4:33:16<1:08:51,  3.03s/it]
 74%|███████▍  | 3838/5200 [4:33:19<1:09:21,  3.06s/it]
 74%|███████▍  | 3839/5200 [4:33:22<1:09:12,  3.05s/it]
 74%|███████▍  | 3840/5200 [4:33:25<1:08:53,  3.04s/it]
 74%|███████▍  | 3841/5200 [4:33:29<1:09:33,  3.07s/it]
 74%|███████▍  | 3842/5200 [4:33:32<1:09:05,  3.05s/it]
 74%|███████▍  | 3843/5200 [4:33:35<1:08:46,  3.04s/it]
 74%|███████▍  | 3844/5200 [4:33:38<1:08:32,  3.03s/it]
 74%|███████▍  | 3845/5200 [4:33:41<1:09:13,  3.06s/it]
 74%|███████▍  | 3846/5200 [4:33:44<1:08:50,  3.05s/it]
 74%|███████▍  | 3847/5200 [4:33:47<1:08:32,  3.04s/it]
 74%|███████▍  | 3848/5200 [4:33:50<1:09:04,  3.07s/it]
 74%|███████▍  | 3849/5200 [4:33:53<1:08:41,  3.05s/it]
 74%|███████▍  | 3850/5200 [4:33:56<1:08:24,  3.04s/it]
 74%|███████▍  | 3851/5200 [4:33:59<1:08:10,  3.03s/it]
 74%|███████▍  | 3852/5200 [4:34:02<1:08:52,  3.07s/it]
 74%|███████▍  | 3853/5200 [4:34:05<1:08:38,  3.06s/it]
 74%|███████▍  | 3854/5200 [4:34:08<1:08:07,  3.04s/it]
 74%|███████▍  | 3855/5200 [4:34:11<1:08:57,  3.08s/it]
 74%|███████▍  | 3856/5200 [4:34:14<1:08:17,  3.05s/it]
 74%|███████▍  | 3857/5200 [4:34:17<1:08:03,  3.04s/it]
 74%|███████▍  | 3858/5200 [4:34:20<1:07:48,  3.03s/it]
 74%|███████▍  | 3859/5200 [4:34:23<1:08:28,  3.06s/it]
 74%|███████▍  | 3860/5200 [4:34:26<1:08:06,  3.05s/it]
 74%|███████▍  | 3861/5200 [4:34:29<1:07:56,  3.04s/it]
 74%|███████▍  | 3862/5200 [4:34:33<1:08:33,  3.07s/it]
 74%|███████▍  | 3863/5200 [4:34:36<1:07:55,  3.05s/it]
 74%|███████▍  | 3864/5200 [4:34:39<1:07:47,  3.04s/it]
 74%|███████▍  | 3865/5200 [4:34:42<1:07:31,  3.03s/it]
 74%|███████▍  | 3866/5200 [4:34:45<1:07:59,  3.06s/it]
 74%|███████▍  | 3867/5200 [4:34:48<1:07:37,  3.04s/it]
 74%|███████▍  | 3868/5200 [4:34:51<1:07:22,  3.03s/it]
 74%|███████▍  | 3869/5200 [4:34:54<1:08:05,  3.07s/it]
 74%|███████▍  | 3870/5200 [4:34:57<1:07:39,  3.05s/it]
 74%|███████▍  | 3871/5200 [4:35:00<1:07:32,  3.05s/it]
 74%|███████▍  | 3872/5200 [4:35:03<1:07:05,  3.03s/it]
 74%|███████▍  | 3873/5200 [4:35:06<1:07:45,  3.06s/it]
 74%|███████▍  | 3874/5200 [4:35:09<1:07:31,  3.06s/it]
 75%|███████▍  | 3875/5200 [4:35:12<1:07:09,  3.04s/it]
 75%|███████▍  | 3876/5200 [4:35:15<1:07:44,  3.07s/it]
 75%|███████▍  | 3877/5200 [4:35:18<1:07:17,  3.05s/it]
 75%|███████▍  | 3878/5200 [4:35:21<1:06:57,  3.04s/it]
 75%|███████▍  | 3879/5200 [4:35:24<1:06:40,  3.03s/it]
 75%|███████▍  | 3880/5200 [4:35:27<1:07:12,  3.05s/it]
 75%|███████▍  | 3881/5200 [4:35:30<1:07:02,  3.05s/it]
 75%|███████▍  | 3882/5200 [4:35:33<1:06:34,  3.03s/it]
 75%|███████▍  | 3883/5200 [4:35:37<1:07:15,  3.06s/it]
 75%|███████▍  | 3884/5200 [4:35:40<1:07:01,  3.06s/it]
 75%|███████▍  | 3885/5200 [4:35:43<1:06:33,  3.04s/it]
 75%|███████▍  | 3886/5200 [4:35:46<1:06:29,  3.04s/it]
 75%|███████▍  | 3887/5200 [4:35:49<1:07:08,  3.07s/it]
 75%|███████▍  | 3888/5200 [4:35:52<1:06:35,  3.05s/it]
 75%|███████▍  | 3889/5200 [4:35:55<1:06:29,  3.04s/it]
 75%|███████▍  | 3890/5200 [4:35:58<1:07:07,  3.07s/it]
 75%|███████▍  | 3891/5200 [4:36:01<1:06:40,  3.06s/it]
 75%|███████▍  | 3892/5200 [4:36:04<1:06:10,  3.04s/it]
 75%|███████▍  | 3893/5200 [4:36:07<1:05:57,  3.03s/it]
 75%|███████▍  | 3894/5200 [4:36:10<1:06:47,  3.07s/it]
 75%|███████▍  | 3895/5200 [4:36:13<1:06:21,  3.05s/it]
 75%|███████▍  | 3896/5200 [4:36:16<1:05:52,  3.03s/it]
 75%|███████▍  | 3897/5200     [nf-probe] train nf-RMS=3.4059e-05   val nf-RMS=3.8535e-05 [m]  (@nf=400)
    [joint-probe] combo-err n/a (theta frozen) | orth-frac 0.426 | V_orth 0.000e+00 | param_loss 0.000e+00
(0,)
It 3900, sqrt loss 0.001075, Val sim-RMS 0.01605, Time Loss: 70.2%, data: 0.3%, val: 29.5%,  4.3 sec/batch
[4:36:19<1:06:34,  3.07s/it]
 75%|███████▍  | 3898/5200 [4:36:22<1:06:21,  3.06s/it]
 75%|███████▍  | 3899/5200 [4:36:25<1:05:51,  3.04s/it]
 75%|███████▌  | 3900/5200 [4:42:03<37:22:49, 103.51s/it]
 75%|███████▌  | 3901/5200 [4:42:06<26:29:09, 73.40s/it] 
 75%|███████▌  | 3902/5200 [4:42:09<18:51:05, 52.28s/it]
 75%|███████▌  | 3903/5200 [4:42:12<13:30:30, 37.49s/it]
 75%|███████▌  | 3904/5200 [4:42:16<9:47:19, 27.19s/it] 
 75%|███████▌  | 3905/5200 [4:42:19<7:10:17, 19.94s/it]
 75%|███████▌  | 3906/5200 [4:42:22<5:20:27, 14.86s/it]
 75%|███████▌  | 3907/5200 [4:42:25<4:03:45, 11.31s/it]
 75%|███████▌  | 3908/5200 [4:42:28<3:10:37,  8.85s/it]
 75%|███████▌  | 3909/5200 [4:42:31<2:32:55,  7.11s/it]
 75%|███████▌  | 3910/5200 [4:42:34<2:06:13,  5.87s/it]
 75%|███████▌  | 3911/5200 [4:42:37<1:48:33,  5.05s/it]
 75%|███████▌  | 3912/5200 [4:42:40<1:35:18,  4.44s/it]
 75%|███████▌  | 3913/5200 [4:42:43<1:26:02,  4.01s/it]
 75%|███████▌  | 3914/5200 [4:42:46<1:19:40,  3.72s/it]
 75%|███████▌  | 3915/5200 [4:42:49<1:15:57,  3.55s/it]
 75%|███████▌  | 3916/5200 [4:42:52<1:12:19,  3.38s/it]
 75%|███████▌  | 3917/5200 [4:42:55<1:10:06,  3.28s/it]
 75%|███████▌  | 3918/5200 [4:42:58<1:08:10,  3.19s/it]
 75%|███████▌  | 3919/5200 [4:43:01<1:07:46,  3.17s/it]
 75%|███████▌  | 3920/5200 [4:43:04<1:06:39,  3.12s/it]
 75%|███████▌  | 3921/5200 [4:43:07<1:05:53,  3.09s/it]
 75%|███████▌  | 3922/5200 [4:43:10<1:06:08,  3.10s/it]
 75%|███████▌  | 3923/5200 [4:43:13<1:05:28,  3.08s/it]
 75%|███████▌  | 3924/5200 [4:43:16<1:05:02,  3.06s/it]
 75%|███████▌  | 3925/5200 [4:43:19<1:04:50,  3.05s/it]
 76%|███████▌  | 3926/5200 [4:43:23<1:05:20,  3.08s/it]
 76%|███████▌  | 3927/5200 [4:43:26<1:04:51,  3.06s/it]
 76%|███████▌  | 3928/5200 [4:43:29<1:04:28,  3.04s/it]
 76%|███████▌  | 3929/5200 [4:43:32<1:05:03,  3.07s/it]
 76%|███████▌  | 3930/5200 [4:43:35<1:04:28,  3.05s/it]
 76%|███████▌  | 3931/5200 [4:43:38<1:04:12,  3.04s/it]
 76%|███████▌  | 3932/5200 [4:43:41<1:04:10,  3.04s/it]
 76%|███████▌  | 3933/5200 [4:43:44<1:04:45,  3.07s/it]
 76%|███████▌  | 3934/5200 [4:43:47<1:04:12,  3.04s/it]
 76%|███████▌  | 3935/5200 [4:43:50<1:03:56,  3.03s/it]
 76%|███████▌  | 3936/5200 [4:43:53<1:04:47,  3.08s/it]
 76%|███████▌  | 3937/5200 [4:43:56<1:04:09,  3.05s/it]
 76%|███████▌  | 3938/5200 [4:43:59<1:03:53,  3.04s/it]
 76%|███████▌  | 3939/5200 [4:44:02<1:03:49,  3.04s/it]
 76%|███████▌  | 3940/5200 [4:44:05<1:04:13,  3.06s/it]
 76%|███████▌  | 3941/5200 [4:44:08<1:04:02,  3.05s/it]
 76%|███████▌  | 3942/5200 [4:44:11<1:03:32,  3.03s/it]
 76%|███████▌  | 3943/5200 [4:44:14<1:04:22,  3.07s/it]
 76%|███████▌  | 3944/5200 [4:44:17<1:03:46,  3.05s/it]
 76%|███████▌  | 3945/5200 [4:44:20<1:03:39,  3.04s/it]
 76%|███████▌  | 3946/5200 [4:44:23<1:03:24,  3.03s/it]
 76%|███████▌  | 3947/5200 [4:44:27<1:03:59,  3.06s/it]
 76%|███████▌  | 3948/5200 [4:44:30<1:03:26,  3.04s/it]
 76%|███████▌  | 3949/5200 [4:44:33<1:03:12,  3.03s/it]
 76%|███████▌  | 3950/5200 [4:44:36<1:03:51,  3.07s/it]
 76%|███████▌  | 3951/5200 [4:44:39<1:03:29,  3.05s/it]
 76%|███████▌  | 3952/5200 [4:44:42<1:03:13,  3.04s/it]
 76%|███████▌  | 3953/5200 [4:44:45<1:02:59,  3.03s/it]
 76%|███████▌  | 3954/5200 [4:44:48<1:03:35,  3.06s/it]
 76%|███████▌  | 3955/5200 [4:44:51<1:03:24,  3.06s/it]
 76%|███████▌  | 3956/5200 [4:44:54<1:03:03,  3.04s/it]
 76%|███████▌  | 3957/5200 [4:44:57<1:03:29,  3.06s/it]
 76%|███████▌  | 3958/5200 [4:45:00<1:03:14,  3.06s/it]
 76%|███████▌  | 3959/5200 [4:45:03<1:02:46,  3.04s/it]
 76%|███████▌  | 3960/5200 [4:45:06<1:02:45,  3.04s/it]
 76%|███████▌  | 3961/5200 [4:45:09<1:03:08,  3.06s/it]
 76%|███████▌  | 3962/5200 [4:45:12<1:02:58,  3.05s/it]
 76%|███████▌  | 3963/5200 [4:45:15<1:02:39,  3.04s/it]
 76%|███████▌  | 3964/5200 [4:45:18<1:03:15,  3.07s/it]
 76%|███████▋  | 3965/5200 [4:45:21<1:02:41,  3.05s/it]
 76%|███████▋  | 3966/5200 [4:45:24<1:02:36,  3.04s/it]
 76%|███████▋  | 3967/5200 [4:45:27<1:02:22,  3.04s/it]
 76%|███████▋  | 3968/5200 [4:45:31<1:02:55,  3.06s/it]
 76%|███████▋  | 3969/5200 [4:45:34<1:02:24,  3.04s/it]
 76%|███████▋  | 3970/5200 [4:45:37<1:02:17,  3.04s/it]
 76%|███████▋  | 3971/5200 [4:45:40<1:02:44,  3.06s/it]
 76%|███████▋  | 3972/5200 [4:45:43<1:02:23,  3.05s/it]
 76%|███████▋  | 3973/5200 [4:45:46<1:02:07,  3.04s/it]
 76%|███████▋  | 3974/5200 [4:45:49<1:02:04,  3.04s/it]
 76%|███████▋  | 3975/5200 [4:45:52<1:02:28,  3.06s/it]
 76%|███████▋  | 3976/5200 [4:45:55<1:02:06,  3.04s/it]
 76%|███████▋  | 3977/5200 [4:45:58<1:01:59,  3.04s/it]
 76%|███████▋  | 3978/5200 [4:46:01<1:02:33,  3.07s/it]
 77%|███████▋  | 3979/5200 [4:46:04<1:02:06,  3.05s/it]
 77%|███████▋  | 3980/5200 [4:46:07<1:01:38,  3.03s/it]
 77%|███████▋  | 3981/5200 [4:46:10<1:01:36,  3.03s/it]
 77%|███████▋  | 3982/5200 [4:46:13<1:02:12,  3.06s/it]
 77%|███████▋  | 3983/5200 [4:46:16<1:01:51,  3.05s/it]
 77%|███████▋  | 3984/5200 [4:46:19<1:01:34,  3.04s/it]
 77%|███████▋  | 3985/5200 [4:46:22<1:02:11,  3.07s/it]
 77%|███████▋  | 3986/5200 [4:46:25<1:01:36,  3.05s/it]
 77%|███████▋  | 3987/5200 [4:46:28<1:01:32,  3.04s/it]
 77%|███████▋  | 3988/5200 [4:46:31<1:01:09,  3.03s/it]
 77%|███████▋  | 3989/5200 [4:46:35<1:01:54,  3.07s/it]
 77%|███████▋  | 3990/5200 [4:46:38<1:01:31,  3.05s/it]
 77%|███████▋  | 3991/5200 [4:46:41<1:01:14,  3.04s/it]
 77%|███████▋  | 3992/5200 [4:46:44<1:01:49,  3.07s/it]
 77%|███████▋  | 3993/5200 [4:46:47<1:01:14,  3.04s/it]
 77%|███████▋  | 3994/5200 [4:46:50<1:01:09,  3.04s/it]
 77%|███████▋  | 3995/5200 [4:46:53<1:00:46,  3.03s/it]
 77%|███████▋  | 3996/5200 [4:46:56<1:01:23,  3.06s/it]
 77%|███████▋  | 3997/5200 [4:46:59<1:01:02,  3.04s/it]
 77%|███████▋  | 3998/5200 [4:47:02<1:00:46,  3.03s/it]
 77%|███████▋  | 3999/5200 [4:47:05<1:01:31,  3.07s/it]
 77%|███████▋  | 4000/5200 [4:47:08<1:01:05,  3.05s/it]
 77%|███████▋  | 4001/5200 [4:47:11<1:00:37,  3.03s/it]
 77%|███████▋  | 4002/5200 [4:47:14<1:00:36,  3.04s/it]
 77%|███████▋  | 4003/5200 [4:47:17<1:01:10,  3.07s/it]
 77%|███████▋  | 4004/5200 [4:47:20<1:00:39,  3.04s/it]
 77%|███████▋  | 4005/5200 [4:47:23<1:00:25,  3.03s/it]
 77%|███████▋  | 4006/5200 [4:47:26<1:01:10,  3.07s/it]
 77%|███████▋  | 4007/5200 [4:47:29<1:00:46,  3.06s/it]
 77%|███████▋  | 4008/5200 [4:47:33<1:00:27,  3.04s/it]
 77%|███████▋  | 4009/5200 [4:47:36<1:00:16,  3.04s/it]
 77%|███████▋  | 4010/5200 [4:47:39<1:00:40,  3.06s/it]
 77%|███████▋  | 4011/5200 [4:47:42<1:00:22,  3.05s/it]
 77%|███████▋  | 4012/5200 [4:47:45<1:00:15,  3.04s/it]
 77%|███████▋  | 4013/5200 [4:47:48<1:00:46,  3.07s/it]
 77%|███████▋  | 4014/5200 [4:47:51<1:00:23,  3.05s/it]
 77%|███████▋  | 4015/5200 [4:47:54<1:00:05,  3.04s/it]
 77%|███████▋  | 4016/5200 [4:47:57<59:41,  3.02s/it]  
 77%|███████▋  | 4017/5200 [4:48:00<1:00:18,  3.06s/it]
 77%|███████▋  | 4018/5200 [4:48:03<1:00:06,  3.05s/it]
 77%|███████▋  | 4019/5200 [4:48:06<59:39,  3.03s/it]  
 77%|███████▋  | 4020/5200 [4:48:09<1:00:27,  3.07s/it]
 77%|███████▋  | 4021/5200 [4:48:12<1:00:00,  3.05s/it]
 77%|███████▋  | 4022/5200 [4:48:15<59:44,  3.04s/it]  
 77%|███████▋  | 4023/5200 [4:48:18<59:30,  3.03s/it]
 77%|███████▋  | 4024/5200 [4:48:21<59:57,  3.06s/it]
 77%|███████▋  | 4025/5200 [4:48:24<59:45,  3.05s/it]
 77%|███████▋  | 4026/5200 [4:48:27<59:29,  3.04s/it]
 77%|███████▋  | 4027/5200 [4:48:30<59:52,  3.06s/it]
 77%|███████▋  | 4028/5200 [4:48:34<59:39,  3.05s/it]
 77%|███████▋  | 4029/5200 [4:48:37<59:22,  3.04s/it]
 78%|███████▊  | 4030/5200 [4:48:40<59:09,  3.03s/it]
 78%|███████▊  | 4031/5200 [4:48:43<59:43,  3.07s/it]
 78%|███████▊  | 4032/5200 [4:48:46<59:14,  3.04s/it]
 78%|███████▊  | 4033/5200 [4:48:49<59:09,  3.04s/it]
 78%|███████▊  | 4034/5200 [4:48:52<59:33,  3.07s/it]
 78%|███████▊  | 4035/5200 [4:48:55<59:13,  3.05s/it]
 78%|███████▊  | 4036/5200 [4:48:58<58:56,  3.04s/it]
 78%|███████▊  | 4037/5200 [4:49:01<58:45,  3.03s/it]
 78%|███████▊  | 4038/5200 [4:49:04<59:17,  3.06s/it]
 78%|███████▊  | 4039/5200 [4:49:07<59:09,  3.06s/it]
 78%|███████▊  | 4040/5200 [4:49:10<58:42,  3.04s/it]
 78%|███████▊  | 4041/5200 [4:49:13<59:26,  3.08s/it]
 78%|███████▊  | 4042/5200 [4:49:16<58:58,  3.06s/it]
 78%|███████▊  | 4043/5200 [4:49:19<58:32,  3.04s/it]
 78%|███████▊  | 4044/5200 [4:49:22<58:21,  3.03s/it]
 78%|███████▊  | 4045/5200 [4:49:25<58:55,  3.06s/it]
 78%|███████▊  | 4046/5200 [4:49:28<58:37,  3.05s/it]
 78%|███████▊  | 4047/5200 [4:49:31<58:21,  3.04s/it]
 78%|███████▊  | 4048/5200 [4:49:35<59:05,  3.08s/it]
 78%|███████▊  | 4049/5200 [4:49:38<58:32,  3.05s/it]
 78%|███████▊  | 4050/5200 [4:49:41<58:16,  3.04s/it]
 78%|███████▊  | 4051/5200 [4:49:44<58:04,  3.03s/it]
 78%|███████▊  | 4052/5200 [4:49:47<58:38,  3.07s/it]
 78%|███████▊  | 4053/5200 [4:49:50<58:26,  3.06s/it]
 78%|███████▊  | 4054/5200 [4:49:53<57:59,  3.04s/it]
 78%|███████▊  | 4055/5200 [4:49:56<58:34,  3.07s/it]
 78%|███████▊  | 4056/5200 [4:49:59<58:22,  3.06s/it]
 78%|███████▊  | 4057/5200 [4:50:02<57:55,  3.04s/it]
 78%|███████▊  | 4058/5200 [4:50:05<57:43,  3.03s/it]
 78%|███████▊  | 4059/5200 [4:50:08<58:18,  3.07s/it]
 78%|███████▊  | 4060/5200 [4:50:11<58:08,  3.06s/it]
 78%|███████▊  | 4061/5200 [4:50:14<57:41,  3.04s/it]
 78%|███████▊  | 4062/5200 [4:50:17<58:13,  3.07s/it]
 78%|███████▊  | 4063/5200 [4:50:20<58:00,  3.06s/it]
 78%|███████▊  | 4064/5200 [4:50:23<57:42,  3.05s/it]
 78%|███████▊  | 4065/5200 [4:50:26<57:27,  3.04s/it]
 78%|███████▊  | 4066/5200 [4:50:29<57:50,  3.06s/it]
 78%|███████▊  | 4067/5200 [4:50:32<57:30,  3.05s/it]
 78%|███████▊  | 4068/5200 [4:50:36<57:24,  3.04s/it]
 78%|███████▊  | 4069/5200 [4:50:39<57:48,  3.07s/it]
 78%|███████▊  | 4070/5200 [4:50:42<57:34,  3.06s/it]
 78%|███████▊  | 4071/5200 [4:50:45<57:08,  3.04s/it]
 78%|███████▊  | 4072/5200 [4:50:48<56:57,  3.03s/it]
 78%|███████▊  | 4073/5200 [4:50:51<57:30,  3.06s/it]
 78%|███████▊  | 4074/5200 [4:50:54<57:20,  3.06s/it]
 78%|███████▊  | 4075/5200 [4:50:57<56:55,  3.04s/it]
 78%|███████▊  | 4076/5200 [4:51:00<57:30,  3.07s/it]
 78%|███████▊  | 4077/5200 [4:51:03<57:17,  3.06s/it]
 78%|███████▊  | 4078/5200 [4:51:06<56:55,  3.04s/it]
 78%|███████▊  | 4079/5200 [4:51:09<56:41,  3.03s/it]
 78%|███████▊  | 4080/5200 [4:51:12<57:13,  3.07s/it]
 78%|███████▊  | 4081/5200 [4:51:15<56:53,  3.05s/it]
 78%|███████▊  | 4082/5200 [4:51:18<56:37,  3.04s/it]
 79%|███████▊  | 4083/5200 [4:51:21<57:01,  3.06s/it]
 79%|███████▊  | 4084/5200 [4:51:24<56:50,  3.06s/it]
 79%|███████▊  | 4085/5200 [4:51:27<56:32,  3.04s/it]
 79%|███████▊  | 4086/5200 [4:51:30<56:12,  3.03s/it]
 79%|███████▊  | 4087/5200 [4:51:34<56:55,  3.07s/it]
 79%|███████▊  | 4088/5200 [4:51:37<56:35,  3.05s/it]
 79%|███████▊  | 4089/5200 [4:51:40<56:10,  3.03s/it]
 79%|███████▊  | 4090/5200 [4:51:43<56:52,  3.07s/it]
 79%|███████▊  | 4091/5200 [4:51:46<56:28,  3.06s/it]
 79%|███████▊  | 4092/5200 [4:51:49<56:11,  3.04s/it]
 79%|███████▊  | 4093/5200 [4:51:52<55:59,  3.03s/it]
 79%|███████▊  | 4094/5200 [4:51:55<56:30,  3.07s/it]
 79%|███████▉  | 4095/5200 [4:51:58<56:10,  3.05s/it]
 79%|███████▉  | 4096/5200 [4:52:01<55:44,  3.03s/it]
 79%|███████▉  | 4097/5200 [4:52:04<56:30,  3.07s/it]
 79%|███████▉  | 4098/5200 [4:52:07<55:59,  3.05s/it]
 79%|███████▉  | 4099/5200 [4:52:10<55:46,  3.04s/it]
 79%|███████▉  | 4100/5200 [4:52:13<55:35,  3.03s/it]
 79%|███████▉  | 4101/5200 [4:52:16<56:08,  3.07s/it]
 79%|███████▉  | 4102/5200 [4:52:19<55:59,  3.06s/it]
 79%|███████▉  | 4103/5200 [4:52:22<55:41,  3.05s/it]
 79%|███████▉  | 4104/5200 [4:52:25<56:10,  3.08s/it]
 79%|███████▉  | 4105/5200 [4:52:28<55:46,  3.06s/it]
 79%|███████▉  | 4106/5200 [4:52:31<55:30,  3.04s/it]
 79%|███████▉  | 4107/5200 [4:52:34<55:19,  3.04s/it]
 79%|███████▉  | 4108/5200 [4:52:38<55:49,  3.07s/it]
 79%|███████▉  | 4109/5200 [4:52:41<55:30,  3.05s/it]
 79%|███████▉  | 4110/5200 [4:52:44<55:13,  3.04s/it]
 79%|███████▉  | 4111/5200 [4:52:47<55:45,  3.07s/it]
 79%|███████▉  | 4112/5200 [4:52:50<55:15,  3.05s/it]
 79%|███████▉  | 4113/5200 [4:52:53<55:02,  3.04s/it]
 79%|███████▉  | 4114/5200 [4:52:56<55:01,  3.04s/it]
 79%|███████▉  | 4115/5200 [4:52:59<55:31,  3.07s/it]
 79%|███████▉  | 4116/5200 [4:53:02<55:10,  3.05s/it]
 79%|███████▉  | 4117/5200 [4:53:05<54:57,  3.05s/it]
 79%|███████▉  | 4118/5200 [4:53:08<55:28,  3.08s/it]
 79%|███████▉  | 4119/5200 [4:53:11<55:07,  3.06s/it]
 79%|███████▉  | 4120/5200 [4:53:14<54:41,  3.04s/it]
 79%|███████▉  | 4121/5200 [4:53:17<54:41,  3.04s/it]
 79%|███████▉  | 4122/5200 [4:53:20<55:02,  3.06s/it]
 79%|███████▉  | 4123/5200 [4:53:23<54:44,  3.05s/it]
 79%|███████▉  | 4124/5200 [4:53:26<54:40,  3.05s/it]
 79%|███████▉  | 4125/5200 [4:53:30<55:10,  3.08s/it]
 79%|███████▉  | 4126/5200 [4:53:33<54:38,  3.05s/it]
 79%|███████▉  | 4127/5200 [4:53:36<54:32,  3.05s/it]
 79%|███████▉  | 4128/5200 [4:53:39<54:18,  3.04s/it]
 79%|███████▉  | 4129/5200 [4:53:42<54:42,  3.06s/it]
 79%|███████▉  | 4130/5200 [4:53:45<54:23,  3.05s/it]
 79%|███████▉  | 4131/5200 [4:53:48<54:12,  3.04s/it]
 79%|███████▉  | 4132/5200 [4:53:51<54:56,  3.09s/it]
 79%|███████▉  | 4133/5200 [4:53:54<54:33,  3.07s/it]
 80%|███████▉  | 4134/5200 [4:53:57<54:05,  3.04s/it]
 80%|███████▉  | 4135/5200 [4:54:00<54:04,  3.05s/it]
 80%|███████▉  | 4136/5200 [4:54:03<54:34,  3.08s/it]
 80%|███████▉  | 4137/5200 [4:54:06<54:06,  3.05s/it]
 80%|███████▉  | 4138/5200 [4:54:09<53:51,  3.04s/it]
 80%|███████▉  | 4139/5200 [4:54:12<54:34,  3.09s/it]
 80%|███████▉  | 4140/5200 [4:54:15<54:02,  3.06s/it]
 80%|███████▉  | 4141/5200 [4:54:18<53:55,  3.06s/it]
 80%|███████▉  | 4142/5200 [4:54:21<53:39,  3.04s/it]
 80%|███████▉  | 4143/5200 [4:54:25<54:06,  3.07s/it]
 80%|███████▉  | 4144/5200 [4:54:28<53:46,  3.06s/it]
 80%|███████▉  | 4145/5200 [4:54:31<53:29,  3.04s/it]
 80%|███████▉  | 4146/5200 [4:54:34<53:50,  3.06s/it]
 80%|███████▉  | 4147/5200 [4:54:37<53:38,  3.06s/it]
 80%|███████▉  | 4148/5200 [4:54:40<53:12,  3.04s/it]
 80%|███████▉  | 4149/5200 [4:54:43<53:11,  3.04s/it]
 80%|███████▉  | 4150/5200 [4:54:46<53:39,  3.07s/it]
 80%|███████▉  | 4151/5200 [4:54:49<53:12,  3.04s/it]
 80%|███████▉  | 4152/5200 [4:54:52<53:08,  3.04s/it]
 80%|███████▉  | 4153/5200 [4:54:55<53:31,  3.07s/it]
 80%|███████▉  | 4154/5200 [4:54:58<53:12,  3.05s/it]
 80%|███████▉  | 4155/5200 [4:55:01<52:57,  3.04s/it]
 80%|███████▉  | 4156/5200 [4:55:04<52:46,  3.03s/it]
 80%|███�    [nf-probe] train nf-RMS=3.3863e-05   val nf-RMS=3.8488e-05 [m]  (@nf=400)
    [joint-probe] combo-err n/a (theta frozen) | orth-frac 0.435 | V_orth 0.000e+00 | param_loss 0.000e+00
(0,)
It 4160, sqrt loss 0.00107, Val sim-RMS 0.01702, Time Loss: 70.2%, data: 0.3%, val: 29.5%,  4.3 sec/batch
�███▉  | 4157/5200 [4:55:07<53:24,  3.07s/it]
 80%|███████▉  | 4158/5200 [4:55:10<52:53,  3.05s/it]
 80%|███████▉  | 4159/5200 [4:55:13<52:39,  3.03s/it]
 80%|████████  | 4160/5200 [5:00:50<29:46:51, 103.09s/it]
 80%|████████  | 4161/5200 [5:00:53<21:05:55, 73.10s/it] 
 80%|████████  | 4162/5200 [5:00:56<15:00:49, 52.07s/it]
 80%|████████  | 4163/5200 [5:00:59<10:45:42, 37.36s/it]
 80%|████████  | 4164/5200 [5:01:02<7:47:43, 27.09s/it] 
 80%|████████  | 4165/5200 [5:01:05<5:42:48, 19.87s/it]
 80%|████████  | 4166/5200 [5:01:08<4:15:19, 14.82s/it]
 80%|████████  | 4167/5200 [5:01:11<3:13:58, 11.27s/it]
 80%|████████  | 4168/5200 [5:01:14<2:31:59,  8.84s/it]
 80%|████████  | 4169/5200 [5:01:17<2:01:48,  7.09s/it]
 80%|████████  | 4170/5200 [5:01:20<1:40:38,  5.86s/it]
 80%|████████  | 4171/5200 [5:01:23<1:25:53,  5.01s/it]
 80%|████████  | 4172/5200 [5:01:26<1:16:11,  4.45s/it]
 80%|████████  | 4173/5200 [5:01:30<1:08:46,  4.02s/it]
 80%|████████  | 4174/5200 [5:01:32<1:03:24,  3.71s/it]
 80%|████████  | 4175/5200 [5:01:36<1:00:32,  3.54s/it]
 80%|████████  | 4176/5200 [5:01:39<57:39,  3.38s/it]  
 80%|████████  | 4177/5200 [5:01:42<55:50,  3.28s/it]
 80%|████████  | 4178/5200 [5:01:45<55:08,  3.24s/it]
 80%|████████  | 4179/5200 [5:01:48<53:48,  3.16s/it]
 80%|████████  | 4180/5200 [5:01:51<52:59,  3.12s/it]
 80%|████████  | 4181/5200 [5:01:54<52:33,  3.09s/it]
 80%|████████  | 4182/5200 [5:01:57<52:36,  3.10s/it]
 80%|████████  | 4183/5200 [5:02:00<52:13,  3.08s/it]
 80%|████████  | 4184/5200 [5:02:03<51:49,  3.06s/it]
 80%|████████  | 4185/5200 [5:02:06<52:03,  3.08s/it]
 80%|████████  | 4186/5200 [5:02:09<51:49,  3.07s/it]
 81%|████████  | 4187/5200 [5:02:12<51:30,  3.05s/it]
 81%|████████  | 4188/5200 [5:02:15<51:16,  3.04s/it]
 81%|████████  | 4189/5200 [5:02:18<51:36,  3.06s/it]
 81%|████████  | 4190/5200 [5:02:21<51:26,  3.06s/it]
 81%|████████  | 4191/5200 [5:02:24<51:01,  3.03s/it]
 81%|████████  | 4192/5200 [5:02:27<51:31,  3.07s/it]
 81%|████████  | 4193/5200 [5:02:31<51:12,  3.05s/it]
 81%|████████  | 4194/5200 [5:02:34<50:59,  3.04s/it]
 81%|████████  | 4195/5200 [5:02:37<50:48,  3.03s/it]
 81%|████████  | 4196/5200 [5:02:40<51:19,  3.07s/it]
 81%|████████  | 4197/5200 [5:02:43<51:09,  3.06s/it]
 81%|████████  | 4198/5200 [5:02:46<50:52,  3.05s/it]
 81%|████████  | 4199/5200 [5:02:49<51:12,  3.07s/it]
 81%|████████  | 4200/5200 [5:02:52<50:52,  3.05s/it]
 81%|████████  | 4201/5200 [5:02:55<50:44,  3.05s/it]
 81%|████████  | 4202/5200 [5:02:58<50:31,  3.04s/it]
 81%|████████  | 4203/5200 [5:03:01<50:59,  3.07s/it]
 81%|████████  | 4204/5200 [5:03:04<50:33,  3.05s/it]
 81%|████████  | 4205/5200 [5:03:07<50:20,  3.04s/it]
 81%|████████  | 4206/5200 [5:03:10<50:58,  3.08s/it]
 81%|████████  | 4207/5200 [5:03:13<50:28,  3.05s/it]
 81%|████████  | 4208/5200 [5:03:16<50:22,  3.05s/it]
 81%|████████  | 4209/5200 [5:03:19<50:02,  3.03s/it]
 81%|████████  | 4210/5200 [5:03:22<50:40,  3.07s/it]
 81%|████████  | 4211/5200 [5:03:25<50:21,  3.05s/it]
 81%|████████  | 4212/5200 [5:03:28<49:57,  3.03s/it]
 81%|████████  | 4213/5200 [5:03:32<50:27,  3.07s/it]
 81%|████████  | 4214/5200 [5:03:35<50:17,  3.06s/it]
 81%|████████  | 4215/5200 [5:03:38<49:53,  3.04s/it]
 81%|████████  | 4216/5200 [5:03:41<49:42,  3.03s/it]
 81%|████████  | 4217/5200 [5:03:44<50:11,  3.06s/it]
 81%|████████  | 4218/5200 [5:03:47<49:55,  3.05s/it]
 81%|████████  | 4219/5200 [5:03:50<49:47,  3.05s/it]
 81%|████████  | 4220/5200 [5:03:53<50:16,  3.08s/it]
 81%|████████  | 4221/5200 [5:03:56<49:54,  3.06s/it]
 81%|████████  | 4222/5200 [5:03:59<49:39,  3.05s/it]
 81%|████████  | 4223/5200 [5:04:02<49:28,  3.04s/it]
 81%|████████  | 4224/5200 [5:04:05<49:55,  3.07s/it]
 81%|████████▏ | 4225/5200 [5:04:08<49:29,  3.05s/it]
 81%|████████▏ | 4226/5200 [5:04:11<49:24,  3.04s/it]
 81%|████████▏ | 4227/5200 [5:04:14<49:52,  3.08s/it]
 81%|████████▏ | 4228/5200 [5:04:17<49:23,  3.05s/it]
 81%|████████▏ | 4229/5200 [5:04:20<49:11,  3.04s/it]
 81%|████████▏ | 4230/5200 [5:04:23<49:01,  3.03s/it]
 81%|████████▏ | 4231/5200 [5:04:27<49:37,  3.07s/it]
 81%|████████▏ | 4232/5200 [5:04:30<49:17,  3.06s/it]
 81%|████████▏ | 4233/5200 [5:04:33<48:54,  3.03s/it]
 81%|████████▏ | 4234/5200 [5:04:36<49:24,  3.07s/it]
 81%|████████▏ | 4235/5200 [5:04:39<49:12,  3.06s/it]
 81%|████████▏ | 4236/5200 [5:04:42<48:58,  3.05s/it]
 81%|████████▏ | 4237/5200 [5:04:45<48:45,  3.04s/it]
 82%|████████▏ | 4238/5200 [5:04:48<49:13,  3.07s/it]
 82%|████████▏ | 4239/5200 [5:04:51<48:54,  3.05s/it]
 82%|████████▏ | 4240/5200 [5:04:54<48:40,  3.04s/it]
 82%|████████▏ | 4241/5200 [5:04:57<49:00,  3.07s/it]
 82%|████████▏ | 4242/5200 [5:05:00<48:49,  3.06s/it]
 82%|████████▏ | 4243/5200 [5:05:03<48:32,  3.04s/it]
 82%|████████▏ | 4244/5200 [5:05:06<48:20,  3.03s/it]
 82%|████████▏ | 4245/5200 [5:05:09<48:41,  3.06s/it]
 82%|████████▏ | 4246/5200 [5:05:12<48:34,  3.05s/it]
 82%|████████▏ | 4247/5200 [5:05:15<48:19,  3.04s/it]
 82%|████████▏ | 4248/5200 [5:05:18<48:39,  3.07s/it]
 82%|████████▏ | 4249/5200 [5:05:21<48:29,  3.06s/it]
 82%|████████▏ | 4250/5200 [5:05:24<48:06,  3.04s/it]
 82%|████████▏ | 4251/5200 [5:05:27<47:56,  3.03s/it]
 82%|████████▏ | 4252/5200 [5:05:31<48:30,  3.07s/it]
 82%|████████▏ | 4253/5200 [5:05:34<48:04,  3.05s/it]
 82%|████████▏ | 4254/5200 [5:05:37<47:51,  3.04s/it]
 82%|████████▏ | 4255/5200 [5:05:40<48:26,  3.08s/it]
 82%|████████▏ | 4256/5200 [5:05:43<48:04,  3.06s/it]
 82%|████████▏ | 4257/5200 [5:05:46<47:43,  3.04s/it]
 82%|████████▏ | 4258/5200 [5:05:49<47:33,  3.03s/it]
 82%|████████▏ | 4259/5200 [5:05:52<48:09,  3.07s/it]
 82%|████████▏ | 4260/5200 [5:05:55<47:43,  3.05s/it]
 82%|████████▏ | 4261/5200 [5:05:58<47:37,  3.04s/it]
 82%|████████▏ | 4262/5200 [5:06:01<47:56,  3.07s/it]
 82%|████████▏ | 4263/5200 [5:06:04<47:46,  3.06s/it]
 82%|████████▏ | 4264/5200 [5:06:07<47:31,  3.05s/it]
 82%|████████▏ | 4265/5200 [5:06:10<47:13,  3.03s/it]
 82%|████████▏ | 4266/5200 [5:06:13<47:48,  3.07s/it]
 82%|████████▏ | 4267/5200 [5:06:16<47:23,  3.05s/it]
 82%|████████▏ | 4268/5200 [5:06:19<47:11,  3.04s/it]
 82%|████████▏ | 4269/5200 [5:06:23<47:43,  3.08s/it]
 82%|████████▏ | 4270/5200 [5:06:25<47:16,  3.05s/it]
 82%|████████▏ | 4271/5200 [5:06:29<47:11,  3.05s/it]
 82%|████████▏ | 4272/5200 [5:06:32<46:50,  3.03s/it]
 82%|████████▏ | 4273/5200 [5:06:35<47:25,  3.07s/it]
 82%|████████▏ | 4274/5200 [5:06:38<47:06,  3.05s/it]
 82%|████████▏ | 4275/5200 [5:06:41<46:45,  3.03s/it]
 82%|████████▏ | 4276/5200 [5:06:44<47:21,  3.08s/it]
 82%|████████▏ | 4277/5200 [5:06:47<46:53,  3.05s/it]
 82%|████████▏ | 4278/5200 [5:06:50<46:42,  3.04s/it]
 82%|████████▏ | 4279/5200 [5:06:53<46:39,  3.04s/it]
 82%|████████▏ | 4280/5200 [5:06:56<47:05,  3.07s/it]
 82%|████████▏ | 4281/5200 [5:06:59<46:40,  3.05s/it]
 82%|████████▏ | 4282/5200 [5:07:02<46:27,  3.04s/it]
 82%|████████▏ | 4283/5200 [5:07:05<47:02,  3.08s/it]
 82%|████████▏ | 4284/5200 [5:07:08<46:34,  3.05s/it]
 82%|████████▏ | 4285/5200 [5:07:11<46:28,  3.05s/it]
 82%|████████▏ | 4286/5200 [5:07:14<46:09,  3.03s/it]
 82%|████████▏ | 4287/5200 [5:07:17<46:43,  3.07s/it]
 82%|████████▏ | 4288/5200 [5:07:20<46:19,  3.05s/it]
 82%|████████▏ | 4289/5200 [5:07:23<46:14,  3.05s/it]
 82%|████████▎ | 4290/5200 [5:07:27<46:39,  3.08s/it]
 83%|████████▎ | 4291/5200 [5:07:30<46:13,  3.05s/it]
 83%|████████▎ | 4292/5200 [5:07:33<46:01,  3.04s/it]
 83%|████████▎ | 4293/5200 [5:07:36<45:59,  3.04s/it]
 83%|████████▎ | 4294/5200 [5:07:39<46:23,  3.07s/it]
 83%|████████▎ | 4295/5200 [5:07:42<45:57,  3.05s/it]
 83%|████████▎ | 4296/5200 [5:07:45<45:45,  3.04s/it]
 83%|████████▎ | 4297/5200 [5:07:48<46:10,  3.07s/it]
 83%|████████▎ | 4298/5200 [5:07:51<45:54,  3.05s/it]
 83%|████████▎ | 4299/5200 [5:07:54<45:47,  3.05s/it]
 83%|████████▎ | 4300/5200 [5:07:57<45:27,  3.03s/it]
 83%|████████▎ | 4301/5200 [5:08:00<46:01,  3.07s/it]
 83%|████████▎ | 4302/5200 [5:08:03<45:37,  3.05s/it]
 83%|████████▎ | 4303/5200 [5:08:06<45:26,  3.04s/it]
 83%|████████▎ | 4304/5200 [5:08:09<45:59,  3.08s/it]
 83%|████████▎ | 4305/5200 [5:08:12<45:38,  3.06s/it]
 83%|████████▎ | 4306/5200 [5:08:15<45:23,  3.05s/it]
 83%|████████▎ | 4307/5200 [5:08:18<45:11,  3.04s/it]
 83%|████████▎ | 4308/5200 [5:08:22<45:36,  3.07s/it]
 83%|████████▎ | 4309/5200 [5:08:25<45:17,  3.05s/it]
 83%|████████▎ | 4310/5200 [5:08:28<44:56,  3.03s/it]
 83%|████████▎ | 4311/5200 [5:08:31<45:23,  3.06s/it]
 83%|████████▎ | 4312/5200 [5:08:34<45:07,  3.05s/it]
 83%|████████▎ | 4313/5200 [5:08:37<44:54,  3.04s/it]
 83%|████████▎ | 4314/5200 [5:08:40<44:53,  3.04s/it]
 83%|████████▎ | 4315/5200 [5:08:43<45:16,  3.07s/it]
 83%|████████▎ | 4316/5200 [5:08:46<44:52,  3.05s/it]
 83%|████████▎ | 4317/5200 [5:08:49<44:47,  3.04s/it]
 83%|████████▎ | 4318/5200 [5:08:52<45:11,  3.07s/it]
 83%|████████▎ | 4319/5200 [5:08:55<44:53,  3.06s/it]
 83%|████████▎ | 4320/5200 [5:08:58<44:32,  3.04s/it]
 83%|████████▎ | 4321/5200 [5:09:01<44:23,  3.03s/it]
 83%|████████▎ | 4322/5200 [5:09:04<44:49,  3.06s/it]
 83%|████████▎ | 4323/5200 [5:09:07<44:33,  3.05s/it]
 83%|████████▎ | 4324/5200 [5:09:10<44:20,  3.04s/it]
 83%|████████▎ | 4325/5200 [5:09:13<44:52,  3.08s/it]
 83%|████████▎ | 4326/5200 [5:09:16<44:23,  3.05s/it]
 83%|████████▎ | 4327/5200 [5:09:19<44:19,  3.05s/it]
 83%|████████▎ | 4328/5200 [5:09:22<44:06,  3.04s/it]
 83%|████████▎ | 4329/5200 [5:09:26<44:24,  3.06s/it]
 83%|████████▎ | 4330/5200 [5:09:29<44:09,  3.04s/it]
 83%|████████▎ | 4331/5200 [5:09:32<43:56,  3.03s/it]
 83%|████████▎ | 4332/5200 [5:09:35<44:29,  3.08s/it]
 83%|████████▎ | 4333/5200 [5:09:38<44:12,  3.06s/it]
 83%|████████▎ | 4334/5200 [5:09:41<43:58,  3.05s/it]
 83%|████████▎ | 4335/5200 [5:09:44<43:47,  3.04s/it]
 83%|████████▎ | 4336/5200 [5:09:47<44:03,  3.06s/it]
 83%|████████▎ | 4337/5200 [5:09:50<43:56,  3.05s/it]
 83%|████████▎ | 4338/5200 [5:09:53<43:44,  3.04s/it]
 83%|████████▎ | 4339/5200 [5:09:56<44:08,  3.08s/it]
 83%|████████▎ | 4340/5200 [5:09:59<43:43,  3.05s/it]
 83%|████████▎ | 4341/5200 [5:10:02<43:36,  3.05s/it]
 84%|████████▎ | 4342/5200 [5:10:05<43:24,  3.04s/it]
 84%|████████▎ | 4343/5200 [5:10:08<43:48,  3.07s/it]
 84%|████████▎ | 4344/5200 [5:10:11<43:32,  3.05s/it]
 84%|████████▎ | 4345/5200 [5:10:14<43:19,  3.04s/it]
 84%|████████▎ | 4346/5200 [5:10:17<43:36,  3.06s/it]
 84%|████████▎ | 4347/5200 [5:10:20<43:26,  3.06s/it]
 84%|████████▎ | 4348/5200 [5:10:23<43:14,  3.05s/it]
 84%|████████▎ | 4349/5200 [5:10:27<43:04,  3.04s/it]
 84%|████████▎ | 4350/5200 [5:10:30<43:21,  3.06s/it]
 84%|████████▎ | 4351/5200 [5:10:33<43:14,  3.06s/it]
 84%|████████▎ | 4352/5200 [5:10:36<43:00,  3.04s/it]
 84%|████████▎ | 4353/5200 [5:10:39<43:24,  3.07s/it]
 84%|████████▎ | 4354/5200 [5:10:42<42:59,  3.05s/it]
 84%|████████▍ | 4355/5200 [5:10:45<42:53,  3.05s/it]
 84%|████████▍ | 4356/5200 [5:10:48<42:43,  3.04s/it]
 84%|████████▍ | 4357/5200 [5:10:51<43:00,  3.06s/it]
 84%|████████▍ | 4358/5200 [5:10:54<42:45,  3.05s/it]
 84%|████████▍ | 4359/5200 [5:10:57<42:33,  3.04s/it]
 84%|████████▍ | 4360/5200 [5:11:00<43:04,  3.08s/it]
 84%|████████▍ | 4361/5200 [5:11:03<42:44,  3.06s/it]
 84%|████████▍ | 4362/5200 [5:11:06<42:31,  3.04s/it]
 84%|████████▍ | 4363/5200 [5:11:09<42:15,  3.03s/it]
 84%|████████▍ | 4364/5200 [5:11:12<42:46,  3.07s/it]
 84%|████████▍ | 4365/5200 [5:11:15<42:22,  3.04s/it]
 84%|████████▍ | 4366/5200 [5:11:18<42:10,  3.03s/it]
 84%|████████▍ | 4367/5200 [5:11:22<42:37,  3.07s/it]
 84%|████████▍ | 4368/5200 [5:11:25<42:19,  3.05s/it]
 84%|████████▍ | 4369/5200 [5:11:28<42:06,  3.04s/it]
 84%|████████▍ | 4370/5200 [5:11:31<41:57,  3.03s/it]
 84%|████████▍ | 4371/5200 [5:11:34<42:27,  3.07s/it]
 84%|████████▍ | 4372/5200 [5:11:37<42:09,  3.05s/it]
 84%|████████▍ | 4373/5200 [5:11:40<41:54,  3.04s/it]
 84%|████████▍ | 4374/5200 [5:11:43<42:11,  3.06s/it]
 84%|████████▍ | 4375/5200 [5:11:46<42:02,  3.06s/it]
 84%|████████▍ | 4376/5200 [5:11:49<41:48,  3.04s/it]
 84%|████████▍ | 4377/5200 [5:11:52<41:38,  3.04s/it]
 84%|████████▍ | 4378/5200 [5:11:55<41:56,  3.06s/it]
 84%|████████▍ | 4379/5200 [5:11:58<41:42,  3.05s/it]
 84%|████████▍ | 4380/5200 [5:12:01<41:30,  3.04s/it]
 84%|████████▍ | 4381/5200 [5:12:04<41:59,  3.08s/it]
 84%|████████▍ | 4382/5200 [5:12:07<41:41,  3.06s/it]
 84%|████████▍ | 4383/5200 [5:12:10<41:19,  3.04s/it]
 84%|████████▍ | 4384/5200 [5:12:13<41:17,  3.04s/it]
 84%|████████▍ | 4385/5200 [5:12:16<41:32,  3.06s/it]
 84%|████████▍ | 4386/5200 [5:12:19<41:23,  3.05s/it]
 84%|████████▍ | 4387/5200 [5:12:22<41:13,  3.04s/it]
 84%|████████▍ | 4388/5200 [5:12:26<41:35,  3.07s/it]
 84%|████████▍ | 4389/5200 [5:12:29<41:17,  3.06s/it]
 84%|████████▍ | 4390/5200 [5:12:32<41:04,  3.04s/it]
 84%|████████▍ | 4391/5200 [5:12:35<40:54,  3.03s/it]
 84%|████████▍ | 4392/5200 [5:12:38<41:16,  3.06s/it]
 84%|████████▍ | 4393/5200 [5:12:41<41:01,  3.05s/it]
 84%|████████▍ | 4394/5200 [5:12:44<40:43,  3.03s/it]
 85%|████████▍ | 4395/5200 [5:12:47<41:08,  3.07s/it]
 85%|████████▍ | 4396/5200 [5:12:50<40:59,  3.06s/it]
 85%|████████▍ | 4397/5200 [5:12:53<40:40,  3.04s/it]
 85%|████████▍ | 4398/5200 [5:12:56<40:32,  3.03s/it]
 85%|████████▍ | 4399/5200 [5:12:59<41:02,  3.07s/it]
 85%|████████▍ | 4400/5200 [5:13:02<40:44,  3.06s/it]
 85%|████████▍ | 4401/5200 [5:13:05<40:31,  3.04s/it]
 85%|████████▍ | 4402/5200 [5:13:08<40:52,  3.07s/it]
 85%|████████▍ | 4403/5200 [5:13:11<40:35,  3.06s/it]
 85%|████████▍ | 4404/5200 [5:13:14<40:23,  3.04s/it]
 85%|████████▍ | 4405/5200 [5:13:17<40:13,  3.04s/it]
 85%|████████▍ | 4406/5200 [5:13:21<40:34,  3.07s/it]
 85%|████████▍ | 4407/5200 [5:13:24<40:20,  3.05s/it]
 85%|████████▍ | 4408/5200 [5:13:27<40:06,  3.04s/it]
 85%|████████▍ | 4409/5200 [5:13:30<40:27,  3.07s/it]
 85%|████████▍ | 4410/5200 [5:13:33<40:10,  3.05s/it]
 85%|████████▍ | 4411/5200 [5:13:36<39:57,  3.04s/it]
 85%|████████▍ | 4412/5200 [5:13:39<39:47,  3.03s/it]
 85%|████████▍ | 4413/5200 [5:13:42<40:09,  3.06s/it]
 85%|████████▍ | 4414    [nf-probe] train nf-RMS=3.3428e-05   val nf-RMS=3.8104e-05 [m]  (@nf=400)
    [joint-probe] combo-err n/a (theta frozen) | orth-frac 0.443 | V_orth 0.000e+00 | param_loss 0.000e+00
(0,)
It 4420, sqrt loss 0.001065, Val sim-RMS 0.01807, Time Loss: 70.2%, data: 0.3%, val: 29.5%,  4.3 sec/batch
/5200 [5:13:45<39:54,  3.05s/it]
 85%|████████▍ | 4415/5200 [5:13:48<39:36,  3.03s/it]
 85%|████████▍ | 4416/5200 [5:13:51<40:05,  3.07s/it]
 85%|████████▍ | 4417/5200 [5:13:54<39:42,  3.04s/it]
 85%|████████▍ | 4418/5200 [5:13:57<39:38,  3.04s/it]
 85%|████████▍ | 4419/5200 [5:14:00<39:22,  3.03s/it]
 85%|████████▌ | 4420/5200 [5:19:37<22:23:31, 103.35s/it]
 85%|████████▌ | 4421/5200 [5:19:41<15:51:29, 73.29s/it] 
 85%|████████▌ | 4422/5200 [5:19:44<11:16:55, 52.20s/it]
 85%|████████▌ | 4423/5200 [5:19:47<8:04:49, 37.44s/it] 
 85%|████████▌ | 4424/5200 [5:19:50<5:50:36, 27.11s/it]
 85%|████████▌ | 4425/5200 [5:19:53<4:17:17, 19.92s/it]
 85%|████████▌ | 4426/5200 [5:19:56<3:11:30, 14.85s/it]
 85%|████████▌ | 4427/5200 [5:19:59<2:25:36, 11.30s/it]
 85%|████████▌ | 4428/5200 [5:20:02<1:53:49,  8.85s/it]
 85%|████████▌ | 4429/5200 [5:20:05<1:31:15,  7.10s/it]
 85%|████████▌ | 4430/5200 [5:20:08<1:15:18,  5.87s/it]
 85%|████████▌ | 4431/5200 [5:20:11<1:04:18,  5.02s/it]
 85%|████████▌ | 4432/5200 [5:20:14<57:01,  4.45s/it]  
 85%|████████▌ | 4433/5200 [5:20:17<51:17,  4.01s/it]
 85%|████████▌ | 4434/5200 [5:20:20<47:29,  3.72s/it]
 85%|████████▌ | 4435/5200 [5:20:23<44:45,  3.51s/it]
 85%|████████▌ | 4436/5200 [5:20:26<43:10,  3.39s/it]
 85%|████████▌ | 4437/5200 [5:20:29<41:41,  3.28s/it]
 85%|████████▌ | 4438/5200 [5:20:32<40:43,  3.21s/it]
 85%|████████▌ | 4439/5200 [5:20:35<40:18,  3.18s/it]
 85%|████████▌ | 4440/5200 [5:20:38<39:41,  3.13s/it]
 85%|████████▌ | 4441/5200 [5:20:41<39:10,  3.10s/it]
 85%|████████▌ | 4442/5200 [5:20:44<38:47,  3.07s/it]
 85%|████████▌ | 4443/5200 [5:20:48<38:59,  3.09s/it]
 85%|████████▌ | 4444/5200 [5:20:51<38:38,  3.07s/it]
 85%|████████▌ | 4445/5200 [5:20:54<38:22,  3.05s/it]
 86%|████████▌ | 4446/5200 [5:20:57<38:34,  3.07s/it]
 86%|████████▌ | 4447/5200 [5:21:00<38:24,  3.06s/it]
 86%|████████▌ | 4448/5200 [5:21:03<38:11,  3.05s/it]
 86%|████████▌ | 4449/5200 [5:21:06<38:00,  3.04s/it]
 86%|████████▌ | 4450/5200 [5:21:09<38:19,  3.07s/it]
 86%|████████▌ | 4451/5200 [5:21:12<37:59,  3.04s/it]
 86%|████████▌ | 4452/5200 [5:21:15<37:48,  3.03s/it]
 86%|████████▌ | 4453/5200 [5:21:18<38:10,  3.07s/it]
 86%|████████▌ | 4454/5200 [5:21:21<38:01,  3.06s/it]
 86%|████████▌ | 4455/5200 [5:21:24<37:49,  3.05s/it]
 86%|████████▌ | 4456/5200 [5:21:27<37:39,  3.04s/it]
 86%|████████▌ | 4457/5200 [5:21:30<37:59,  3.07s/it]
 86%|████████▌ | 4458/5200 [5:21:33<37:45,  3.05s/it]
 86%|████████▌ | 4459/5200 [5:21:36<37:32,  3.04s/it]
 86%|████████▌ | 4460/5200 [5:21:39<37:52,  3.07s/it]
 86%|████████▌ | 4461/5200 [5:21:42<37:30,  3.04s/it]
 86%|████████▌ | 4462/5200 [5:21:45<37:19,  3.03s/it]
 86%|████████▌ | 4463/5200 [5:21:48<37:16,  3.04s/it]
 86%|████████▌ | 4464/5200 [5:21:52<37:39,  3.07s/it]
 86%|████████▌ | 4465/5200 [5:21:55<37:23,  3.05s/it]
 86%|████████▌ | 4466/5200 [5:21:58<37:07,  3.03s/it]
 86%|████████▌ | 4467/5200 [5:22:01<37:34,  3.08s/it]
 86%|████████▌ | 4468/5200 [5:22:04<37:17,  3.06s/it]
 86%|████████▌ | 4469/5200 [5:22:07<37:05,  3.04s/it]
 86%|████████▌ | 4470/5200 [5:22:10<36:55,  3.04s/it]
 86%|████████▌ | 4471/5200 [5:22:13<37:10,  3.06s/it]
 86%|████████▌ | 4472/5200 [5:22:16<37:03,  3.05s/it]
 86%|████████▌ | 4473/5200 [5:22:19<36:46,  3.04s/it]
 86%|████████▌ | 4474/5200 [5:22:22<37:14,  3.08s/it]
 86%|████████▌ | 4475/5200 [5:22:25<36:51,  3.05s/it]
 86%|████████▌ | 4476/5200 [5:22:28<36:46,  3.05s/it]
 86%|████████▌ | 4477/5200 [5:22:31<36:31,  3.03s/it]
 86%|████████▌ | 4478/5200 [5:22:34<36:52,  3.06s/it]
 86%|████████▌ | 4479/5200 [5:22:37<36:45,  3.06s/it]
 86%|████████▌ | 4480/5200 [5:22:40<36:26,  3.04s/it]
 86%|████████▌ | 4481/5200 [5:22:44<36:52,  3.08s/it]
 86%|████████▌ | 4482/5200 [5:22:47<36:34,  3.06s/it]
 86%|████████▌ | 4483/5200 [5:22:50<36:22,  3.04s/it]
 86%|████████▌ | 4484/5200 [5:22:53<36:06,  3.03s/it]
 86%|████████▋ | 4485/5200 [5:22:56<36:28,  3.06s/it]
 86%|████████▋ | 4486/5200 [5:22:59<36:20,  3.05s/it]
 86%|████████▋ | 4487/5200 [5:23:02<36:08,  3.04s/it]
 86%|████████▋ | 4488/5200 [5:23:05<36:27,  3.07s/it]
 86%|████████▋ | 4489/5200 [5:23:08<36:04,  3.04s/it]
 86%|████████▋ | 4490/5200 [5:23:11<36:00,  3.04s/it]
 86%|████████▋ | 4491/5200 [5:23:14<35:45,  3.03s/it]
 86%|████████▋ | 4492/5200 [5:23:17<36:07,  3.06s/it]
 86%|████████▋ | 4493/5200 [5:23:20<36:00,  3.06s/it]
 86%|████████▋ | 4494/5200 [5:23:23<35:47,  3.04s/it]
 86%|████████▋ | 4495/5200 [5:23:26<36:05,  3.07s/it]
 86%|████████▋ | 4496/5200 [5:23:29<35:49,  3.05s/it]
 86%|████████▋ | 4497/5200 [5:23:32<35:33,  3.03s/it]
 86%|████████▋ | 4498/5200 [5:23:35<35:31,  3.04s/it]
 87%|████████▋ | 4499/5200 [5:23:38<35:50,  3.07s/it]
 87%|████████▋ | 4500/5200 [5:23:41<35:30,  3.04s/it]
 87%|████████▋ | 4501/5200 [5:23:44<35:26,  3.04s/it]
 87%|████████▋ | 4502/5200 [5:23:48<35:44,  3.07s/it]
 87%|████████▋ | 4503/5200 [5:23:51<35:28,  3.05s/it]
 87%|████████▋ | 4504/5200 [5:23:54<35:11,  3.03s/it]
 87%|████████▋ | 4505/5200 [5:23:57<35:03,  3.03s/it]
 87%|████████▋ | 4506/5200 [5:24:00<35:23,  3.06s/it]
 87%|████████▋ | 4507/5200 [5:24:03<35:16,  3.05s/it]
 87%|████████▋ | 4508/5200 [5:24:06<34:59,  3.03s/it]
 87%|████████▋ | 4509/5200 [5:24:09<35:24,  3.08s/it]
 87%|████████▋ | 4510/5200 [5:24:12<35:04,  3.05s/it]
 87%|████████▋ | 4511/5200 [5:24:15<34:59,  3.05s/it]
 87%|████████▋ | 4512/5200 [5:24:18<34:43,  3.03s/it]
 87%|████████▋ | 4513/5200 [5:24:21<35:03,  3.06s/it]
 87%|████████▋ | 4514/5200 [5:24:24<34:55,  3.05s/it]
 87%|████████▋ | 4515/5200 [5:24:27<34:43,  3.04s/it]
 87%|████████▋ | 4516/5200 [5:24:30<35:01,  3.07s/it]
 87%|████████▋ | 4517/5200 [5:24:33<34:46,  3.05s/it]
 87%|████████▋ | 4518/5200 [5:24:36<34:29,  3.04s/it]
 87%|████████▋ | 4519/5200 [5:24:39<34:27,  3.04s/it]
 87%|████████▋ | 4520/5200 [5:24:42<34:40,  3.06s/it]
 87%|████████▋ | 4521/5200 [5:24:45<34:27,  3.05s/it]
 87%|████████▋ | 4522/5200 [5:24:48<34:22,  3.04s/it]
 87%|████████▋ | 4523/5200 [5:24:52<34:34,  3.06s/it]
 87%|████████▋ | 4524/5200 [5:24:55<34:24,  3.05s/it]
 87%|████████▋ | 4525/5200 [5:24:58<34:07,  3.03s/it]
 87%|████████▋ | 4526/5200 [5:25:01<34:03,  3.03s/it]
 87%|████████▋ | 4527/5200 [5:25:04<34:23,  3.07s/it]
 87%|████████▋ | 4528/5200 [5:25:07<34:04,  3.04s/it]
 87%|████████▋ | 4529/5200 [5:25:10<33:55,  3.03s/it]
 87%|████████▋ | 4530/5200 [5:25:13<34:15,  3.07s/it]
 87%|████████▋ | 4531/5200 [5:25:16<34:00,  3.05s/it]
 87%|████████▋ | 4532/5200 [5:25:19<33:55,  3.05s/it]
 87%|████████▋ | 4533/5200 [5:25:22<33:46,  3.04s/it]
 87%|████████▋ | 4534/5200 [5:25:25<33:57,  3.06s/it]
 87%|████████▋ | 4535/5200 [5:25:28<33:50,  3.05s/it]
 87%|████████▋ | 4536/5200 [5:25:31<33:33,  3.03s/it]
 87%|████████▋ | 4537/5200 [5:25:34<33:52,  3.07s/it]
 87%|████████▋ | 4538/5200 [5:25:37<33:37,  3.05s/it]
 87%|████████▋ | 4539/5200 [5:25:40<33:28,  3.04s/it]
 87%|████████▋ | 4540/5200 [5:25:43<33:20,  3.03s/it]
 87%|████████▋ | 4541/5200 [5:25:46<33:44,  3.07s/it]
 87%|████████▋ | 4542/5200 [5:25:49<33:29,  3.05s/it]
 87%|████████▋ | 4543/5200 [5:25:53<33:18,  3.04s/it]
 87%|████████▋ | 4544/5200 [5:25:56<33:36,  3.07s/it]
 87%|████████▋ | 4545/5200 [5:25:59<33:20,  3.05s/it]
 87%|████████▋ | 4546/5200 [5:26:02<33:09,  3.04s/it]
 87%|████████▋ | 4547/5200 [5:26:05<32:55,  3.03s/it]
 87%|████████▋ | 4548/5200 [5:26:08<33:21,  3.07s/it]
 87%|████████▋ | 4549/5200 [5:26:11<33:07,  3.05s/it]
 88%|████████▊ | 4550/5200 [5:26:14<32:55,  3.04s/it]
 88%|████████▊ | 4551/5200 [5:26:17<33:12,  3.07s/it]
 88%|████████▊ | 4552/5200 [5:26:20<32:58,  3.05s/it]
 88%|████████▊ | 4553/5200 [5:26:23<32:48,  3.04s/it]
 88%|████████▊ | 4554/5200 [5:26:26<32:40,  3.04s/it]
 88%|████████▊ | 4555/5200 [5:26:29<32:53,  3.06s/it]
 88%|████████▊ | 4556/5200 [5:26:32<32:46,  3.05s/it]
 88%|████████▊ | 4557/5200 [5:26:35<32:35,  3.04s/it]
 88%|████████▊ | 4558/5200 [5:26:38<32:47,  3.06s/it]
 88%|████████▊ | 4559/5200 [5:26:41<32:39,  3.06s/it]
 88%|████████▊ | 4560/5200 [5:26:44<32:23,  3.04s/it]
 88%|████████▊ | 4561/5200 [5:26:47<32:20,  3.04s/it]
 88%|████████▊ | 4562/5200 [5:26:51<32:32,  3.06s/it]
 88%|████████▊ | 4563/5200 [5:26:54<32:21,  3.05s/it]
 88%|████████▊ | 4564/5200 [5:26:57<32:12,  3.04s/it]
 88%|████████▊ | 4565/5200 [5:27:00<32:33,  3.08s/it]
 88%|████████▊ | 4566/5200 [5:27:03<32:18,  3.06s/it]
 88%|████████▊ | 4567/5200 [5:27:06<32:07,  3.04s/it]
 88%|████████▊ | 4568/5200 [5:27:09<31:57,  3.03s/it]
 88%|████████▊ | 4569/5200 [5:27:12<32:14,  3.07s/it]
 88%|████████▊ | 4570/5200 [5:27:15<31:56,  3.04s/it]
 88%|████████▊ | 4571/5200 [5:27:18<31:53,  3.04s/it]
 88%|████████▊ | 4572/5200 [5:27:21<32:05,  3.07s/it]
 88%|████████▊ | 4573/5200 [5:27:24<31:56,  3.06s/it]
 88%|████████▊ | 4574/5200 [5:27:27<31:40,  3.04s/it]
 88%|████████▊ | 4575/5200 [5:27:30<31:32,  3.03s/it]
 88%|████████▊ | 4576/5200 [5:27:33<31:54,  3.07s/it]
 88%|████████▊ | 4577/5200 [5:27:36<31:36,  3.04s/it]
 88%|████████▊ | 4578/5200 [5:27:39<31:27,  3.03s/it]
 88%|████████▊ | 4579/5200 [5:27:42<31:49,  3.08s/it]
 88%|████████▊ | 4580/5200 [5:27:45<31:30,  3.05s/it]
 88%|████████▊ | 4581/5200 [5:27:48<31:24,  3.05s/it]
 88%|████████▊ | 4582/5200 [5:27:51<31:10,  3.03s/it]
 88%|████████▊ | 4583/5200 [5:27:55<31:27,  3.06s/it]
 88%|████████▊ | 4584/5200 [5:27:58<31:20,  3.05s/it]
 88%|████████▊ | 4585/5200 [5:28:01<31:05,  3.03s/it]
 88%|████████▊ | 4586/5200 [5:28:04<31:24,  3.07s/it]
 88%|████████▊ | 4587/5200 [5:28:07<31:16,  3.06s/it]
 88%|████████▊ | 4588/5200 [5:28:10<31:00,  3.04s/it]
 88%|████████▊ | 4589/5200 [5:28:13<30:51,  3.03s/it]
 88%|████████▊ | 4590/5200 [5:28:16<31:13,  3.07s/it]
 88%|████████▊ | 4591/5200 [5:28:19<30:59,  3.05s/it]
 88%|████████▊ | 4592/5200 [5:28:22<30:43,  3.03s/it]
 88%|████████▊ | 4593/5200 [5:28:25<31:05,  3.07s/it]
 88%|████████▊ | 4594/5200 [5:28:28<30:46,  3.05s/it]
 88%|████████▊ | 4595/5200 [5:28:31<30:42,  3.04s/it]
 88%|████████▊ | 4596/5200 [5:28:34<30:28,  3.03s/it]
 88%|████████▊ | 4597/5200 [5:28:37<30:45,  3.06s/it]
 88%|████████▊ | 4598/5200 [5:28:40<30:33,  3.05s/it]
 88%|████████▊ | 4599/5200 [5:28:43<30:29,  3.04s/it]
 88%|████████▊ | 4600/5200 [5:28:46<30:44,  3.07s/it]
 88%|████████▊ | 4601/5200 [5:28:49<30:24,  3.05s/it]
 88%|████████▊ | 4602/5200 [5:28:52<30:15,  3.04s/it]
 89%|████████▊ | 4603/5200 [5:28:55<30:08,  3.03s/it]
 89%|████████▊ | 4604/5200 [5:28:59<30:24,  3.06s/it]
 89%|████████▊ | 4605/5200 [5:29:02<30:13,  3.05s/it]
 89%|████████▊ | 4606/5200 [5:29:05<30:03,  3.04s/it]
 89%|████████▊ | 4607/5200 [5:29:08<30:24,  3.08s/it]
 89%|████████▊ | 4608/5200 [5:29:11<30:04,  3.05s/it]
 89%|████████▊ | 4609/5200 [5:29:14<29:55,  3.04s/it]
 89%|████████▊ | 4610/5200 [5:29:17<29:47,  3.03s/it]
 89%|████████▊ | 4611/5200 [5:29:20<30:07,  3.07s/it]
 89%|████████▊ | 4612/5200 [5:29:23<29:54,  3.05s/it]
 89%|████████▊ | 4613/5200 [5:29:26<29:43,  3.04s/it]
 89%|████████▊ | 4614/5200 [5:29:29<29:54,  3.06s/it]
 89%|████████▉ | 4615/5200 [5:29:32<29:47,  3.05s/it]
 89%|████████▉ | 4616/5200 [5:29:35<29:31,  3.03s/it]
 89%|████████▉ | 4617/5200 [5:29:38<29:29,  3.03s/it]
 89%|████████▉ | 4618/5200 [5:29:41<29:39,  3.06s/it]
 89%|████████▉ | 4619/5200 [5:29:44<29:32,  3.05s/it]
 89%|████████▉ | 4620/5200 [5:29:47<29:21,  3.04s/it]
 89%|████████▉ | 4621/5200 [5:29:50<29:37,  3.07s/it]
 89%|████████▉ | 4622/5200 [5:29:53<29:19,  3.04s/it]
 89%|████████▉ | 4623/5200 [5:29:56<29:11,  3.04s/it]
 89%|████████▉ | 4624/5200 [5:29:59<29:08,  3.04s/it]
 89%|████████▉ | 4625/5200 [5:30:03<29:22,  3.07s/it]
 89%|████████▉ | 4626/5200 [5:30:06<29:06,  3.04s/it]
 89%|████████▉ | 4627/5200 [5:30:09<28:58,  3.03s/it]
 89%|████████▉ | 4628/5200 [5:30:12<29:17,  3.07s/it]
 89%|████████▉ | 4629/5200 [5:30:15<29:04,  3.06s/it]
 89%|████████▉ | 4630/5200 [5:30:18<28:54,  3.04s/it]
 89%|████████▉ | 4631/5200 [5:30:21<28:41,  3.03s/it]
 89%|████████▉ | 4632/5200 [5:30:24<29:02,  3.07s/it]
 89%|████████▉ | 4633/5200 [5:30:27<28:46,  3.04s/it]
 89%|████████▉ | 4634/5200 [5:30:30<28:38,  3.04s/it]
 89%|████████▉ | 4635/5200 [5:30:33<28:52,  3.07s/it]
 89%|████████▉ | 4636/5200 [5:30:36<28:39,  3.05s/it]
 89%|████████▉ | 4637/5200 [5:30:39<28:30,  3.04s/it]
 89%|████████▉ | 4638/5200 [5:30:42<28:28,  3.04s/it]
 89%|████████▉ | 4639/5200 [5:30:45<28:38,  3.06s/it]
 89%|████████▉ | 4640/5200 [5:30:48<28:27,  3.05s/it]
 89%|████████▉ | 4641/5200 [5:30:51<28:18,  3.04s/it]
 89%|████████▉ | 4642/5200 [5:30:54<28:33,  3.07s/it]
 89%|████████▉ | 4643/5200 [5:30:57<28:20,  3.05s/it]
 89%|████████▉ | 4644/5200 [5:31:00<28:11,  3.04s/it]
 89%|████████▉ | 4645/5200 [5:31:04<28:07,  3.04s/it]
 89%|████████▉ | 4646/5200 [5:31:07<28:20,  3.07s/it]
 89%|████████▉ | 4647/5200 [5:31:10<28:02,  3.04s/it]
 89%|████████▉ | 4648/5200 [5:31:13<27:58,  3.04s/it]
 89%|████████▉ | 4649/5200 [5:31:16<28:12,  3.07s/it]
 89%|████████▉ | 4650/5200 [5:31:19<27:58,  3.05s/it]
 89%|████████▉ | 4651/5200 [5:31:22<27:49,  3.04s/it]
 89%|████████▉ | 4652/5200 [5:31:25<27:41,  3.03s/it]
 89%|████████▉ | 4653/5200 [5:31:28<27:54,  3.06s/it]
 90%|████████▉ | 4654/5200 [5:31:31<27:43,  3.05s/it]
 90%|████████▉ | 4655/5200 [5:31:34<27:34,  3.03s/it]
 90%|████████▉ | 4656/5200 [5:31:37<27:47,  3.07s/it]
 90%|████████▉ | 4657/5200 [5:31:40<27:31,  3.04s/it]
 90%|████████▉ | 4658/5200 [5:31:43<27:28,  3.04s/it]
 90%|████████▉ | 4659/5200 [5:31:46<27:16,  3.02s/it]
 90%|████████▉ | 4660/5200 [5:31:49<27:36,  3.07s/it]
 90%|████████▉ | 4661/5200 [5:31:52<27:24,  3.05s/it]
 90%|████████▉ | 4662/5200 [5:31:55<27:11,  3.03s/it]
 90%|████████▉ | 4663/5200 [5:31:58<27:29,  3.07s/it]
 90%|████████▉ | 4664/5200 [5:32:02<27:16,  3.05s/it]
 90%|████████▉ | 4665/5200 [5:32:05<27:07,  3.04s/it]
 90%|████████▉ | 4666/5200 [5:32:08<26:59,  3.03s/it]
 90%|████████▉ | 4667/5200 [5:32:11<27:13,  3.06s/it]
 90%|████████▉ | 4668/5200 [5:32:14<27:02,  3.05s/it]
 90%|████████▉ | 4669/5200 [5:32:17<26:52,  3.04s/it]
 90%|�    [nf-probe] train nf-RMS=3.3245e-05   val nf-RMS=3.7925e-05 [m]  (@nf=400)
    [joint-probe] combo-err n/a (theta frozen) | orth-frac 0.451 | V_orth 0.000e+00 | param_loss 0.000e+00
(0,)
It 4680, sqrt loss 0.001059, Val sim-RMS 0.01783, Time Loss: 70.2%, data: 0.3%, val: 29.5%,  4.3 sec/batch
�███████▉ | 4670/5200 [5:32:20<27:02,  3.06s/it]
 90%|████████▉ | 4671/5200 [5:32:23<26:56,  3.06s/it]
 90%|████████▉ | 4672/5200 [5:32:26<26:46,  3.04s/it]
 90%|████████▉ | 4673/5200 [5:32:29<26:38,  3.03s/it]
 90%|████████▉ | 4674/5200 [5:32:32<26:51,  3.06s/it]
 90%|████████▉ | 4675/5200 [5:32:35<26:36,  3.04s/it]
 90%|████████▉ | 4676/5200 [5:32:38<26:33,  3.04s/it]
 90%|████████▉ | 4677/5200 [5:32:41<26:42,  3.06s/it]
 90%|████████▉ | 4678/5200 [5:32:44<26:30,  3.05s/it]
 90%|████████▉ | 4679/5200 [5:32:47<26:22,  3.04s/it]
 90%|█████████ | 4680/5200 [5:38:24<14:54:57, 103.26s/it]
 90%|█████████ | 4681/5200 [5:38:27<10:33:21, 73.22s/it] 
 90%|█████████ | 4682/5200 [5:38:30<7:30:17, 52.16s/it] 
 90%|█████████ | 4683/5200 [5:38:33<5:22:26, 37.42s/it]
 90%|█████████ | 4684/5200 [5:38:37<3:53:18, 27.13s/it]
 90%|█████████ | 4685/5200 [5:38:40<2:50:49, 19.90s/it]
 90%|█████████ | 4686/5200 [5:38:43<2:07:04, 14.83s/it]
 90%|█████████ | 4687/5200 [5:38:46<1:36:30, 11.29s/it]
 90%|█████████ | 4688/5200 [5:38:49<1:15:23,  8.83s/it]
 90%|█████████ | 4689/5200 [5:38:52<1:00:24,  7.09s/it]
 90%|█████████ | 4690/5200 [5:38:55<49:52,  5.87s/it]  
 90%|█████████ | 4691/5200 [5:38:58<42:47,  5.04s/it]
 90%|█████████ | 4692/5200 [5:39:01<37:36,  4.44s/it]
 90%|█████████ | 4693/5200 [5:39:04<33:55,  4.01s/it]
 90%|█████████ | 4694/5200 [5:39:07<31:14,  3.70s/it]
 90%|█████████ | 4695/5200 [5:39:10<29:45,  3.54s/it]
 90%|█████████ | 4696/5200 [5:39:13<28:26,  3.39s/it]
 90%|█████████ | 4697/5200 [5:39:16<27:22,  3.27s/it]
 90%|█████████ | 4698/5200 [5:39:19<26:44,  3.20s/it]
 90%|█████████ | 4699/5200 [5:39:22<26:28,  3.17s/it]
 90%|█████████ | 4700/5200 [5:39:25<26:02,  3.12s/it]
 90%|█████████ | 4701/5200 [5:39:28<25:46,  3.10s/it]
 90%|█████████ | 4702/5200 [5:39:31<25:49,  3.11s/it]
 90%|█████████ | 4703/5200 [5:39:34<25:31,  3.08s/it]
 90%|█████████ | 4704/5200 [5:39:37<25:18,  3.06s/it]
 90%|█████████ | 4705/5200 [5:39:40<25:07,  3.05s/it]
 90%|█████████ | 4706/5200 [5:39:44<25:19,  3.08s/it]
 91%|█████████ | 4707/5200 [5:39:47<25:03,  3.05s/it]
 91%|█████████ | 4708/5200 [5:39:50<24:54,  3.04s/it]
 91%|█████████ | 4709/5200 [5:39:53<25:09,  3.07s/it]
 91%|█████████ | 4710/5200 [5:39:56<24:56,  3.05s/it]
 91%|█████████ | 4711/5200 [5:39:59<24:43,  3.03s/it]
 91%|█████████ | 4712/5200 [5:40:02<24:36,  3.03s/it]
 91%|█████████ | 4713/5200 [5:40:05<24:53,  3.07s/it]
 91%|█████████ | 4714/5200 [5:40:08<24:42,  3.05s/it]
 91%|█████████ | 4715/5200 [5:40:11<24:29,  3.03s/it]
 91%|█████████ | 4716/5200 [5:40:14<24:43,  3.06s/it]
 91%|█████████ | 4717/5200 [5:40:17<24:31,  3.05s/it]
 91%|█████████ | 4718/5200 [5:40:20<24:23,  3.04s/it]
 91%|█████████ | 4719/5200 [5:40:23<24:20,  3.04s/it]
 91%|█████████ | 4720/5200 [5:40:26<24:31,  3.07s/it]
 91%|█████████ | 4721/5200 [5:40:29<24:20,  3.05s/it]
 91%|█████████ | 4722/5200 [5:40:32<24:07,  3.03s/it]
 91%|█████████ | 4723/5200 [5:40:35<24:24,  3.07s/it]
 91%|█████████ | 4724/5200 [5:40:38<24:12,  3.05s/it]
 91%|█████████ | 4725/5200 [5:40:41<24:03,  3.04s/it]
 91%|█████████ | 4726/5200 [5:40:44<23:55,  3.03s/it]
 91%|█████████ | 4727/5200 [5:40:48<24:08,  3.06s/it]
 91%|█████████ | 4728/5200 [5:40:51<23:57,  3.05s/it]
 91%|█████████ | 4729/5200 [5:40:54<23:49,  3.04s/it]
 91%|█████████ | 4730/5200 [5:40:57<23:57,  3.06s/it]
 91%|█████████ | 4731/5200 [5:41:00<23:47,  3.04s/it]
 91%|█████████ | 4732/5200 [5:41:03<23:43,  3.04s/it]
 91%|█████████ | 4733/5200 [5:41:06<23:35,  3.03s/it]
 91%|█████████ | 4734/5200 [5:41:09<23:43,  3.06s/it]
 91%|█████████ | 4735/5200 [5:41:12<23:35,  3.04s/it]
 91%|█████████ | 4736/5200 [5:41:15<23:30,  3.04s/it]
 91%|█████████ | 4737/5200 [5:41:18<23:38,  3.06s/it]
 91%|█████████ | 4738/5200 [5:41:21<23:31,  3.05s/it]
 91%|█████████ | 4739/5200 [5:41:24<23:19,  3.04s/it]
 91%|█████████ | 4740/5200 [5:41:27<23:12,  3.03s/it]
 91%|█████████ | 4741/5200 [5:41:30<23:25,  3.06s/it]
 91%|█████████ | 4742/5200 [5:41:33<23:18,  3.05s/it]
 91%|█████████ | 4743/5200 [5:41:36<23:05,  3.03s/it]
 91%|█████████ | 4744/5200 [5:41:39<23:21,  3.07s/it]
 91%|█████████▏| 4745/5200 [5:41:42<23:06,  3.05s/it]
 91%|█████████▏| 4746/5200 [5:41:45<23:02,  3.05s/it]
 91%|█████████▏| 4747/5200 [5:41:48<22:50,  3.03s/it]
 91%|█████████▏| 4748/5200 [5:41:52<23:06,  3.07s/it]
 91%|█████████▏| 4749/5200 [5:41:55<22:52,  3.04s/it]
 91%|█████████▏| 4750/5200 [5:41:58<22:48,  3.04s/it]
 91%|█████████▏| 4751/5200 [5:42:01<22:58,  3.07s/it]
 91%|█████████▏| 4752/5200 [5:42:04<22:47,  3.05s/it]
 91%|█████████▏| 4753/5200 [5:42:07<22:39,  3.04s/it]
 91%|█████████▏| 4754/5200 [5:42:10<22:32,  3.03s/it]
 91%|█████████▏| 4755/5200 [5:42:13<22:39,  3.06s/it]
 91%|█████████▏| 4756/5200 [5:42:16<22:33,  3.05s/it]
 91%|█████████▏| 4757/5200 [5:42:19<22:22,  3.03s/it]
 92%|█████████▏| 4758/5200 [5:42:22<22:36,  3.07s/it]
 92%|█████████▏| 4759/5200 [5:42:25<22:22,  3.04s/it]
 92%|█████████▏| 4760/5200 [5:42:28<22:15,  3.04s/it]
 92%|█████████▏| 4761/5200 [5:42:31<22:09,  3.03s/it]
 92%|█████████▏| 4762/5200 [5:42:34<22:20,  3.06s/it]
 92%|█████████▏| 4763/5200 [5:42:37<22:11,  3.05s/it]
 92%|█████████▏| 4764/5200 [5:42:40<22:03,  3.04s/it]
 92%|█████████▏| 4765/5200 [5:42:43<22:14,  3.07s/it]
 92%|█████████▏| 4766/5200 [5:42:46<22:03,  3.05s/it]
 92%|█████████▏| 4767/5200 [5:42:49<21:55,  3.04s/it]
 92%|█████████▏| 4768/5200 [5:42:52<21:48,  3.03s/it]
 92%|█████████▏| 4769/5200 [5:42:56<22:03,  3.07s/it]
 92%|█████████▏| 4770/5200 [5:42:59<21:53,  3.05s/it]
 92%|█████████▏| 4771/5200 [5:43:02<21:44,  3.04s/it]
 92%|█████████▏| 4772/5200 [5:43:05<21:55,  3.07s/it]
 92%|█████████▏| 4773/5200 [5:43:08<21:40,  3.05s/it]
 92%|█████████▏| 4774/5200 [5:43:11<21:36,  3.04s/it]
 92%|█████████▏| 4775/5200 [5:43:14<21:26,  3.03s/it]
 92%|█████████▏| 4776/5200 [5:43:17<21:40,  3.07s/it]
 92%|█████████▏| 4777/5200 [5:43:20<21:26,  3.04s/it]
 92%|█████████▏| 4778/5200 [5:43:23<21:22,  3.04s/it]
 92%|█████████▏| 4779/5200 [5:43:26<21:29,  3.06s/it]
 92%|█████████▏| 4780/5200 [5:43:29<21:19,  3.05s/it]
 92%|█████████▏| 4781/5200 [5:43:32<21:12,  3.04s/it]
 92%|█████████▏| 4782/5200 [5:43:35<21:10,  3.04s/it]
 92%|█████████▏| 4783/5200 [5:43:38<21:19,  3.07s/it]
 92%|█████████▏| 4784/5200 [5:43:41<21:09,  3.05s/it]
 92%|█████████▏| 4785/5200 [5:43:44<20:58,  3.03s/it]
 92%|█████████▏| 4786/5200 [5:43:47<21:09,  3.07s/it]
 92%|█████████▏| 4787/5200 [5:43:50<20:59,  3.05s/it]
 92%|█████████▏| 4788/5200 [5:43:53<20:52,  3.04s/it]
 92%|█████████▏| 4789/5200 [5:43:56<20:45,  3.03s/it]
 92%|█████████▏| 4790/5200 [5:44:00<20:59,  3.07s/it]
 92%|█████████▏| 4791/5200 [5:44:03<20:49,  3.05s/it]
 92%|█████████▏| 4792/5200 [5:44:06<20:37,  3.03s/it]
 92%|█████████▏| 4793/5200 [5:44:09<20:50,  3.07s/it]
 92%|█████████▏| 4794/5200 [5:44:12<20:36,  3.05s/it]
 92%|█████████▏| 4795/5200 [5:44:15<20:29,  3.04s/it]
 92%|█████████▏| 4796/5200 [5:44:18<20:23,  3.03s/it]
 92%|█████████▏| 4797/5200 [5:44:21<20:37,  3.07s/it]
 92%|█████████▏| 4798/5200 [5:44:24<20:24,  3.04s/it]
 92%|█████████▏| 4799/5200 [5:44:27<20:16,  3.03s/it]
 92%|█████████▏| 4800/5200 [5:44:30<20:29,  3.07s/it]
 92%|█████████▏| 4801/5200 [5:44:33<20:15,  3.05s/it]
 92%|█████████▏| 4802/5200 [5:44:36<20:08,  3.04s/it]
 92%|█████████▏| 4803/5200 [5:44:39<20:02,  3.03s/it]
 92%|█████████▏| 4804/5200 [5:44:42<20:12,  3.06s/it]
 92%|█████████▏| 4805/5200 [5:44:45<20:03,  3.05s/it]
 92%|█████████▏| 4806/5200 [5:44:48<19:58,  3.04s/it]
 92%|█████████▏| 4807/5200 [5:44:51<20:07,  3.07s/it]
 92%|█████████▏| 4808/5200 [5:44:54<19:57,  3.05s/it]
 92%|█████████▏| 4809/5200 [5:44:57<19:49,  3.04s/it]
 92%|█████████▎| 4810/5200 [5:45:00<19:39,  3.03s/it]
 93%|█████████▎| 4811/5200 [5:45:04<19:53,  3.07s/it]
 93%|█████████▎| 4812/5200 [5:45:07<19:40,  3.04s/it]
 93%|█████████▎| 4813/5200 [5:45:10<19:36,  3.04s/it]
 93%|█████████▎| 4814/5200 [5:45:13<19:41,  3.06s/it]
 93%|█████████▎| 4815/5200 [5:45:16<19:32,  3.05s/it]
 93%|█████████▎| 4816/5200 [5:45:19<19:27,  3.04s/it]
 93%|█████████▎| 4817/5200 [5:45:22<19:21,  3.03s/it]
 93%|█████████▎| 4818/5200 [5:45:25<19:27,  3.06s/it]
 93%|█████████▎| 4819/5200 [5:45:28<19:19,  3.04s/it]
 93%|█████████▎| 4820/5200 [5:45:31<19:15,  3.04s/it]
 93%|█████████▎| 4821/5200 [5:45:34<19:21,  3.06s/it]
 93%|█████████▎| 4822/5200 [5:45:37<19:12,  3.05s/it]
 93%|█████████▎| 4823/5200 [5:45:40<19:04,  3.04s/it]
 93%|█████████▎| 4824/5200 [5:45:43<18:59,  3.03s/it]
 93%|█████████▎| 4825/5200 [5:45:46<19:08,  3.06s/it]
 93%|█████████▎| 4826/5200 [5:45:49<19:00,  3.05s/it]
 93%|█████████▎| 4827/5200 [5:45:52<18:55,  3.04s/it]
 93%|█████████▎| 4828/5200 [5:45:55<19:03,  3.07s/it]
 93%|█████████▎| 4829/5200 [5:45:58<18:53,  3.05s/it]
 93%|█████████▎| 4830/5200 [5:46:01<18:42,  3.03s/it]
 93%|█████████▎| 4831/5200 [5:46:04<18:37,  3.03s/it]
 93%|█████████▎| 4832/5200 [5:46:08<18:46,  3.06s/it]
 93%|█████████▎| 4833/5200 [5:46:11<18:40,  3.05s/it]
 93%|█████████▎| 4834/5200 [5:46:14<18:29,  3.03s/it]
 93%|█████████▎| 4835/5200 [5:46:17<18:39,  3.07s/it]
 93%|█████████▎| 4836/5200 [5:46:20<18:30,  3.05s/it]
 93%|█████████▎| 4837/5200 [5:46:23<18:23,  3.04s/it]
 93%|█████████▎| 4838/5200 [5:46:26<18:20,  3.04s/it]
 93%|█████████▎| 4839/5200 [5:46:29<18:24,  3.06s/it]
 93%|█████████▎| 4840/5200 [5:46:32<18:19,  3.05s/it]
 93%|█████████▎| 4841/5200 [5:46:35<18:11,  3.04s/it]
 93%|█████████▎| 4842/5200 [5:46:38<18:16,  3.06s/it]
 93%|█████████▎| 4843/5200 [5:46:41<18:07,  3.05s/it]
 93%|█████████▎| 4844/5200 [5:46:44<18:01,  3.04s/it]
 93%|█████████▎| 4845/5200 [5:46:47<17:58,  3.04s/it]
 93%|█████████▎| 4846/5200 [5:46:50<18:05,  3.07s/it]
 93%|█████████▎| 4847/5200 [5:46:53<17:56,  3.05s/it]
 93%|█████████▎| 4848/5200 [5:46:56<17:49,  3.04s/it]
 93%|█████████▎| 4849/5200 [5:46:59<17:54,  3.06s/it]
 93%|█████████▎| 4850/5200 [5:47:02<17:45,  3.04s/it]
 93%|█████████▎| 4851/5200 [5:47:06<17:41,  3.04s/it]
 93%|█████████▎| 4852/5200 [5:47:08<17:32,  3.02s/it]
 93%|█████████▎| 4853/5200 [5:47:12<17:41,  3.06s/it]
 93%|█████████▎| 4854/5200 [5:47:15<17:33,  3.04s/it]
 93%|█████████▎| 4855/5200 [5:47:18<17:26,  3.03s/it]
 93%|█████████▎| 4856/5200 [5:47:21<17:37,  3.07s/it]
 93%|█████████▎| 4857/5200 [5:47:24<17:27,  3.05s/it]
 93%|█████████▎| 4858/5200 [5:47:27<17:19,  3.04s/it]
 93%|█████████▎| 4859/5200 [5:47:30<17:11,  3.02s/it]
 93%|█████████▎| 4860/5200 [5:47:33<17:19,  3.06s/it]
 93%|█████████▎| 4861/5200 [5:47:36<17:11,  3.04s/it]
 94%|█████████▎| 4862/5200 [5:47:39<17:04,  3.03s/it]
 94%|█████████▎| 4863/5200 [5:47:42<17:12,  3.06s/it]
 94%|█████████▎| 4864/5200 [5:47:45<17:06,  3.05s/it]
 94%|█████████▎| 4865/5200 [5:47:48<16:56,  3.03s/it]
 94%|█████████▎| 4866/5200 [5:47:51<16:51,  3.03s/it]
 94%|█████████▎| 4867/5200 [5:47:54<17:01,  3.07s/it]
 94%|█████████▎| 4868/5200 [5:47:57<16:50,  3.04s/it]
 94%|█████████▎| 4869/5200 [5:48:00<16:46,  3.04s/it]
 94%|█████████▎| 4870/5200 [5:48:03<16:53,  3.07s/it]
 94%|█████████▎| 4871/5200 [5:48:06<16:41,  3.04s/it]
 94%|█████████▎| 4872/5200 [5:48:09<16:35,  3.04s/it]
 94%|█████████▎| 4873/5200 [5:48:12<16:32,  3.04s/it]
 94%|█████████▎| 4874/5200 [5:48:16<16:37,  3.06s/it]
 94%|█████████▍| 4875/5200 [5:48:19<16:30,  3.05s/it]
 94%|█████████▍| 4876/5200 [5:48:22<16:23,  3.04s/it]
 94%|█████████▍| 4877/5200 [5:48:25<16:33,  3.08s/it]
 94%|█████████▍| 4878/5200 [5:48:28<16:21,  3.05s/it]
 94%|█████████▍| 4879/5200 [5:48:31<16:18,  3.05s/it]
 94%|█████████▍| 4880/5200 [5:48:34<16:11,  3.04s/it]
 94%|█████████▍| 4881/5200 [5:48:37<16:17,  3.07s/it]
 94%|█████████▍| 4882/5200 [5:48:40<16:06,  3.04s/it]
 94%|█████████▍| 4883/5200 [5:48:43<16:03,  3.04s/it]
 94%|█████████▍| 4884/5200 [5:48:46<16:07,  3.06s/it]
 94%|█████████▍| 4885/5200 [5:48:49<15:59,  3.05s/it]
 94%|█████████▍| 4886/5200 [5:48:52<15:53,  3.04s/it]
 94%|█████████▍| 4887/5200 [5:48:55<15:50,  3.04s/it]
 94%|█████████▍| 4888/5200 [5:48:58<15:56,  3.07s/it]
 94%|█████████▍| 4889/5200 [5:49:01<15:46,  3.04s/it]
 94%|█████████▍| 4890/5200 [5:49:04<15:42,  3.04s/it]
 94%|█████████▍| 4891/5200 [5:49:07<15:46,  3.06s/it]
 94%|█████████▍| 4892/5200 [5:49:10<15:38,  3.05s/it]
 94%|█████████▍| 4893/5200 [5:49:13<15:31,  3.04s/it]
 94%|█████████▍| 4894/5200 [5:49:16<15:26,  3.03s/it]
 94%|█████████▍| 4895/5200 [5:49:20<15:35,  3.07s/it]
 94%|█████████▍| 4896/5200 [5:49:23<15:27,  3.05s/it]
 94%|█████████▍| 4897/5200 [5:49:26<15:18,  3.03s/it]
 94%|█████████▍| 4898/5200 [5:49:29<15:25,  3.07s/it]
 94%|█████████▍| 4899/5200 [5:49:32<15:17,  3.05s/it]
 94%|█████████▍| 4900/5200 [5:49:35<15:11,  3.04s/it]
 94%|█████████▍| 4901/5200 [5:49:38<15:08,  3.04s/it]
 94%|█████████▍| 4902/5200 [5:49:41<15:12,  3.06s/it]
 94%|█████████▍| 4903/5200 [5:49:44<15:04,  3.05s/it]
 94%|█████████▍| 4904/5200 [5:49:47<14:58,  3.03s/it]
 94%|█████████▍| 4905/5200 [5:49:50<15:04,  3.07s/it]
 94%|█████████▍| 4906/5200 [5:49:53<14:56,  3.05s/it]
 94%|█████████▍| 4907/5200 [5:49:56<14:50,  3.04s/it]
 94%|█████████▍| 4908/5200 [5:49:59<14:45,  3.03s/it]
 94%|█████████▍| 4909/5200 [5:50:02<14:53,  3.07s/it]
 94%|█████████▍| 4910/5200 [5:50:05<14:45,  3.05s/it]
 94%|█████████▍| 4911/5200 [5:50:08<14:36,  3.03s/it]
 94%|█████████▍| 4912/5200 [5:50:11<14:45,  3.07s/it]
 94%|█████████▍| 4913/5200 [5:50:14<14:36,  3.06s/it]
 94%|█████████▍| 4914/5200 [5:50:18<14:30,  3.04s/it]
 95%|█████████▍| 4915/5200 [5:50:21<14:24,  3.03s/it]
 95%|█████████▍| 4916/5200 [5:50:24<14:30,  3.06s/it]
 95%|█████████▍| 4917/5200 [5:50:27<14:20,  3.04s/it]
 95%|█████████▍| 4918/5200 [5:50:30<14:17,  3.04s/it]
 95%|█████████▍| 4919/5200 [5:50:33<14:22,  3.07s/it]
 95%|█████████▍| 4920/5200 [5:50:36<14:12,  3.04s/it]
 95%|█████████▍| 4921/5200 [5:50:39<14:08,  3.04s/it]
 95%|█████████▍| 4922/5200 [5:50:42<14:03,  3.03s/it]
 95%|█████████▍| 4923/5200 [5:50:45<14:06,  3.06s/it]
 95%|█████████▍| 4924/5200 [5:50:48<13:59,  3.04s/it]
 95%|█████████▍| 4925/5200 [5:50:51<13:56,  3.04s/it]
 95%|█████████▍| 4926/5200 [5:50:54<14:01,  3.07s/it]
 95%|█████████▍| 4927/5200 [5:50:57<13:51,  3.04s/it]
 95%|█████████▍| 4928/5200 [5:51:00<13:47,  3.04s/it]
 95%|█████████▍| 4929/5200 [5:51:03<13:42,  3.03s/it]
 95%|█████████▍| 4930/5200 [5:51:06<13:47,  3.06s/it]
 95%|█████████▍| 4931/5200 [5:51:09<13:38,  3.04s/it]
 95%|█████████▍| 4932/5200 [5:51:12<13:32,  3.03s/it]
 95%|█████████▍| 4933/5200 [5:51:15<13:38,  3.06s/it]
 95%|█████████▍| 4934/5200 [5:    [nf-probe] train nf-RMS=3.3285e-05   val nf-RMS=3.8009e-05 [m]  (@nf=400)
    [joint-probe] combo-err n/a (theta frozen) | orth-frac 0.460 | V_orth 0.000e+00 | param_loss 0.000e+00
(0,)
It 4940, sqrt loss 0.001055, Val sim-RMS 0.01976, Time Loss: 70.2%, data: 0.3%, val: 29.5%,  4.3 sec/batch
51:18<13:30,  3.05s/it]
 95%|█████████▍| 4935/5200 [5:51:21<13:25,  3.04s/it]
 95%|█████████▍| 4936/5200 [5:51:24<13:19,  3.03s/it]
 95%|█████████▍| 4937/5200 [5:51:28<13:26,  3.07s/it]
 95%|█████████▍| 4938/5200 [5:51:31<13:17,  3.04s/it]
 95%|█████████▍| 4939/5200 [5:51:34<13:13,  3.04s/it]
 95%|█████████▌| 4940/5200 [5:57:11<7:27:29, 103.27s/it]
 95%|█████████▌| 4941/5200 [5:57:14<5:16:06, 73.23s/it] 
 95%|█████████▌| 4942/5200 [5:57:17<3:44:16, 52.16s/it]
 95%|█████████▌| 4943/5200 [5:57:20<2:40:17, 37.42s/it]
 95%|█████████▌| 4944/5200 [5:57:23<1:55:45, 27.13s/it]
 95%|█████████▌| 4945/5200 [5:57:26<1:24:32, 19.89s/it]
 95%|█████████▌| 4946/5200 [5:57:29<1:02:46, 14.83s/it]
 95%|█████████▌| 4947/5200 [5:57:32<47:34, 11.28s/it]  
 95%|█████████▌| 4948/5200 [5:57:35<37:09,  8.85s/it]
 95%|█████████▌| 4949/5200 [5:57:38<29:41,  7.10s/it]
 95%|█████████▌| 4950/5200 [5:57:41<24:27,  5.87s/it]
 95%|█████████▌| 4951/5200 [5:57:44<20:46,  5.00s/it]
 95%|█████████▌| 4952/5200 [5:57:47<18:21,  4.44s/it]
 95%|█████████▌| 4953/5200 [5:57:50<16:33,  4.02s/it]
 95%|█████████▌| 4954/5200 [5:57:53<15:12,  3.71s/it]
 95%|█████████▌| 4955/5200 [5:57:57<14:27,  3.54s/it]
 95%|█████████▌| 4956/5200 [5:58:00<13:44,  3.38s/it]
 95%|█████████▌| 4957/5200 [5:58:03<13:14,  3.27s/it]
 95%|█████████▌| 4958/5200 [5:58:06<13:01,  3.23s/it]
 95%|█████████▌| 4959/5200 [5:58:09<12:42,  3.16s/it]
 95%|█████████▌| 4960/5200 [5:58:12<12:28,  3.12s/it]
 95%|█████████▌| 4961/5200 [5:58:15<12:17,  3.09s/it]
 95%|█████████▌| 4962/5200 [5:58:18<12:20,  3.11s/it]
 95%|█████████▌| 4963/5200 [5:58:21<12:08,  3.07s/it]
 95%|█████████▌| 4964/5200 [5:58:24<12:02,  3.06s/it]
 95%|█████████▌| 4965/5200 [5:58:27<12:03,  3.08s/it]
 96%|█████████▌| 4966/5200 [5:58:30<11:55,  3.06s/it]
 96%|█████████▌| 4967/5200 [5:58:33<11:49,  3.04s/it]
 96%|█████████▌| 4968/5200 [5:58:36<11:44,  3.03s/it]
 96%|█████████▌| 4969/5200 [5:58:39<11:48,  3.07s/it]
 96%|█████████▌| 4970/5200 [5:58:42<11:41,  3.05s/it]
 96%|█████████▌| 4971/5200 [5:58:45<11:35,  3.04s/it]
 96%|█████████▌| 4972/5200 [5:58:48<11:41,  3.08s/it]
 96%|█████████▌| 4973/5200 [5:58:51<11:33,  3.06s/it]
 96%|█████████▌| 4974/5200 [5:58:54<11:27,  3.04s/it]
 96%|█████████▌| 4975/5200 [5:58:57<11:20,  3.02s/it]
 96%|█████████▌| 4976/5200 [5:59:01<11:26,  3.07s/it]
 96%|█████████▌| 4977/5200 [5:59:04<11:18,  3.04s/it]
 96%|█████████▌| 4978/5200 [5:59:07<11:14,  3.04s/it]
 96%|█████████▌| 4979/5200 [5:59:10<11:18,  3.07s/it]
 96%|█████████▌| 4980/5200 [5:59:13<11:11,  3.05s/it]
 96%|█████████▌| 4981/5200 [5:59:16<11:05,  3.04s/it]
 96%|█████████▌| 4982/5200 [5:59:19<11:00,  3.03s/it]
 96%|█████████▌| 4983/5200 [5:59:22<11:04,  3.06s/it]
 96%|█████████▌| 4984/5200 [5:59:25<10:57,  3.05s/it]
 96%|█████████▌| 4985/5200 [5:59:28<10:50,  3.03s/it]
 96%|█████████▌| 4986/5200 [5:59:31<10:57,  3.07s/it]
 96%|█████████▌| 4987/5200 [5:59:34<10:49,  3.05s/it]
 96%|█████████▌| 4988/5200 [5:59:37<10:44,  3.04s/it]
 96%|█████████▌| 4989/5200 [5:59:40<10:39,  3.03s/it]
 96%|█████████▌| 4990/5200 [5:59:43<10:42,  3.06s/it]
 96%|█████████▌| 4991/5200 [5:59:46<10:36,  3.05s/it]
 96%|█████████▌| 4992/5200 [5:59:49<10:31,  3.03s/it]
 96%|█████████▌| 4993/5200 [5:59:52<10:34,  3.07s/it]
 96%|█████████▌| 4994/5200 [5:59:55<10:26,  3.04s/it]
 96%|█████████▌| 4995/5200 [5:59:58<10:23,  3.04s/it]
 96%|█████████▌| 4996/5200 [6:00:01<10:18,  3.03s/it]
 96%|█████████▌| 4997/5200 [6:00:05<10:22,  3.07s/it]
 96%|█████████▌| 4998/5200 [6:00:08<10:14,  3.04s/it]
 96%|█████████▌| 4999/5200 [6:00:11<10:10,  3.04s/it]
 96%|█████████▌| 5000/5200 [6:00:14<10:12,  3.06s/it]
 96%|█████████▌| 5001/5200 [6:00:17<10:07,  3.05s/it]
 96%|█████████▌| 5002/5200 [6:00:20<10:02,  3.04s/it]
 96%|█████████▌| 5003/5200 [6:00:23<09:57,  3.03s/it]
 96%|█████████▌| 5004/5200 [6:00:26<09:59,  3.06s/it]
 96%|█████████▋| 5005/5200 [6:00:29<09:53,  3.04s/it]
 96%|█████████▋| 5006/5200 [6:00:32<09:50,  3.04s/it]
 96%|█████████▋| 5007/5200 [6:00:35<09:51,  3.06s/it]
 96%|█████████▋| 5008/5200 [6:00:38<09:45,  3.05s/it]
 96%|█████████▋| 5009/5200 [6:00:41<09:41,  3.05s/it]
 96%|█████████▋| 5010/5200 [6:00:44<09:36,  3.03s/it]
 96%|█████████▋| 5011/5200 [6:00:47<09:39,  3.07s/it]
 96%|█████████▋| 5012/5200 [6:00:50<09:31,  3.04s/it]
 96%|█████████▋| 5013/5200 [6:00:53<09:27,  3.03s/it]
 96%|█████████▋| 5014/5200 [6:00:56<09:32,  3.08s/it]
 96%|█████████▋| 5015/5200 [6:00:59<09:24,  3.05s/it]
 96%|█████████▋| 5016/5200 [6:01:02<09:18,  3.04s/it]
 96%|█████████▋| 5017/5200 [6:01:05<09:15,  3.03s/it]
 96%|█████████▋| 5018/5200 [6:01:09<09:17,  3.07s/it]
 97%|█████████▋| 5019/5200 [6:01:12<09:10,  3.04s/it]
 97%|█████████▋| 5020/5200 [6:01:15<09:05,  3.03s/it]
 97%|█████████▋| 5021/5200 [6:01:18<09:09,  3.07s/it]
 97%|█████████▋| 5022/5200 [6:01:21<09:03,  3.05s/it]
 97%|█████████▋| 5023/5200 [6:01:24<08:58,  3.04s/it]
 97%|█████████▋| 5024/5200 [6:01:27<08:52,  3.03s/it]
 97%|█████████▋| 5025/5200 [6:01:30<08:55,  3.06s/it]
 97%|█████████▋| 5026/5200 [6:01:33<08:51,  3.05s/it]
 97%|█████████▋| 5027/5200 [6:01:36<08:44,  3.03s/it]
 97%|█████████▋| 5028/5200 [6:01:39<08:48,  3.07s/it]
 97%|█████████▋| 5029/5200 [6:01:42<08:41,  3.05s/it]
 97%|█████████▋| 5030/5200 [6:01:45<08:37,  3.04s/it]
 97%|█████████▋| 5031/5200 [6:01:48<08:31,  3.03s/it]
 97%|█████████▋| 5032/5200 [6:01:51<08:34,  3.06s/it]
 97%|█████████▋| 5033/5200 [6:01:54<08:29,  3.05s/it]
 97%|█████████▋| 5034/5200 [6:01:57<08:23,  3.03s/it]
 97%|█████████▋| 5035/5200 [6:02:00<08:27,  3.07s/it]
 97%|█████████▋| 5036/5200 [6:02:03<08:20,  3.05s/it]
 97%|█████████▋| 5037/5200 [6:02:06<08:14,  3.03s/it]
 97%|█████████▋| 5038/5200 [6:02:09<08:11,  3.03s/it]
 97%|█████████▋| 5039/5200 [6:02:13<08:11,  3.05s/it]
 97%|█████████▋| 5040/5200 [6:02:16<08:06,  3.04s/it]
 97%|█████████▋| 5041/5200 [6:02:19<08:02,  3.03s/it]
 97%|█████████▋| 5042/5200 [6:02:22<08:05,  3.07s/it]
 97%|█████████▋| 5043/5200 [6:02:25<07:59,  3.06s/it]
 97%|█████████▋| 5044/5200 [6:02:28<07:54,  3.04s/it]
 97%|█████████▋| 5045/5200 [6:02:31<07:50,  3.03s/it]
 97%|█████████▋| 5046/5200 [6:02:34<07:51,  3.06s/it]
 97%|█████████▋| 5047/5200 [6:02:37<07:46,  3.05s/it]
 97%|█████████▋| 5048/5200 [6:02:40<07:41,  3.04s/it]
 97%|█████████▋| 5049/5200 [6:02:43<07:43,  3.07s/it]
 97%|█████████▋| 5050/5200 [6:02:46<07:36,  3.05s/it]
 97%|█████████▋| 5051/5200 [6:02:49<07:32,  3.04s/it]
 97%|█████████▋| 5052/5200 [6:02:52<07:28,  3.03s/it]
 97%|█████████▋| 5053/5200 [6:02:55<07:31,  3.07s/it]
 97%|█████████▋| 5054/5200 [6:02:58<07:25,  3.05s/it]
 97%|█████████▋| 5055/5200 [6:03:01<07:19,  3.03s/it]
 97%|█████████▋| 5056/5200 [6:03:04<07:21,  3.07s/it]
 97%|█████████▋| 5057/5200 [6:03:07<07:17,  3.06s/it]
 97%|█████████▋| 5058/5200 [6:03:10<07:11,  3.04s/it]
 97%|█████████▋| 5059/5200 [6:03:13<07:07,  3.03s/it]
 97%|█████████▋| 5060/5200 [6:03:17<07:09,  3.07s/it]
 97%|█████████▋| 5061/5200 [6:03:20<07:03,  3.04s/it]
 97%|█████████▋| 5062/5200 [6:03:23<06:58,  3.03s/it]
 97%|█████████▋| 5063/5200 [6:03:26<07:00,  3.07s/it]
 97%|█████████▋| 5064/5200 [6:03:29<06:55,  3.06s/it]
 97%|█████████▋| 5065/5200 [6:03:32<06:49,  3.04s/it]
 97%|█████████▋| 5066/5200 [6:03:35<06:46,  3.04s/it]
 97%|█████████▋| 5067/5200 [6:03:38<06:47,  3.07s/it]
 97%|█████████▋| 5068/5200 [6:03:41<06:42,  3.05s/it]
 97%|█████████▋| 5069/5200 [6:03:44<06:37,  3.04s/it]
 98%|█████████▊| 5070/5200 [6:03:47<06:39,  3.07s/it]
 98%|█████████▊| 5071/5200 [6:03:50<06:33,  3.05s/it]
 98%|█████████▊| 5072/5200 [6:03:53<06:28,  3.03s/it]
 98%|█████████▊| 5073/5200 [6:03:56<06:24,  3.03s/it]
 98%|█████████▊| 5074/5200 [6:03:59<06:25,  3.06s/it]
 98%|█████████▊| 5075/5200 [6:04:02<06:21,  3.05s/it]
 98%|█████████▊| 5076/5200 [6:04:05<06:16,  3.04s/it]
 98%|█████████▊| 5077/5200 [6:04:08<06:16,  3.06s/it]
 98%|█████████▊| 5078/5200 [6:04:11<06:11,  3.04s/it]
 98%|█████████▊| 5079/5200 [6:04:14<06:07,  3.04s/it]
 98%|█████████▊| 5080/5200 [6:04:17<06:03,  3.03s/it]
 98%|█████████▊| 5081/5200 [6:04:21<06:04,  3.06s/it]
 98%|█████████▊| 5082/5200 [6:04:24<06:00,  3.05s/it]
 98%|█████████▊| 5083/5200 [6:04:27<05:55,  3.04s/it]
 98%|█████████▊| 5084/5200 [6:04:30<05:56,  3.07s/it]
 98%|█████████▊| 5085/5200 [6:04:33<05:51,  3.05s/it]
 98%|█████████▊| 5086/5200 [6:04:36<05:45,  3.03s/it]
 98%|█████████▊| 5087/5200 [6:04:39<05:42,  3.03s/it]
 98%|█████████▊| 5088/5200 [6:04:42<05:43,  3.07s/it]
 98%|█████████▊| 5089/5200 [6:04:45<05:37,  3.04s/it]
 98%|█████████▊| 5090/5200 [6:04:48<05:34,  3.04s/it]
 98%|█████████▊| 5091/5200 [6:04:51<05:34,  3.07s/it]
 98%|█████████▊| 5092/5200 [6:04:54<05:29,  3.05s/it]
 98%|█████████▊| 5093/5200 [6:04:57<05:25,  3.04s/it]
 98%|█████████▊| 5094/5200 [6:05:00<05:21,  3.03s/it]
 98%|█████████▊| 5095/5200 [6:05:03<05:21,  3.06s/it]
 98%|█████████▊| 5096/5200 [6:05:06<05:16,  3.05s/it]
 98%|█████████▊| 5097/5200 [6:05:09<05:11,  3.03s/it]
 98%|█████████▊| 5098/5200 [6:05:12<05:13,  3.07s/it]
 98%|█████████▊| 5099/5200 [6:05:15<05:07,  3.05s/it]
 98%|█████████▊| 5100/5200 [6:05:18<05:03,  3.04s/it]
 98%|█████████▊| 5101/5200 [6:05:22<05:00,  3.04s/it]
 98%|█████████▊| 5102/5200 [6:05:25<05:00,  3.07s/it]
 98%|█████████▊| 5103/5200 [6:05:28<04:56,  3.05s/it]
 98%|█████████▊| 5104/5200 [6:05:31<04:51,  3.04s/it]
 98%|█████████▊| 5105/5200 [6:05:34<04:51,  3.07s/it]
 98%|█████████▊| 5106/5200 [6:05:37<04:46,  3.05s/it]
 98%|█████████▊| 5107/5200 [6:05:40<04:42,  3.04s/it]
 98%|█████████▊| 5108/5200 [6:05:43<04:38,  3.02s/it]
 98%|█████████▊| 5109/5200 [6:05:46<04:38,  3.06s/it]
 98%|█████████▊| 5110/5200 [6:05:49<04:34,  3.05s/it]
 98%|█████████▊| 5111/5200 [6:05:52<04:30,  3.04s/it]
 98%|█████████▊| 5112/5200 [6:05:55<04:30,  3.07s/it]
 98%|█████████▊| 5113/5200 [6:05:58<04:25,  3.05s/it]
 98%|█████████▊| 5114/5200 [6:06:01<04:21,  3.04s/it]
 98%|█████████▊| 5115/5200 [6:06:04<04:17,  3.03s/it]
 98%|█████████▊| 5116/5200 [6:06:07<04:16,  3.06s/it]
 98%|█████████▊| 5117/5200 [6:06:10<04:13,  3.05s/it]
 98%|█████████▊| 5118/5200 [6:06:13<04:09,  3.04s/it]
 98%|█████████▊| 5119/5200 [6:06:17<04:08,  3.07s/it]
 98%|█████████▊| 5120/5200 [6:06:19<04:03,  3.05s/it]
 98%|█████████▊| 5121/5200 [6:06:23<03:59,  3.04s/it]
 98%|█████████▊| 5122/5200 [6:06:26<03:56,  3.03s/it]
 99%|█████████▊| 5123/5200 [6:06:29<03:55,  3.06s/it]
 99%|█████████▊| 5124/5200 [6:06:32<03:51,  3.05s/it]
 99%|█████████▊| 5125/5200 [6:06:35<03:48,  3.04s/it]
 99%|█████████▊| 5126/5200 [6:06:38<03:46,  3.07s/it]
 99%|█████████▊| 5127/5200 [6:06:41<03:43,  3.06s/it]
 99%|█████████▊| 5128/5200 [6:06:44<03:38,  3.04s/it]
 99%|█████████▊| 5129/5200 [6:06:47<03:35,  3.04s/it]
 99%|█████████▊| 5130/5200 [6:06:50<03:34,  3.06s/it]
 99%|█████████▊| 5131/5200 [6:06:53<03:30,  3.05s/it]
 99%|█████████▊| 5132/5200 [6:06:56<03:26,  3.03s/it]
 99%|█████████▊| 5133/5200 [6:06:59<03:25,  3.07s/it]
 99%|█████████▊| 5134/5200 [6:07:02<03:21,  3.05s/it]
 99%|█████████▉| 5135/5200 [6:07:05<03:17,  3.04s/it]
 99%|█████████▉| 5136/5200 [6:07:08<03:13,  3.03s/it]
 99%|█████████▉| 5137/5200 [6:07:11<03:12,  3.06s/it]
 99%|█████████▉| 5138/5200 [6:07:14<03:09,  3.05s/it]
 99%|█████████▉| 5139/5200 [6:07:17<03:05,  3.04s/it]
 99%|█████████▉| 5140/5200 [6:07:21<03:04,  3.07s/it]
 99%|█████████▉| 5141/5200 [6:07:24<03:00,  3.05s/it]
 99%|█████████▉| 5142/5200 [6:07:27<02:56,  3.04s/it]
 99%|█████████▉| 5143/5200 [6:07:30<02:52,  3.02s/it]
 99%|█████████▉| 5144/5200 [6:07:33<02:51,  3.06s/it]
 99%|█████████▉| 5145/5200 [6:07:36<02:48,  3.06s/it]
 99%|█████████▉| 5146/5200 [6:07:39<02:45,  3.06s/it]
 99%|█████████▉| 5147/5200 [6:07:42<02:44,  3.10s/it]
 99%|█████████▉| 5148/5200 [6:07:45<02:40,  3.08s/it]
 99%|█████████▉| 5149/5200 [6:07:48<02:36,  3.08s/it]
 99%|█████████▉| 5150/5200 [6:07:51<02:33,  3.08s/it]
 99%|█████████▉| 5151/5200 [6:07:54<02:31,  3.10s/it]
 99%|█████████▉| 5152/5200 [6:07:57<02:28,  3.08s/it]
 99%|█████████▉| 5153/5200 [6:08:00<02:24,  3.08s/it]
 99%|█████████▉| 5154/5200 [6:08:04<02:23,  3.11s/it]
 99%|█████████▉| 5155/5200 [6:08:07<02:18,  3.08s/it]
 99%|█████████▉| 5156/5200 [6:08:10<02:15,  3.08s/it]
 99%|█████████▉| 5157/5200 [6:08:13<02:11,  3.06s/it]
 99%|█████████▉| 5158/5200 [6:08:16<02:10,  3.12s/it]
 99%|█████████▉| 5159/5200 [6:08:19<02:07,  3.11s/it]
 99%|█████████▉| 5160/5200 [6:08:22<02:03,  3.09s/it]
 99%|█████████▉| 5161/5200 [6:08:25<02:01,  3.12s/it]
 99%|█████████▉| 5162/5200 [6:08:28<01:57,  3.10s/it]
 99%|█████████▉| 5163/5200 [6:08:31<01:54,  3.09s/it]
 99%|█████████▉| 5164/5200 [6:08:34<01:50,  3.08s/it]
 99%|█████████▉| 5165/5200 [6:08:38<01:48,  3.11s/it]
 99%|█████████▉| 5166/5200 [6:08:41<01:45,  3.10s/it]
 99%|█████████▉| 5167/5200 [6:08:44<01:41,  3.07s/it]
 99%|█████████▉| 5168/5200 [6:08:47<01:40,  3.13s/it]
 99%|█████████▉| 5169/5200 [6:08:50<01:35,  3.09s/it]
 99%|█████████▉| 5170/5200 [6:08:53<01:32,  3.10s/it]
 99%|█████████▉| 5171/5200 [6:08:56<01:29,  3.09s/it]
 99%|█████████▉| 5172/5200 [6:08:59<01:27,  3.11s/it]
 99%|█████████▉| 5173/5200 [6:09:02<01:23,  3.09s/it]
100%|█████████▉| 5174/5200 [6:09:05<01:20,  3.08s/it]
100%|█████████▉| 5175/5200 [6:09:09<01:18,  3.12s/it]
100%|█████████▉| 5176/5200 [6:09:12<01:14,  3.10s/it]
100%|█████████▉| 5177/5200 [6:09:15<01:10,  3.08s/it]
100%|█████████▉| 5178/5200 [6:09:18<01:07,  3.08s/it]
100%|█████████▉| 5179/5200 [6:09:21<01:05,  3.13s/it]
100%|█████████▉| 5180/5200 [6:09:24<01:02,  3.10s/it]
100%|█████████▉| 5181/5200 [6:09:27<00:58,  3.09s/it]
100%|█████████▉| 5182/5200 [6:09:30<00:56,  3.13s/it]
100%|█████████▉| 5183/5200 [6:09:33<00:52,  3.10s/it]
100%|█████████▉| 5184/5200 [6:09:36<00:49,  3.07s/it]
100%|█████████▉| 5185/5200 [6:09:39<00:45,  3.06s/it]
100%|█████████▉| 5186/5200 [6:09:43<00:43,  3.11s/it]
100%|█████████▉| 5187/5200 [6:09:46<00:40,  3.10s/it]
100%|█████████▉| 5188/5200 [6:09:49<00:37,  3.08s/it]
100%|█████████▉| 5189/5200 [6:09:52<00:34,  3.12s/it]
100%|█████████▉| 5190/5200 [6:09:55<00:31,  3.10s/it]
100%|█████████▉| 5191/5200 [6:09:58<00:27,  3.08s/it]
100%|█████████▉| 5192/5200 [6:10:01<00:24,  3.08s/it]
100%|█████████▉| 5193/5200 [6:10:04<00:21,  3.11s/it]
100%|█████████▉| 5194/5200 [6:10:07<00:18,  3.10s/it]
100%|█████████▉| 5195/5200 [6:10:10<00:15,  3.08s/it]
100%|█████████▉| 5196/5200 [6:10:14<00:12,  3.13s/it]
100%|███████    [nf-probe] train nf-RMS=3.3344e-05   val nf-RMS=3.7710e-05 [m]  (@nf=400)
    [joint-probe] combo-err n/a (theta frozen) | orth-frac 0.468 | V_orth 0.000e+00 | param_loss 0.000e+00
(0,)
It 5200, sqrt loss 0.00105, Val sim-RMS 0.01951, Time Loss: 70.2%, data: 0.3%, val: 29.5%,  4.3 sec/batch
██▉| 5197/5200 [6:10:17<00:09,  3.10s/it]
100%|█████████▉| 5198/5200 [6:10:20<00:06,  3.07s/it]
100%|█████████▉| 5199/5200 [6:10:23<00:03,  3.07s/it]
100%|██████████| 5200/5200 [6:15:56<00:00, 102.15s/it]
100%|██████████| 5200/5200 [6:15:56<00:00,  4.34s/it] 
/dataB1/dirk_van_den_berg/conda-envs/GraduationProject/lib/python3.11/site-packages/deepSI/fit_systems/fit_system.py:501: FutureWarning: You are using `torch.load` with `weights_only=False` (the current default value), which uses the default pickle module implicitly. It is possible to construct malicious pickle data which will execute arbitrary code during unpickling (See https://github.com/pytorch/pytorch/blob/main/SECURITY.md#untrusted-models for more details). In a future release, the default value for `weights_only` will be flipped to `True`. This limits the functions that could be executed during unpickling. Arbitrary objects will no longer be allowed to be loaded via this mode unless they are explicitly allowlisted by the user via `torch.serialization.add_safe_globals`. We recommend you start setting `weights_only=True` for any use case where you don't have full control of the loaded file. Please open an issue on GitHub for any issues related to this experimental feature.
  self.__dict__ = torch.load(file)
Loaded model with best known validation sim-RMS of 0.0001661 which happened on epoch 0 (epoch_id=0.00)
  val nf-window RMS (400-step): first=4.3857e-05  best=4.3857e-05  last=4.3857e-05 [m]  (sim-RMS selector unchanged)
  train nf-window RMS (400-step): first=3.8073e-05  best=3.8073e-05  last=3.8073e-05 [m]
  Checkpoint weights: /dataB1/dirk_van_den_berg/repos/LPV-LFR-Baseline-Augmentation/simulations/gantry_subnet/augmentation_linear_map/71167/gantry_ckpt_71167.pt
Training done | 20 ep | 22888s | bestfit=0.00017  R2_linmap: delta_a=+0.3439  vdelta_a=+0.3503
  Checkpoint meta: /dataB1/dirk_van_den_berg/repos/LPV-LFR-Baseline-Augmentation/simulations/gantry_subnet/augmentation_linear_map/71167/gantry_ckpt_71167.npz

Training complete. Best validation sim-RMS: 0.000166

Computing baseline FP RMS/NRMS (fixed reference, no MSD)...

=== Baseline FP model (val, true x0 @K0, no MSD, reference to beat) ===
            NRMS          RMS
  X1:    0.0001  4.189e-06 m
  X2:    0.0001  4.194e-06 m
  Y :    0.0039  7.326e-04 m
  aggregate sim-RMS (same formula as validation loss): 4.2298e-04 m

=== Baseline FP model (test E1, true x0 @K0, no MSD, reference to beat) ===
            NRMS          RMS
  X1:    0.0000  1.952e-08 m
  X2:    0.0000  1.907e-08 m
  Y :    0.0000  1.565e-06 m
  aggregate sim-RMS (same formula as validation loss): 9.0348e-07 m

=== Baseline FP model (val, encoder-init (untrained linear map), no MSD, reference to beat) ===
            NRMS          RMS
  X1:    0.0000  9.372e-07 m
  X2:    0.0000  9.137e-07 m
  Y :    0.0011  2.108e-04 m
  aggregate sim-RMS (same formula as validation loss): 1.2174e-04 m

=== Baseline FP model (test E1, encoder-init (untrained linear map), no MSD, reference to beat) ===
            NRMS          RMS
  X1:    0.0000  1.952e-08 m
  X2:    0.0000  1.907e-08 m
  Y :    0.0000  1.565e-06 m
  aggregate sim-RMS (same formula as validation loss): 9.0348e-07 m
Validation-set NRMS per record (augmented, avg from K0):
  V1_standstill_Yp10.mat: [2.8988630e-05 2.8257175e-05 1.1089583e-03]
  V2_aprbs_Ylow.mat: [0.01055234 0.01106517 0.00055984]
  V3_ysweep_Yp10.mat: [6.5149111e-03 6.5136007e-03 8.8540219e-05]
  V4_lissajous_Ym10.mat: [0.00105133 0.00113923 0.00066586]
  mean: [0.00453689 0.00468656 0.0006058 ]
Test-set NRMS per record (augmented, avg from K0):
  E1_resonance_sweep.mat: [6.0376817e-07 5.8980493e-07 8.2292054e-06]
  E2_multisine_Yp22.mat: [0.0047641  0.00476313 0.00018949]
  E3_aprbs_above.mat: [0.05020092 0.05014554 0.00068589]
  E4_multisine_off.mat: [0.04935402 0.0493551  0.00035966]
  mean: [0.02607991 0.02606609 0.00031082]
Saved model: /dataB1/dirk_van_den_berg/repos/LPV-LFR-Baseline-Augmentation/simulations/gantry_subnet/augmentation_linear_map/71167/gantry_71167

========================================================================
VERDICT (run 71167): ANN inactive (aug states ~0)
  augmentation vs baseline (same init): X1 +0.0%  X2 +0.0%  Y +0.0%
  recovery: combo-err nan% -> nan%   orth-frac final 0.468
========================================================================

== A. MODEL QUALITY: validation (V1) ==
  base = baseline FP (enc-init)   ref[0] = baseline FP (true-x0)   ref[1] = oracle FP+MSD (true-x0)
        aug RMS[m]  aug NRMS  base RMS[m] base NRMS  aug/base      ref[0] RMS      ref[1] RMS
  X1     9.372e-07    0.0000    9.372e-07    0.0000     +0.0%       4.189e-06       5.885e-07
  X2     9.137e-07    0.0000    9.137e-07    0.0000     +0.0%       4.194e-06       5.879e-07
  Y      2.108e-04    0.0011    2.108e-04    0.0011     +0.0%       7.326e-04       9.023e-05

== C. AUGMENTATION / ABSORBER ==
=== ANN latent state RMS ===
  x[6]: enc=0.0000e+00
  x[7]: enc=0.0000e+00

=== Rollout aug-state R2 vs GT (closed-loop simulation) ===
  delta_a   R2_raw=+0.0000  R2_linmap=+0.0000
  vdelta_a  R2_raw=+0.0000  R2_linmap=+0.0000
  R2_linmap ~ 1 -> simulated aug states carry the absorber dynamics;
  R2_linmap ~ 0 -> aug states unused in rollout (encoder R2 tests encoder only)

== A. MODEL QUALITY: test (E1, unseen excitation) ==
  base = baseline FP (enc-init)   ref[0] = baseline FP (true-x0)   ref[1] = oracle FP+MSD (true-x0)
        aug RMS[m]  aug NRMS  base RMS[m] base NRMS  aug/base      ref[0] RMS      ref[1] RMS
  X1     1.952e-08    0.0000    1.952e-08    0.0000     +0.0%       1.952e-08       3.166e-08
  X2     1.907e-08    0.0000    1.907e-08    0.0000     +0.0%       1.907e-08       3.165e-08
  Y      1.565e-06    0.0000    1.565e-06    0.0000     +0.0%       1.565e-06       1.568e-08

=== Model, true-x0 init: sim-NRMS + RMS ===
  X1: 0.0001  4.189e-06 m
  X2: 0.0001  4.194e-06 m
  Y : 0.0039  7.326e-04 m
Saved results: gantry_results_71167.npz

== B. ENCODER QUALITY ==

=== State recovery diagnostic (D-053) ===
  2087 windows (stride 23), na=nb=17, encoder=linear_map
  channel   R2_raw      R2_linmap   R2_raw_lag1
  q1         +0.9884     +0.9998     +0.9454
  q2         +0.9979     +1.0000     +0.9333
  q3         +0.7932     +0.9408     +0.8363
  dq1        +0.9712     +0.9999     +0.9255
  dq2        +0.9945     +1.0000     +0.9282
  dq3        +0.5358     +0.9411     +0.6901
  R2_linmap ~ 1 & R2_raw low -> basis rotation;
  R2_linmap low              -> information absent from encoder state;
  R2_raw_lag1 > R2_raw       -> encoder aligned to k-1 (one-sample lag)

=== Augmented state R2 vs saved GT (delta_a/vdelta_a from mat file) ===
  state             R2_raw   R2_linmap  note
  delta_a       -1.2100     +0.3439  (mat file)
  vdelta_a      -1.3544     +0.3503  (FD estimate)
  R2_linmap ~ 1 -> augmented state captured MSD dynamics
  R2_linmap ~ 0 -> augmented state did not learn delta_a
Saved state recovery diagnostic: gantry_state_recovery_71167.npz

== D. TRAINING HEALTH ==

=== Gradient norms (single batch, post-training) ===
  encoder             : 2.2769e-03
  hfn                 : 7.7117e-03
